Data,ID do jogador,Apelido,Agente,NLH,MTT,PLO6,Total,NLH,MTT,PLO6,Jogo_Fav,PROFIT/LOSS
18/05/2026,100883,theblack,AF - BIGBLINDS,0,"56,4","166,48"," R$  222,88 ","0,00%","25,31%","74,69%",PLO6,"-662,85"
18/05/2026,195408,Queyrooz,AF - BIGBLINDS,0,"253,2",0," R$  253,20 ","0,00%","100,00%","0,00%",MTT,"-582,62"
18/05/2026,100414,LovisK,AF - BIGBLINDS,0,290,0," R$  290,00 ","0,00%","100,00%","0,00%",MTT,"-2601,76"
18/05/2026,100251,Biloca,AF - BIGBLINDS,0,0,"3,09"," R$  3,09 ","0,00%","0,00%","100,00%",PLO6,-50
18/05/2026,146112,HAPPYFEET,AF - BIGBLINDS,0,20,0," R$  20,00 ","0,00%","100,00%","0,00%",MTT,"-53,77"
18/05/2026,159597,pokeRC??,AF - BIGBLINDS,"206,62",0,"0,12"," R$  206,74 ","99,94%","0,00%","0,06%",NLH,-150
18/05/2026,117450,relógio quebrado,AF - BIGBLINDS,0,"65,2",0," R$  65,20 ","0,00%","100,00%","0,00%",MTT,"-259,33"
18/05/2026,149326,Coca-Cola Zero,AF - BIGBLINDS,0,"42,5",0," R$  42,50 ","0,00%","100,00%","0,00%",MTT,"165,27"
18/05/2026,154909,MilhoVerde,AF - BIGBLINDS,0,103,"0,87"," R$  103,87 ","0,00%","99,16%","0,84%",MTT,"-926,25"
18/05/2026,100183,Magnus.,AF - BIGBLINDS,0,30,0," R$  30,00 ","0,00%","100,00%","0,00%",MTT,"-277,5"
18/05/2026,100425,Estenislaw,AF - BIGBLINDS,0,31,0," R$  31,00 ","0,00%","100,00%","0,00%",MTT,"-190,65"
18/05/2026,100939,Watchmen,AF - BIGBLINDS,0,20,0," R$  20,00 ","0,00%","100,00%","0,00%",MTT,"310,16"
18/05/2026,101096,9noriver,AF - BIGBLINDS,0,29,0," R$  29,00 ","0,00%","100,00%","0,00%",MTT,"-210,13"
18/05/2026,100706,Ricellys,AF - BIGBLINDS,0,"5,6",0," R$  5,60 ","0,00%","100,00%","0,00%",MTT,"-46,71"
18/05/2026,100780,LIGHT,AF - BIGBLINDS,0,"68,8",0," R$  68,80 ","0,00%","100,00%","0,00%",MTT,"30,85"
18/05/2026,101299,macavi,AF - BIGBLINDS,0,0,"136,01"," R$  136,01 ","0,00%","0,00%","100,00%",PLO6,"43,17"
18/05/2026,100434,pix100434,AF - BIGBLINDS,0,0,"209,5"," R$  209,50 ","0,00%","0,00%","100,00%",PLO6,"-258,13"
18/05/2026,100383,DestroyeD,AF - BIGBLINDS,0,0,"13,87"," R$  13,87 ","0,00%","0,00%","100,00%",PLO6,"67,2"
18/05/2026,103176,Yure Brito,AF - DOLFO,0,"502,95","1424,59"," R$  1.927,54 ","0,00%","26,09%","73,91%",PLO6,"-937,54"
18/05/2026,104809,carrasco20,AF - DOLFO,"360,98","4,6","75,47"," R$  441,05 ","81,85%","1,04%","17,11%",NLH,"312,65"
18/05/2026,128520,reggaelife??,AF - DOLFO,"2,76","1,9",0," R$  4,66 ","59,23%","40,77%","0,00%",NLH,"-45,07"
18/05/2026,160638,kevinlevrone,AF - DOLFO,"1,91",0,"653,98"," R$  655,89 ","0,29%","0,00%","99,71%",PLO6,-1810
18/05/2026,136690,AllInMaster,AF - DOLFO,0,"2,3",0," R$  2,30 ","0,00%","100,00%","0,00%",MTT,-23
18/05/2026,103206,?YB?,AF - DOLFO,0,0,"1,5"," R$  1,50 ","0,00%","0,00%","100,00%",PLO6,-22
18/05/2026,102767,FuzilNeles,AF - DOLFO,0,0,"0,12"," R$  0,12 ","0,00%","0,00%","100,00%",PLO6,"3,73"
18/05/2026,104229,RoLiFiGhT,AF - DOLFO,"63,03",0,"1,08"," R$  64,11 ","98,32%","0,00%","1,68%",NLH,"254,62"
18/05/2026,103284,pix103284,AF - DOLFO,"41,45",3,"24,66"," R$  69,11 ","59,98%","4,34%","35,68%",NLH,"111,89"
18/05/2026,108133,M10CABRERA,PIXPOKER,"282,46","16,2","0,35"," R$  299,01 ","94,47%","5,42%","0,12%",NLH,"-307,22"
18/05/2026,118366,choranoriver,PIXPOKER,0,"3,6",0," R$  3,60 ","0,00%","100,00%","0,00%",MTT,-36
18/05/2026,145086,Dani,PIXPOKER,0,"145,5","4,59"," R$  150,09 ","0,00%","96,94%","3,06%",MTT,-428
18/05/2026,150826,thpericlesbjj,PIXPOKER,0,"15,3",0," R$  15,30 ","0,00%","100,00%","0,00%",MTT,"-103,94"
18/05/2026,158810,Psicopoker,PIXPOKER,0,"10,45","0,08"," R$  10,53 ","0,00%","99,24%","0,76%",MTT,"-108,5"
18/05/2026,160141,Piaca2024,PIXPOKER,0,"38,2",0," R$  38,20 ","0,00%","100,00%","0,00%",MTT,-382
18/05/2026,171835,TheRock99,PIXPOKER,"7,92","14,69",0," R$  22,61 ","35,03%","64,97%","0,00%",MTT,"-103,58"
18/05/2026,172708,Mendess.v,PIXPOKER,0,"1,2",0," R$  1,20 ","0,00%","100,00%","0,00%",MTT,-12
18/05/2026,185688,Arc4njo,PIXPOKER,"17,12","8,2",0," R$  25,32 ","67,61%","32,39%","0,00%",NLH,"-11,37"
18/05/2026,108030,Pitbull Enraivado,PIXPOKER,"0,97","21,8","76,22"," R$  98,99 ","0,98%","22,02%","77,00%",PLO6,"-100,27"
18/05/2026,150634,Texurro,PIXPOKER,"31,32","62,2",0," R$  93,52 ","33,49%","66,51%","0,00%",MTT,"-162,23"
18/05/2026,157461,Hellen_?,PIXPOKER,0,"20,76",0," R$  20,76 ","0,00%","100,00%","0,00%",MTT,"200,71"
18/05/2026,158143,tudo35,PIXPOKER,"1,58","6,3",29," R$  36,88 ","4,28%","17,08%","78,63%",PLO6,"-156,41"
18/05/2026,164927,cafécleite,PIXPOKER,0,"6,5","40,48"," R$  46,98 ","0,00%","13,84%","86,16%",PLO6,"-128,01"
18/05/2026,178675,LEODEDIN,PIXPOKER,0,"11,5","82,91"," R$  94,41 ","0,00%","12,18%","87,82%",PLO6,-343
18/05/2026,100384,AAgoniado,PIXPOKER,0,0,"151,05"," R$  151,05 ","0,00%","0,00%","100,00%",PLO6,"-327,62"
18/05/2026,111233,khhk,PIXPOKER,0,0,"1659,46"," R$  1.659,46 ","0,00%","0,00%","100,00%",PLO6,"-3752,55"
18/05/2026,117699,fodase,PIXPOKER,0,0,"164,64"," R$  164,64 ","0,00%","0,00%","100,00%",PLO6,-59
18/05/2026,138930,Ljr?,PIXPOKER,0,"27,5","525,36"," R$  552,86 ","0,00%","4,97%","95,03%",PLO6,"-2646,43"
18/05/2026,140135,lukinhas05,PIXPOKER,0,0,"150,75"," R$  150,75 ","0,00%","0,00%","100,00%",PLO6,"-502,54"
18/05/2026,144386,pix144386,PIXPOKER,0,0,"626,22"," R$  626,22 ","0,00%","0,00%","100,00%",PLO6,"1136,36"
18/05/2026,145213,pix145213,PIXPOKER,0,0,"1535,83"," R$  1.535,83 ","0,00%","0,00%","100,00%",PLO6,"-2961,74"
18/05/2026,147010,zepliplin,PIXPOKER,0,0,"374,65"," R$  374,65 ","0,00%","0,00%","100,00%",PLO6,"-1865,99"
18/05/2026,148445,gil pm,PIXPOKER,0,"78,9","2353,46"," R$  2.432,36 ","0,00%","3,24%","96,76%",PLO6,"1830,26"
18/05/2026,149545,pix149545,PIXPOKER,0,41,"1830,77"," R$  1.871,77 ","0,00%","2,19%","97,81%",PLO6,"4344,71"
18/05/2026,187173,pix187173,PIXPOKER,"1,77","0,5","11,61"," R$  13,88 ","12,75%","3,60%","83,65%",PLO6,"-20,14"
18/05/2026,188115,RivaxL,PIXPOKER,0,5,"560,65"," R$  565,65 ","0,00%","0,88%","99,12%",PLO6,"-381,14"
18/05/2026,193504,Pixpokerofc??,PIXPOKER,0,1,"130,09"," R$  131,09 ","0,00%","0,76%","99,24%",PLO6,"-369,23"
18/05/2026,100346,DeinhAA,PIXPOKER,0,1,"127,25"," R$  128,25 ","0,00%","0,78%","99,22%",PLO6,"-17,99"
18/05/2026,100486,Jr Holanda,PIXPOKER,0,"2,8","203,18"," R$  205,98 ","0,00%","1,36%","98,64%",PLO6,-106
18/05/2026,107206,PriorPVH,PIXPOKER,0,0,"1,81"," R$  1,81 ","0,00%","0,00%","100,00%",PLO6,-30
18/05/2026,109744,Paulão do flop,PIXPOKER,0,0,"10,4"," R$  10,40 ","0,00%","0,00%","100,00%",PLO6,-36
18/05/2026,110016,? Fantasma ?,PIXPOKER,0,"0,5","54,96"," R$  55,46 ","0,00%","0,90%","99,10%",PLO6,-46
18/05/2026,112136,VML$??,PIXPOKER,"7,9",5,"448,55"," R$  461,45 ","1,71%","1,08%","97,20%",PLO6,"-165,87"
18/05/2026,115286,America RN??,PIXPOKER,0,"1,3","15,15"," R$  16,45 ","0,00%","7,90%","92,10%",PLO6,"-48,47"
18/05/2026,119970,X2KK,PIXPOKER,0,"36,6","102,13"," R$  138,73 ","0,00%","26,38%","73,62%",PLO6,255
18/05/2026,120235,Brandão 08,PIXPOKER,0,0,"80,87"," R$  80,87 ","0,00%","0,00%","100,00%",PLO6,"-114,01"
18/05/2026,122502,thocu,PIXPOKER,0,0,"467,78"," R$  467,78 ","0,00%","0,00%","100,00%",PLO6,-585
18/05/2026,129292,kinho$?,PIXPOKER,0,3,"69,05"," R$  72,05 ","0,00%","4,16%","95,84%",PLO6,"38,52"
18/05/2026,129800,Th7AKK’,PIXPOKER,"1,6","4,6","30,11"," R$  36,31 ","4,41%","12,67%","82,92%",PLO6,-158
18/05/2026,133382,martinsScc,PIXPOKER,"49,3",0,"47,81"," R$  97,11 ","50,77%","0,00%","49,23%",NLH,"-97,18"
18/05/2026,133682,Disney,PIXPOKER,0,"1,2","15,65"," R$  16,85 ","0,00%","7,12%","92,88%",PLO6,-119
18/05/2026,136435,KIKO_CPB,PIXPOKER,"2,92",0,"13,58"," R$  16,50 ","17,70%","0,00%","82,30%",PLO6,"-54,05"
18/05/2026,141508,SerialKiller,PIXPOKER,0,"0,8","15,45"," R$  16,25 ","0,00%","4,92%","95,08%",PLO6,-38
18/05/2026,141518,benito772,PIXPOKER,0,0,"101,58"," R$  101,58 ","0,00%","0,00%","100,00%",PLO6,"50,06"
18/05/2026,141552,PULSOFIRME,PIXPOKER,0,0,"66,27"," R$  66,27 ","0,00%","0,00%","100,00%",PLO6,"36,17"
18/05/2026,142288,Kauezoide,PIXPOKER,"0,88",14,"31,5"," R$  46,38 ","1,90%","30,19%","67,92%",PLO6,-120
18/05/2026,144291,d. negreano,PIXPOKER,0,0,"65,56"," R$  65,56 ","0,00%","0,00%","100,00%",PLO6,"-92,34"
18/05/2026,145184,Chepinha,PIXPOKER,0,"7,6","0,58"," R$  8,18 ","0,00%","92,91%","7,09%",MTT,"-39,29"
18/05/2026,145959,Adibe Jr 02,PIXPOKER,"4,39",1,"557,47"," R$  562,86 ","0,78%","0,18%","99,04%",PLO6,"-1244,82"
18/05/2026,147799,sabonete22,PIXPOKER,0,0,"140,77"," R$  140,77 ","0,00%","0,00%","100,00%",PLO6,-45
18/05/2026,150113,predador ?,PIXPOKER,"3,55",0,"25,7"," R$  29,25 ","12,14%","0,00%","87,86%",PLO6,-65
18/05/2026,151827,juru pinga,PIXPOKER,"14,84",0,"19,73"," R$  34,57 ","42,93%","0,00%","57,07%",PLO6,-115
18/05/2026,152480,gbsampaio,PIXPOKER,"0,25",0,"6,56"," R$  6,81 ","3,67%","0,00%","96,33%",PLO6,"-28,41"
18/05/2026,154395,Maurinho Amaro,PIXPOKER,"0,04",0,"18,59"," R$  18,63 ","0,21%","0,00%","99,79%",PLO6,66
18/05/2026,155367,pix155367,PIXPOKER,0,"9,3","363,83"," R$  373,13 ","0,00%","2,49%","97,51%",PLO6,-105
18/05/2026,159020,Zlatan11,PIXPOKER,0,0,"112,8"," R$  112,80 ","0,00%","0,00%","100,00%",PLO6,-474
18/05/2026,159370,pix159370,PIXPOKER,0,"18,2","563,14"," R$  581,34 ","0,00%","3,13%","96,87%",PLO6,-1876
18/05/2026,162898,Arturlm11,PIXPOKER,"1,02","0,1","51,51"," R$  52,63 ","1,94%","0,19%","97,87%",PLO6,"-65,13"
18/05/2026,163330,RN????,PIXPOKER,0,0,"116,78"," R$  116,78 ","0,00%","0,00%","100,00%",PLO6,"-124,27"
18/05/2026,164616,apelido,PIXPOKER,0,0,"312,41"," R$  312,41 ","0,00%","0,00%","100,00%",PLO6,"412,19"
18/05/2026,171844,matarindo,PIXPOKER,0,"0,5","20,27"," R$  20,77 ","0,00%","2,41%","97,59%",PLO6,-61
18/05/2026,173441,Pão??,PIXPOKER,0,0,"9,46"," R$  9,46 ","0,00%","0,00%","100,00%",PLO6,-48
18/05/2026,178437,loucojoker777?,PIXPOKER,0,"7,5","20,85"," R$  28,35 ","0,00%","26,46%","73,54%",PLO6,"-111,46"
18/05/2026,180838,Cuiúdão,PIXPOKER,0,0,"35,02"," R$  35,02 ","0,00%","0,00%","100,00%",PLO6,-66
18/05/2026,181267,Menor LK,PIXPOKER,0,0,"103,39"," R$  103,39 ","0,00%","0,00%","100,00%",PLO6,"-322,41"
18/05/2026,183216,preta02,PIXPOKER,"1,07",0,"185,31"," R$  186,38 ","0,57%","0,00%","99,43%",PLO6,-487
18/05/2026,183420,jheniffer,PIXPOKER,0,0,"4,11"," R$  4,11 ","0,00%","0,00%","100,00%",PLO6,"-49,65"
18/05/2026,185894,pix185894,PIXPOKER,"1,42",1,"97,33"," R$  99,75 ","1,42%","1,00%","97,57%",PLO6,-561
18/05/2026,186144,PORTAO10,PIXPOKER,0,"2,6","73,6"," R$  76,20 ","0,00%","3,41%","96,59%",PLO6,"-323,83"
18/05/2026,186865,Tr_Chapinha,PIXPOKER,"0,1",0,"466,68"," R$  466,78 ","0,02%","0,00%","99,98%",PLO6,"570,62"
18/05/2026,187114,KL7-,PIXPOKER,"96,75",0,"205,96"," R$  302,71 ","31,96%","0,00%","68,04%",PLO6,-359
18/05/2026,187618,RenannLima,PIXPOKER,"20,7",0,"8,33"," R$  29,03 ","71,31%","0,00%","28,69%",NLH,"-166,1"
18/05/2026,188277,Pedromts08,PIXPOKER,"43,45",3,"34,2"," R$  80,65 ","53,87%","3,72%","42,41%",NLH,-39
18/05/2026,188295,Blefudedor,PIXPOKER,0,10,"198,04"," R$  208,04 ","0,00%","4,81%","95,19%",PLO6,"169,86"
18/05/2026,188599,Chrys_Killer,PIXPOKER,0,"0,3","924,73"," R$  925,03 ","0,00%","0,03%","99,97%",PLO6,"-3831,37"
18/05/2026,188702,Aécio2064,PIXPOKER,"1,07",2,"48,45"," R$  51,52 ","2,08%","3,88%","94,04%",PLO6,153
18/05/2026,188964,…….,PIXPOKER,0,"0,1","83,46"," R$  83,56 ","0,00%","0,12%","99,88%",PLO6,"16,79"
18/05/2026,189811,Kushlemon,PIXPOKER,"8,78","7,3","18,55"," R$  34,63 ","25,35%","21,08%","53,57%",PLO6,-84
18/05/2026,189826,drygoberto,PIXPOKER,0,0,"0,52"," R$  0,52 ","0,00%","0,00%","100,00%",PLO6,"-10,11"
18/05/2026,190673,pix190673,PIXPOKER,"7,76","49,7","145,4"," R$  202,86 ","3,83%","24,50%","71,68%",PLO6,660
18/05/2026,191320,zobaa,PIXPOKER,"4,37",0,"20,26"," R$  24,63 ","17,74%","0,00%","82,26%",PLO6,"-93,68"
18/05/2026,191481,binbalanagulha,PIXPOKER,"1,93",0,"693,69"," R$  695,62 ","0,28%","0,00%","99,72%",PLO6,"-1373,12"
18/05/2026,192136,pix192136,PIXPOKER,0,0,"32,58"," R$  32,58 ","0,00%","0,00%","100,00%",PLO6,-10
18/05/2026,195091,só o básico_14,PIXPOKER,"1,51",0,"124,5"," R$  126,01 ","1,20%","0,00%","98,80%",PLO6,-139
18/05/2026,169201,danigodoy,PIXPOKER,0,"1,6",0," R$  1,60 ","0,00%","100,00%","0,00%",MTT,-16
18/05/2026,189179,JuuH,PIXPOKER,0,"18,66",0," R$  18,66 ","0,00%","100,00%","0,00%",MTT,"70,27"
18/05/2026,101748,Rafinhachulapa,PIXPOKER,0,0,"10,47"," R$  10,47 ","0,00%","0,00%","100,00%",PLO6,"-92,65"
18/05/2026,111754,pix111754,PIXPOKER,"15,48",3,"23,03"," R$  41,51 ","37,29%","7,23%","55,48%",PLO6,"168,29"
18/05/2026,120161,Forasteiro,PIXPOKER,0,1,"213,45"," R$  214,45 ","0,00%","0,47%","99,53%",PLO6,"-141,51"
18/05/2026,121804,Descubra,PIXPOKER,"10,15","10,5","244,08"," R$  264,73 ","3,83%","3,97%","92,20%",PLO6,"-2673,03"
18/05/2026,128079,italoko,PIXPOKER,0,0,"285,5"," R$  285,50 ","0,00%","0,00%","100,00%",PLO6,"-572,3"
18/05/2026,133097,URACAN,PIXPOKER,0,0,"16,87"," R$  16,87 ","0,00%","0,00%","100,00%",PLO6,"-49,04"
18/05/2026,133117,daso AA,PIXPOKER,0,"1,8","231,43"," R$  233,23 ","0,00%","0,77%","99,23%",PLO6,-1195
18/05/2026,136466,Lima13,PIXPOKER,0,0,"33,49"," R$  33,49 ","0,00%","0,00%","100,00%",PLO6,-350
18/05/2026,136600,pix136600,PIXPOKER,0,0,"14,84"," R$  14,84 ","0,00%","0,00%","100,00%",PLO6,"-319,85"
18/05/2026,136797,@ Inter $,PIXPOKER,0,0,"365,71"," R$  365,71 ","0,00%","0,00%","100,00%",PLO6,"-394,78"
18/05/2026,138160,Chicão 01,PIXPOKER,0,0,"322,04"," R$  322,04 ","0,00%","0,00%","100,00%",PLO6,201
18/05/2026,142293,KAMMIN,PIXPOKER,0,0,"540,9"," R$  540,90 ","0,00%","0,00%","100,00%",PLO6,"-88,45"
18/05/2026,147011,leruiz,PIXPOKER,0,0,"193,32"," R$  193,32 ","0,00%","0,00%","100,00%",PLO6,"-278,96"
18/05/2026,151375,Jamal,PIXPOKER,0,"0,1","86,34"," R$  86,44 ","0,00%","0,12%","99,88%",PLO6,"-401,07"
18/05/2026,153384,NutS,PIXPOKER,0,"62,72","357,13"," R$  419,85 ","0,00%","14,94%","85,06%",PLO6,"74,5"
18/05/2026,155905,Laga Lagartão,PIXPOKER,0,2,"404,99"," R$  406,99 ","0,00%","0,49%","99,51%",PLO6,"376,79"
18/05/2026,156606,Nivaldo ??,PIXPOKER,"0,76",0,"391,4"," R$  392,16 ","0,19%","0,00%","99,81%",PLO6,886
18/05/2026,157192,kakaziinho,PIXPOKER,0,0,"274,26"," R$  274,26 ","0,00%","0,00%","100,00%",PLO6,"559,79"
18/05/2026,157737,raule de mel,PIXPOKER,0,0,"142,2"," R$  142,20 ","0,00%","0,00%","100,00%",PLO6,"-301,44"
18/05/2026,158399,ldcostta,PIXPOKER,"352,94",0,"18,49"," R$  371,43 ","95,02%","0,00%","4,98%",NLH,"-453,85"
18/05/2026,159587,PesoPesadoVoltou,PIXPOKER,0,14,"996,16"," R$  1.010,16 ","0,00%","1,39%","98,61%",PLO6,"2643,27"
18/05/2026,159832,Lzinn,PIXPOKER,"8,28",0,"16,65"," R$  24,93 ","33,21%","0,00%","66,79%",PLO6,-201
18/05/2026,162136,pix162136,PIXPOKER,0,0,"1155,31"," R$  1.155,31 ","0,00%","0,00%","100,00%",PLO6,"-5869,62"
18/05/2026,162361,pix162361,PIXPOKER,"11,88",0,"2,69"," R$  14,57 ","81,54%","0,00%","18,46%",NLH,"-40,25"
18/05/2026,162905,picanele,PIXPOKER,"5,45","0,1",17," R$  22,55 ","24,17%","0,44%","75,39%",PLO6,"-91,95"
18/05/2026,165694,jr?,PIXPOKER,"38,21","2,4","296,98"," R$  337,59 ","11,32%","0,71%","87,97%",PLO6,"70,6"
18/05/2026,167950,pix167950,PIXPOKER,0,10,"1030,19"," R$  1.040,19 ","0,00%","0,96%","99,04%",PLO6,378
18/05/2026,169221,@Flavinholm,PIXPOKER,0,0,"43,79"," R$  43,79 ","0,00%","0,00%","100,00%",PLO6,-164
18/05/2026,177526,XRafaBoassX,PIXPOKER,"92,35","30,34","69,67"," R$  192,36 ","48,01%","15,77%","36,22%",NLH,"-897,4"
18/05/2026,188494,Laele10x,PIXPOKER,0,0,"432,73"," R$  432,73 ","0,00%","0,00%","100,00%",PLO6,"-1578,11"
18/05/2026,190412,Pererestm,PIXPOKER,"1,44",0,"46,42"," R$  47,86 ","3,01%","0,00%","96,99%",PLO6,"-475,08"
18/05/2026,192692,pix192692,PIXPOKER,0,0,"8,24"," R$  8,24 ","0,00%","0,00%","100,00%",PLO6,"-34,33"
18/05/2026,192836,guizin777,PIXPOKER,0,"9,4","235,43"," R$  244,83 ","0,00%","3,84%","96,16%",PLO6,"0,85"
18/05/2026,193709,KAfetão,PIXPOKER,0,"7,9","54,25"," R$  62,15 ","0,00%","12,71%","87,29%",PLO6,"-220,75"
18/05/2026,194654,Mr Pet,PIXPOKER,0,"140,55","35,44"," R$  175,99 ","0,00%","79,86%","20,14%",MTT,-482
18/05/2026,146383,pix146383,PIXPOKER,0,"0,3",0," R$  0,30 ","0,00%","100,00%","0,00%",MTT,-3
18/05/2026,149604,NoBru,PIXPOKER,0,"0,3","0,71"," R$  1,01 ","0,00%","29,70%","70,30%",PLO6,-15
18/05/2026,179909,Trilheiro???,PIXPOKER,"20,49","93,67",0," R$  114,16 ","17,95%","82,05%","0,00%",MTT,"-538,37"
18/05/2026,130772,molico10,PIXPOKER,0,0,"88,27"," R$  88,27 ","0,00%","0,00%","100,00%",PLO6,"-632,11"
18/05/2026,138540,papinha,PIXPOKER,0,0,"67,32"," R$  67,32 ","0,00%","0,00%","100,00%",PLO6,"-6,22"
18/05/2026,139374,Algoz,PIXPOKER,"3,57",1,"82,63"," R$  87,20 ","4,09%","1,15%","94,76%",PLO6,-165
18/05/2026,180241,arthur lucena,PIXPOKER,"3,65",0,0," R$  3,65 ","100,00%","0,00%","0,00%",NLH,"34,02"
18/05/2026,188354,#check,PIXPOKER,"5,11","2,3","1,42"," R$  8,83 ","57,87%","26,05%","16,08%",NLH,"-71,93"
18/05/2026,170386,pix170386,PIXPOKER,"0,94","7,7","15,9"," R$  24,54 ","3,83%","31,38%","64,79%",PLO6,"-121,4"
18/05/2026,194463,JosepPoker,PIXPOKER,0,"11,4",0," R$  11,40 ","0,00%","100,00%","0,00%",MTT,"-12,38"
18/05/2026,194473,segundopoker,PIXPOKER,0,"18,9",0," R$  18,90 ","0,00%","100,00%","0,00%",MTT,"102,91"
18/05/2026,121760,velinho8657,PIXPOKER,0,0,"1156,76"," R$  1.156,76 ","0,00%","0,00%","100,00%",PLO6,"926,26"
18/05/2026,132763,129131,PIXPOKER,0,70,"32,08"," R$  102,08 ","0,00%","68,57%","31,43%",MTT,"374,4"
18/05/2026,138835,Xulipa,PIXPOKER,0,0,"382,49"," R$  382,49 ","0,00%","0,00%","100,00%",PLO6,"-3633,88"
18/05/2026,139726,bananinha,PIXPOKER,0,"352,3","951,54"," R$  1.303,84 ","0,00%","27,02%","72,98%",PLO6,"-672,25"
18/05/2026,146392,pix146392,PIXPOKER,"0,22",0,"39,7"," R$  39,92 ","0,55%","0,00%","99,45%",PLO6,"71,35"
18/05/2026,147210,Leooo_nery,PIXPOKER,0,"159,7","62,52"," R$  222,22 ","0,00%","71,87%","28,13%",MTT,"-1758,09"
18/05/2026,161256,CÂMARA?,PIXPOKER,0,0,"139,25"," R$  139,25 ","0,00%","0,00%","100,00%",PLO6,"-699,58"
18/05/2026,165073,pix165073,PIXPOKER,0,0,"10,59"," R$  10,59 ","0,00%","0,00%","100,00%",PLO6,-101
18/05/2026,169232,bumbum guloso,PIXPOKER,0,0,"14,03"," R$  14,03 ","0,00%","0,00%","100,00%",PLO6,"137,12"
18/05/2026,169412,PreDestinad0,PIXPOKER,"28,91","11,4","104,13"," R$  144,44 ","20,02%","7,89%","72,09%",PLO6,"27,64"
18/05/2026,170570,levy  osterno,PIXPOKER,"6,24","4,2","502,5"," R$  512,94 ","1,22%","0,82%","97,96%",PLO6,"-1350,77"
18/05/2026,172030,ChaparralJr,PIXPOKER,0,"5,5","246,91"," R$  252,41 ","0,00%","2,18%","97,82%",PLO6,"-263,4"
18/05/2026,173235,Estrutura,PIXPOKER,"5,59","283,3","763,59"," R$  1.052,48 ","0,53%","26,92%","72,55%",PLO6,"-2689,28"
18/05/2026,182112,22222222,PIXPOKER,0,"3,1","721,38"," R$  724,48 ","0,00%","0,43%","99,57%",PLO6,"-1311,77"
18/05/2026,185295,David blefador,PIXPOKER,0,0,"249,72"," R$  249,72 ","0,00%","0,00%","100,00%",PLO6,"2025,44"
18/05/2026,187664,Dwbliu,PIXPOKER,0,0,"21,79"," R$  21,79 ","0,00%","0,00%","100,00%",PLO6,-62
18/05/2026,194211,palaku,PIXPOKER,0,"32,5","321,97"," R$  354,47 ","0,00%","9,17%","90,83%",PLO6,"20,38"
18/05/2026,195384,pix195384,PIXPOKER,0,64,"373,23"," R$  437,23 ","0,00%","14,64%","85,36%",PLO6,"-641,25"
18/05/2026,162751,Cless,PIXPOKER,"0,76","0,9",0," R$  1,66 ","45,78%","54,22%","0,00%",MTT,"-10,35"
18/05/2026,102576,kaos,PIXPOKER,0,0,"140,04"," R$  140,04 ","0,00%","0,00%","100,00%",PLO6,"1154,87"
18/05/2026,106840,rostinho,PIXPOKER,0,0,"45,86"," R$  45,86 ","0,00%","0,00%","100,00%",PLO6,"-514,45"
18/05/2026,116975,bora bora,PIXPOKER,0,0,"127,67"," R$  127,67 ","0,00%","0,00%","100,00%",PLO6,"-400,13"
18/05/2026,127748,pytter.parke,PIXPOKER,0,0,"45,62"," R$  45,62 ","0,00%","0,00%","100,00%",PLO6,"33,6"
18/05/2026,147160,comotudo,PIXPOKER,"0,55","0,6","174,73"," R$  175,88 ","0,31%","0,34%","99,35%",PLO6,"321,51"
18/05/2026,154882,É O BR,PIXPOKER,"62,77",0,"10,91"," R$  73,68 ","85,19%","0,00%","14,81%",NLH,"38,13"
18/05/2026,158842,john lennon,PIXPOKER,0,0,"38,24"," R$  38,24 ","0,00%","0,00%","100,00%",PLO6,"284,07"
18/05/2026,171251,jhony@,PIXPOKER,"20,66",0,"589,9"," R$  610,56 ","3,38%","0,00%","96,62%",PLO6,"3095,95"
18/05/2026,179590,lucas082,PIXPOKER,"1,06",0,"71,74"," R$  72,80 ","1,46%","0,00%","98,54%",PLO6,-65
18/05/2026,102657,Edson ?,PIXPOKER,"25,03",0,"36,83"," R$  61,86 ","40,46%","0,00%","59,54%",PLO6,-115
18/05/2026,103904,Cabuloso?,PIXPOKER,"81,28","6,5","11,41"," R$  99,19 ","81,94%","6,55%","11,50%",NLH,"256,13"
18/05/2026,108144,Tudão Ap,PIXPOKER,0,0,"149,54"," R$  149,54 ","0,00%","0,00%","100,00%",PLO6,-314
18/05/2026,118703,kakatech30,PIXPOKER,0,1,"66,8"," R$  67,80 ","0,00%","1,47%","98,53%",PLO6,804
18/05/2026,135410,jvzim,PIXPOKER,"8,76",0,"26,72"," R$  35,48 ","24,69%","0,00%","75,31%",PLO6,-398
18/05/2026,139654,Ari,PIXPOKER,"75,34",0,"123,65"," R$  198,99 ","37,86%","0,00%","62,14%",PLO6,"284,65"
18/05/2026,150031,Nó Cego,PIXPOKER,0,0,"3,02"," R$  3,02 ","0,00%","0,00%","100,00%",PLO6,-22
18/05/2026,151543,jotinhafelipe,PIXPOKER,"1,58",0,"325,88"," R$  327,46 ","0,48%","0,00%","99,52%",PLO6,"410,68"
18/05/2026,158537,??fé no flop,PIXPOKER,0,"0,1","24,7"," R$  24,80 ","0,00%","0,40%","99,60%",PLO6,27
18/05/2026,163367,oftheking,PIXPOKER,"4,55",0,"30,02"," R$  34,57 ","13,16%","0,00%","86,84%",PLO6,"-27,93"
18/05/2026,171369,pix171369,PIXPOKER,0,0,"85,69"," R$  85,69 ","0,00%","0,00%","100,00%",PLO6,"-42,19"
18/05/2026,176091,bananildo,PIXPOKER,0,0,"133,21"," R$  133,21 ","0,00%","0,00%","100,00%",PLO6,-260
18/05/2026,181102,pix181102,PIXPOKER,0,0,"140,11"," R$  140,11 ","0,00%","0,00%","100,00%",PLO6,"-303,49"
18/05/2026,182877,pix182877,PIXPOKER,"0,89",1,"75,22"," R$  77,11 ","1,15%","1,30%","97,55%",PLO6,10
18/05/2026,186146,adriel,PIXPOKER,0,0,"24,49"," R$  24,49 ","0,00%","0,00%","100,00%",PLO6,"-35,22"
18/05/2026,193682,pix193682,PIXPOKER,0,0,"48,01"," R$  48,01 ","0,00%","0,00%","100,00%",PLO6,-372
18/05/2026,195083,AAÉFOLD,PIXPOKER,0,0,"104,83"," R$  104,83 ","0,00%","0,00%","100,00%",PLO6,-219
18/05/2026,112160,Njr034,PIXPOKER,0,"1,6","9,19"," R$  10,79 ","0,00%","14,83%","85,17%",PLO6,-88
18/05/2026,153359,semreclamação,PIXPOKER,0,"84,6",0," R$  84,60 ","0,00%","100,00%","0,00%",MTT,"621,24"
18/05/2026,157729,Mucurex ?,PIXPOKER,0,"2,3","51,34"," R$  53,64 ","0,00%","4,29%","95,71%",PLO6,"139,61"
18/05/2026,103345,Homer Simpson,PIXPOKER,"62,29",10,"1307,63"," R$  1.379,92 ","4,51%","0,72%","94,76%",PLO6,"-3126,69"
18/05/2026,107241,Tibau,PIXPOKER,0,12,"111,27"," R$  123,27 ","0,00%","9,73%","90,27%",PLO6,"251,08"
18/05/2026,118027,EUROFARMA,PIXPOKER,0,"1,2","1233,2"," R$  1.234,40 ","0,00%","0,10%","99,90%",PLO6,"3478,02"
18/05/2026,136352,DonaMaria,PIXPOKER,0,14,"113,8"," R$  127,80 ","0,00%","10,95%","89,05%",PLO6,"11,95"
18/05/2026,149617,MQ17,PIXPOKER,0,0,"458,12"," R$  458,12 ","0,00%","0,00%","100,00%",PLO6,"369,36"
18/05/2026,192323,pix192323,PIXPOKER,0,0,"100,89"," R$  100,89 ","0,00%","0,00%","100,00%",PLO6,"354,75"
18/05/2026,193561,Iperes,PIXPOKER,"1,14","82,39","36,92"," R$  120,45 ","0,95%","68,40%","30,65%",MTT,"-599,5"
18/05/2026,100934,monts237,PIXPOKER,"11,39","0,3",0," R$  11,69 ","97,43%","2,57%","0,00%",NLH,-88
18/05/2026,125371,Everton abreu,PIXPOKER,"1,32",0,0," R$  1,32 ","100,00%","0,00%","0,00%",NLH,-18
18/05/2026,162289,Gabrielzm,PIXPOKER,"18,97",0,0," R$  18,97 ","100,00%","0,00%","0,00%",NLH,-120
18/05/2026,165730,kara de Xibata,PIXPOKER,"50,4","40,5",0," R$  90,90 ","55,45%","44,55%","0,00%",NLH,"-858,89"
18/05/2026,165961,picadura,PIXPOKER,"16,84",0,0," R$  16,84 ","100,00%","0,00%","0,00%",NLH,"-131,54"
18/05/2026,180039,Vegas98,PIXPOKER,"7,76",0,0," R$  7,76 ","100,00%","0,00%","0,00%",NLH,"-41,79"
18/05/2026,193890,pix193890,PIXPOKER,"52,84","8,4","5,11"," R$  66,35 ","79,64%","12,66%","7,70%",NLH,"32,7"
18/05/2026,194476,pix194476,PIXPOKER,"44,67",0,"0,5"," R$  45,17 ","98,89%","0,00%","1,11%",NLH,"-143,59"
18/05/2026,102512,Myster poker,PIXPOKER,"21,84","6,5",0," R$  28,34 ","77,06%","22,94%","0,00%",NLH,"-40,34"
18/05/2026,153129,Zedd,PIXPOKER,89,0,0," R$  89,00 ","100,00%","0,00%","0,00%",NLH,"17,1"
18/05/2026,153919,Boiadeiro,PIXPOKER,"12,22",0,0," R$  12,22 ","100,00%","0,00%","0,00%",NLH,"-38,18"
18/05/2026,129424,KidMoney,PIXPOKER,"4,28",10,0," R$  14,28 ","29,97%","70,03%","0,00%",MTT,"-126,56"
18/05/2026,131761,Limpaibestao,PIXPOKER,0,"32,6",0," R$  32,60 ","0,00%","100,00%","0,00%",MTT,"-318,5"
18/05/2026,137423,Godoy,PIXPOKER,0,"222,8",0," R$  222,80 ","0,00%","100,00%","0,00%",MTT,"6683,15"
18/05/2026,154531,allinsemolhar,PIXPOKER,"12,77","195,1","247,43"," R$  455,30 ","2,80%","42,85%","54,34%",PLO6,"1588,44"
18/05/2026,157697,Papaipega,PIXPOKER,0,"246,5",0," R$  246,50 ","0,00%","100,00%","0,00%",MTT,"-2203,44"
18/05/2026,193970,Pimentax1,PIXPOKER,0,"283,6",0," R$  283,60 ","0,00%","100,00%","0,00%",MTT,"2023,07"
18/05/2026,101251,Chupeta,PIXPOKER,0,0,"1,39"," R$  1,39 ","0,00%","0,00%","100,00%",PLO6,"-20,05"
18/05/2026,109250,????JC,PIXPOKER,0,0,"61,04"," R$  61,04 ","0,00%","0,00%","100,00%",PLO6,"-229,24"
18/05/2026,120035,ok então,PIXPOKER,"45,3",0,0," R$  45,30 ","100,00%","0,00%","0,00%",NLH,-69
18/05/2026,136595,Jefin6710,PIXPOKER,"5,67","32,1",0," R$  37,77 ","15,01%","84,99%","0,00%",MTT,"-13,16"
18/05/2026,163752,LIANDROaposentado,PIXPOKER,"28,3",0,"27,77"," R$  56,07 ","50,47%","0,00%","49,53%",NLH,"-132,17"
18/05/2026,172194,gringo01,PIXPOKER,"82,01",0,"1,7"," R$  83,71 ","97,97%","0,00%","2,03%",NLH,-277
18/05/2026,175973,IFFC,PIXPOKER,"52,02",0,0," R$  52,02 ","100,00%","0,00%","0,00%",NLH,"-141,47"
18/05/2026,189622,TIJUBINA ?,PIXPOKER,"56,09",0,0," R$  56,09 ","100,00%","0,00%","0,00%",NLH,"-59,07"
18/05/2026,190191,WILL BANK,PIXPOKER,"243,11","0,7","53,37"," R$  297,18 ","81,81%","0,24%","17,96%",NLH,"-299,93"
18/05/2026,193010,Marcelo Silva,PIXPOKER,"55,26","72,67","60,96"," R$  188,89 ","29,26%","38,47%","32,27%",MTT,"-795,52"
18/05/2026,193178,10 ANO,PIXPOKER,"20,81","17,1",0," R$  37,91 ","54,89%","45,11%","0,00%",NLH,"-238,84"
18/05/2026,193755,RAFABER??,PIXPOKER,"182,79","0,8","25,63"," R$  209,22 ","87,37%","0,38%","12,25%",NLH,-424
18/05/2026,107341,Luiz Carlos,PIXPOKER,0,0,"3,84"," R$  3,84 ","0,00%","0,00%","100,00%",PLO6,-40
18/05/2026,171266,BALA 27,PIXPOKER,0,"2,9","60,02"," R$  62,92 ","0,00%","4,61%","95,39%",PLO6,-178
18/05/2026,176306,HLDR,PIXPOKER,0,0,"9,02"," R$  9,02 ","0,00%","0,00%","100,00%",PLO6,-16
18/05/2026,186438,pega noob,PIXPOKER,0,0,3," R$  3,00 ","0,00%","0,00%","100,00%",PLO6,-22
18/05/2026,194592,papilim,PIXPOKER,"1,78",0,"14,86"," R$  16,64 ","10,70%","0,00%","89,30%",PLO6,-120
18/05/2026,131387,JoaoCbmpa,PIXPOKER,"125,48","69,5",0," R$  194,98 ","64,36%","35,64%","0,00%",NLH,-812
18/05/2026,145103,shazan,PIXPOKER,0,"6,9",0," R$  6,90 ","0,00%","100,00%","0,00%",MTT,"-67,88"
18/05/2026,193637,BeNSharK?,PIXPOKER,"1,48","44,6",0," R$  46,08 ","3,21%","96,79%","0,00%",MTT,"-255,76"
18/05/2026,195112,pix195112,PIXPOKER,"19,03",17,"11,12"," R$  47,15 ","40,36%","36,06%","23,58%",NLH,"-202,65"
18/05/2026,100300,Barboza?,PIXPOKER,0,0,"0,82"," R$  0,82 ","0,00%","0,00%","100,00%",PLO6,"-10,84"
18/05/2026,102054,natan oficial,PIXPOKER,"19,53",0,"215,47"," R$  235,00 ","8,31%","0,00%","91,69%",PLO6,"-1025,43"
18/05/2026,147553,ChicoCeza,PIXPOKER,0,0,"228,62"," R$  228,62 ","0,00%","0,00%","100,00%",PLO6,-962
18/05/2026,101280,boanoitepessual,PIXPOKER,"71,92","3,5","40,38"," R$  115,80 ","62,11%","3,02%","34,87%",NLH,"-496,63"
18/05/2026,102042,MatheusCarvalho,PIXPOKER,0,"2,8","3,66"," R$  6,46 ","0,00%","43,34%","56,66%",PLO6,"-24,96"
18/05/2026,102854,mrsflush,PIXPOKER,0,0,"0,6"," R$  0,60 ","0,00%","0,00%","100,00%",PLO6,"-2,11"
18/05/2026,102898,shark,PIXPOKER,0,0,"3,99"," R$  3,99 ","0,00%","0,00%","100,00%",PLO6,"-2,27"
18/05/2026,113348,Pedro Otávio,PIXPOKER,"4,84",0,"6,73"," R$  11,57 ","41,83%","0,00%","58,17%",PLO6,"-30,53"
18/05/2026,116753,Gabrrriel,PIXPOKER,0,"0,1","7,19"," R$  7,29 ","0,00%","1,37%","98,63%",PLO6,"44,6"
18/05/2026,158734,escaledita,PIXPOKER,"6,98","0,5","0,65"," R$  8,13 ","85,85%","6,15%","8,00%",NLH,5
18/05/2026,162897,Totó ?,PIXPOKER,"29,53",0,"32,18"," R$  61,71 ","47,85%","0,00%","52,15%",PLO6,"317,96"
18/05/2026,191416,Thomasl17,PIXPOKER,"3,73","3,4","0,98"," R$  8,11 ","45,99%","41,92%","12,08%",NLH,"-50,87"
18/05/2026,117575,Let’s Go,PIXPOKER,"5,11","25,9",0," R$  31,01 ","16,48%","83,52%","0,00%",MTT,-259
18/05/2026,138592,pix138592,PIXPOKER,"76,08",44,0," R$  120,08 ","63,36%","36,64%","0,00%",NLH,"-1015,1"
18/05/2026,191631,CAIXA-BAIXA,PIXPOKER,0,4,0," R$  4,00 ","0,00%","100,00%","0,00%",MTT,"131,9"
18/05/2026,105070,Lukspoki,PIXPOKER,"659,76","36,3",0," R$  696,06 ","94,78%","5,22%","0,00%",NLH,"-23,39"
18/05/2026,131890,NetoX,PIXPOKER,"12,08",0,0," R$  12,08 ","100,00%","0,00%","0,00%",NLH,"-71,34"
18/05/2026,145865,pix145865,PIXPOKER,"31,44","1,3",0," R$  32,74 ","96,03%","3,97%","0,00%",NLH,"-61,91"
18/05/2026,147096,vai que bata,PIXPOKER,"69,17",19,0," R$  88,17 ","78,45%","21,55%","0,00%",NLH,-196
18/05/2026,194166,Daniboy,PIXPOKER,"103,02",0,0," R$  103,02 ","100,00%","0,00%","0,00%",NLH,"-355,54"
18/05/2026,147237,ftravagini,PIXPOKER,0,0,"8,89"," R$  8,89 ","0,00%","0,00%","100,00%",PLO6,-35
18/05/2026,149427,JJsparrow,PIXPOKER,0,0,"85,04"," R$  85,04 ","0,00%","0,00%","100,00%",PLO6,-251
18/05/2026,143543,Amorica do vrau,PIXPOKER,"0,84","0,1","4,39"," R$  5,33 ","15,76%","1,88%","82,36%",PLO6,"-26,86"
18/05/2026,157420,Gaamoraa,PIXPOKER,0,"7,9",0," R$  7,90 ","0,00%","100,00%","0,00%",MTT,"-64,39"
18/05/2026,158848,cherameusovos,PIXPOKER,"8,53","19,9",0," R$  28,43 ","30,00%","70,00%","0,00%",MTT,"-142,94"
18/05/2026,158851,Marques,PIXPOKER,"10,47","0,6",0," R$  11,07 ","94,58%","5,42%","0,00%",NLH,"39,93"
18/05/2026,159054,malfoy,PIXPOKER,"0,27","0,9","9,27"," R$  10,44 ","2,59%","8,62%","88,79%",PLO6,"19,59"
18/05/2026,173555,pix173555,PIXPOKER,0,"4,1",0," R$  4,10 ","0,00%","100,00%","0,00%",MTT,"-23,77"
18/05/2026,177942,pix177942,PIXPOKER,0,"0,1",0," R$  0,10 ","0,00%","100,00%","0,00%",MTT,"0,83"
18/05/2026,179691,Bielvn,PIXPOKER,0,"3,4",0," R$  3,40 ","0,00%","100,00%","0,00%",MTT,"20,12"
18/05/2026,181098,pix181098,PIXPOKER,0,"0,9",0," R$  0,90 ","0,00%","100,00%","0,00%",MTT,"-0,01"
18/05/2026,193280,GODZZILLA,PIXPOKER,"3,15","15,56",0," R$  18,71 ","16,84%","83,16%","0,00%",MTT,"1,7"
18/05/2026,194497,Hungria,PIXPOKER,"2,66","1,2","0,31"," R$  4,17 ","63,79%","28,78%","7,43%",NLH,"-36,5"
18/05/2026,195114,Atena,PIXPOKER,"1,18","0,5",0," R$  1,68 ","70,24%","29,76%","0,00%",NLH,-13
18/05/2026,195241,stoex77,PIXPOKER,"0,62","0,3",0," R$  0,92 ","67,39%","32,61%","0,00%",NLH,"-8,69"
18/05/2026,172125,pix172125,PIXPOKER,0,0,"0,36"," R$  0,36 ","0,00%","0,00%","100,00%",PLO6,-9
18/05/2026,193915,Carreirinha,PIXPOKER,"0,6",0,"31,69"," R$  32,29 ","1,86%","0,00%","98,14%",PLO6,-81
18/05/2026,101128,bateu,PIXPOKER,0,21,0," R$  21,00 ","0,00%","100,00%","0,00%",MTT,"-10,82"
18/05/2026,146625,UngidoPix,PIXPOKER,0,1,0," R$  1,00 ","0,00%","100,00%","0,00%",MTT,0
18/05/2026,166232,esseoN,PIXPOKER,0,"96,9",0," R$  96,90 ","0,00%","100,00%","0,00%",MTT,"363,84"
18/05/2026,156597,Tuttuba,PIXPOKER,"38,8","61,5",0," R$  100,30 ","38,68%","61,32%","0,00%",MTT,"-245,27"
18/05/2026,174728,PrisionBreak,PIXPOKER,0,"3,3",0," R$  3,30 ","0,00%","100,00%","0,00%",MTT,-33
18/05/2026,195428,Tureckao2MIL,PIXPOKER,0,5,0," R$  5,00 ","0,00%","100,00%","0,00%",MTT,-50
18/05/2026,100323,Foresths,PIXPOKER,0,"0,1",0," R$  0,10 ","0,00%","100,00%","0,00%",MTT,"0,6"
18/05/2026,100576,Vitornspb,PIXPOKER,0,0,0, R$  -   ,,,,NLH,0
18/05/2026,102869,shogun,PIXPOKER,0,0,0, R$  -   ,,,,NLH,"1,15"
18/05/2026,103301,gika,PIXPOKER,0,0,"0,7"," R$  0,70 ","0,00%","0,00%","100,00%",PLO6,"-2,23"
18/05/2026,104131,all inn,PIXPOKER,"8,28","1,3",0," R$  9,58 ","86,43%","13,57%","0,00%",NLH,"-83,03"
18/05/2026,105921,verdao,PIXPOKER,0,"1,8",0," R$  1,80 ","0,00%","100,00%","0,00%",MTT,"-6,41"
18/05/2026,109059,GBALA,PIXPOKER,0,0,0, R$  -   ,,,,NLH,"1,69"
18/05/2026,116140,Márcio Lins,PIXPOKER,"31,52","33,6",0," R$  65,12 ","48,40%","51,60%","0,00%",MTT,"-180,77"
18/05/2026,116601,BGX30,PIXPOKER,0,0,0, R$  -   ,,,,NLH,0
18/05/2026,118893,eujhon,PIXPOKER,0,"0,2",0," R$  0,20 ","0,00%","100,00%","0,00%",MTT,"-0,4"
18/05/2026,120987,Ricardo420,PIXPOKER,0,"0,1",0," R$  0,10 ","0,00%","100,00%","0,00%",MTT,"-0,07"
18/05/2026,128921,pix128921,PIXPOKER,0,"10,9","2,21"," R$  13,11 ","0,00%","83,14%","16,86%",MTT,"-58,99"
18/05/2026,130437,pedrin att,PIXPOKER,"17,69",0,0," R$  17,69 ","100,00%","0,00%","0,00%",NLH,"-79,68"
18/05/2026,140055,jr oião motos,PIXPOKER,0,"0,3",0," R$  0,30 ","0,00%","100,00%","0,00%",MTT,"-2,49"
18/05/2026,143968,Galego75,PIXPOKER,0,0,0, R$  -   ,,,,NLH,0
18/05/2026,151216,Matador 2024,PIXPOKER,0,0,0, R$  -   ,,,,NLH,0
18/05/2026,152279,Palmer,PIXPOKER,0,"0,6",0," R$  0,60 ","0,00%","100,00%","0,00%",MTT,"2,17"
18/05/2026,153195,ZackEfr0n,PIXPOKER,0,0,0, R$  -   ,,,,NLH,"1,98"
18/05/2026,154247,king81,PIXPOKER,"2,24","0,5",0," R$  2,74 ","81,75%","18,25%","0,00%",NLH,"-7,5"
18/05/2026,154633,pix154633,PIXPOKER,"7,44",0,0," R$  7,44 ","100,00%","0,00%","0,00%",NLH,"9,26"
18/05/2026,162093,pix162093,PIXPOKER,"4,55",0,0," R$  4,55 ","100,00%","0,00%","0,00%",NLH,-15
18/05/2026,169016,Creck,PIXPOKER,0,"0,2",0," R$  0,20 ","0,00%","100,00%","0,00%",MTT,"1,57"
18/05/2026,170685,Pitheolico,PIXPOKER,0,0,0, R$  -   ,,,,NLH,"2,57"
18/05/2026,172208,? REI,PIXPOKER,0,"0,2",0," R$  0,20 ","0,00%","100,00%","0,00%",MTT,-2
18/05/2026,172242,Mike Wazowski,PIXPOKER,0,"0,1",0," R$  0,10 ","0,00%","100,00%","0,00%",MTT,-1
18/05/2026,174229,treiss77,PIXPOKER,0,0,0, R$  -   ,,,,NLH,0
18/05/2026,174658,Luka Magic,PIXPOKER,0,0,0, R$  -   ,,,,NLH,"3,06"
18/05/2026,175113,chau,PIXPOKER,"1,3","2,4","1,85"," R$  5,55 ","23,42%","43,24%","33,33%",MTT,"-42,66"
18/05/2026,179387,Sansão.,PIXPOKER,0,0,0, R$  -   ,,,,NLH,0
18/05/2026,180777,pix180777,PIXPOKER,0,0,0, R$  -   ,,,,NLH,0
18/05/2026,182576,Bundinha de neném,PIXPOKER,0,0,0, R$  -   ,,,,NLH,0
18/05/2026,182921,MEUGRANDE,PIXPOKER,0,0,"18,36"," R$  18,36 ","0,00%","0,00%","100,00%",PLO6,-70
18/05/2026,185187,JJoNuTs,PIXPOKER,0,0,"1,45"," R$  1,45 ","0,00%","0,00%","100,00%",PLO6,-8
18/05/2026,185225,pix185225,PIXPOKER,"0,73",0,0," R$  0,73 ","100,00%","0,00%","0,00%",NLH,"-5,97"
18/05/2026,187278,VICTOR GUERRA,PIXPOKER,0,"1,6",0," R$  1,60 ","0,00%","100,00%","0,00%",MTT,"53,3"
18/05/2026,188429,oliveiraa,PIXPOKER,"15,13",1,0," R$  16,13 ","93,80%","6,20%","0,00%",NLH,74
18/05/2026,188674,Mancuso,PIXPOKER,0,0,0, R$  -   ,,,,NLH,0
18/05/2026,189508,Salmo23??,PIXPOKER,0,0,0, R$  -   ,,,,NLH,"0,88"
18/05/2026,191081,Olbis,PIXPOKER,0,"0,1",0," R$  0,10 ","0,00%","100,00%","0,00%",MTT,-1
18/05/2026,191547,pix191547,PIXPOKER,0,"0,1",0," R$  0,10 ","0,00%","100,00%","0,00%",MTT,"0,11"
18/05/2026,193366,pix193366,PIXPOKER,"1,49","0,1",0," R$  1,59 ","93,71%","6,29%","0,00%",NLH,"-4,78"
18/05/2026,193941,joaofurtado,PIXPOKER,"90,01","8,4",0," R$  98,41 ","91,46%","8,54%","0,00%",NLH,"-259,6"
18/05/2026,194270,Laurinha,PIXPOKER,"23,33",0,0," R$  23,33 ","100,00%","0,00%","0,00%",NLH,-75
18/05/2026,194472,Micha fold,PIXPOKER,0,0,0, R$  -   ,,,,NLH,0
18/05/2026,195436,cochichola??,PIXPOKER,0,"0,4",0," R$  0,40 ","0,00%","100,00%","0,00%",MTT,"-2,25"
18/05/2026,110951,SrAndrezito,PIXPOKER,"39,66",0,0," R$  39,66 ","100,00%","0,00%","0,00%",NLH,"-45,24"
18/05/2026,119093,paullorafael,PIXPOKER,"2,58","4,6",0," R$  7,18 ","35,93%","64,07%","0,00%",MTT,-71
18/05/2026,135262,F3lp1s,PIXPOKER,"8,04","4,44","41,65"," R$  54,13 ","14,85%","8,20%","76,94%",PLO6,-155
18/05/2026,137032,GabrielB,PIXPOKER,"0,77",0,0," R$  0,77 ","100,00%","0,00%","0,00%",NLH,-10
18/05/2026,151798,thnx,PIXPOKER,"10,22",0,"0,22"," R$  10,44 ","97,89%","0,00%","2,11%",NLH,-44
18/05/2026,155383,Xots,PIXPOKER,"5,8",0,0," R$  5,80 ","100,00%","0,00%","0,00%",NLH,"-14,29"
18/05/2026,157549,mu97,PIXPOKER,"45,04",0,"3,13"," R$  48,17 ","93,50%","0,00%","6,50%",NLH,"50,13"
18/05/2026,176070,ªLL-YÏññ17º,PIXPOKER,"18,29",0,"8,28"," R$  26,57 ","68,84%","0,00%","31,16%",NLH,7
18/05/2026,187273,ELITE_13,PIXPOKER,"0,32",0,0," R$  0,32 ","100,00%","0,00%","0,00%",NLH,-4
18/05/2026,187362,Higor00,PIXPOKER,"16,9","2,4","28,72"," R$  48,02 ","35,19%","5,00%","59,81%",PLO6,-84
18/05/2026,193016,pix193016,PIXPOKER,"4,21",0,0," R$  4,21 ","100,00%","0,00%","0,00%",NLH,"-30,7"
18/05/2026,194604,Aquiles77,PIXPOKER,"31,4",2,0," R$  33,40 ","94,01%","5,99%","0,00%",NLH,-50
18/05/2026,141382,pix141382,PIXPOKER,0,8,0," R$  8,00 ","0,00%","100,00%","0,00%",MTT,-80
18/05/2026,184304,fbarros,PIXPOKER,0,0,"0,38"," R$  0,38 ","0,00%","0,00%","100,00%",PLO6,-5
18/05/2026,113958,pix113958,PIXPOKER,0,"0,5","33,24"," R$  33,74 ","0,00%","1,48%","98,52%",PLO6,-100
18/05/2026,152468,CADUMCC,PIXPOKER,"1,14",24,0," R$  25,14 ","4,53%","95,47%","0,00%",MTT,"29,54"
18/05/2026,159197,zuzu,PIXPOKER,0,"27,5",0," R$  27,50 ","0,00%","100,00%","0,00%",MTT,"-42,54"
18/05/2026,155671,abj0610 jj,PIXPOKER,0,5,"132,19"," R$  137,19 ","0,00%","3,64%","96,36%",PLO6,-741
18/05/2026,189235,pix189235,PIXPOKER,0,"102,49","89,48"," R$  191,97 ","0,00%","53,39%","46,61%",MTT,"896,83"
18/05/2026,153505,Gabriel Almeida,PIXPOKER,"128,4",0,0," R$  128,40 ","100,00%","0,00%","0,00%",NLH,"183,7"
18/05/2026,117948,Billgats,PIXPOKER,"2,75","0,1",0," R$  2,85 ","96,49%","3,51%","0,00%",NLH,"-36,05"
18/05/2026,140263,Deivão,PIXPOKER,0,"0,3",0," R$  0,30 ","0,00%","100,00%","0,00%",MTT,-3
18/05/2026,180210,pix180210,PIXPOKER,0,"0,2",0," R$  0,20 ","0,00%","100,00%","0,00%",MTT,-2
18/05/2026,183817,magnata71,PIXPOKER,0,"0,1",0," R$  0,10 ","0,00%","100,00%","0,00%",MTT,-1
18/05/2026,193550,carl$kk,PIXPOKER,0,"0,4",0," R$  0,40 ","0,00%","100,00%","0,00%",MTT,-4
18/05/2026,195449,Rutsonfc2K,PIXPOKER,"4,16","15,4",0," R$  19,56 ","21,27%","78,73%","0,00%",MTT,"-147,2"
18/05/2026,119022,SKROTO,PIXPOKER,0,"3,5","1,65"," R$  5,15 ","0,00%","67,96%","32,04%",MTT,"228,98"
18/05/2026,147093,zé da moita,PIXPOKER,0,0,"20,77"," R$  20,77 ","0,00%","0,00%","100,00%",PLO6,"73,41"
18/05/2026,173201,pix173201,PIXPOKER,0,0,"6,99"," R$  6,99 ","0,00%","0,00%","100,00%",PLO6,-56
18/05/2026,190726,Spikeeee,PIXPOKER,0,"23,2","0,48"," R$  23,68 ","0,00%","97,97%","2,03%",MTT,"-177,76"
18/05/2026,129823,pix129823,PIXPOKER,"1,69",2,"278,15"," R$  281,84 ","0,60%","0,71%","98,69%",PLO6,"-184,87"
18/05/2026,193251,Birungueta ?,PIXPOKER,0,0,"91,38"," R$  91,38 ","0,00%","0,00%","100,00%",PLO6,-1033
18/05/2026,148535,amisraelchai??,PIXPOKER,0,"47,9",0," R$  47,90 ","0,00%","100,00%","0,00%",MTT,"-354,27"
18/05/2026,149703,azarado,PIXPOKER,0,"72,8",0," R$  72,80 ","0,00%","100,00%","0,00%",MTT,"20,35"
18/05/2026,151521,geobalaaa,PIXPOKER,0,1,"66,09"," R$  67,09 ","0,00%","1,49%","98,51%",PLO6,"-437,52"
18/05/2026,153367,Gi.p,PIXPOKER,0,"5,6",0," R$  5,60 ","0,00%","100,00%","0,00%",MTT,"26,4"
18/05/2026,156622,alvaromontoro,PIXPOKER,0,"17,2",0," R$  17,20 ","0,00%","100,00%","0,00%",MTT,"-115,48"
18/05/2026,158586,Naviuos,PIXPOKER,0,73,"0,06"," R$  73,06 ","0,00%","99,92%","0,08%",MTT,"114,77"
18/05/2026,194294,pix194294,PIXPOKER,"3,78","10,8","0,42"," R$  15,00 ","25,20%","72,00%","2,80%",MTT,"-140,5"
18/05/2026,145257,hoop shot,PIXPOKER,"24,47",0,0," R$  24,47 ","100,00%","0,00%","0,00%",NLH,"-27,55"
18/05/2026,100221,El Magron,PIXPOKER,0,"17,1","1,07"," R$  18,17 ","0,00%","94,11%","5,89%",MTT,"-4,75"
18/05/2026,129221,CARRETÃO,PIXPOKER,0,90,0," R$  90,00 ","0,00%","100,00%","0,00%",MTT,"68,36"
18/05/2026,142465,crrc79,PIXPOKER,0,214,"112,41"," R$  326,41 ","0,00%","65,56%","34,44%",MTT,"-661,75"
18/05/2026,144010,KKPOKER,PIXPOKER,0,28,0," R$  28,00 ","0,00%","100,00%","0,00%",MTT,"-223,75"
18/05/2026,146479,segueolider,PIXPOKER,0,50,0," R$  50,00 ","0,00%","100,00%","0,00%",MTT,"233,26"
18/05/2026,157261,amv3ct,PIXPOKER,0,"28,2",0," R$  28,20 ","0,00%","100,00%","0,00%",MTT,"-101,44"
18/05/2026,170374,5GTurbo,PIXPOKER,0,130,0," R$  130,00 ","0,00%","100,00%","0,00%",MTT,-1110
18/05/2026,193434,CUIDAVAI,PIXPOKER,0,50,"12907,39"," R$  12.957,39 ","0,00%","0,39%","99,61%",PLO6,"-10589,74"
18/05/2026,144329,guga02,PIXPOKER,"44,21","1,5","2,14"," R$  47,85 ","92,39%","3,13%","4,47%",NLH,"-173,63"
18/05/2026,154977,pix154977,PIXPOKER,"2,03",2,0," R$  4,03 ","50,37%","49,63%","0,00%",NLH,-40
18/05/2026,116305,pix116305,PIXPOKER,0,12,0," R$  12,00 ","0,00%","100,00%","0,00%",MTT,-120
18/05/2026,145879,Guilherme31,PIXPOKER,0,4,0," R$  4,00 ","0,00%","100,00%","0,00%",MTT,-40
18/05/2026,146086,roberto all in,PIXPOKER,0,8,0," R$  8,00 ","0,00%","100,00%","0,00%",MTT,-80
18/05/2026,165551,pix165551,PIXPOKER,0,9,0," R$  9,00 ","0,00%","100,00%","0,00%",MTT,-90
18/05/2026,171361,CATDEALER,PIXPOKER,0,23,0," R$  23,00 ","0,00%","100,00%","0,00%",MTT,-230
18/05/2026,171411,?uturo?,PIXPOKER,"29,38",10,0," R$  39,38 ","74,61%","25,39%","0,00%",NLH,"-219,59"
18/05/2026,101173,volverinemax,PIXPOKER,0,"0,1",0," R$  0,10 ","0,00%","100,00%","0,00%",MTT,-1
18/05/2026,104266,valdinho forró,PIXPOKER,0,1,0," R$  1,00 ","0,00%","100,00%","0,00%",MTT,"22,3"
18/05/2026,111444,amanga,PIXPOKER,0,"0,2",0," R$  0,20 ","0,00%","100,00%","0,00%",MTT,-2
18/05/2026,116811,joka,PIXPOKER,0,"0,1",0," R$  0,10 ","0,00%","100,00%","0,00%",MTT,-1
18/05/2026,136483,Alírio,PIXPOKER,0,"0,1",0," R$  0,10 ","0,00%","100,00%","0,00%",MTT,"-0,07"
18/05/2026,146343,Mika,PIXPOKER,0,"0,5",0," R$  0,50 ","0,00%","100,00%","0,00%",MTT,"11,03"
18/05/2026,178968,pix178968,PIXPOKER,0,"0,1",0," R$  0,10 ","0,00%","100,00%","0,00%",MTT,-1
18/05/2026,180584,lagarto171,PIXPOKER,0,"3,6",0," R$  3,60 ","0,00%","100,00%","0,00%",MTT,-36
18/05/2026,182909,Johnny walkr,PIXPOKER,"1,11",15,0," R$  16,11 ","6,89%","93,11%","0,00%",MTT,"-54,71"
18/05/2026,193402,porKoloKo,PIXPOKER,"1,53","1,1",0," R$  2,63 ","58,17%","41,83%","0,00%",NLH,-31
18/05/2026,194735,Ivan gráfica pai,PIXPOKER,0,"6,36",0," R$  6,36 ","0,00%","100,00%","0,00%",MTT,"-13,15"
18/05/2026,132744,Edymar,PIXPOKER,"4,67",0,0," R$  4,67 ","100,00%","0,00%","0,00%",NLH,-30
18/05/2026,147818,Feker,PIXPOKER,"21,51",0,0," R$  21,51 ","100,00%","0,00%","0,00%",NLH,128
18/05/2026,166608,TUDO DO TZ,PIXPOKER,"4,26",0,"0,93"," R$  5,19 ","82,08%","0,00%","17,92%",NLH,-70
18/05/2026,180184,ROLUDU,PIXPOKER,0,0,"37,08"," R$  37,08 ","0,00%","0,00%","100,00%",PLO6,"-407,78"
18/05/2026,194446,Kaoru Hanayama,PIXPOKER,"2,06",0,"1,61"," R$  3,67 ","56,13%","0,00%","43,87%",NLH,"-24,48"
18/05/2026,188457,tomate,PIXPOKER,0,"76,4",0," R$  76,40 ","0,00%","100,00%","0,00%",MTT,"-760,25"
18/05/2026,149021,ANTONOW,PIXPOKER,0,0,"5,08"," R$  5,08 ","0,00%","0,00%","100,00%",PLO6,-99
18/05/2026,170618,levy do maranguape,PIXPOKER,0,0,"35,93"," R$  35,93 ","0,00%","0,00%","100,00%",PLO6,-80
18/05/2026,172253,bob Marley,PIXPOKER,0,0,"63,54"," R$  63,54 ","0,00%","0,00%","100,00%",PLO6,-101
18/05/2026,182509,pix182509,PIXPOKER,0,0,"8,29"," R$  8,29 ","0,00%","0,00%","100,00%",PLO6,-45
18/05/2026,191614,pix191614,PIXPOKER,0,0,"59,56"," R$  59,56 ","0,00%","0,00%","100,00%",PLO6,"-38,05"
18/05/2026,100819,A:.L:.,PIXPOKER,0,"7,6",0," R$  7,60 ","0,00%","100,00%","0,00%",MTT,-76
18/05/2026,173790,Eraldo,PIXPOKER,"4,19","42,9",0," R$  47,09 ","8,90%","91,10%","0,00%",MTT,"-79,05"
18/05/2026,180680,pix180680,PIXPOKER,"0,2","9,15",0," R$  9,35 ","2,14%","97,86%","0,00%",MTT,"-88,34"
18/05/2026,106309,AcademiaDePoker,PIXPOKER,0,0,0, R$  -   ,,,,NLH,0
18/05/2026,117746,bocao10,PIXPOKER,0,0,0, R$  -   ,,,,NLH,0
18/05/2026,129251,DiegoIsrael,PIXPOKER,"0,7",0,0," R$  0,70 ","100,00%","0,00%","0,00%",NLH,-9
18/05/2026,139469,WKPE,PIXPOKER,"3,78","0,6","2,64"," R$  7,02 ","53,85%","8,55%","37,61%",NLH,-27
18/05/2026,143585,JHOTA,PIXPOKER,0,0,"0,86"," R$  0,86 ","0,00%","0,00%","100,00%",PLO6,"-11,49"
18/05/2026,151377,Coisaruim,PIXPOKER,0,0,0, R$  -   ,,,,NLH,0
18/05/2026,151750,pix151750,PIXPOKER,0,0,"1,9"," R$  1,90 ","0,00%","0,00%","100,00%",PLO6,-70
18/05/2026,152836,defaltless,PIXPOKER,0,0,0, R$  -   ,,,,NLH,0
18/05/2026,160259,Pagaquevale,PIXPOKER,0,0,0, R$  -   ,,,,NLH,0
18/05/2026,165419,pix165419,PIXPOKER,"5,35",0,"3,4"," R$  8,75 ","61,14%","0,00%","38,86%",NLH,"-68,53"
18/05/2026,168955,pix168955,PIXPOKER,0,0,0, R$  -   ,,,,NLH,0
18/05/2026,170943,claytim,PIXPOKER,0,0,0, R$  -   ,,,,NLH,0
18/05/2026,171589,kuskusiiiis,PIXPOKER,0,0,0, R$  -   ,,,,NLH,0
18/05/2026,174952,tremdofullhouse33,PIXPOKER,0,1,0," R$  1,00 ","0,00%","100,00%","0,00%",MTT,"-9,49"
18/05/2026,179744,pix179744,PIXPOKER,"1,69",0,"1,69"," R$  3,38 ","50,00%","0,00%","50,00%",NLH,"-33,01"
18/05/2026,183918,magovk12,PIXPOKER,"1,02",0,"42,73"," R$  43,75 ","2,33%","0,00%","97,67%",PLO6,-47
18/05/2026,187132,ninguém,PIXPOKER,0,0,0, R$  -   ,,,,NLH,0
18/05/2026,188349,cheira madeira,PIXPOKER,"15,68",0,"10,55"," R$  26,23 ","59,78%","0,00%","40,22%",NLH,-64
18/05/2026,190835,Velhote,PIXPOKER,0,0,0, R$  -   ,,,,NLH,0
18/05/2026,191359,coldpaul,PIXPOKER,0,0,0, R$  -   ,,,,NLH,0
18/05/2026,192041,pix192041,PIXPOKER,0,0,0, R$  -   ,,,,NLH,0
18/05/2026,192657,IgorM,PIXPOKER,0,"1,4","1,11"," R$  2,51 ","0,00%","55,78%","44,22%",MTT,"-19,03"
18/05/2026,193840,sougg,PIXPOKER,"4,04","1,9","0,5"," R$  6,44 ","62,73%","29,50%","7,76%",NLH,-20
18/05/2026,193904,pix193904,PIXPOKER,0,"7,5",0," R$  7,50 ","0,00%","100,00%","0,00%",MTT,-75
18/05/2026,194996,fa.do.risi,PIXPOKER,0,"0,1",0," R$  0,10 ","0,00%","100,00%","0,00%",MTT,-1
18/05/2026,158820,Horus,PIXPOKER,"3,93",0,0," R$  3,93 ","100,00%","0,00%","0,00%",NLH,-11
18/05/2026,179974,Bezim09,PIXPOKER,"6,45",0,0," R$  6,45 ","100,00%","0,00%","0,00%",NLH,-47
18/05/2026,143424,eider junior,PIXPOKER,0,0,"6,84"," R$  6,84 ","0,00%","0,00%","100,00%",PLO6,-59
18/05/2026,156515,Miquelangela,PIXPOKER,0,0,"104,34"," R$  104,34 ","0,00%","0,00%","100,00%",PLO6,-465
18/05/2026,128228,bobssdi,PIXPOKER,"41,92","10,3","339,57"," R$  391,79 ","10,70%","2,63%","86,67%",PLO6,-828
18/05/2026,172631,pix172631,PIXPOKER,"6,9",0,0," R$  6,90 ","100,00%","0,00%","0,00%",NLH,-55
18/05/2026,101162,Messi10?,PIXPOKER,0,0,"526,35"," R$  526,35 ","0,00%","0,00%","100,00%",PLO6,"2555,73"
18/05/2026,115245,zicadoo,PIXPOKER,0,0,"210,98"," R$  210,98 ","0,00%","0,00%","100,00%",PLO6,-1612
18/05/2026,100605,henrique,PIXPOKER,"6,15",0,"5,39"," R$  11,54 ","53,29%","0,00%","46,71%",NLH,-30
18/05/2026,154334,space burguer,PIXPOKER,"0,34",0,0," R$  0,34 ","100,00%","0,00%","0,00%",NLH,0
18/05/2026,164108,IramBODVEI,PIXPOKER,"1,91",0,0," R$  1,91 ","100,00%","0,00%","0,00%",NLH,-20
18/05/2026,173089,danitremm,PIXPOKER,"1,48",0,0," R$  1,48 ","100,00%","0,00%","0,00%",NLH,"1,67"
18/05/2026,181613,tyago,PIXPOKER,"2,69",0,"0,91"," R$  3,60 ","74,72%","0,00%","25,28%",NLH,"-16,83"
18/05/2026,188365,pix188365,PIXPOKER,"9,87","1,6",0," R$  11,47 ","86,05%","13,95%","0,00%",NLH,"-17,86"
18/05/2026,189262,ZéNutzz,PIXPOKER,"4,95",0,0," R$  4,95 ","100,00%","0,00%","0,00%",NLH,"5,35"
18/05/2026,192635,jandao,PIXPOKER,"11,58",0,0," R$  11,58 ","100,00%","0,00%","0,00%",NLH,"54,5"
18/05/2026,193960,ms__1,PIXPOKER,"3,77",0,0," R$  3,77 ","100,00%","0,00%","0,00%",NLH,-30
18/05/2026,100761,AlanKessio,PIXPOKER,0,"0,3","6,87"," R$  7,17 ","0,00%","4,18%","95,82%",PLO6,-63
18/05/2026,125825,pica-pau,PIXPOKER,0,0,"17,87"," R$  17,87 ","0,00%","0,00%","100,00%",PLO6,-153
18/05/2026,144439,jhtissimo30,PIXPOKER,"2,03",0,"143,46"," R$  145,49 ","1,40%","0,00%","98,60%",PLO6,-133
18/05/2026,159222,MC81,PIXPOKER,0,0,"142,44"," R$  142,44 ","0,00%","0,00%","100,00%",PLO6,-96
18/05/2026,171909,bregas,PIXPOKER,"6,36",0,"31,94"," R$  38,30 ","16,61%","0,00%","83,39%",PLO6,-44
18/05/2026,143580,Avanti Palestra,PIXPOKER,0,3,"11,59"," R$  14,59 ","0,00%","20,56%","79,44%",PLO6,"175,02"
18/05/2026,195419,Pretinha ?,PIXPOKER,"22,8",0,"94,71"," R$  117,51 ","19,40%","0,00%","80,60%",PLO6,-305
18/05/2026,101186,pix101186,PIXPOKER,0,0,0, R$  -   ,,,,NLH,0
18/05/2026,105339,Xiduzera,PIXPOKER,0,0,0, R$  -   ,,,,NLH,0
18/05/2026,106910,alexmast223,PIXPOKER,0,"0,1",0," R$  0,10 ","0,00%","100,00%","0,00%",MTT,-1
18/05/2026,122560,F3RRAD0,PIXPOKER,0,0,0, R$  -   ,,,,NLH,0
18/05/2026,129186,???Pato,PIXPOKER,0,0,0, R$  -   ,,,,NLH,"6,14"
18/05/2026,151894,emersonTHE,PIXPOKER,0,0,0, R$  -   ,,,,NLH,0
18/05/2026,168505,Bitenca,PIXPOKER,0,0,0, R$  -   ,,,,NLH,"3,12"
18/05/2026,172008,Ayrtonsenna,PIXPOKER,0,0,0, R$  -   ,,,,NLH,0
18/05/2026,179838,pix179838,PIXPOKER,0,"0,1",0," R$  0,10 ","0,00%","100,00%","0,00%",MTT,-1
18/05/2026,181845,pix181845,PIXPOKER,0,"0,1",0," R$  0,10 ","0,00%","100,00%","0,00%",MTT,"0,05"
18/05/2026,183471,pix183471,PIXPOKER,0,0,0, R$  -   ,,,,NLH,0
18/05/2026,186267,marion,PIXPOKER,0,0,"15,52"," R$  15,52 ","0,00%","0,00%","100,00%",PLO6,"61,27"
18/05/2026,193356,pix193356,PIXPOKER,"0,47",0,0," R$  0,47 ","100,00%","0,00%","0,00%",NLH,-5
18/05/2026,193979,pix193979,PIXPOKER,"4,63",0,0," R$  4,63 ","100,00%","0,00%","0,00%",NLH,"-6,92"
18/05/2026,194761,Malcher,PIXPOKER,0,0,0, R$  -   ,,,,NLH,0
18/05/2026,194997,wsantos10,PIXPOKER,0,10,"22,13"," R$  32,13 ","0,00%","31,12%","68,88%",PLO6,"-290,34"
18/05/2026,100211,Patrik Estrela,PIXPOKER,0,0,"167,86"," R$  167,86 ","0,00%","0,00%","100,00%",PLO6,"225,52"
18/05/2026,100711,Mister...,PIXPOKER,0,"2,8","48,75"," R$  51,55 ","0,00%","5,43%","94,57%",PLO6,"-60,25"
18/05/2026,125022,pix125022,PIXPOKER,0,0,"17,76"," R$  17,76 ","0,00%","0,00%","100,00%",PLO6,95
18/05/2026,132740,ZeusPixpoker,PIXPOKER,0,5,"316,36"," R$  321,36 ","0,00%","1,56%","98,44%",PLO6,-805
18/05/2026,157703,2127,PIXPOKER,0,0,"191,64"," R$  191,64 ","0,00%","0,00%","100,00%",PLO6,358
18/05/2026,162893,Geladeira ?,PIXPOKER,"26,51","2,8","535,46"," R$  564,77 ","4,69%","0,50%","94,81%",PLO6,"-888,37"
18/05/2026,190813,lapiada,PIXPOKER,0,0,"77,54"," R$  77,54 ","0,00%","0,00%","100,00%",PLO6,-467
18/05/2026,194490,fliperama,PIXPOKER,0,0,"96,39"," R$  96,39 ","0,00%","0,00%","100,00%",PLO6,"-79,82"
18/05/2026,148966,pix148966,PIXPOKER,0,0,"8,01"," R$  8,01 ","0,00%","0,00%","100,00%",PLO6,-39
18/05/2026,160003,Ioribr (777),PIXPOKER,"2,32",0,"26,41"," R$  28,73 ","8,08%","0,00%","91,92%",PLO6,"-3,15"
18/05/2026,138157,Gigiroro,PIXPOKER,0,0,"26,19"," R$  26,19 ","0,00%","0,00%","100,00%",PLO6,-323
18/05/2026,141288,g777,PIXPOKER,"11,74","1,5","26,47"," R$  39,71 ","29,56%","3,78%","66,66%",PLO6,174
18/05/2026,189391,Shell271,PIXPOKER,0,0,"26,55"," R$  26,55 ","0,00%","0,00%","100,00%",PLO6,"-148,61"
18/05/2026,100847,Arthurjmarinho,PIXPOKER,"15,34","0,8",0," R$  16,14 ","95,04%","4,96%","0,00%",NLH,"-32,94"
18/05/2026,142740,Pix41988914,PIXPOKER,"9,48",0,0," R$  9,48 ","100,00%","0,00%","0,00%",NLH,"-50,48"
18/05/2026,147641,dieguinho08,PIXPOKER,"8,08",0,0," R$  8,08 ","100,00%","0,00%","0,00%",NLH,-111
18/05/2026,151112,SanMds,PIXPOKER,"15,62",0,"14,59"," R$  30,21 ","51,70%","0,00%","48,30%",NLH,"36,54"
18/05/2026,154323,igaojn07,PIXPOKER,"3,88",0,0," R$  3,88 ","100,00%","0,00%","0,00%",NLH,-24
18/05/2026,157266,GB-GB,PIXPOKER,"2,37",0,0," R$  2,37 ","100,00%","0,00%","0,00%",NLH,-28
18/05/2026,157546,Donolt Trump?,PIXPOKER,"65,56",10,0," R$  75,56 ","86,77%","13,23%","0,00%",NLH,-74
18/05/2026,159619,Cápuz Jeans,PIXPOKER,"7,61","4,04",0," R$  11,65 ","65,32%","34,68%","0,00%",NLH,"479,97"
18/05/2026,174549,pix174549,PIXPOKER,"15,04",0,"0,92"," R$  15,96 ","94,24%","0,00%","5,76%",NLH,-54
18/05/2026,190372,Naécio10,PIXPOKER,"12,64",0,0," R$  12,64 ","100,00%","0,00%","0,00%",NLH,-40
18/05/2026,193265,pix193265,PIXPOKER,"5,71",0,0," R$  5,71 ","100,00%","0,00%","0,00%",NLH,-40
18/05/2026,193731,iangabriel,PIXPOKER,"4,71",0,"12,37"," R$  17,08 ","27,58%","0,00%","72,42%",PLO6,45
18/05/2026,194801,lucianin4bet,PIXPOKER,"0,04",0,"7,87"," R$  7,91 ","0,51%","0,00%","99,49%",PLO6,"-105,54"
18/05/2026,140015,NenTrindade,PIXPOKER,0,1,"78,92"," R$  79,92 ","0,00%","1,25%","98,75%",PLO6,-497
18/05/2026,147410,Thiago27,PIXPOKER,0,0,"3306,28"," R$  3.306,28 ","0,00%","0,00%","100,00%",PLO6,"20517,28"
18/05/2026,159416,pix159416,PIXPOKER,0,0,"293,65"," R$  293,65 ","0,00%","0,00%","100,00%",PLO6,"2605,99"
18/05/2026,190078,MauroKK,PIXPOKER,0,0,"219,66"," R$  219,66 ","0,00%","0,00%","100,00%",PLO6,"-458,04"
18/05/2026,194188,EliminadordeDonk,PIXPOKER,"0,51","6,8",0," R$  7,31 ","6,98%","93,02%","0,00%",MTT,"-3,15"
18/05/2026,141374,hrios,PIXPOKER,0,0,"2535,58"," R$  2.535,58 ","0,00%","0,00%","100,00%",PLO6,"3899,79"
18/05/2026,191967,plmatadoreeporco,PIXPOKER,"3,55",0,"11,98"," R$  15,53 ","22,86%","0,00%","77,14%",PLO6,-60
18/05/2026,162312,WeydsonL,PIXPOKER,"8,13",0,0," R$  8,13 ","100,00%","0,00%","0,00%",NLH,-73
18/05/2026,191293,jh Júnior,PIXPOKER,"73,06","11,5",0," R$  84,56 ","86,40%","13,60%","0,00%",NLH,"-201,22"
18/05/2026,100248,gmariz,PIXPOKER,0,"9,4","10,74"," R$  20,14 ","0,00%","46,67%","53,33%",PLO6,-174
18/05/2026,156686,gugu da catingueira,PIXPOKER,"2,03",0,"1,81"," R$  3,84 ","52,86%","0,00%","47,14%",NLH,"46,59"
18/05/2026,109291,shampooo,PIXPOKER,0,"5,1","51,31"," R$  56,41 ","0,00%","9,04%","90,96%",PLO6,-220
18/05/2026,141240,wolveshunter,PIXPOKER,0,"10,74","251,94"," R$  262,68 ","0,00%","4,09%","95,91%",PLO6,"-2000,31"
18/05/2026,186019,LC7PB,PIXPOKER,0,0,"0,16"," R$  0,16 ","0,00%","0,00%","100,00%",PLO6,-4
18/05/2026,150186,el brocador,PIXPOKER,"18,41",0,0," R$  18,41 ","100,00%","0,00%","0,00%",NLH,"-7,91"
18/05/2026,101534,sem perdão,PIXPOKER,0,13,"36,5"," R$  49,50 ","0,00%","26,26%","73,74%",PLO6,-50
18/05/2026,101185,dual,PIXPOKER,0,0,0, R$  -   ,,,,NLH,0
18/05/2026,109387,Bigode,PIXPOKER,"0,57",0,0," R$  0,57 ","100,00%","0,00%","0,00%",NLH,0
18/05/2026,158519,JKing,PIXPOKER,0,0,0, R$  -   ,,,,NLH,0
18/05/2026,168321,Breno Mendes,PIXPOKER,0,0,"1,12"," R$  1,12 ","0,00%","0,00%","100,00%",PLO6,-20
18/05/2026,172670,pix172670,PIXPOKER,0,0,0, R$  -   ,,,,NLH,0
18/05/2026,174476,Dim Saraiva,PIXPOKER,0,0,0, R$  -   ,,,,NLH,0
18/05/2026,186001,Heineken!,PIXPOKER,0,"10,1","0,06"," R$  10,16 ","0,00%","99,41%","0,59%",MTT,"-97,8"
18/05/2026,101715,pix101715,PIXPOKER,0,0,"7,85"," R$  7,85 ","0,00%","0,00%","100,00%",PLO6,"233,19"
18/05/2026,137098,PMSC,PIXPOKER,0,0,"27,92"," R$  27,92 ","0,00%","0,00%","100,00%",PLO6,"139,04"
18/05/2026,126060,??$$@,PIXPOKER,"7,78",0,0," R$  7,78 ","100,00%","0,00%","0,00%",NLH,"-77,91"
18/05/2026,146573,CipriAA,PIXPOKER,"45,99",0,"51,72"," R$  97,71 ","47,07%","0,00%","52,93%",PLO6,-100
18/05/2026,110511,elchapo?,PIXPOKER,0,0,"15,41"," R$  15,41 ","0,00%","0,00%","100,00%",PLO6,-110
18/05/2026,112345,VictorM,PIXPOKER,0,0,"1,51"," R$  1,51 ","0,00%","0,00%","100,00%",PLO6,-12
18/05/2026,128455,Chuck Norris,PIXPOKER,"0,09","11,7","7,58"," R$  19,37 ","0,46%","60,40%","39,13%",MTT,"97,04"
18/05/2026,147069,cryyy,PIXPOKER,0,"9,7",13," R$  22,70 ","0,00%","42,73%","57,27%",PLO6,"-101,58"
18/05/2026,143847,dossantos 1000,PIXPOKER,"194,32",0,"109,84"," R$  304,16 ","63,89%","0,00%","36,11%",NLH,"-305,76"
18/05/2026,164157,nenemotos,PIXPOKER,"5,83",0,0," R$  5,83 ","100,00%","0,00%","0,00%",NLH,-72
18/05/2026,100995,TG22,PIXPOKER,0,1,0," R$  1,00 ","0,00%","100,00%","0,00%",MTT,-10
18/05/2026,155081,Bradesco $@,PIXPOKER,"51,22","10,3","22,07"," R$  83,59 ","61,28%","12,32%","26,40%",NLH,"209,58"
18/05/2026,188416,juliomoneymaker,PIXPOKER,0,3,0," R$  3,00 ","0,00%","100,00%","0,00%",MTT,-30
18/05/2026,153414,LoganB,PIXPOKER,0,0,"5,21"," R$  5,21 ","0,00%","0,00%","100,00%",PLO6,"-44,71"
18/05/2026,125304,Denão,PIXPOKER,"1,41",0,0," R$  1,41 ","100,00%","0,00%","0,00%",NLH,-12
18/05/2026,192358,pix192358,PIXPOKER,"1,01",0,0," R$  1,01 ","100,00%","0,00%","0,00%",NLH,-7
18/05/2026,194304,Jujunaa,PIXPOKER,"15,29","10,2","4,88"," R$  30,37 ","50,35%","33,59%","16,07%",NLH,"-92,92"
18/05/2026,157960,Glorioso,PIXPOKER,"21,49","14,4",0," R$  35,89 ","59,88%","40,12%","0,00%",NLH,"226,85"
18/05/2026,100234,Pacauu,PIXPOKER,0,"22,2",0," R$  22,20 ","0,00%","100,00%","0,00%",MTT,-22
18/05/2026,108544,Zé Cambalhota,PIXPOKER,0,"56,3",0," R$  56,30 ","0,00%","100,00%","0,00%",MTT,-563
18/05/2026,186464,bebeto e romario,PIXPOKER,0,"3,24","5,46"," R$  8,70 ","0,00%","37,24%","62,76%",PLO6,"-62,4"
18/05/2026,147674,Diego merrim,PIXPOKER,0,"14,2",0," R$  14,20 ","0,00%","100,00%","0,00%",MTT,"-110,05"
18/05/2026,155002,FFilho,PIXPOKER,0,1,"41,41"," R$  42,41 ","0,00%","2,36%","97,64%",PLO6,"502,9"
18/05/2026,156357,idiki,PIXPOKER,0,0,"62,03"," R$  62,03 ","0,00%","0,00%","100,00%",PLO6,"-194,54"
18/05/2026,120875,odonodogame,PIXPOKER,0,"0,7",0," R$  0,70 ","0,00%","100,00%","0,00%",MTT,-7
18/05/2026,176138,otrembb??,PIXPOKER,0,"1,4",0," R$  1,40 ","0,00%","100,00%","0,00%",MTT,-14
18/05/2026,177692,pix177692,PIXPOKER,0,"0,2",0," R$  0,20 ","0,00%","100,00%","0,00%",MTT,-2
18/05/2026,177693,pix177693,PIXPOKER,0,"0,1",0," R$  0,10 ","0,00%","100,00%","0,00%",MTT,-1
18/05/2026,163293,pix163293,PIXPOKER,0,0,"30,19"," R$  30,19 ","0,00%","0,00%","100,00%",PLO6,-83
18/05/2026,193467,Mercado livre,PIXPOKER,0,0,"711,52"," R$  711,52 ","0,00%","0,00%","100,00%",PLO6,-3280
18/05/2026,170993,EleJot4,PIXPOKER,"2,08",0,"0,39"," R$  2,47 ","84,21%","0,00%","15,79%",NLH,-21
18/05/2026,139869,Cachoeira,PIXPOKER,"2,1","5,11",0," R$  7,21 ","29,13%","70,87%","0,00%",MTT,"-75,1"
18/05/2026,158093,Diegote86,PIXPOKER,"49,15","13,6","6,21"," R$  68,96 ","71,27%","19,72%","9,01%",NLH,"-66,87"
18/05/2026,129250,dayvisonfranklin,PIXPOKER,0,0,"164,22"," R$  164,22 ","0,00%","0,00%","100,00%",PLO6,"-566,35"
18/05/2026,172386,pix172386,PIXPOKER,"42,51",0,"137,6"," R$  180,11 ","23,60%","0,00%","76,40%",PLO6,"-329,56"
18/05/2026,161105,picanha,PIXPOKER,"12,54",18,"9,71"," R$  40,25 ","31,16%","44,72%","24,12%",MTT,"-94,77"
18/05/2026,189226,Italokeppe,PIXPOKER,0,"28,24",0," R$  28,24 ","0,00%","100,00%","0,00%",MTT,"449,8"
18/05/2026,136776,Tiagonv,PIXPOKER,"63,89","3,2",0," R$  67,09 ","95,23%","4,77%","0,00%",NLH,-85
18/05/2026,109887,cucuriti,PIXPOKER,"1,61",0,"12,16"," R$  13,77 ","11,69%","0,00%","88,31%",PLO6,-44
18/05/2026,116648,viltonsales,PIXPOKER,"0,31",0,"182,47"," R$  182,78 ","0,17%","0,00%","99,83%",PLO6,"-236,55"
18/05/2026,152239,T.H.,PIXPOKER,"1,83","3,9",0," R$  5,73 ","31,94%","68,06%","0,00%",MTT,"-38,43"
18/05/2026,170257,pintao,PIXPOKER,"3,89",0,0," R$  3,89 ","100,00%","0,00%","0,00%",NLH,-19
18/05/2026,171911,pix171911,PIXPOKER,"16,31",0,0," R$  16,31 ","100,00%","0,00%","0,00%",NLH,"7,22"
18/05/2026,172229,dagataa,PIXPOKER,"12,36",0,"6,8"," R$  19,16 ","64,51%","0,00%","35,49%",NLH,"-69,8"
18/05/2026,184729,AlvesORei,PIXPOKER,"6,14",0,0," R$  6,14 ","100,00%","0,00%","0,00%",NLH,-20
18/05/2026,193559,Gabriellopes,PIXPOKER,"7,75",0,"20,57"," R$  28,32 ","27,37%","0,00%","72,63%",PLO6,"-57,18"
18/05/2026,194005,Tuts vida ?,PIXPOKER,"3,66",0,"8,08"," R$  11,74 ","31,18%","0,00%","68,82%",PLO6,-97
18/05/2026,152397,RRMcg,PIXPOKER,"0,06",0,0," R$  0,06 ","100,00%","0,00%","0,00%",NLH,"-1,08"
18/05/2026,105853,toblefando,PIXPOKER,0,1,"13,58"," R$  14,58 ","0,00%","6,86%","93,14%",PLO6,-110
18/05/2026,107274,MibilisKa,PIXPOKER,0,"29,1","56,28"," R$  85,38 ","0,00%","34,08%","65,92%",PLO6,-503
18/05/2026,112569,LNI23,PIXPOKER,0,"1,5","13,97"," R$  15,47 ","0,00%","9,70%","90,30%",PLO6,35
18/05/2026,121494,apicemotel01,PIXPOKER,"125,73","41,8","1137,34"," R$  1.304,87 ","9,64%","3,20%","87,16%",PLO6,"-3108,8"
18/05/2026,144766,Cigarrinho,PIXPOKER,0,0,"211,65"," R$  211,65 ","0,00%","0,00%","100,00%",PLO6,"-543,55"
18/05/2026,153018,Madara??,PIXPOKER,0,0,"24,15"," R$  24,15 ","0,00%","0,00%","100,00%",PLO6,-93
18/05/2026,169703,Chicken Little,PIXPOKER,"6,5",0,"6,64"," R$  13,14 ","49,47%","0,00%","50,53%",PLO6,"70,19"
18/05/2026,101888,pix101888,PIXPOKER,0,0,"16,98"," R$  16,98 ","0,00%","0,00%","100,00%",PLO6,"162,47"
18/05/2026,109150,vitinpe,PIXPOKER,0,0,"139,85"," R$  139,85 ","0,00%","0,00%","100,00%",PLO6,185
18/05/2026,149244,vem bambo não,PIXPOKER,0,0,"10,97"," R$  10,97 ","0,00%","0,00%","100,00%",PLO6,"59,09"
18/05/2026,175529,Leozim,PIXPOKER,0,"2,2","56,73"," R$  58,93 ","0,00%","3,73%","96,27%",PLO6,-106
18/05/2026,155709,pix155709,PIXPOKER,0,"0,1",0," R$  0,10 ","0,00%","100,00%","0,00%",MTT,"0,33"
18/05/2026,170583,jocla33,PIXPOKER,0,0,0, R$  -   ,,,,NLH,0
18/05/2026,189032,Gabriel G,PIXPOKER,"5,2","0,8",0," R$  6,00 ","86,67%","13,33%","0,00%",NLH,"-55,02"
18/05/2026,183808,todevirote,PIXPOKER,0,0,"24,77"," R$  24,77 ","0,00%","0,00%","100,00%",PLO6,-130
18/05/2026,152555,BossRico,PIXPOKER,"14,46",0,0," R$  14,46 ","100,00%","0,00%","0,00%",NLH,-40
18/05/2026,163235,Jumenta preta ?,PIXPOKER,"2,84",5,0," R$  7,84 ","36,22%","63,78%","0,00%",MTT,"-46,87"
18/05/2026,181180,SoaresSjb,PIXPOKER,"5,86","0,4",0," R$  6,26 ","93,61%","6,39%","0,00%",NLH,"-4,58"
18/05/2026,181795,henrique esc,PIXPOKER,"15,1",0,0," R$  15,10 ","100,00%","0,00%","0,00%",NLH,"-93,32"
18/05/2026,182504,cfpoker,PIXPOKER,"20,45",0,0," R$  20,45 ","100,00%","0,00%","0,00%",NLH,"-50,04"
18/05/2026,158767,Stonks,PIXPOKER,"46,57","3,9","34,21"," R$  84,68 ","55,00%","4,61%","40,40%",NLH,"-150,4"
18/05/2026,195459,tanouss,PIXPOKER,"1,58",0,0," R$  1,58 ","100,00%","0,00%","0,00%",NLH,-20
18/05/2026,154220,pix154220,PIXPOKER,0,0,"1,05"," R$  1,05 ","0,00%","0,00%","100,00%",PLO6,"-14,25"
18/05/2026,108596,Bença Show,PIXPOKER,0,0,"22,56"," R$  22,56 ","0,00%","0,00%","100,00%",PLO6,"-69,96"
18/05/2026,171491,pix171491,PIXPOKER,0,0,"4369,78"," R$  4.369,78 ","0,00%","0,00%","100,00%",PLO6,"13135,63"
18/05/2026,195247,pix195247,PIXPOKER,"0,03",0,"8,99"," R$  9,02 ","0,33%","0,00%","99,67%",PLO6,"-164,15"
18/05/2026,136752,pix136752,PIXPOKER,0,0,"3,57"," R$  3,57 ","0,00%","0,00%","100,00%",PLO6,"-42,79"
18/05/2026,163196,jota20h,PIXPOKER,0,0,"0,99"," R$  0,99 ","0,00%","0,00%","100,00%",PLO6,-20
18/05/2026,195016,pix195016,PIXPOKER,"5,19",0,"58,89"," R$  64,08 ","8,10%","0,00%","91,90%",PLO6,"-54,42"
18/05/2026,162802,prego,PIXPOKER,0,0,"57,23"," R$  57,23 ","0,00%","0,00%","100,00%",PLO6,"-199,3"
18/05/2026,173559,pix173559,PIXPOKER,"29,72",0,0," R$  29,72 ","100,00%","0,00%","0,00%",NLH,-80
18/05/2026,100462,Babi,PIXPOKER,0,15,0," R$  15,00 ","0,00%","100,00%","0,00%",MTT,-150
18/05/2026,108683,Rei das Bruxas,PIXPOKER,"5,65",0,0," R$  5,65 ","100,00%","0,00%","0,00%",NLH,-50
18/05/2026,194722,Rick_Ldna,PIXPOKER,"37,54",0,0," R$  37,54 ","100,00%","0,00%","0,00%",NLH,-200
18/05/2026,115919,ZéCall,PIXPOKER,"20,22",0,0," R$  20,22 ","100,00%","0,00%","0,00%",NLH,"-87,97"
18/05/2026,147665,dleitao,PIXPOKER,"3,01",0,0," R$  3,01 ","100,00%","0,00%","0,00%",NLH,"-41,34"
18/05/2026,146599,pix146599,PIXPOKER,0,0,"271,6"," R$  271,60 ","0,00%","0,00%","100,00%",PLO6,"-393,83"
18/05/2026,194922,omenaprime,PIXPOKER,"1,13",0,0," R$  1,13 ","100,00%","0,00%","0,00%",NLH,"-10,36"
18/05/2026,194400,Joao Bosco,PIXPOKER,0,3,0," R$  3,00 ","0,00%","100,00%","0,00%",MTT,"630,17"
18/05/2026,110044,pix1642256,PIXPOKER,0,"10,7",0," R$  10,70 ","0,00%","100,00%","0,00%",MTT,-107
18/05/2026,127489,BruSsani95,PIXPOKER,0,0,"7,21"," R$  7,21 ","0,00%","0,00%","100,00%",PLO6,-84
18/05/2026,151996,fumo na 09,PIXPOKER,0,0,"61,67"," R$  61,67 ","0,00%","0,00%","100,00%",PLO6,"-100,48"
18/05/2026,101229,OffThekingdepower,PIXPOKER,0,0,0, R$  -   ,,,,NLH,0
18/05/2026,189877,cauemororo,PIXPOKER,0,0,0, R$  -   ,,,,NLH,0
18/05/2026,127799,W P S,PIXPOKER,"0,71",0,"0,28"," R$  0,99 ","71,72%","0,00%","28,28%",NLH,"-9,82"
18/05/2026,186675,soninho,PIXPOKER,0,0,"100,08"," R$  100,08 ","0,00%","0,00%","100,00%",PLO6,-416
18/05/2026,184048,flmaia,PIXPOKER,0,"3,5",0," R$  3,50 ","0,00%","100,00%","0,00%",MTT,-35
18/05/2026,113267,BalaBala,PIXPOKER,0,"0,5","1,26"," R$  1,76 ","0,00%","28,41%","71,59%",PLO6,-20
18/05/2026,147415,ceezar,PIXPOKER,"3,15",0,"27,19"," R$  30,34 ","10,38%","0,00%","89,62%",PLO6,"-27,06"
18/05/2026,152039,VtNC ApP,PIXPOKER,0,0,"18,72"," R$  18,72 ","0,00%","0,00%","100,00%",PLO6,-67
18/05/2026,156053,Doidera66,PIXPOKER,0,0,"1,28"," R$  1,28 ","0,00%","0,00%","100,00%",PLO6,-8
18/05/2026,190448,andim,PIXPOKER,0,0,"2,31"," R$  2,31 ","0,00%","0,00%","100,00%",PLO6,-24
18/05/2026,193183,pix193183,PIXPOKER,0,0,"7,47"," R$  7,47 ","0,00%","0,00%","100,00%",PLO6,-40
18/05/2026,138031,Tchipsss,PIXPOKER,0,0,0, R$  -   ,,,,NLH,-25
18/05/2026,119847,ttAk,PIXPOKER,0,"0,1","3,95"," R$  4,05 ","0,00%","2,47%","97,53%",PLO6,"33,12"
18/05/2026,155309,Andre13,PIXPOKER,0,0,"328,42"," R$  328,42 ","0,00%","0,00%","100,00%",PLO6,"546,83"
18/05/2026,100557,AMARILDOJR,PIXPOKER,"5,74",0,0," R$  5,74 ","100,00%","0,00%","0,00%",NLH,-62
18/05/2026,162039,deras,PIXPOKER,0,0,0, R$  -   ,,,,NLH,0
18/05/2026,131552,Rod.kk,PIXPOKER,"12,58",0,118," R$  130,58 ","9,63%","0,00%","90,37%",PLO6,"-270,58"
18/05/2026,179849,Marreta Show,PIXPOKER,"3,71",0,0," R$  3,71 ","100,00%","0,00%","0,00%",NLH,-23
18/05/2026,134557,reidocongo,PIXPOKER,0,0,"17,69"," R$  17,69 ","0,00%","0,00%","100,00%",PLO6,76
18/05/2026,160558,lanelas,PIXPOKER,"0,62",0,0," R$  0,62 ","100,00%","0,00%","0,00%",NLH,-10
18/05/2026,191621,thadeu,PIXPOKER,"0,26",0,0," R$  0,26 ","100,00%","0,00%","0,00%",NLH,-4
18/05/2026,170039,Braúna??,PIXPOKER,0,"15,3",0," R$  15,30 ","0,00%","100,00%","0,00%",MTT,"-149,25"
18/05/2026,149763,pix149763,PIXPOKER,0,0,"97,83"," R$  97,83 ","0,00%","0,00%","100,00%",PLO6,-5
18/05/2026,129343,LF7Nuts,PIXPOKER,0,0,"78,3"," R$  78,30 ","0,00%","0,00%","100,00%",PLO6,-512
18/05/2026,148269,Neto P,PIXPOKER,0,0,"36,03"," R$  36,03 ","0,00%","0,00%","100,00%",PLO6,-450
18/05/2026,167868,jusadelas_,PIXPOKER,0,0,"22,78"," R$  22,78 ","0,00%","0,00%","100,00%",PLO6,"189,92"
18/05/2026,176747,Infame,PIXPOKER,"10,77","0,9","0,18"," R$  11,85 ","90,89%","7,59%","1,52%",NLH,"-9,4"
18/05/2026,114698,Bodevoador,PIXPOKER,0,0,"163,75"," R$  163,75 ","0,00%","0,00%","100,00%",PLO6,-243
18/05/2026,149784,paralepipedo,PIXPOKER,"3,36",0,"3,54"," R$  6,90 ","48,70%","0,00%","51,30%",PLO6,"-72,05"
18/05/2026,185992,davizin,PIXPOKER,"0,45",0,"7,2"," R$  7,65 ","5,88%","0,00%","94,12%",PLO6,-110
18/05/2026,150043,gamby,PIXPOKER,"2,76",0,"5,85"," R$  8,61 ","32,06%","0,00%","67,94%",PLO6,-38
18/05/2026,165675,advdopovo,PIXPOKER,"2,28",0,0," R$  2,28 ","100,00%","0,00%","0,00%",NLH,"-29,66"
18/05/2026,166612,Emanuel Farias,PIXPOKER,"4,44","2,3",0," R$  6,74 ","65,88%","34,12%","0,00%",NLH,"-18,97"
18/05/2026,168753,mago?,PIXPOKER,0,0,0, R$  -   ,,,,NLH,0
18/05/2026,172415,Arthurcrupi,PIXPOKER,0,0,0, R$  -   ,,,,NLH,0
18/05/2026,173021,pix173021,PIXPOKER,"2,65",0,"2,26"," R$  4,91 ","53,97%","0,00%","46,03%",NLH,0
18/05/2026,193238,pix193238,PIXPOKER,0,0,0, R$  -   ,,,,NLH,0
18/05/2026,134523,leaomem,PIXPOKER,0,"6,5",0," R$  6,50 ","0,00%","100,00%","0,00%",MTT,-65
18/05/2026,189220,boasorte,PIXPOKER,0,"0,1",0," R$  0,10 ","0,00%","100,00%","0,00%",MTT,-1
18/05/2026,102535,Luizão LDS,PIXPOKER,0,0,"3783,5"," R$  3.783,50 ","0,00%","0,00%","100,00%",PLO6,"-4940,69"
18/05/2026,169302,pix169302,PIXPOKER,0,0,"487,91"," R$  487,91 ","0,00%","0,00%","100,00%",PLO6,"2527,29"
18/05/2026,141902,Luksolive,PIXPOKER,0,"17,7",0," R$  17,70 ","0,00%","100,00%","0,00%",MTT,"-4,74"
18/05/2026,194991,Mrmayconc7,PIXPOKER,0,"2,6",0," R$  2,60 ","0,00%","100,00%","0,00%",MTT,-26
18/05/2026,164151,pagou morreu,PIXPOKER,"2,97",0,"49,93"," R$  52,90 ","5,61%","0,00%","94,39%",PLO6,"-71,66"
18/05/2026,189502,kid poker AA,PIXPOKER,0,0,"20,13"," R$  20,13 ","0,00%","0,00%","100,00%",PLO6,-175
18/05/2026,127813,Ic4roxx,PIXPOKER,0,0,"8,31"," R$  8,31 ","0,00%","0,00%","100,00%",PLO6,-100
18/05/2026,187654,Luiz Henrique,PIXPOKER,0,0,"1,29"," R$  1,29 ","0,00%","0,00%","100,00%",PLO6,"-20,51"
18/05/2026,100279,Poker13,PIXPOKER,0,10,0," R$  10,00 ","0,00%","100,00%","0,00%",MTT,-100
18/05/2026,144289,maakkaco26,PIXPOKER,0,5,0," R$  5,00 ","0,00%","100,00%","0,00%",MTT,-50
18/05/2026,100286,Jair Bolsonaro,PIXPOKER,0,0,0, R$  -   ,,,,NLH,0
18/05/2026,124416,vaibrasil,PIXPOKER,0,0,0, R$  -   ,,,,NLH,0
18/05/2026,130921,100MENTE,PIXPOKER,0,0,0, R$  -   ,,,,NLH,0
18/05/2026,149147,Priscilasantos,PIXPOKER,0,0,0, R$  -   ,,,,NLH,0
18/05/2026,151483,Wollfman69,PIXPOKER,0,0,0, R$  -   ,,,,NLH,0
18/05/2026,171921,Arthuralp,PIXPOKER,"5,25",0,0," R$  5,25 ","100,00%","0,00%","0,00%",NLH,"-44,47"
18/05/2026,176326,Ragnarok_176326,PIXPOKER,0,0,0, R$  -   ,,,,NLH,0
18/05/2026,177434,Negreira ?,PIXPOKER,0,0,0, R$  -   ,,,,NLH,0
18/05/2026,107011,ABS99,PIXPOKER,0,0,"2,02"," R$  2,02 ","0,00%","0,00%","100,00%",PLO6,"29,67"
18/05/2026,109714,Rjv7997,PIXPOKER,0,0,"20,07"," R$  20,07 ","0,00%","0,00%","100,00%",PLO6,-100
18/05/2026,120746,toctoc,PIXPOKER,0,0,"10,65"," R$  10,65 ","0,00%","0,00%","100,00%",PLO6,-92
18/05/2026,187315,luanpg10,PIXPOKER,0,"0,7","3,92"," R$  4,62 ","0,00%","15,15%","84,85%",PLO6,-90
18/05/2026,194597,Razec,PIXPOKER,0,0,"259,72"," R$  259,72 ","0,00%","0,00%","100,00%",PLO6,"-329,93"
18/05/2026,104697,gb__,PIXPOKER,0,"1,2",0," R$  1,20 ","0,00%","100,00%","0,00%",MTT,-12
18/05/2026,150966,bola10,PIXPOKER,0,"3,6",0," R$  3,60 ","0,00%","100,00%","0,00%",MTT,-36
18/05/2026,160289,jimmysdi,PIXPOKER,0,"13,1",0," R$  13,10 ","0,00%","100,00%","0,00%",MTT,-131
18/05/2026,159520,fritzlang,PIXPOKER,0,0,"24,58"," R$  24,58 ","0,00%","0,00%","100,00%",PLO6,"-139,33"
18/05/2026,134522,ZEBEDEL,PIXPOKER,"4,95",0,"4,32"," R$  9,27 ","53,40%","0,00%","46,60%",NLH,"-37,95"
18/05/2026,160319,cremobin,PIXPOKER,"35,71","8,85","1,04"," R$  45,60 ","78,31%","19,41%","2,28%",NLH,"-238,74"
18/05/2026,172629,pix172629,PIXPOKER,"6,79",0,0," R$  6,79 ","100,00%","0,00%","0,00%",NLH,-50
18/05/2026,169388,ETH ??,PIXPOKER,"3,26",0,0," R$  3,26 ","100,00%","0,00%","0,00%",NLH,"-41,07"
18/05/2026,189822,vinimax1,PIXPOKER,"1,31",0,0," R$  1,31 ","100,00%","0,00%","0,00%",NLH,-20
18/05/2026,100488,pix100488,PIXPOKER,0,0,0, R$  -   ,,,,NLH,0
18/05/2026,150610,tudotudo,PIXPOKER,0,"0,2",0," R$  0,20 ","0,00%","100,00%","0,00%",MTT,"-0,92"
18/05/2026,152602,toskdecorrente,PIXPOKER,0,0,0, R$  -   ,,,,NLH,0
18/05/2026,194641,Rodrigoxl666,PIXPOKER,0,0,0, R$  -   ,,,,NLH,0
18/05/2026,102699,LIONEL Gaúcho,PIXPOKER,"0,53",0,"4,53"," R$  5,06 ","10,47%","0,00%","89,53%",PLO6,-39
18/05/2026,173268,nacton silvq,PIXPOKER,"0,16",0,"2,25"," R$  2,41 ","6,64%","0,00%","93,36%",PLO6,"-7,55"
18/05/2026,194442,Jhon_PB,PIXPOKER,"6,26",0,0," R$  6,26 ","100,00%","0,00%","0,00%",NLH,-25
18/05/2026,147593,pix147593,PIXPOKER,0,0,"282,45"," R$  282,45 ","0,00%","0,00%","100,00%",PLO6,"821,66"
18/05/2026,194598,pix194598,PIXPOKER,0,0,"60,64"," R$  60,64 ","0,00%","0,00%","100,00%",PLO6,"-473,69"
18/05/2026,113444,brad33,PIXPOKER,"2,37",70,"179,78"," R$  252,15 ","0,94%","27,76%","71,30%",PLO6,"-2408,98"
18/05/2026,146006,VERDADEIROMITO,PIXPOKER,"4,73","5,5",0," R$  10,23 ","46,24%","53,76%","0,00%",MTT,-77
18/05/2026,102371,Sertão,PIXPOKER,0,0,"18,99"," R$  18,99 ","0,00%","0,00%","100,00%",PLO6,"-251,57"
18/05/2026,160398,FLOKI,PIXPOKER,"2,24",0,0," R$  2,24 ","100,00%","0,00%","0,00%",NLH,"2,7"
18/05/2026,189004,ABUSADO,PIXPOKER,0,0,"9,78"," R$  9,78 ","0,00%","0,00%","100,00%",PLO6,"-260,22"
18/05/2026,149960,11678,PIXPOKER,0,0,"4679,37"," R$  4.679,37 ","0,00%","0,00%","100,00%",PLO6,"-7149,98"
18/05/2026,120916,Jaburu9,PIXPOKER,"2,58","2,4","51,89"," R$  56,87 ","4,54%","4,22%","91,24%",PLO6,235
18/05/2026,139234,Doom,PIXPOKER,0,0,"8,62"," R$  8,62 ","0,00%","0,00%","100,00%",PLO6,"-100,82"
18/05/2026,101525,Vitin do Pokker tian,PIXPOKER,0,0,"42,09"," R$  42,09 ","0,00%","0,00%","100,00%",PLO6,"1101,5"
18/05/2026,140469,Rei do Gado,PIXPOKER,0,0,"1510,05"," R$  1.510,05 ","0,00%","0,00%","100,00%",PLO6,"-9098,22"
18/05/2026,184668,gusorriso,PIXPOKER,0,2,0," R$  2,00 ","0,00%","100,00%","0,00%",MTT,-20
18/05/2026,194580,rafah,PIXPOKER,0,0,0, R$  -   ,,,,NLH,0
18/05/2026,195232,pix195232,PIXPOKER,"4,3",0,"15,14"," R$  19,44 ","22,12%","0,00%","77,88%",PLO6,"-132,99"
18/05/2026,107607,JimmyResi,PIXPOKER,"3,45",0,0," R$  3,45 ","100,00%","0,00%","0,00%",NLH,"4,52"
18/05/2026,161173,Alzir,PIXPOKER,0,"2,5",0," R$  2,50 ","0,00%","100,00%","0,00%",MTT,-25
18/05/2026,120111,pix120111,PIXPOKER,0,0,"11,58"," R$  11,58 ","0,00%","0,00%","100,00%",PLO6,-174
18/05/2026,162546,pix162546,PIXPOKER,0,0,"197,57"," R$  197,57 ","0,00%","0,00%","100,00%",PLO6,"2828,67"
18/05/2026,190555,animeshuga,PIXPOKER,0,"4,4",0," R$  4,40 ","0,00%","100,00%","0,00%",MTT,-44
18/05/2026,190440,pedrob,PIXPOKER,0,0,"2,23"," R$  2,23 ","0,00%","0,00%","100,00%",PLO6,"8,79"
18/05/2026,170915,slony 44,PIXPOKER,0,3,"4,39"," R$  7,39 ","0,00%","40,60%","59,40%",PLO6,"-106,98"
18/05/2026,171659,pix171659,PIXPOKER,0,0,"5,55"," R$  5,55 ","0,00%","0,00%","100,00%",PLO6,"-100,12"
18/05/2026,161583,Eddy10,PIXPOKER,0,7,0," R$  7,00 ","0,00%","100,00%","0,00%",MTT,-70
18/05/2026,122961,davidtubas,PIXPOKER,"2,04",0,0," R$  2,04 ","100,00%","0,00%","0,00%",NLH,-20
18/05/2026,130831,SnAAcK,PIXPOKER,0,"87,7","16,46"," R$  104,16 ","0,00%","84,20%","15,80%",MTT,"16,66"
18/05/2026,146768,Tonon,PIXPOKER,0,"3,3",0," R$  3,30 ","0,00%","100,00%","0,00%",MTT,"9,49"
18/05/2026,185542,Gomess,PIXPOKER,"4,49",0,"2,18"," R$  6,67 ","67,32%","0,00%","32,68%",NLH,-43
18/05/2026,147693,TC97,PIXPOKER,0,0,"7,54"," R$  7,54 ","0,00%","0,00%","100,00%",PLO6,"-99,84"
18/05/2026,133158,jrspoker,PIXPOKER,0,0,"6,93"," R$  6,93 ","0,00%","0,00%","100,00%",PLO6,-100
18/05/2026,151756,Mw81,PIXPOKER,0,25,0," R$  25,00 ","0,00%","100,00%","0,00%",MTT,"-207,5"
18/05/2026,110682,vai dar certo!!,PIXPOKER,0,0,"50,97"," R$  50,97 ","0,00%","0,00%","100,00%",PLO6,"140,18"
18/05/2026,173467,carlosbar,PIXPOKER,0,0,"45,35"," R$  45,35 ","0,00%","0,00%","100,00%",PLO6,"-282,14"
18/05/2026,136090,pixxx,PIXPOKER,0,0,"0,94"," R$  0,94 ","0,00%","0,00%","100,00%",PLO6,"-0,69"
18/05/2026,155033,zachs49,PIXPOKER,0,3,0," R$  3,00 ","0,00%","100,00%","0,00%",MTT,-30
18/05/2026,173580,bitulety,PIXPOKER,1,"1,6",0," R$  2,60 ","38,46%","61,54%","0,00%",MTT,-28
18/05/2026,102323,flavio,PIXPOKER,0,0,"180,22"," R$  180,22 ","0,00%","0,00%","100,00%",PLO6,"-247,38"
18/05/2026,153705,BubutiCheio??,PIXPOKER,"0,16",0,"81,29"," R$  81,45 ","0,20%","0,00%","99,80%",PLO6,"-167,69"
18/05/2026,158650,pix158650,PIXPOKER,0,0,"261,33"," R$  261,33 ","0,00%","0,00%","100,00%",PLO6,"374,83"
18/05/2026,189853,pix189853,PIXPOKER,0,0,"6,43"," R$  6,43 ","0,00%","0,00%","100,00%",PLO6,"-109,32"
18/05/2026,193871,pix193871,PIXPOKER,0,0,"5,09"," R$  5,09 ","0,00%","0,00%","100,00%",PLO6,-90
18/05/2026,119281,Juliocfh,PIXPOKER,0,0,"1,07"," R$  1,07 ","0,00%","0,00%","100,00%",PLO6,-28
18/05/2026,112641,tatuipoker,PIXPOKER,0,"0,7",0," R$  0,70 ","0,00%","100,00%","0,00%",MTT,-7
18/05/2026,100479,9Tnaipadin,PIXPOKER,0,0,0, R$  -   ,,,,NLH,0
18/05/2026,116936,clenilson,PIXPOKER,"35,92",0,0," R$  35,92 ","100,00%","0,00%","0,00%",NLH,"65,09"
18/05/2026,165657,biano45,PIXPOKER,0,0,"6,91"," R$  6,91 ","0,00%","0,00%","100,00%",PLO6,-80
18/05/2026,118148,Diogolll,PIXPOKER,"49,8",0,0," R$  49,80 ","100,00%","0,00%","0,00%",NLH,"-50,34"
18/05/2026,101435,Euclides,PIXPOKER,"3,5",0,"28,33"," R$  31,83 ","11,00%","0,00%","89,00%",PLO6,-25
18/05/2026,163350,px34256871976,PIXPOKER,"32,08",0,"27,37"," R$  59,45 ","53,96%","0,00%","46,04%",NLH,"-72,32"
18/05/2026,183252,joao baran,PIXPOKER,"7,69",0,"2,25"," R$  9,94 ","77,36%","0,00%","22,64%",NLH,-50
18/05/2026,188526,Gabrielinstacall,PIXPOKER,0,0,"0,95"," R$  0,95 ","0,00%","0,00%","100,00%",PLO6,"-25,72"
18/05/2026,160135,marciomelo,PIXPOKER,"0,8",0,0," R$  0,80 ","100,00%","0,00%","0,00%",NLH,-12
18/05/2026,115174,andrade2,PIXPOKER,"1,36",0,0," R$  1,36 ","100,00%","0,00%","0,00%",NLH,-10
18/05/2026,139976,BB Counter 25,PIXPOKER,"7,78",0,0," R$  7,78 ","100,00%","0,00%","0,00%",NLH,-60
18/05/2026,178818,??BIRU??,PIXPOKER,"2,05",0,0," R$  2,05 ","100,00%","0,00%","0,00%",NLH,-6
18/05/2026,191116,Ladrão012,PIXPOKER,"1,91",0,0," R$  1,91 ","100,00%","0,00%","0,00%",NLH,"-9,05"
18/05/2026,193274,henriquecm_,PIXPOKER,0,0,"1,82"," R$  1,82 ","0,00%","0,00%","100,00%",PLO6,-10
18/05/2026,154267,bil,PIXPOKER,"24,15",0,"9,03"," R$  33,18 ","72,78%","0,00%","27,22%",NLH,"-35,91"
18/05/2026,178626,Vava13,PIXPOKER,"19,52",0,0," R$  19,52 ","100,00%","0,00%","0,00%",NLH,-54
18/05/2026,162729,sóALLin,PIXPOKER,"4,8",0,0," R$  4,80 ","100,00%","0,00%","0,00%",NLH,"-21,78"
18/05/2026,149503,OlhoQtudoVê,PIXPOKER,"4,08",0,0," R$  4,08 ","100,00%","0,00%","0,00%",NLH,-90
18/05/2026,189850,Blck,PIXPOKER,"2,45",0,0," R$  2,45 ","100,00%","0,00%","0,00%",NLH,"-22,88"
18/05/2026,157948,DonnieDarko17,PIXPOKER,0,"1,5","2,64"," R$  4,14 ","0,00%","36,23%","63,77%",PLO6,"-58,14"
18/05/2026,125910,Dekixter,PIXPOKER,0,1,0," R$  1,00 ","0,00%","100,00%","0,00%",MTT,-10
18/05/2026,132782,seankings,PIXPOKER,0,"6,6",0," R$  6,60 ","0,00%","100,00%","0,00%",MTT,"139,95"
18/05/2026,101531,Delici_AA,PIXPOKER,0,14,0," R$  14,00 ","0,00%","100,00%","0,00%",MTT,"274,72"
18/05/2026,145359,pix145359JJ,PIXPOKER,"3,94",12,"3,5"," R$  19,44 ","20,27%","61,73%","18,00%",MTT,"-146,96"
18/05/2026,147002,pix147002,PIXPOKER,0,14,0," R$  14,00 ","0,00%","100,00%","0,00%",MTT,-140
18/05/2026,149479,FELIPE BARBALHO,PIXPOKER,0,14,0," R$  14,00 ","0,00%","100,00%","0,00%",MTT,-140
18/05/2026,159669,mainardi,PIXPOKER,0,0,"40,52"," R$  40,52 ","0,00%","0,00%","100,00%",PLO6,"-199,74"
18/05/2026,100454,b.da.gloria,PIXPOKER,0,0,"18,98"," R$  18,98 ","0,00%","0,00%","100,00%",PLO6,-200
18/05/2026,154470,Batgirl,PIXPOKER,0,"14,05",0," R$  14,05 ","0,00%","100,00%","0,00%",MTT,"189,5"
18/05/2026,195351,show10,PIXPOKER,0,0,"24,04"," R$  24,04 ","0,00%","0,00%","100,00%",PLO6,"247,33"
18/05/2026,174513,LasVegas171,PIXPOKER,0,"0,5",0," R$  0,50 ","0,00%","100,00%","0,00%",MTT,0
18/05/2026,180358,AGRF,PIXPOKER,"1,61",0,"21,51"," R$  23,12 ","6,96%","0,00%","93,04%",PLO6,"-75,33"
18/05/2026,111860,pedro Aurélio,PIXPOKER,"9,21",0,0," R$  9,21 ","100,00%","0,00%","0,00%",NLH,-20
18/05/2026,100544,Amarildo Junior,PIXPOKER,0,0,0, R$  -   ,,,,NLH,0
18/05/2026,101140,TodasElas,PIXPOKER,0,0,0, R$  -   ,,,,NLH,0
18/05/2026,158902,minhocauhaha,PIXPOKER,0,0,0, R$  -   ,,,,NLH,0
18/05/2026,194831,BillyBoy,PIXPOKER,"0,46","4,4",0," R$  4,86 ","9,47%","90,53%","0,00%",MTT,-50
18/05/2026,173088,Bia777,PIXPOKER,"2,48",0,0," R$  2,48 ","100,00%","0,00%","0,00%",NLH,-20
18/05/2026,195424,Babigol01,PIXPOKER,"4,01",0,0," R$  4,01 ","100,00%","0,00%","0,00%",NLH,-30
18/05/2026,106482,BOLADÃO,PIXPOKER,0,"2,5",0," R$  2,50 ","0,00%","100,00%","0,00%",MTT,-25
18/05/2026,172456,TicoTico,PIXPOKER,0,"0,8",0," R$  0,80 ","0,00%","100,00%","0,00%",MTT,-8
18/05/2026,175785,Bobestouro,PIXPOKER,0,"3,8","1,64"," R$  5,44 ","0,00%","69,85%","30,15%",MTT,-50
18/05/2026,112906,emociones,PIXPOKER,0,0,"134,18"," R$  134,18 ","0,00%","0,00%","100,00%",PLO6,-792
18/05/2026,151133,somos+,PIXPOKER,0,"50,5","7,78"," R$  58,28 ","0,00%","86,65%","13,35%",MTT,"-471,75"
18/05/2026,184925,pix184925,PIXPOKER,"9,75",32,0," R$  41,75 ","23,35%","76,65%","0,00%",MTT,"-291,39"
18/05/2026,193100,Custodes,PIXPOKER,0,"2,5","0,37"," R$  2,87 ","0,00%","87,11%","12,89%",MTT,-32
18/05/2026,126035,pix126035,PIXPOKER,0,0,"7,8"," R$  7,80 ","0,00%","0,00%","100,00%",PLO6,"-100,92"
18/05/2026,139516,KndFz,PIXPOKER,0,0,"4,32"," R$  4,32 ","0,00%","0,00%","100,00%",PLO6,-36
18/05/2026,172054,kevenbrs,PIXPOKER,"0,69",0,"1,86"," R$  2,55 ","27,06%","0,00%","72,94%",PLO6,5
18/05/2026,193708,pix193708,PIXPOKER,"4,67",0,0," R$  4,67 ","100,00%","0,00%","0,00%",NLH,"-33,18"
18/05/2026,194244,PH Goiano,PIXPOKER,"5,05",0,0," R$  5,05 ","100,00%","0,00%","0,00%",NLH,120
18/05/2026,122669,caçapix,PIXPOKER,0,0,"101,5"," R$  101,50 ","0,00%","0,00%","100,00%",PLO6,"-32,39"
18/05/2026,138179,Nathaan,PIXPOKER,0,0,"14,93"," R$  14,93 ","0,00%","0,00%","100,00%",PLO6,-145
18/05/2026,124247,fragosinho789,PIXPOKER,"0,97",0,0," R$  0,97 ","100,00%","0,00%","0,00%",NLH,-13
18/05/2026,187443,CaioJr14,PIXPOKER,"0,83",0,0," R$  0,83 ","100,00%","0,00%","0,00%",NLH,"4,23"
18/05/2026,102916,Elthigas,PIXPOKER,0,0,"6,59"," R$  6,59 ","0,00%","0,00%","100,00%",PLO6,"50,14"
18/05/2026,143841,Rbraga,PIXPOKER,0,0,"6,04"," R$  6,04 ","0,00%","0,00%","100,00%",PLO6,100
18/05/2026,145436,zeboy,PIXPOKER,0,0,"7,64"," R$  7,64 ","0,00%","0,00%","100,00%",PLO6,-105
18/05/2026,192679,lucaslgbr,PIXPOKER,0,0,"3,26"," R$  3,26 ","0,00%","0,00%","100,00%",PLO6,"-19,39"
18/05/2026,138318,so badd,PIXPOKER,0,1,0," R$  1,00 ","0,00%","100,00%","0,00%",MTT,-10
18/05/2026,100415,CarcaraPoker,PIXPOKER,0,20,0," R$  20,00 ","0,00%","100,00%","0,00%",MTT,-120
18/05/2026,143724,RaafaFlose,PIXPOKER,0,32,0," R$  32,00 ","0,00%","100,00%","0,00%",MTT,-320
18/05/2026,182655,Nelson Ned,PIXPOKER,0,20,0," R$  20,00 ","0,00%","100,00%","0,00%",MTT,-200
18/05/2026,120485,RodrigOscar,PIXPOKER,"2,08",0,0," R$  2,08 ","100,00%","0,00%","0,00%",NLH,-31
18/05/2026,116289,Duuuuur,AF - PEUEUA,0,"772,24",0," R$  772,24 ","0,00%","100,00%","0,00%",MTT,"630,06"
18/05/2026,116298,Pernalonga,AF - PEUEUA,0,2,"207,44"," R$  209,44 ","0,00%","0,95%","99,05%",PLO6,"-570,06"
18/05/2026,158934,Gato_Preto,AF - PEUEUA,0,0,"564,68"," R$  564,68 ","0,00%","0,00%","100,00%",PLO6,"-389,36"
18/05/2026,129313,Falcão FTS,AF - PEUEUA,"10,66",0,"286,48"," R$  297,14 ","3,59%","0,00%","96,41%",PLO6,"-461,3"
18/05/2026,126650,sgtpastel,AF - PEUEUA,0,"65,6",0," R$  65,60 ","0,00%","100,00%","0,00%",MTT,"-139,57"
18/05/2026,116332,pix116332,AF - PEUEUA,0,40,0," R$  40,00 ","0,00%","100,00%","0,00%",MTT,-400
18/05/2026,133599,Netto,AF - PEUEUA,0,"33,65",0," R$  33,65 ","0,00%","100,00%","0,00%",MTT,"-315,25"
18/05/2026,101865,FoldeiVC,AF - PEUEUA,0,32,"298,79"," R$  330,79 ","0,00%","9,67%","90,33%",PLO6,"615,27"
18/05/2026,129710,ABCfc,AF - PEUEUA,0,"29,6","2,85"," R$  32,45 ","0,00%","91,22%","8,78%",MTT,"-339,08"
18/05/2026,112891,CHICO DE ARARA,AF - PEUEUA,0,0,0, R$  -   ,,,,NLH,0
18/05/2026,138958,Rodrigopixpoker77,AF - PEUEUA,0,0,"12,35"," R$  12,35 ","0,00%","0,00%","100,00%",PLO6,-50
18/05/2026,131193,Baiba,AF - PEUEUA,0,"3,5",0," R$  3,50 ","0,00%","100,00%","0,00%",MTT,-35
18/05/2026,117155,tadalafila20mg,AF - PEUEUA,0,14,0," R$  14,00 ","0,00%","100,00%","0,00%",MTT,-140
18/05/2026,117569,arthurzindomel,AF - MAURICIO,0,"16,8",0," R$  16,80 ","0,00%","100,00%","0,00%",MTT,"-54,07"
18/05/2026,188865,pix188865,AF - MAURICIO,0,"158,8",0," R$  158,80 ","0,00%","100,00%","0,00%",MTT,"-860,99"
18/05/2026,155080,Mike Ross,AF - MAURICIO,0,0,"740,25"," R$  740,25 ","0,00%","0,00%","100,00%",PLO6,"462,18"
18/05/2026,119119,Welshowman,AF - MAURICIO,0,"1,5","95,3"," R$  96,80 ","0,00%","1,55%","98,45%",PLO6,"-406,07"
18/05/2026,137763,pix ad + le,AF - MAURICIO,"46,42","9,1","281,66"," R$  337,18 ","13,77%","2,70%","83,53%",PLO6,156
18/05/2026,177765,NicolásMaduro,AF - MAURICIO,0,0,"2,01"," R$  2,01 ","0,00%","0,00%","100,00%",PLO6,"-28,52"
18/05/2026,185066,VitinPoker,AF - MAURICIO,0,"31,5","128,75"," R$  160,25 ","0,00%","19,66%","80,34%",PLO6,"290,44"
18/05/2026,119612,DoeuAi??,AF - MAURICIO,"8,04","18,7","769,15"," R$  795,89 ","1,01%","2,35%","96,64%",PLO6,"-30,67"
18/05/2026,134699,@griga,AF - MAURICIO,0,35,"346,35"," R$  381,35 ","0,00%","9,18%","90,82%",PLO6,"-840,96"
18/05/2026,145508,BRUMBRUM,AF - MAURICIO,"1,16","16,94","75,3"," R$  93,40 ","1,24%","18,14%","80,62%",PLO6,"-118,2"
18/05/2026,180443,@mau.jr7,AF - MAURICIO,0,46,"898,8"," R$  944,80 ","0,00%","4,87%","95,13%",PLO6,"-2458,69"
18/05/2026,101589,SEGURAAA__,AF - MAURICIO,"3,14",1,"52,45"," R$  56,59 ","5,55%","1,77%","92,68%",PLO6,-171
18/05/2026,127125,O gaiato!!,AF - MAURICIO,"188,55","35,8",0," R$  224,35 ","84,04%","15,96%","0,00%",NLH,"435,46"
18/05/2026,132085,Só blef..,AF - MAURICIO,"3,68",0,"31,47"," R$  35,15 ","10,47%","0,00%","89,53%",PLO6,"-204,85"
18/05/2026,159788,Heitor99,AF - MAURICIO,"442,75","7,2","112,49"," R$  562,44 ","78,72%","1,28%","20,00%",NLH,"-822,51"
18/05/2026,116798,Boca de Badalo,AF - MAURICIO,0,0,"14,21"," R$  14,21 ","0,00%","0,00%","100,00%",PLO6,"-69,78"
18/05/2026,147319,MOSSORÓ084,AF - MAURICIO,0,3,"113,85"," R$  116,85 ","0,00%","2,57%","97,43%",PLO6,"-285,1"
18/05/2026,112943,pedro909r,AF - MAURICIO,"1,1",0,0," R$  1,10 ","100,00%","0,00%","0,00%",NLH,"-1,39"
18/05/2026,106444,TonySoprano,AF - MAURICIO,"279,19",0,0," R$  279,19 ","100,00%","0,00%","0,00%",NLH,-432
18/05/2026,138771,GoldNomad,AF - MAURICIO,0,"5,6",0," R$  5,60 ","0,00%","100,00%","0,00%",MTT,"-50,17"
18/05/2026,186097,Aquario,AF - MAURICIO,0,"0,6",0," R$  0,60 ","0,00%","100,00%","0,00%",MTT,-6
18/05/2026,195034,pix195034,AF - MAURICIO,"1,48","13,7",0," R$  15,18 ","9,75%","90,25%","0,00%",MTT,"-157,64"
18/05/2026,109489,Damião,AF - MAURICIO,0,10,"2,98"," R$  12,98 ","0,00%","77,04%","22,96%",MTT,-180
18/05/2026,117017,xLAVISHx,AF - MAURICIO,"1,47","11,01",0," R$  12,48 ","11,78%","88,22%","0,00%",MTT,"-23,5"
18/05/2026,139401,FreitasAAKK,AF - MAURICIO,"0,99","2,4",0," R$  3,39 ","29,20%","70,80%","0,00%",MTT,-33
18/05/2026,171527,Maverica,AF - MAURICIO,0,"0,1","1,02"," R$  1,12 ","0,00%","8,93%","91,07%",PLO6,"-0,98"
18/05/2026,118639,paulo Nunes,AF - MAURICIO,"10,45","24,74",0," R$  35,19 ","29,70%","70,30%","0,00%",MTT,"-174,2"
18/05/2026,146822,setoKAibAA,AF - MAURICIO,"0,69",0,0," R$  0,69 ","100,00%","0,00%","0,00%",NLH,"-9,49"
18/05/2026,162335,MadinboPB,AF - MAURICIO,"53,74","1,3","4,77"," R$  59,81 ","89,85%","2,17%","7,98%",NLH,"-169,07"
18/05/2026,146218,pix146218baton,AF - MAURICIO,0,0,"109,42"," R$  109,42 ","0,00%","0,00%","100,00%",PLO6,"234,34"
18/05/2026,150152,Trastezin Lima??,AF - MAURICIO,"1,85","0,2","2,85"," R$  4,90 ","37,76%","4,08%","58,16%",PLO6,"135,19"
18/05/2026,181686,Inocram ?,AF - MAURICIO,0,"0,3",0," R$  0,30 ","0,00%","100,00%","0,00%",MTT,"-1,41"
18/05/2026,107225,….,AF - MAURICIO,"30,98","1,5",0," R$  32,48 ","95,38%","4,62%","0,00%",NLH,"-180,92"
18/05/2026,144408,CORINGA0101,AF - MAURICIO,0,0,0, R$  -   ,,,,NLH,"12,62"
18/05/2026,152588,Eumesmonao,AF - MAURICIO,0,0,0, R$  -   ,,,,NLH,"2,83"
18/05/2026,178503,Mateusbad,AF - MAURICIO,"4,35",0,"1,1"," R$  5,45 ","79,82%","0,00%","20,18%",NLH,"8,69"
18/05/2026,108331,Serginho Balotelli,AF - MAURICIO,"15,02",0,0," R$  15,02 ","100,00%","0,00%","0,00%",NLH,"-2,91"
18/05/2026,105531,Neyleo,AF - MAURICIO,0,"7,5",0," R$  7,50 ","0,00%","100,00%","0,00%",MTT,-75
18/05/2026,126945,Dementador,AF - MAURICIO,0,0,"1,41"," R$  1,41 ","0,00%","0,00%","100,00%",PLO6,-19
18/05/2026,137659,JP duda,AF - MAURICIO,"1,43","12,4","1,87"," R$  15,70 ","9,11%","78,98%","11,91%",MTT,"-83,6"
18/05/2026,139113,@jrmaiag_poker,AF - MAURICIO,0,0,0, R$  -   ,,,,NLH,0
18/05/2026,145547,pokerplayer,AF - MAURICIO,"0,33","2,4",0," R$  2,73 ","12,09%","87,91%","0,00%",MTT,"56,38"
18/05/2026,150216,.?.,AF - MAURICIO,"4,14",0,"86,8"," R$  90,94 ","4,55%","0,00%","95,45%",PLO6,"356,29"
18/05/2026,108062,dodosc,AF - MAURICIO,0,0,"42,89"," R$  42,89 ","0,00%","0,00%","100,00%",PLO6,-320
18/05/2026,178673,Ricco Marcondes,AF - MAURICIO,0,0,0, R$  -   ,,,,NLH,0
18/05/2026,138414,Son Goku,AF - MAURICIO,0,"32,5",0," R$  32,50 ","0,00%","100,00%","0,00%",MTT,-325
18/05/2026,141667,sunshine,AF - MAURICIO,0,"8,7",0," R$  8,70 ","0,00%","100,00%","0,00%",MTT,-87
18/05/2026,109925,Ch blefe,AF - MAURICIO,"9,98",0,0," R$  9,98 ","100,00%","0,00%","0,00%",NLH,"-13,99"
18/05/2026,114516,SÓ AA,AF - MAURICIO,"1,47",0,0," R$  1,47 ","100,00%","0,00%","0,00%",NLH,"-7,26"
18/05/2026,170977,Alyssoni,AF - MAURICIO,"5,63","1,1","0,6"," R$  7,33 ","76,81%","15,01%","8,19%",NLH,"-65,12"
18/05/2026,109162,ORIGINAL poker??,AF - MAURICIO,"7,78","2,7","12,48"," R$  22,96 ","33,89%","11,76%","54,36%",PLO6,-45
18/05/2026,147736,jairjgs,AF - MAURICIO,0,"29,5",0," R$  29,50 ","0,00%","100,00%","0,00%",MTT,-295
18/05/2026,116882,Queiroga,AF - MAURICIO,"2,23",0,0," R$  2,23 ","100,00%","0,00%","0,00%",NLH,-8
18/05/2026,125821,bacia,AF - MAURICIO,0,"37,2","117,42"," R$  154,62 ","0,00%","24,06%","75,94%",PLO6,-1233
18/05/2026,170156,Presidente GL,AF - MAURICIO,"0,4",0,0," R$  0,40 ","100,00%","0,00%","0,00%",NLH,"2,5"
18/05/2026,141801,DihBankai,AF - MAURICIO,"28,4",0,"0,75"," R$  29,15 ","97,43%","0,00%","2,57%",NLH,57
18/05/2026,106821,PH 17,AF - MAURICIO,0,0,"6,8"," R$  6,80 ","0,00%","0,00%","100,00%",PLO6,"-91,78"
18/05/2026,105568,Nirk,AF - MAURICIO,0,0,0, R$  -   ,,,,NLH,"1,29"
18/05/2026,154690,pix ad + lee,AF - MAURICIO,0,0,0, R$  -   ,,,,NLH,0
18/05/2026,108585,coveirodoriver,AF - MAURICIO,"5,41",0,"20,71"," R$  26,12 ","20,71%","0,00%","79,29%",PLO6,-174
18/05/2026,119793,Taícia,AF - MAURICIO,"10,61","1,1","11,23"," R$  22,94 ","46,25%","4,80%","48,95%",PLO6,-111
18/05/2026,173857,Thogai,AF - MAURICIO,0,"1,56",0," R$  1,56 ","0,00%","100,00%","0,00%",MTT,"-14,85"
18/05/2026,152762,roger424344,AF - MAURICIO,0,2,0," R$  2,00 ","0,00%","100,00%","0,00%",MTT,-20
18/05/2026,139417,Doidoo,AF - MAURICIO,0,0,0, R$  -   ,,,,NLH,0
18/05/2026,171360,Jclever,AF - MAURICIO,"11,13",0,0," R$  11,13 ","100,00%","0,00%","0,00%",NLH,"-8,51"
18/05/2026,195430,hjunior,AF - MAURICIO,0,0,0, R$  -   ,,,,NLH,"0,93"
18/05/2026,159805,pix159805,AF - MAURICIO,0,"1,05","2,11"," R$  3,16 ","0,00%","33,23%","66,77%",PLO6,-55
18/05/2026,145550,Ribery,AF - MAURICIO,0,0,0, R$  -   ,,,,NLH,0
18/05/2026,154779,Bruxo R10,AF - MAURICIO,0,0,0, R$  -   ,,,,NLH,0
18/05/2026,163478,irmão de theozin,AF - MAURICIO,0,0,0, R$  -   ,,,,NLH,0
18/05/2026,131354,Redhouse,AF - MAURICIO,0,"3,5",0," R$  3,50 ","0,00%","100,00%","0,00%",MTT,-35
18/05/2026,141769,Gui Ferreira,AF - MAURICIO,"0,3","10,3",0," R$  10,60 ","2,83%","97,17%","0,00%",MTT,"-95,85"
18/05/2026,156199,dtrzin,AF - MAURICIO,"0,66",0,0," R$  0,66 ","100,00%","0,00%","0,00%",NLH,-4
18/05/2026,102022,Me Chupa,AF - MAURICIO,0,0,"7,09"," R$  7,09 ","0,00%","0,00%","100,00%",PLO6,-54
18/05/2026,104033,DrPsiquiatra,AF - MAURICIO,0,"8,5",0," R$  8,50 ","0,00%","100,00%","0,00%",MTT,-85
18/05/2026,118511,PizzariaFP,AF - ISAC,0,"3,6","3,49"," R$  7,09 ","0,00%","50,78%","49,22%",MTT,"73,42"
18/05/2026,147781,Pirekao!,AF - ISAC,0,"83,84","1,13"," R$  84,97 ","0,00%","98,67%","1,33%",MTT,"274,81"
18/05/2026,155185,fogonabomba?,AF - ISAC,0,"86,56",0," R$  86,56 ","0,00%","100,00%","0,00%",MTT,"-134,58"
18/05/2026,170330,Sarochim10,AF - ISAC,"32,59","63,49",0," R$  96,08 ","33,92%","66,08%","0,00%",MTT,"534,44"
18/05/2026,182480,Sabor Poker,AF - ISAC,"2,13","131,8","1452,5"," R$  1.586,43 ","0,13%","8,31%","91,56%",PLO6,"5984,45"
18/05/2026,184013,ALLinFOLD,AF - ISAC,"0,46","29,53",0," R$  29,99 ","1,53%","98,47%","0,00%",MTT,"311,4"
18/05/2026,188333,Magaly,AF - ISAC,"0,47","12,9","1,48"," R$  14,85 ","3,16%","86,87%","9,97%",MTT,"-61,4"
18/05/2026,159265,BANKER,AF - ISAC,"13,47",0,"652,31"," R$  665,78 ","2,02%","0,00%","97,98%",PLO6,"-2451,44"
18/05/2026,134625,GILMRZ7,AF - ISAC,"4,48","7,85","5,3"," R$  17,63 ","25,41%","44,53%","30,06%",MTT,"-142,74"
18/05/2026,138562,BPOTY,AF - ISAC,0,"9,1","44,33"," R$  53,43 ","0,00%","17,03%","82,97%",PLO6,-225
18/05/2026,150707,Maeobgportermetido,AF - ISAC,0,17,"143,12"," R$  160,12 ","0,00%","10,62%","89,38%",PLO6,"-599,98"
18/05/2026,162837,LucasSilva,AF - ISAC,0,"2,5","7,79"," R$  10,29 ","0,00%","24,30%","75,70%",PLO6,"-90,26"
18/05/2026,165708,Jocker,AF - ISAC,"2,06","3,9","4,49"," R$  10,45 ","19,71%","37,32%","42,97%",PLO6,-44
18/05/2026,168507,Jhonnata Do Riverr,AF - ISAC,"6,77","3,8","28,2"," R$  38,77 ","17,46%","9,80%","72,74%",PLO6,"-90,49"
18/05/2026,179756,vampirão,AF - ISAC,"1,32","16,74","191,51"," R$  209,57 ","0,63%","7,99%","91,38%",PLO6,"615,78"
18/05/2026,193482,skylerpescador,AF - ISAC,"26,46",0,"117,52"," R$  143,98 ","18,38%","0,00%","81,62%",PLO6,"-294,12"
18/05/2026,127918,JC12,AF - ISAC,0,1,"17,38"," R$  18,38 ","0,00%","5,44%","94,56%",PLO6,"-40,28"
18/05/2026,143623,vish_777,AF - ISAC,"3,7",0,"109,12"," R$  112,82 ","3,28%","0,00%","96,72%",PLO6,"-208,29"
18/05/2026,172079,JPSaless,AF - ISAC,0,0,"275,92"," R$  275,92 ","0,00%","0,00%","100,00%",PLO6,"-718,43"
18/05/2026,136921,JokerBluff9,AF - ISAC,0,3,"32,32"," R$  35,32 ","0,00%","8,49%","91,51%",PLO6,"11,89"
18/05/2026,138188,Orafa,AF - ISAC,0,"0,9",0," R$  0,90 ","0,00%","100,00%","0,00%",MTT,"-8,1"
18/05/2026,157300,mago.bet,AF - ISAC,"9,39","123,5",0," R$  132,89 ","7,07%","92,93%","0,00%",MTT,"295,3"
18/05/2026,185342,Zanatta01,AF - ISAC,"2,35","12,81",0," R$  15,16 ","15,50%","84,50%","0,00%",MTT,-26
18/05/2026,192840,Vitori,AF - ISAC,"0,01",32,0," R$  32,01 ","0,03%","99,97%","0,00%",MTT,"-75,23"
18/05/2026,150367,SO BAD,AF - ISAC,0,"5,5","5,79"," R$  11,29 ","0,00%","48,72%","51,28%",PLO6,-155
18/05/2026,160088,DANGER,AF - ISAC,0,0,"464,76"," R$  464,76 ","0,00%","0,00%","100,00%",PLO6,"-1341,95"
18/05/2026,160321,GameOver,AF - ISAC,0,0,"413,02"," R$  413,02 ","0,00%","0,00%","100,00%",PLO6,"-1364,76"
18/05/2026,102273,MARCONDES,AF - ISAC,"47,94","238,7",0," R$  286,64 ","16,72%","83,28%","0,00%",MTT,"514,67"
18/05/2026,150540,semgalantia,AF - ISAC,"1,81","13,5",0," R$  15,31 ","11,82%","88,18%","0,00%",MTT,"-0,2"
18/05/2026,179075,Mendes_,AF - ISAC,0,"38,5",0," R$  38,50 ","0,00%","100,00%","0,00%",MTT,"-170,22"
18/05/2026,108346,chicleteiro ??,AF - ISAC,0,0,"1,53"," R$  1,53 ","0,00%","0,00%","100,00%",PLO6,-23
18/05/2026,151398,dagun,AF - ISAC,0,"4,7","75,05"," R$  79,75 ","0,00%","5,89%","94,11%",PLO6,"-209,57"
18/05/2026,162061,El. Gordito,AF - ISAC,"2,01",0,"7,72"," R$  9,73 ","20,66%","0,00%","79,34%",PLO6,"-85,39"
18/05/2026,187086,usainfold,AF - ISAC,"2,13","4,8","22,52"," R$  29,45 ","7,23%","16,30%","76,47%",PLO6,"-10,73"
18/05/2026,136655,IAAUUUUUU,AF - ISAC,0,6,"74,92"," R$  80,92 ","0,00%","7,41%","92,59%",PLO6,-26
18/05/2026,146489,popeye,AF - ISAC,"0,88","48,2","12,2"," R$  61,28 ","1,44%","78,66%","19,91%",MTT,"-188,27"
18/05/2026,153389,Mrperez,AF - ISAC,0,"32,1","1,2"," R$  33,30 ","0,00%","96,40%","3,60%",MTT,"33,01"
18/05/2026,177964,Dvzn,AF - ISAC,0,"18,4",0," R$  18,40 ","0,00%","100,00%","0,00%",MTT,-184
18/05/2026,175494,Pescador ?,AF - ISAC,"116,89","11,6",0," R$  128,49 ","90,97%","9,03%","0,00%",NLH,"668,82"
18/05/2026,194858,unrealgio,AF - ISAC,"3,13","0,6",0," R$  3,73 ","83,91%","16,09%","0,00%",NLH,"-18,97"
18/05/2026,172820,Blefandovoce,AF - ISAC,0,"12,4","17,22"," R$  29,62 ","0,00%","41,86%","58,14%",PLO6,"42,57"
18/05/2026,165543,isaqueramos@,AF - ISAC,"4,28",0,"55,68"," R$  59,96 ","7,14%","0,00%","92,86%",PLO6,201
18/05/2026,172400,Xumaca,AF - ISAC,0,"0,1","0,4"," R$  0,50 ","0,00%","20,00%","80,00%",PLO6,"-2,95"
18/05/2026,148579,AAllin?,AF - ISAC,0,"1,4",0," R$  1,40 ","0,00%","100,00%","0,00%",MTT,-14
18/05/2026,172709,Almir Martins,AF - ISAC,0,"0,3",0," R$  0,30 ","0,00%","100,00%","0,00%",MTT,-3
18/05/2026,175290,L10,AF - ISAC,0,9,0," R$  9,00 ","0,00%","100,00%","0,00%",MTT,-90
18/05/2026,183094,azogo10,AF - ISAC,"10,76","1,2",0," R$  11,96 ","89,97%","10,03%","0,00%",NLH,-3
18/05/2026,182585,Carneiro?,AF - ISAC,0,"64,5",0," R$  64,50 ","0,00%","100,00%","0,00%",MTT,"341,28"
18/05/2026,113629,ernesto94,AF - ISAC,0,0,0, R$  -   ,,,,NLH,0
18/05/2026,115734,RiverRat??,AF - ISAC,0,"0,7",0," R$  0,70 ","0,00%","100,00%","0,00%",MTT,"-4,75"
18/05/2026,124313,philippebarone,AF - ISAC,0,0,0, R$  -   ,,,,NLH,0
18/05/2026,145591,Dobrodracy,AF - ISAC,"0,31",0,0," R$  0,31 ","100,00%","0,00%","0,00%",NLH,"-4,77"
18/05/2026,148138,Xurisbela,AF - ISAC,0,0,0, R$  -   ,,,,NLH,"1,28"
18/05/2026,159806,ÓBITO,AF - ISAC,"2,57","2,5",0," R$  5,07 ","50,69%","49,31%","0,00%",NLH,"23,43"
18/05/2026,163631,INSTAFOLD,AF - ISAC,0,0,0, R$  -   ,,,,NLH,0
18/05/2026,165725,DouglasAlmeida,AF - ISAC,0,"0,1",0," R$  0,10 ","0,00%","100,00%","0,00%",MTT,"-0,39"
18/05/2026,175007,SANTOS28,AF - ISAC,0,"6,5",0," R$  6,50 ","0,00%","100,00%","0,00%",MTT,"-63,4"
18/05/2026,177740,guguzn,AF - ISAC,0,"0,9",0," R$  0,90 ","0,00%","100,00%","0,00%",MTT,-9
18/05/2026,183322,liviozada,AF - ISAC,0,0,0, R$  -   ,,,,NLH,0
18/05/2026,183598,DSoares,AF - ISAC,"3,37",0,0," R$  3,37 ","100,00%","0,00%","0,00%",NLH,"-11,77"
18/05/2026,187404,Alex Poatan ??,AF - ISAC,0,0,0, R$  -   ,,,,NLH,0
18/05/2026,193803,blefamuito,AF - ISAC,"13,73","0,1","1,14"," R$  14,97 ","91,72%","0,67%","7,62%",NLH,"-76,63"
18/05/2026,147375,opsicologo,AF - ISAC,"29,24",0,0," R$  29,24 ","100,00%","0,00%","0,00%",NLH,"-74,23"
18/05/2026,153375,MrDemite,AF - ISAC,"0,97","15,8",0," R$  16,77 ","5,78%","94,22%","0,00%",MTT,"121,01"
18/05/2026,170517,Maxwell Vinicius,AF - ISAC,"3,17","13,1",0," R$  16,27 ","19,48%","80,52%","0,00%",MTT,"-161,82"
18/05/2026,180038,Chico gia,AF - ISAC,"1,88",0,0," R$  1,88 ","100,00%","0,00%","0,00%",NLH,-16
18/05/2026,193487,B10poker,AF - ISAC,0,"0,5",0," R$  0,50 ","0,00%","100,00%","0,00%",MTT,-5
18/05/2026,175064,oCalvoDoPoker,AF - ISAC,"5,7","91,8",0," R$  97,50 ","5,85%","94,15%","0,00%",MTT,"-415,49"
18/05/2026,144320,Fluxo.FX,AF - ISAC,"47,4",0,"11,46"," R$  58,86 ","80,53%","0,00%","19,47%",NLH,"-301,45"
18/05/2026,157767,のちモ匕モ2,AF - ISAC,"104,06","19,4","8,77"," R$  132,23 ","78,70%","14,67%","6,63%",NLH,"8,36"
18/05/2026,164419,TchauBozo,AF - ISAC,0,0,0, R$  -   ,,,,NLH,"2,82"
18/05/2026,166672,Professor!,AF - ISAC,"1,98",0,0," R$  1,98 ","100,00%","0,00%","0,00%",NLH,"-14,13"
18/05/2026,175841,Lacerd1nha flush,AF - ISAC,0,0,0, R$  -   ,,,,NLH,"2,54"
18/05/2026,176196,carolll,AF - ISAC,0,0,0, R$  -   ,,,,NLH,0
18/05/2026,177361,carolinajj,AF - ISAC,0,0,0, R$  -   ,,,,NLH,0
18/05/2026,179753,bb204kk,AF - ISAC,0,"0,1",0," R$  0,10 ","0,00%","100,00%","0,00%",MTT,"-0,49"
18/05/2026,179759,fredykrueger,AF - ISAC,0,0,0, R$  -   ,,,,NLH,0
18/05/2026,180525,mari3455,AF - ISAC,0,"0,1",0," R$  0,10 ","0,00%","100,00%","0,00%",MTT,"0,33"
18/05/2026,181583,faguirre,AF - ISAC,0,0,0, R$  -   ,,,,NLH,0
18/05/2026,184381,MANDA_PRA_CÁ,AF - ISAC,0,"0,1",0," R$  0,10 ","0,00%","100,00%","0,00%",MTT,"0,54"
18/05/2026,192125,ReiDoFree,AF - ISAC,0,0,0, R$  -   ,,,,NLH,0
18/05/2026,195693,all in pre flop,AF - ISAC,0,0,0, R$  -   ,,,,NLH,0
18/05/2026,156590,DimKenney,AF - ISAC,"2,01","40,9",0," R$  42,91 ","4,68%","95,32%","0,00%",MTT,"-408,5"
18/05/2026,131627,Lucas Davi,AF - ISAC,"2,74","0,5",0," R$  3,24 ","84,57%","15,43%","0,00%",NLH,"-8,57"
18/05/2026,181112,dafugaa,AF - ISAC,"7,17",0,0," R$  7,17 ","100,00%","0,00%","0,00%",NLH,-52
18/05/2026,127627,Cristiano Ronaldo.,AF - ISAC,0,"0,1",0," R$  0,10 ","0,00%","100,00%","0,00%",MTT,"0,05"
18/05/2026,134315,cobrao45,AF - ISAC,0,0,0, R$  -   ,,,,NLH,0
18/05/2026,138239,Anna Trovão 17,AF - ISAC,0,0,0, R$  -   ,,,,NLH,0
18/05/2026,146445,S4FADA0,AF - ISAC,0,0,0, R$  -   ,,,,NLH,"25,49"
18/05/2026,150356,behavior3,AF - ISAC,0,0,0, R$  -   ,,,,NLH,0
18/05/2026,153492,Anna11,AF - ISAC,0,0,0, R$  -   ,,,,NLH,"0,9"
18/05/2026,160870,robson22,AF - ISAC,0,0,0, R$  -   ,,,,NLH,0
18/05/2026,169007,BrankinhoVidaLoka,AF - ISAC,0,0,0, R$  -   ,,,,NLH,0
18/05/2026,173010,ludjan,AF - ISAC,"20,63","1,5",0," R$  22,13 ","93,22%","6,78%","0,00%",NLH,"-67,5"
18/05/2026,175781,xonobruAK,AF - ISAC,0,0,0, R$  -   ,,,,NLH,0
18/05/2026,178711,JapaPoker,AF - ISAC,0,0,0, R$  -   ,,,,NLH,0
18/05/2026,193540,Tony.S,AF - ISAC,0,3,"310,67"," R$  313,67 ","0,00%","0,96%","99,04%",PLO6,"-2548,27"
18/05/2026,181666,marvinea,AF - ISAC,0,8,"6,18"," R$  14,18 ","0,00%","56,42%","43,58%",MTT,-130
18/05/2026,159013,robusto?,AF - ISAC,0,"10,5",0," R$  10,50 ","0,00%","100,00%","0,00%",MTT,-105
18/05/2026,165123,Fr0?D,AF - ISAC,"14,89","0,5",0," R$  15,39 ","96,75%","3,25%","0,00%",NLH,-50
18/05/2026,180007,pix180007,AF - ISAC,"1,6",0,0," R$  1,60 ","100,00%","0,00%","0,00%",NLH,"50,03"
18/05/2026,133985,FELIPE MATEUS,AF - ISAC,0,4,0," R$  4,00 ","0,00%","100,00%","0,00%",MTT,-40
18/05/2026,186309,B?MB?L@D?,AF - ISAC,"2,31","5,4",0," R$  7,71 ","29,96%","70,04%","0,00%",MTT,-73
18/05/2026,149031,G Bala ??,AF - ISAC,"1,94",0,"1,1"," R$  3,04 ","63,82%","0,00%","36,18%",NLH,"-0,66"
18/05/2026,149973,VI$AO,AF - ISAC,"2,97",1,"0,3"," R$  4,27 ","69,56%","23,42%","7,03%",NLH,-29
18/05/2026,145975,Maverick81,AF - ISAC,0,"9,8",0," R$  9,80 ","0,00%","100,00%","0,00%",MTT,"-95,76"
18/05/2026,191993,wallygarage,AF - ISAC,"0,36","2,2",0," R$  2,56 ","14,06%","85,94%","0,00%",MTT,-26
18/05/2026,160177,henrry,AF - ISAC,"1,45","1,5","2,23"," R$  5,18 ","27,99%","28,96%","43,05%",PLO6,-30
18/05/2026,173754,TTrincA,AF - ISAC,"0,97","0,7",0," R$  1,67 ","58,08%","41,92%","0,00%",NLH,"-9,71"
18/05/2026,183511,dafuga,AF - ISAC,"37,12",0,0," R$  37,12 ","100,00%","0,00%","0,00%",NLH,-118
18/05/2026,110437,O Embaixador,AF - ISAC,0,0,0, R$  -   ,,,,NLH,0
18/05/2026,145247,vem devagar,AF - ISAC,"0,27","0,2",0," R$  0,47 ","57,45%","42,55%","0,00%",NLH,"3,71"
18/05/2026,154740,Papai Smurf,AF - ISAC,"0,48","0,1",0," R$  0,58 ","82,76%","17,24%","0,00%",NLH,"-1,02"
18/05/2026,156750,calango,AF - ISAC,0,0,0, R$  -   ,,,,NLH,0
18/05/2026,178296,Hawk,AF - ISAC,"3,14",0,0," R$  3,14 ","100,00%","0,00%","0,00%",NLH,"-30,83"
18/05/2026,178427,Rudii01,AF - ISAC,0,0,0, R$  -   ,,,,NLH,0
18/05/2026,190586,JuniorHawk,AF - ISAC,0,0,0, R$  -   ,,,,NLH,0
18/05/2026,195641,ReiDaCallErrada,AF - ISAC,0,0,0, R$  -   ,,,,NLH,0
18/05/2026,172191,Pru Pru,AF - ISAC,0,8,"53,24"," R$  61,24 ","0,00%","13,06%","86,94%",PLO6,-240
18/05/2026,186062,Poker_RP,AF - ISAC,"2,57",0,"0,3"," R$  2,87 ","89,55%","0,00%","10,45%",NLH,-22
18/05/2026,195968,pix195968,AF - ISAC,0,"0,4",0," R$  0,40 ","0,00%","100,00%","0,00%",MTT,-4
18/05/2026,168720,MestiMiang?,AF - ISAC,"11,12",0,"97,1"," R$  108,22 ","10,28%","0,00%","89,72%",PLO6,"-241,16"
18/05/2026,153216,Brazeo,AF - ISAC,"0,81","34,4","43,2"," R$  78,41 ","1,03%","43,87%","55,10%",PLO6,"-863,88"
18/05/2026,186415,YuriAAlberto,AF - ISAC,"0,86","21,1","104,24"," R$  126,20 ","0,68%","16,72%","82,60%",PLO6,"-349,71"
18/05/2026,138027,annaalice17,AF - ISAC,0,0,0, R$  -   ,,,,NLH,0
18/05/2026,151293,rogbl,AF - ISAC,0,"0,1",0," R$  0,10 ","0,00%","100,00%","0,00%",MTT,-1
18/05/2026,120885,&&&&,AF - ISAC,0,"4,6","121,58"," R$  126,18 ","0,00%","3,65%","96,35%",PLO6,-449
18/05/2026,160219,andrerl,AF - ISAC,0,"0,5",0," R$  0,50 ","0,00%","100,00%","0,00%",MTT,"0,62"
18/05/2026,180867,Bocao,AF - ISAC,0,0,0, R$  -   ,,,,NLH,0
18/05/2026,195297,pix195297,AF - ISAC,0,0,0, R$  -   ,,,,NLH,0
18/05/2026,196086,Giglinithis,AF - ISAC,0,144,"1,37"," R$  145,37 ","0,00%","99,06%","0,94%",MTT,"295,1"
18/05/2026,155732,gomezzz,AF - ISAC,0,0,"5,48"," R$  5,48 ","0,00%","0,00%","100,00%",PLO6,-30
18/05/2026,193623,Jgabriel,AF - ISAC,"3,71",0,0," R$  3,71 ","100,00%","0,00%","0,00%",NLH,-22
18/05/2026,179751,devil may cry,AF - ISAC,0,0,0, R$  -   ,,,,NLH,"0,9"
18/05/2026,179760,repanga73,AF - ISAC,0,"0,3",0," R$  0,30 ","0,00%","100,00%","0,00%",MTT,"25,37"
18/05/2026,185459,Regiane,AF - ISAC,0,0,0, R$  -   ,,,,NLH,0
18/05/2026,196098,pix196098,AF - ISAC,0,0,0, R$  -   ,,,,NLH,0
18/05/2026,153056,f3lliP1,AF - ISAC,"6,64",0,"1,79"," R$  8,43 ","78,77%","0,00%","21,23%",NLH,-103
18/05/2026,170991,Tfbounce,AF - ISAC,0,0,"21,5"," R$  21,50 ","0,00%","0,00%","100,00%",PLO6,-200
18/05/2026,180131,Sabor Ganhar,AF - ISAC,0,0,"32,76"," R$  32,76 ","0,00%","0,00%","100,00%",PLO6,-132
18/05/2026,140875,Alex .Dias,AF - ISAC,0,"1,5",0," R$  1,50 ","0,00%","100,00%","0,00%",MTT,-15
18/05/2026,111358,elzenga420,AF - ISAC,0,0,0, R$  -   ,,,,NLH,0
18/05/2026,123432,chucaku,AF - ISAC,0,0,0, R$  -   ,,,,NLH,0
18/05/2026,138224,Moabe Soares,AF - ISAC,0,0,0, R$  -   ,,,,NLH,0
18/05/2026,164427,ESCOBAR GANILHA,AF - ISAC,0,0,0, R$  -   ,,,,NLH,0
18/05/2026,169656,@Rob,AF - ISAC,0,0,0, R$  -   ,,,,NLH,0
18/05/2026,196064,pix196064,AF - ISAC,0,0,0, R$  -   ,,,,NLH,0
18/05/2026,147991,BateuAsNossa,AF - ISAC,0,0,"38,4"," R$  38,40 ","0,00%","0,00%","100,00%",PLO6,"74,99"
18/05/2026,136024,EL GATURNO,AF - ISAC,0,0,0, R$  -   ,,,,NLH,0
18/05/2026,136890,barakaplayer,AF - ISAC,0,0,"6,22"," R$  6,22 ","0,00%","0,00%","100,00%",PLO6,"38,69"
18/05/2026,135383,thxmx,AF - ISAC,0,0,"2,81"," R$  2,81 ","0,00%","0,00%","100,00%",PLO6,-50
18/05/2026,139827,Eddyoliveira,AF - ISAC,"18,65","66,1",0," R$  84,75 ","22,01%","77,99%","0,00%",MTT,"1255,99"
18/05/2026,171025,Kauancria244,AF - ISAC,0,"0,3",0," R$  0,30 ","0,00%","100,00%","0,00%",MTT,-3
18/05/2026,195991,CAP_MAIA,AF - ISAC,0,0,0, R$  -   ,,,,NLH,0
18/05/2026,179907,Lulabolusco,AF - ISAC,"3,72",0,0," R$  3,72 ","100,00%","0,00%","0,00%",NLH,"-20,01"
18/05/2026,134283,D〽?,AF - ISAC,0,1,0," R$  1,00 ","0,00%","100,00%","0,00%",MTT,-10
18/05/2026,119553,Kaka,AF - RAMON PESSOA,0,"87,2",0," R$  87,20 ","0,00%","100,00%","0,00%",MTT,"-620,73"
18/05/2026,134840,Henrique Santos,AF - RAMON PESSOA,0,"168,98","18,11"," R$  187,09 ","0,00%","90,32%","9,68%",MTT,"435,35"
18/05/2026,140364,TONINHO AVIP,AF - RAMON PESSOA,"14,83","3,6",0," R$  18,43 ","80,47%","19,53%","0,00%",NLH,-76
18/05/2026,102031,matadordereg,AF - RAMON PESSOA,"12,73","3,4","52,48"," R$  68,61 ","18,55%","4,96%","76,49%",PLO6,-104
18/05/2026,140814,Santiagorwas,AF - RAMON PESSOA,"12,98","88,7","458,3"," R$  559,98 ","2,32%","15,84%","81,84%",PLO6,"-1827,09"
18/05/2026,194105,Semchance,AF - RAMON PESSOA,0,0,"176,45"," R$  176,45 ","0,00%","0,00%","100,00%",PLO6,"-491,6"
18/05/2026,196043,pix196043,AF - RAMON PESSOA,0,0,"881,59"," R$  881,59 ","0,00%","0,00%","100,00%",PLO6,"-1497,53"
18/05/2026,136598,Claudemir,AF - RAMON PESSOA,0,"42,02",0," R$  42,02 ","0,00%","100,00%","0,00%",MTT,"-198,36"
18/05/2026,109526,Fireboy,AF - RAMON PESSOA,0,0,"39,01"," R$  39,01 ","0,00%","0,00%","100,00%",PLO6,565
18/05/2026,137242,henriq111,AF - RAMON PESSOA,"10,19","4,3",0," R$  14,49 ","70,32%","29,68%","0,00%",NLH,"-111,45"
18/05/2026,182636,bgpotes,AF - RAMON PESSOA,"8,29",0,"5,9"," R$  14,19 ","58,42%","0,00%","41,58%",NLH,"7,09"
18/05/2026,103040,Jr1307,AF - RAMON PESSOA,"85,87","158,4",0," R$  244,27 ","35,15%","64,85%","0,00%",MTT,"1000,78"
18/05/2026,172744,VPoker,AF - RAMON PESSOA,"82,87","20,3","0,15"," R$  103,32 ","80,21%","19,65%","0,15%",NLH,"-155,47"
18/05/2026,184017,kinho,AF - RAMON PESSOA,0,"3,5",0," R$  3,50 ","0,00%","100,00%","0,00%",MTT,"-20,77"
18/05/2026,186323,Julianesss,AF - RAMON PESSOA,0,"5,65",0," R$  5,65 ","0,00%","100,00%","0,00%",MTT,"-56,5"
18/05/2026,107194,Shaw-Moc,AF - RAMON PESSOA,0,"0,6",0," R$  0,60 ","0,00%","100,00%","0,00%",MTT,"4,98"
18/05/2026,129481,Seu Pai,AF - RAMON PESSOA,0,"11,8",4," R$  15,80 ","0,00%","74,68%","25,32%",MTT,"-95,56"
18/05/2026,179994,raphael yalli,AF - RAMON PESSOA,0,"0,3",0," R$  0,30 ","0,00%","100,00%","0,00%",MTT,-3
18/05/2026,153443,Paradise Danger,AF - RAMON PESSOA,0,0,"135,62"," R$  135,62 ","0,00%","0,00%","100,00%",PLO6,210
18/05/2026,193794,SkaterMan420,AF - RAMON PESSOA,0,42,0," R$  42,00 ","0,00%","100,00%","0,00%",MTT,"-408,75"
18/05/2026,193653,Salsicha,AF - RAMON PESSOA,0,10,0," R$  10,00 ","0,00%","100,00%","0,00%",MTT,-100
18/05/2026,182336,É SO PAGAR PRA VER,AF - RAMON PESSOA,0,0,0, R$  -   ,,,,NLH,0
18/05/2026,185809,Fabiano9,AF - RAMON PESSOA,0,0,0, R$  -   ,,,,NLH,0
18/05/2026,135582,Mvasc,AF - RAMON PESSOA,0,0,"3226,5"," R$  3.226,50 ","0,00%","0,00%","100,00%",PLO6,"6020,21"
18/05/2026,119868,UsAAin Fold,AF - RAMON PESSOA,0,0,0, R$  -   ,,,,NLH,0
18/05/2026,175688,Sanguefriu,AF - RAMON PESSOA,0,0,0, R$  -   ,,,,NLH,0
18/05/2026,149334,mozovo,AF - RAMON PESSOA,"0,24",0,"43,55"," R$  43,79 ","0,55%","0,00%","99,45%",PLO6,-58
18/05/2026,193480,N.V.T,AF - RAMON PESSOA,0,5,0," R$  5,00 ","0,00%","100,00%","0,00%",MTT,"-16,25"
18/05/2026,108548,NutzOrBlefBR,AF - RAMON PESSOA,0,"9,2","3,61"," R$  12,81 ","0,00%","71,82%","28,18%",MTT,-115
18/05/2026,171988,Chama&Cuida,AF - RAMON PESSOA,0,"4,7",0," R$  4,70 ","0,00%","100,00%","0,00%",MTT,"13,35"
18/05/2026,191553,666_999,AF - RAMON PESSOA,0,0,"58,08"," R$  58,08 ","0,00%","0,00%","100,00%",PLO6,"442,29"
18/05/2026,109480,Checknorriss,AF - RAMON PESSOA,0,0,"48,03"," R$  48,03 ","0,00%","0,00%","100,00%",PLO6,-60
18/05/2026,168863,Pietrovsb,AF - RAMON PESSOA,0,"43,8",0," R$  43,80 ","0,00%","100,00%","0,00%",MTT,"-26,33"
18/05/2026,129831,POKERNAVEIASB,AF - RAMON PESSOA,0,0,"80,44"," R$  80,44 ","0,00%","0,00%","100,00%",PLO6,"-235,08"
18/05/2026,183983,666_999_BESTA_FERA,AF - RAMON PESSOA,0,0,"4,55"," R$  4,55 ","0,00%","0,00%","100,00%",PLO6,-47
18/05/2026,195813,RamonnPessoa,AF - RAMON PESSOA,0,40,"1170,39"," R$  1.210,39 ","0,00%","3,30%","96,70%",PLO6,"4977,22"
18/05/2026,182639,AarTaylorJoe063Now,AF - RAMON PESSOA,0,0,0, R$  -   ,,,,NLH,0
18/05/2026,143028,theundertaker,AF - RAMON PESSOA,0,0,"3,33"," R$  3,33 ","0,00%","0,00%","100,00%",PLO6,-24
18/05/2026,182566,VALE REAL,AF - RAMON PESSOA,0,0,"4,1"," R$  4,10 ","0,00%","0,00%","100,00%",PLO6,"101,4"
18/05/2026,145676,fabregas ??,AF - RAMON PESSOA,0,13,0," R$  13,00 ","0,00%","100,00%","0,00%",MTT,"-15,47"
18/05/2026,194452,Lino87br,AF - RAMON PESSOA,0,0,0, R$  -   ,,,,NLH,0
18/05/2026,137243,pix137243,AF - RAMON PESSOA,0,0,"205,61"," R$  205,61 ","0,00%","0,00%","100,00%",PLO6,"649,08"
18/05/2026,142069,blhs,AF - RAMON PESSOA,0,8,0," R$  8,00 ","0,00%","100,00%","0,00%",MTT,0
18/05/2026,127891,Theeux,AF - RAFAEL MENEZES,"0,08","73,64",0," R$  73,72 ","0,11%","99,89%","0,00%",MTT,"206,36"
18/05/2026,151458,PontoCego,AF - RAFAEL MENEZES,0,"36,78",0," R$  36,78 ","0,00%","100,00%","0,00%",MTT,"93,77"
18/05/2026,158491,VJ E VJ,AF - RAFAEL MENEZES,"16,7","304,9",1," R$  322,60 ","5,18%","94,51%","0,31%",MTT,"2493,95"
18/05/2026,146449,Sem flertar AA,AF - RAFAEL MENEZES,"24,74","45,2","87,16"," R$  157,10 ","15,75%","28,77%","55,48%",PLO6,-26
18/05/2026,174141,Fold fácil,AF - RAFAEL MENEZES,0,"53,06","48,82"," R$  101,88 ","0,00%","52,08%","47,92%",MTT,"-67,41"
18/05/2026,127736,LAPAPODS,AF - RAFAEL MENEZES,"0,15",0,"280,96"," R$  281,11 ","0,05%","0,00%","99,95%",PLO6,"-442,87"
18/05/2026,151678,guijucca,AF - RAFAEL MENEZES,0,"12,7","54,16"," R$  66,86 ","0,00%","18,99%","81,01%",PLO6,"-109,2"
18/05/2026,159869,Lá e Loa ?,AF - RAFAEL MENEZES,"3,84","53,9",0," R$  57,74 ","6,65%","93,35%","0,00%",MTT,"-0,49"
18/05/2026,124326,Kabula_13,AF - RAFAEL MENEZES,"47,56",0,"3,46"," R$  51,02 ","93,22%","0,00%","6,78%",NLH,"269,81"
18/05/2026,125347,Padre Gato,AF - RAFAEL MENEZES,0,0,"163,41"," R$  163,41 ","0,00%","0,00%","100,00%",PLO6,"-727,91"
18/05/2026,144311,Robson#@,AF - RAFAEL MENEZES,"0,25","59,19",0," R$  59,44 ","0,42%","99,58%","0,00%",MTT,"-318,52"
18/05/2026,180730,Wanessa,AF - RAFAEL MENEZES,"0,62","6,25",0," R$  6,87 ","9,02%","90,98%","0,00%",MTT,"-66,85"
18/05/2026,132222,Xp zero02,AF - RAFAEL MENEZES,0,"2,4",0," R$  2,40 ","0,00%","100,00%","0,00%",MTT,"-23,36"
18/05/2026,157702,HomerLimpsonn,AF - RAFAEL MENEZES,0,"0,2",0," R$  0,20 ","0,00%","100,00%","0,00%",MTT,-2
18/05/2026,181789,Epson Júnior,AF - RAFAEL MENEZES,0,0,"27,6"," R$  27,60 ","0,00%","0,00%","100,00%",PLO6,-47
18/05/2026,184999,Seucoiso,AF - RAFAEL MENEZES,0,"3,4",0," R$  3,40 ","0,00%","100,00%","0,00%",MTT,-34
18/05/2026,185010,ISAACcc,AF - RAFAEL MENEZES,0,"26,3","3,35"," R$  29,65 ","0,00%","88,70%","11,30%",MTT,"568,3"
18/05/2026,168914,Laranjão,AF - RAFAEL MENEZES,"2,32",0,0," R$  2,32 ","100,00%","0,00%","0,00%",NLH,"-38,07"
18/05/2026,104627,?MeninoNeyNaCopa,AF - RAFAEL MENEZES,"3,68","18,8",0," R$  22,48 ","16,37%","83,63%","0,00%",MTT,"-174,41"
18/05/2026,164248,D1EG0,AF - RAFAEL MENEZES,0,3,0," R$  3,00 ","0,00%","100,00%","0,00%",MTT,-30
18/05/2026,132226,mirassol.fc,AF - RAFAEL MENEZES,0,0,0, R$  -   ,,,,NLH,0
18/05/2026,164687,PatrickCWB,AF - RAFAEL MENEZES,0,0,0, R$  -   ,,,,NLH,"1,27"
18/05/2026,179215,ChavesCWB,AF - RAFAEL MENEZES,0,0,0, R$  -   ,,,,NLH,0
18/05/2026,109128,tomeeei,AF - RAFAEL MENEZES,"0,78",87,"36,17"," R$  123,95 ","0,63%","70,19%","29,18%",MTT,-921
18/05/2026,151946,Maracajá,AF - RAFAEL MENEZES,"46,69","0,3",0," R$  46,99 ","99,36%","0,64%","0,00%",NLH,-204
18/05/2026,113106,Ademar,AF - RAFAEL MENEZES,"42,88",0,"0,32"," R$  43,20 ","99,26%","0,00%","0,74%",NLH,"-121,58"
18/05/2026,178211,genolzera,AF - RAFAEL MENEZES,"5,03",1,0," R$  6,03 ","83,42%","16,58%","0,00%",NLH,-31
18/05/2026,134797,FoldarPraQ,AF - RAFAEL MENEZES,0,0,"614,72"," R$  614,72 ","0,00%","0,00%","100,00%",PLO6,-2100
18/05/2026,127609,Andreza Marques,AF - RAFAEL MENEZES,0,15,0," R$  15,00 ","0,00%","100,00%","0,00%",MTT,-175
18/05/2026,160186,Tulhare$7778,AF - RAFAEL MENEZES,"46,03",0,0," R$  46,03 ","100,00%","0,00%","0,00%",NLH,"-84,76"
18/05/2026,143733,Tertulino,AF - RAFAEL MENEZES,0,0,"71,52"," R$  71,52 ","0,00%","0,00%","100,00%",PLO6,"-27,11"
18/05/2026,136124,JOG??,AF - RAFAEL MENEZES,0,0,"1,4"," R$  1,40 ","0,00%","0,00%","100,00%",PLO6,-15
18/05/2026,142146,hcell,AF - RAFAEL MENEZES,0,"0,5",0," R$  0,50 ","0,00%","100,00%","0,00%",MTT,-5
18/05/2026,111960,adivinha,AF - RAFAEL MENEZES,0,"4,3",0," R$  4,30 ","0,00%","100,00%","0,00%",MTT,-43
18/05/2026,193592,nossaaaa,AF - RAFAEL MENEZES,0,"3,1",0," R$  3,10 ","0,00%","100,00%","0,00%",MTT,-31
18/05/2026,174154,Pé palmado,AF - RAFAEL MENEZES,0,0,"11,82"," R$  11,82 ","0,00%","0,00%","100,00%",PLO6,"154,24"
18/05/2026,151677,sheldoncooper,AF - RAFAEL MENEZES,"4,58",0,0," R$  4,58 ","100,00%","0,00%","0,00%",NLH,-41
18/05/2026,141776,SisenandoCalixto,AF - HERCULES,0,"28,2",0," R$  28,20 ","0,00%","100,00%","0,00%",MTT,"-94,13"
18/05/2026,175094,Vaimedoar,AF - HERCULES,0,0,"45,74"," R$  45,74 ","0,00%","0,00%","100,00%",PLO6,-230
18/05/2026,117702,abunadopacato,AF - HERCULES,0,53,"272,48"," R$  325,48 ","0,00%","16,28%","83,72%",PLO6,"1227,87"
18/05/2026,132454,barbaxavier,AF - HERCULES,0,"10,5","112,01"," R$  122,51 ","0,00%","8,57%","91,43%",PLO6,"-1169,32"
18/05/2026,129665,bigo,AF - HERCULES,0,40,0," R$  40,00 ","0,00%","100,00%","0,00%",MTT,-400
18/05/2026,143465,arthur.zx.086,AF - HERCULES,0,0,0, R$  -   ,,,,NLH,0
18/05/2026,131678,cassio clbo,AF - HERCULES,0,0,"53,31"," R$  53,31 ","0,00%","0,00%","100,00%",PLO6,410
18/05/2026,129768,NKSS,AF - HERCULES,0,"54,1",0," R$  54,10 ","0,00%","100,00%","0,00%",MTT,"-386,68"
18/05/2026,152944,ths_IAV,AF - +EV,"8,24","73,82",0," R$  82,06 ","10,04%","89,96%","0,00%",MTT,"-330,97"
18/05/2026,153763,pix153763,AF - +EV,0,0,"341,37"," R$  341,37 ","0,00%","0,00%","100,00%",PLO6,"-324,79"
18/05/2026,139340,rehcorreiaa2,AF - +EV,0,0,0, R$  -   ,,,,NLH,0
18/05/2026,151739,mariozinho,AF - +EV,"0,79",1,0," R$  1,79 ","44,13%","55,87%","0,00%",MTT,-26
18/05/2026,170568,Raul.Gold,AF - +EV,0,26,"207,86"," R$  233,86 ","0,00%","11,12%","88,88%",PLO6,"31,76"
18/05/2026,145466,cleberb,AF - +EV,0,10,0," R$  10,00 ","0,00%","100,00%","0,00%",MTT,-100
18/05/2026,135967,MisterJohnny,AF - +EV,0,1,"0,53"," R$  1,53 ","0,00%","65,36%","34,64%",MTT,-18
18/05/2026,141008,sommelier,AF - +EV,0,0,0, R$  -   ,,,,NLH,0
18/05/2026,135997,SkywalkerLuke,AF - +EV,0,"6,9",0," R$  6,90 ","0,00%","100,00%","0,00%",MTT,-69
18/05/2026,157566,Maximus ??,AF - BRUNO FOSTER,0,"3,6","14,77"," R$  18,37 ","0,00%","19,60%","80,40%",PLO6,"146,48"
18/05/2026,186212,pix186212,AF - BRUNO FOSTER,"10,86","7,2","0,22"," R$  18,28 ","59,41%","39,39%","1,20%",NLH,"-63,03"
18/05/2026,138369,pedropaulo,AF - BRUNO FOSTER,"4,06","5,2","29,51"," R$  38,77 ","10,47%","13,41%","76,12%",PLO6,-217
18/05/2026,175072,sovimsacar,AF - BRUNO FOSTER,0,0,"119,02"," R$  119,02 ","0,00%","0,00%","100,00%",PLO6,-265
18/05/2026,179947,pix179947,AF - BRUNO FOSTER,"3,39","5,5",0," R$  8,89 ","38,13%","61,87%","0,00%",MTT,"-16,44"
18/05/2026,177933,exe;,AF - BRUNO FOSTER,0,0,"3922,49"," R$  3.922,49 ","0,00%","0,00%","100,00%",PLO6,"9340,18"
18/05/2026,182891,Joz1ka,AF - BRUNO FOSTER,0,8,"512,32"," R$  520,32 ","0,00%","1,54%","98,46%",PLO6,"-1715,55"
18/05/2026,176675,darkjoao33,AF - BRUNO FOSTER,"0,22",153,"237,12"," R$  390,34 ","0,06%","39,20%","60,75%",PLO6,"1627,6"
18/05/2026,175098,K7PAU,AF - BRUNO FOSTER,"27,8","2,4","10,87"," R$  41,07 ","67,69%","5,84%","26,47%",NLH,-204
18/05/2026,178109,kawehzin,AF - BRUNO FOSTER,"1,4",0,"34,54"," R$  35,94 ","3,90%","0,00%","96,10%",PLO6,-166
18/05/2026,189825,Gladiador$,AF - BRUNO FOSTER,0,50,"7106,98"," R$  7.156,98 ","0,00%","0,70%","99,30%",PLO6,"-30214,01"
18/05/2026,186550,VT10,AF - BRUNO FOSTER,"98,74",0,0," R$  98,74 ","100,00%","0,00%","0,00%",NLH,"-250,92"
18/05/2026,145168,Fagundes,AF - BRUNO FOSTER,0,10,0," R$  10,00 ","0,00%","100,00%","0,00%",MTT,-100
18/05/2026,176592,ruiperesdezanet,AF - BRUNO FOSTER,"3,2","31,96",0," R$  35,16 ","9,10%","90,90%","0,00%",MTT,"-337,65"
18/05/2026,176921,Pe572dro,AF - BRUNO FOSTER,"30,87","15,2",0," R$  46,07 ","67,01%","32,99%","0,00%",NLH,"311,32"
18/05/2026,178483,Rï§øką,AF - BRUNO FOSTER,0,"0,3",0," R$  0,30 ","0,00%","100,00%","0,00%",MTT,"-1,45"
18/05/2026,170907,MenteGelada,AF - BRUNO FOSTER,0,1,"10,35"," R$  11,35 ","0,00%","8,81%","91,19%",PLO6,"-59,02"
18/05/2026,183349,Vegeta San,AF - BRUNO FOSTER,0,"4,1",0," R$  4,10 ","0,00%","100,00%","0,00%",MTT,-41
18/05/2026,175804,MANDIBULLA,AF - BRUNO FOSTER,0,0,0, R$  -   ,,,,NLH,0
18/05/2026,175423,pix175423,AF - BRUNO FOSTER,0,"24,6",0," R$  24,60 ","0,00%","100,00%","0,00%",MTT,"149,74"
18/05/2026,176021,Viníciusdao@,AF - BRUNO FOSTER,0,0,0, R$  -   ,,,,NLH,0
18/05/2026,176214,Cardoso22,AF - BRUNO FOSTER,0,0,0, R$  -   ,,,,NLH,0
18/05/2026,176359,dendele 2,AF - BRUNO FOSTER,0,0,0, R$  -   ,,,,NLH,0
18/05/2026,184733,pix184733,AF - BRUNO FOSTER,0,0,0, R$  -   ,,,,NLH,0
18/05/2026,185503,mmmaschio,AF - BRUNO FOSTER,0,"0,6",0," R$  0,60 ","0,00%","100,00%","0,00%",MTT,-6
18/05/2026,180508,pix180508,AF - BRUNO FOSTER,0,0,0, R$  -   ,,,,NLH,0
18/05/2026,176764,hanikilador,AF - BRUNO FOSTER,0,"2,2","2,81"," R$  5,01 ","0,00%","43,91%","56,09%",PLO6,-35
18/05/2026,176862,pix176862,AF - BRUNO FOSTER,0,0,"121,86"," R$  121,86 ","0,00%","0,00%","100,00%",PLO6,"-283,6"
18/05/2026,177628,papacman,AF - BRUNO FOSTER,0,"1,6","61,13"," R$  62,73 ","0,00%","2,55%","97,45%",PLO6,-243
18/05/2026,182597,pix182597,AF - BRUNO FOSTER,"4,49",0,"25,35"," R$  29,84 ","15,05%","0,00%","84,95%",PLO6,-71
18/05/2026,177258,????,AF - BRUNO FOSTER,0,0,0, R$  -   ,,,,NLH,0
18/05/2026,135561,Modetec,AF - BRUNO FOSTER,0,0,0, R$  -   ,,,,NLH,0
18/05/2026,184830,Filma $$,AF - BRUNO FOSTER,0,"0,2","3,3"," R$  3,50 ","0,00%","5,71%","94,29%",PLO6,-22
18/05/2026,176077,TOTO,AF - BRUNO FOSTER,"6,88",0,0," R$  6,88 ","100,00%","0,00%","0,00%",NLH,"-100,96"
18/05/2026,185924,Tio wlack,AF - BRUNO FOSTER,0,1,"0,74"," R$  1,74 ","0,00%","57,47%","42,53%",MTT,-20
18/05/2026,126526,xitiao,AF - BRUNO FOSTER,"0,5",0,"7,8"," R$  8,30 ","6,02%","0,00%","93,98%",PLO6,"-84,92"
18/05/2026,153086,Nick_Wallyson,AF - BRUNO FOSTER,0,0,"1,24"," R$  1,24 ","0,00%","0,00%","100,00%",PLO6,-2
18/05/2026,145871,Aposentado ??,AF - BRUNO FOSTER,0,32,0," R$  32,00 ","0,00%","100,00%","0,00%",MTT,-240
18/05/2026,160421,S777,AF - ARTHUR CABRAL,"15,97","108,4",0," R$  124,37 ","12,84%","87,16%","0,00%",MTT,"370,19"
18/05/2026,161115,pix161115,AF - ARTHUR CABRAL,0,"3,6",0," R$  3,60 ","0,00%","100,00%","0,00%",MTT,-36
18/05/2026,174221,XANDINHO,AF - ARTHUR CABRAL,"19,8","5,1","1932,34"," R$  1.957,24 ","1,01%","0,26%","98,73%",PLO6,"-1616,66"
18/05/2026,100473,FlaPix,AF - ARTHUR CABRAL,"3,02",12,"31,34"," R$  46,36 ","6,51%","25,88%","67,60%",PLO6,"-213,81"
18/05/2026,154992,Laiho.W.F,AF - ARTHUR CABRAL,"3,49",0,"4,61"," R$  8,10 ","43,09%","0,00%","56,91%",PLO6,"3,17"
18/05/2026,187825,rutra,AF - ARTHUR CABRAL,0,"1,7","10,18"," R$  11,88 ","0,00%","14,31%","85,69%",PLO6,-92
18/05/2026,195717,-MVMV-,AF - ARTHUR CABRAL,0,0,"233,58"," R$  233,58 ","0,00%","0,00%","100,00%",PLO6,-516
18/05/2026,104400,Brenin10,AF - ARTHUR CABRAL,0,0,"191,09"," R$  191,09 ","0,00%","0,00%","100,00%",PLO6,"1120,47"
18/05/2026,123791,Jota1010,AF - ARTHUR CABRAL,0,0,"348,54"," R$  348,54 ","0,00%","0,00%","100,00%",PLO6,"-319,88"
18/05/2026,134710,Pretaothug,AF - ARTHUR CABRAL,0,"42,2","2249,71"," R$  2.291,91 ","0,00%","1,84%","98,16%",PLO6,"2797,73"
18/05/2026,187576,Power Rangers,AF - ARTHUR CABRAL,"71,11",11,"366,01"," R$  448,12 ","15,87%","2,45%","81,68%",PLO6,1583
18/05/2026,193500,peteco peteco,AF - ARTHUR CABRAL,0,0,"68,42"," R$  68,42 ","0,00%","0,00%","100,00%",PLO6,"545,73"
18/05/2026,194632,SHEIN,AF - ARTHUR CABRAL,0,0,"465,33"," R$  465,33 ","0,00%","0,00%","100,00%",PLO6,"-1599,17"
18/05/2026,150716,Choi Mu-jin,AF - ARTHUR CABRAL,"24,6",65,"3,24"," R$  92,84 ","26,50%","70,01%","3,49%",MTT,"17,47"
18/05/2026,105506,Tetopoker,AF - ARTHUR CABRAL,"84,55","11,5","402,65"," R$  498,70 ","16,95%","2,31%","80,74%",PLO6,149
18/05/2026,125296,FoldNutts,AF - ARTHUR CABRAL,"46,21",0,"323,71"," R$  369,92 ","12,49%","0,00%","87,51%",PLO6,"1416,74"
18/05/2026,143629,Lascou-se,AF - ARTHUR CABRAL,0,5,"1837,82"," R$  1.842,82 ","0,00%","0,27%","99,73%",PLO6,"-8928,12"
18/05/2026,177979,Ôh CheFe,AF - ARTHUR CABRAL,0,"50,5","1366,59"," R$  1.417,09 ","0,00%","3,56%","96,44%",PLO6,"-1467,09"
18/05/2026,183813,modaskk,AF - ARTHUR CABRAL,0,"6,8","61,25"," R$  68,05 ","0,00%","9,99%","90,01%",PLO6,-510
18/05/2026,179903,pix873671,AF - ARTHUR CABRAL,"68,98",1,"887,17"," R$  957,15 ","7,21%","0,10%","92,69%",PLO6,"-599,98"
18/05/2026,172353,GARRUDA27??,AF - ARTHUR CABRAL,"0,41","25,7","52,48"," R$  78,59 ","0,52%","32,70%","66,78%",PLO6,"-232,47"
18/05/2026,150078,Shaco ?,AF - ARTHUR CABRAL,"12,66",12,"0,44"," R$  25,10 ","50,44%","47,81%","1,75%",NLH,-25
18/05/2026,187153,SóVouNuts,AF - ARTHUR CABRAL,0,"0,1","0,45"," R$  0,55 ","0,00%","18,18%","81,82%",PLO6,-14
18/05/2026,145461,ficha no pano,AF - ARTHUR CABRAL,0,0,"27,42"," R$  27,42 ","0,00%","0,00%","100,00%",PLO6,-134
18/05/2026,173038,JaxT???,AF - ARTHUR CABRAL,"129,91","8,6","9,92"," R$  148,43 ","87,52%","5,79%","6,68%",NLH,"-321,53"
18/05/2026,159522,?BM?,AF - ARTHUR CABRAL,0,"5,6","1,37"," R$  6,97 ","0,00%","80,34%","19,66%",MTT,"-24,02"
18/05/2026,110272,BELLICARD,AF - ARTHUR CABRAL,0,"1,1",0," R$  1,10 ","0,00%","100,00%","0,00%",MTT,-11
18/05/2026,145384,Rufles,AF - ARTHUR CABRAL,0,"0,3",0," R$  0,30 ","0,00%","100,00%","0,00%",MTT,"-1,17"
18/05/2026,148618,Rei do bleff,AF - ARTHUR CABRAL,0,0,0, R$  -   ,,,,NLH,0
18/05/2026,155888,Salamanca,AF - ARTHUR CABRAL,0,0,0, R$  -   ,,,,NLH,0
18/05/2026,159168,pix159168,AF - ARTHUR CABRAL,0,"4,7",0," R$  4,70 ","0,00%","100,00%","0,00%",MTT,"351,34"
18/05/2026,173040,Careca1kGrau,AF - ARTHUR CABRAL,0,"0,1",0," R$  0,10 ","0,00%","100,00%","0,00%",MTT,"20,07"
18/05/2026,182855,Teo pixpoker,AF - ARTHUR CABRAL,0,0,0, R$  -   ,,,,NLH,0
18/05/2026,159448,sem noção,AF - ARTHUR CABRAL,"120,36",0,0," R$  120,36 ","100,00%","0,00%","0,00%",NLH,"-33,84"
18/05/2026,159834,SoLamento,AF - ARTHUR CABRAL,"3,56","1,1",0," R$  4,66 ","76,39%","23,61%","0,00%",NLH,"13,28"
18/05/2026,170645,JAHPARAIBA,AF - ARTHUR CABRAL,"0,88",0,0," R$  0,88 ","100,00%","0,00%","0,00%",NLH,"11,41"
18/05/2026,177717,regularizando,AF - ARTHUR CABRAL,"40,32","0,1","11,53"," R$  51,95 ","77,61%","0,19%","22,19%",NLH,-153
18/05/2026,115718,Gladiador+,AF - ARTHUR CABRAL,0,"261,5",0," R$  261,50 ","0,00%","100,00%","0,00%",MTT,"-221,9"
18/05/2026,123425,Lisura,AF - ARTHUR CABRAL,0,100,"1112,69"," R$  1.212,69 ","0,00%","8,25%","91,75%",PLO6,"919,03"
18/05/2026,104793,pracima123,AF - ARTHUR CABRAL,0,"1,4","31,91"," R$  33,31 ","0,00%","4,20%","95,80%",PLO6,"-132,84"
18/05/2026,178732,o jegue,AF - ARTHUR CABRAL,0,"3,4","11,43"," R$  14,83 ","0,00%","22,93%","77,07%",PLO6,"-100,06"
18/05/2026,114323,do agro?,AF - ARTHUR CABRAL,0,0,0, R$  -   ,,,,NLH,0
18/05/2026,172397,Zeca74,AF - ARTHUR CABRAL,0,0,0, R$  -   ,,,,NLH,0
18/05/2026,172476,willasmir poker,AF - ARTHUR CABRAL,"1,36",0,0," R$  1,36 ","100,00%","0,00%","0,00%",NLH,-10
18/05/2026,180496,Supremo359,AF - ARTHUR CABRAL,0,0,"3,52"," R$  3,52 ","0,00%","0,00%","100,00%",PLO6,-58
18/05/2026,170941,PagodaO-,AF - ARTHUR CABRAL,"31,16",0,"933,49"," R$  964,65 ","3,23%","0,00%","96,77%",PLO6,"-4047,93"
18/05/2026,151781,doadorAA,AF - ARTHUR CABRAL,"7,37",0,"0,09"," R$  7,46 ","98,79%","0,00%","1,21%",NLH,"-3,79"
18/05/2026,120690,myegss,AF - ARTHUR CABRAL,0,0,"58,77"," R$  58,77 ","0,00%","0,00%","100,00%",PLO6,"250,68"
18/05/2026,106802,??Sued??,AF - ARTHUR CABRAL,"93,36",0,0," R$  93,36 ","100,00%","0,00%","0,00%",NLH,"-317,46"
18/05/2026,132383,pix132383,AF - ARTHUR CABRAL,0,0,0, R$  -   ,,,,NLH,0
18/05/2026,112389,luis.angelim,AF - ARTHUR CABRAL,"41,75",103,0," R$  144,75 ","28,84%","71,16%","0,00%",MTT,"30,11"
18/05/2026,159155,Fortunato.137,AF - ARTHUR CABRAL,"7,17",0,"2,4"," R$  9,57 ","74,92%","0,00%","25,08%",NLH,"-18,88"
18/05/2026,160253,Ryanlindo,AF - ARTHUR CABRAL,"1,23",0,0," R$  1,23 ","100,00%","0,00%","0,00%",NLH,"9,48"
18/05/2026,178476,FiscaldeFlop,AF - ARTHUR CABRAL,"89,33",0,0," R$  89,33 ","100,00%","0,00%","0,00%",NLH,"-388,08"
18/05/2026,151971,Neto Sinuca Ipuense,AF - ARTHUR CABRAL,"0,9",0,0," R$  0,90 ","100,00%","0,00%","0,00%",NLH,-13
18/05/2026,172412,GRT9,AF - ARTHUR CABRAL,"46,44",3,"0,28"," R$  49,72 ","93,40%","6,03%","0,56%",NLH,"21,14"
18/05/2026,159377,papaléguas?,AF - ARTHUR CABRAL,"151,08",0,0," R$  151,08 ","100,00%","0,00%","0,00%",NLH,"-120,87"
18/05/2026,100230,#NJR#,AF - ARTHUR CABRAL,"1,87",0,"101,99"," R$  103,86 ","1,80%","0,00%","98,20%",PLO6,-550
18/05/2026,128976,mimisilveirag,AF - ARTHUR CABRAL,"0,15",0,"0,53"," R$  0,68 ","22,06%","0,00%","77,94%",PLO6,-6
18/05/2026,136573,DjBrenovisky’ss,AF - ARTHUR CABRAL,"1,47",0,0," R$  1,47 ","100,00%","0,00%","0,00%",NLH,-20
18/05/2026,164869,pix164869,AF - ARTHUR CABRAL,0,0,0, R$  -   ,,,,NLH,0
18/05/2026,127256,ILLUMINATUM7,AF - ARTHUR CABRAL,"27,26",0,0," R$  27,26 ","100,00%","0,00%","0,00%",NLH,-200
18/05/2026,160830,LeandroFloriani,AF - ARTHUR CABRAL,"28,12",0,0," R$  28,12 ","100,00%","0,00%","0,00%",NLH,-120
18/05/2026,158421,BOLSONARO??,AF - ARTHUR CABRAL,0,"3,6",0," R$  3,60 ","0,00%","100,00%","0,00%",MTT,-36
18/05/2026,164156,KAKACELL,AF - ARTHUR CABRAL,0,0,0, R$  -   ,,,,NLH,0
18/05/2026,182371,JF IMPORTS ?,AF - ARTHUR CABRAL,0,"2,4","149,26"," R$  151,66 ","0,00%","1,58%","98,42%",PLO6,"478,07"
18/05/2026,138398,chama a carta,AF - ARTHUR CABRAL,0,"0,6",0," R$  0,60 ","0,00%","100,00%","0,00%",MTT,"1,65"
18/05/2026,143848,PrincipeDaMata?,AF - ARTHUR CABRAL,"9,12",0,"7,8"," R$  16,92 ","53,90%","0,00%","46,10%",NLH,-92
18/05/2026,145323,PhelipeMatheus_,AF - ARTHUR CABRAL,"91,68","23,5",0," R$  115,18 ","79,60%","20,40%","0,00%",NLH,"26,05"
18/05/2026,167813,Edivaldo ??,AF - ARTHUR CABRAL,"11,47","17,9","5,44"," R$  34,81 ","32,95%","51,42%","15,63%",MTT,"642,47"
18/05/2026,109817,pituconha,AF - ARTHUR CABRAL,"20,03","1,5",0," R$  21,53 ","93,03%","6,97%","0,00%",NLH,-120
18/05/2026,186161,Samengo,AF - ARTHUR CABRAL,"1,13","0,5","23,9"," R$  25,53 ","4,43%","1,96%","93,62%",PLO6,-55
18/05/2026,112648,maniaco da praça,AF - ARTHUR CABRAL,0,1,"4,92"," R$  5,92 ","0,00%","16,89%","83,11%",PLO6,-60
18/05/2026,113118,OLD MONEY,AF - ARTHUR CABRAL,0,1,"8,44"," R$  9,44 ","0,00%","10,59%","89,41%",PLO6,-64
18/05/2026,195438,pix195438,AF - ARTHUR CABRAL,"2,87",0,"1,55"," R$  4,42 ","64,93%","0,00%","35,07%",NLH,"48,16"
18/05/2026,167530,pfson,AF - MARKETING,"4,2","31,8",0," R$  36,00 ","11,67%","88,33%","0,00%",MTT,"289,95"
18/05/2026,169786,Aluci,AF - MARKETING,0,"13,04","95,57"," R$  108,61 ","0,00%","12,01%","87,99%",PLO6,"307,6"
18/05/2026,132148,star??,AF - MARKETING,0,"1,3","476,59"," R$  477,89 ","0,00%","0,27%","99,73%",PLO6,"-7790,47"
18/05/2026,145442,bayma,AF - MARKETING,0,1,"313,65"," R$  314,65 ","0,00%","0,32%","99,68%",PLO6,"1855,56"
18/05/2026,195995,Macarron,AF - MARKETING,0,0,"572,82"," R$  572,82 ","0,00%","0,00%","100,00%",PLO6,"-2437,56"
18/05/2026,172775,pix172775,AF - MARKETING,"508,59",0,"406,53"," R$  915,12 ","55,58%","0,00%","44,42%",NLH,"-1807,9"
18/05/2026,144330,????,AF - MARKETING,"24,28",0,"43,05"," R$  67,33 ","36,06%","0,00%","63,94%",PLO6,-229
18/05/2026,172040,layon12,AF - MARKETING,0,0,"252,8"," R$  252,80 ","0,00%","0,00%","100,00%",PLO6,388
18/05/2026,153229,bencinha,AF - MARKETING,0,0,"466,82"," R$  466,82 ","0,00%","0,00%","100,00%",PLO6,"-5023,3"
18/05/2026,155555,Alustau,AF - MARKETING,"30,89","0,8",0," R$  31,69 ","97,48%","2,52%","0,00%",NLH,"-7,71"
18/05/2026,102930,pix102930,AF - MARKETING,0,"218,4",0," R$  218,40 ","0,00%","100,00%","0,00%",MTT,"252,61"
18/05/2026,157560,cachorro,AF - MARKETING,"0,41",0,"135,11"," R$  135,52 ","0,30%","0,00%","99,70%",PLO6,-219
18/05/2026,171907,zeus?,AF - MARKETING,0,0,"113,7"," R$  113,70 ","0,00%","0,00%","100,00%",PLO6,"96,38"
18/05/2026,102483,Ronier V,AF - MARKETING,0,0,"50,18"," R$  50,18 ","0,00%","0,00%","100,00%",PLO6,"-151,85"
18/05/2026,168163,Micael Rafles,AF - MARKETING,0,"1,9",0," R$  1,90 ","0,00%","100,00%","0,00%",MTT,-19
18/05/2026,100537,Zebrano,AF - MARKETING,0,40,"778,33"," R$  818,33 ","0,00%","4,89%","95,11%",PLO6,"790,32"
18/05/2026,158126,BruxoBr,AF - MARKETING,0,"12,5","56,69"," R$  69,19 ","0,00%","18,07%","81,93%",PLO6,-300
18/05/2026,100240,Abacatudo,AF - MARKETING,0,7,"16,5"," R$  23,50 ","0,00%","29,79%","70,21%",PLO6,-250
18/05/2026,130270,Picademel,AF - MARKETING,0,0,"2,64"," R$  2,64 ","0,00%","0,00%","100,00%",PLO6,-35
18/05/2026,186297,Joda,AF - MARKETING,0,"2,6",0," R$  2,60 ","0,00%","100,00%","0,00%",MTT,"-19,75"
18/05/2026,157052,winnikes,AF - MARKETING,"1,68","109,85",0," R$  111,53 ","1,51%","98,49%","0,00%",MTT,"216,6"
18/05/2026,101923,Jake,AF - MARKETING,0,1,"3,73"," R$  4,73 ","0,00%","21,14%","78,86%",PLO6,-60
18/05/2026,131753,egoísta,AF - MARKETING,0,"18,81",0," R$  18,81 ","0,00%","100,00%","0,00%",MTT,"-61,6"
18/05/2026,172832,A LENDA1010,AF - MARKETING,0,0,0, R$  -   ,,,,NLH,0
18/05/2026,130211,udacmota,AF - MARKETING,0,85,0," R$  85,00 ","0,00%","100,00%","0,00%",MTT,-625
18/05/2026,100709,DITOX,AF - MARKETING,0,"218,4","4,08"," R$  222,48 ","0,00%","98,17%","1,83%",MTT,"259,62"
18/05/2026,156346,kxa28,AF - MARKETING,0,50,0," R$  50,00 ","0,00%","100,00%","0,00%",MTT,"147,86"
18/05/2026,156209,calvin88,AF - MARKETING,"15,55","32,9","1797,05"," R$  1.845,50 ","0,84%","1,78%","97,37%",PLO6,-8191
18/05/2026,175198,SOATEREZA,AF - MARKETING,0,"60,5",0," R$  60,50 ","0,00%","100,00%","0,00%",MTT,-5
18/05/2026,157957,Diogo posture,AF - MARKETING,"1,98",0,"0,68"," R$  2,66 ","74,44%","0,00%","25,56%",NLH,"-10,82"
18/05/2026,174738,the best,AF - MARKETING,"3,59",4,"236,83"," R$  244,42 ","1,47%","1,64%","96,89%",PLO6,-641
18/05/2026,170934,Monstro sagrado,AF - MARKETING,0,"3,5","1,66"," R$  5,16 ","0,00%","67,83%","32,17%",MTT,"-40,5"
18/05/2026,185326,SBRN,AF - MARKETING,0,"0,9",0," R$  0,90 ","0,00%","100,00%","0,00%",MTT,-9
18/05/2026,179178,akazin27,AF - MARKETING,0,0,31," R$  31,00 ","0,00%","0,00%","100,00%",PLO6,"-592,01"
18/05/2026,176410,GJCruz,AF - MARKETING,0,0,0, R$  -   ,,,,NLH,"1,86"
18/05/2026,155342,dudubzr,AF - MARKETING,0,0,"381,66"," R$  381,66 ","0,00%","0,00%","100,00%",PLO6,"-149,5"
18/05/2026,173241,QKceta,AF - MARKETING,0,0,"12,78"," R$  12,78 ","0,00%","0,00%","100,00%",PLO6,-20
18/05/2026,129552,MeuMAAlvado,AF - MARKETING,0,60,"93,76"," R$  153,76 ","0,00%","39,02%","60,98%",PLO6,"1694,64"
18/05/2026,195997,pestebranca,AF - MARKETING,0,80,0," R$  80,00 ","0,00%","100,00%","0,00%",MTT,"904,82"
18/05/2026,144889,NaMalda.,AF - MARKETING,0,"20,5",0," R$  20,50 ","0,00%","100,00%","0,00%",MTT,"207,89"
18/05/2026,160843,DaColombia??,AF - MARKETING,"0,2","0,1","32,75"," R$  33,05 ","0,61%","0,30%","99,09%",PLO6,"-99,55"
18/05/2026,144175,DexterM,AF - MARKETING,0,"0,3",0," R$  0,30 ","0,00%","100,00%","0,00%",MTT,"0,91"
18/05/2026,172857,julioAA,AF - MARKETING,0,0,0, R$  -   ,,,,NLH,0
18/05/2026,156809,AL ?,AF - MARKETING,0,0,"11,64"," R$  11,64 ","0,00%","0,00%","100,00%",PLO6,-38
18/05/2026,108815,negodrama,AF - MARKETING,0,0,"241,03"," R$  241,03 ","0,00%","0,00%","100,00%",PLO6,"-2027,45"
18/05/2026,102946,Flash2201,AF - MARKETING,0,3,0," R$  3,00 ","0,00%","100,00%","0,00%",MTT,-30
18/05/2026,171183,véio do pocker,AF - MARKETING,"6,91",0,"33,14"," R$  40,05 ","17,25%","0,00%","82,75%",PLO6,"-65,92"
18/05/2026,124675,tsousa,AF - MARKETING,0,0,"37,65"," R$  37,65 ","0,00%","0,00%","100,00%",PLO6,"121,99"
18/05/2026,146204,Mia colute,AF - MARKETING,0,0,"5,14"," R$  5,14 ","0,00%","0,00%","100,00%",PLO6,-100
18/05/2026,162122,K.Luna,AF - MARKETING,0,"6,5",0," R$  6,50 ","0,00%","100,00%","0,00%",MTT,-65
18/05/2026,157465,Pikitin,AF - MARKETING,"3,46","11,9",0," R$  15,36 ","22,53%","77,47%","0,00%",MTT,-133
18/05/2026,167249,bigodi,AF - MARKETING,0,"0,8",0," R$  0,80 ","0,00%","100,00%","0,00%",MTT,"2,19"
18/05/2026,169327,GeMare,AF - MARKETING,0,0,"36,46"," R$  36,46 ","0,00%","0,00%","100,00%",PLO6,"87,76"
18/05/2026,172165,samuelsales,AF - MARKETING,0,11,"17,08"," R$  28,08 ","0,00%","39,17%","60,83%",PLO6,"440,56"
18/05/2026,166745,Joaosnow,AF - MARKETING,0,3,0," R$  3,00 ","0,00%","100,00%","0,00%",MTT,-30
18/05/2026,179579,Linopraxedes,AF - MARKETING,0,10,0," R$  10,00 ","0,00%","100,00%","0,00%",MTT,-100
18/05/2026,175876,BATMAN HONEY HONEY,AF - MARKETING,"0,41",0,"3,66"," R$  4,07 ","10,07%","0,00%","89,93%",PLO6,-27
18/05/2026,118640,WEASLEY,AF - MARKETING,0,"4,4","316,91"," R$  321,31 ","0,00%","1,37%","98,63%",PLO6,"25,72"
18/05/2026,158036,Esteves,AF - MARKETING,"14,9",0,0," R$  14,90 ","100,00%","0,00%","0,00%",NLH,"69,1"
18/05/2026,170576,cavalinho??,AF - MARKETING,0,0,"0,6"," R$  0,60 ","0,00%","0,00%","100,00%",PLO6,-12
18/05/2026,157442,bolacha,AF - MARKETING,0,"23,5",0," R$  23,50 ","0,00%","100,00%","0,00%",MTT,-235
18/05/2026,133124,I.Oliveira,AF - MARKETING,0,0,"8,46"," R$  8,46 ","0,00%","0,00%","100,00%",PLO6,"50,55"
18/05/2026,170605,Lasmar,AF - CARLA JP,0,"157,39",0," R$  157,39 ","0,00%","100,00%","0,00%",MTT,"-544,4"
18/05/2026,194202,CashOUT,AF - CARLA JP,0,"69,3",0," R$  69,30 ","0,00%","100,00%","0,00%",MTT,"-117,09"
18/05/2026,147505,D??N,AF - CARLA JP,"1,92","96,6","10,32"," R$  108,84 ","1,76%","88,75%","9,48%",MTT,"466,63"
18/05/2026,195741,Amo-Groot,AF - CARLA JP,0,0,"93,84"," R$  93,84 ","0,00%","0,00%","100,00%",PLO6,"-25,58"
18/05/2026,143649,chibata83,AF - CARLA JP,0,30,"9105,89"," R$  9.135,89 ","0,00%","0,33%","99,67%",PLO6,"19995,1"
18/05/2026,106934,mazetto83,AF - CARLA JP,0,0,"96,93"," R$  96,93 ","0,00%","0,00%","100,00%",PLO6,855
18/05/2026,156724,CARLOS GRANDE,AF - CARLA JP,0,10,"382,83"," R$  392,83 ","0,00%","2,55%","97,45%",PLO6,"-708,71"
18/05/2026,166288,Muryo Kusho,AF - CARLA JP,0,0,"482,24"," R$  482,24 ","0,00%","0,00%","100,00%",PLO6,"-828,67"
18/05/2026,153074,AzarDaMzrHomi,AF - CARLA JP,0,0,"36,71"," R$  36,71 ","0,00%","0,00%","100,00%",PLO6,"-129,76"
18/05/2026,194819,pix194819,AF - CARLA JP,"36,72","10,8","323,12"," R$  370,64 ","9,91%","2,91%","87,18%",PLO6,"-490,61"
18/05/2026,194108,nathant,AF - CARLA JP,0,2,0," R$  2,00 ","0,00%","100,00%","0,00%",MTT,-20
18/05/2026,117404,Cnhhh,AF - CARLA JP,0,0,"140,32"," R$  140,32 ","0,00%","0,00%","100,00%",PLO6,-142
18/05/2026,120712,Marçal01,AF - CARLA JP,"1,08",0,"10,89"," R$  11,97 ","9,02%","0,00%","90,98%",PLO6,-176
18/05/2026,154196,CoxinhaPoker,AF - CARLA JP,0,"17,4","24,32"," R$  41,72 ","0,00%","41,71%","58,29%",PLO6,21
18/05/2026,195550,pix195550,AF - CARLA JP,0,68,0," R$  68,00 ","0,00%","100,00%","0,00%",MTT,-680
18/05/2026,188011,jajanteii,AF - CARLA JP,0,0,"92,61"," R$  92,61 ","0,00%","0,00%","100,00%",PLO6,188
18/05/2026,170178,Zangetsu,AF - CARLA JP,"12,42",0,"1,27"," R$  13,69 ","90,72%","0,00%","9,28%",NLH,"-54,51"
18/05/2026,115863,Bruninho Olliver,AF - CARLA JP,"1,12","0,2",0," R$  1,32 ","84,85%","15,15%","0,00%",NLH,-10
18/05/2026,187106,nego bidu2,AF - CARLA JP,0,"0,3",0," R$  0,30 ","0,00%","100,00%","0,00%",MTT,-3
18/05/2026,193416,Santiago83,AF - CARLA JP,0,"6,5",0," R$  6,50 ","0,00%","100,00%","0,00%",MTT,-65
18/05/2026,195670,ADias,AF - CARLA JP,"36,33",0,0," R$  36,33 ","100,00%","0,00%","0,00%",NLH,"-105,15"
18/05/2026,152376,Charles L.,AF - CARLA JP,0,"16,56",0," R$  16,56 ","0,00%","100,00%","0,00%",MTT,"22,93"
18/05/2026,147790,guzAApoker,AF - CARLA JP,0,"112,1",0," R$  112,10 ","0,00%","100,00%","0,00%",MTT,"1361,29"
18/05/2026,137052,pix137052,AF - CARLA JP,"0,05",16,0," R$  16,05 ","0,31%","99,69%","0,00%",MTT,"-161,28"
18/05/2026,136477,cidoka,AF - CARLA JP,0,"0,1",0," R$  0,10 ","0,00%","100,00%","0,00%",MTT,-1
18/05/2026,188878,Flopper,AF - CARLA JP,"1,81","0,3",0," R$  2,11 ","85,78%","14,22%","0,00%",NLH,-28
18/05/2026,106447,TREVAS,AF - CARLA JP,0,0,0, R$  -   ,,,,NLH,0
18/05/2026,188529,trempix69,AF - CARLA JP,0,"0,7",0," R$  0,70 ","0,00%","100,00%","0,00%",MTT,"-1,17"
18/05/2026,177784,Sheep,AF - CARLA JP,"0,91","21,6","29,35"," R$  51,86 ","1,75%","41,65%","56,59%",PLO6,-402
18/05/2026,195735,Joaquim França,AF - CARLA JP,"28,27","16,8",0," R$  45,07 ","62,72%","37,28%","0,00%",NLH,-210
18/05/2026,135771,michaelmdss,AF - CARLA JP,0,0,0, R$  -   ,,,,NLH,"2,83"
18/05/2026,146758,jrdoido,AF - CARLA JP,0,0,"101,74"," R$  101,74 ","0,00%","0,00%","100,00%",PLO6,"-395,09"
18/05/2026,136268,jobelis,AF - CARLA JP,0,"1,05","0,46"," R$  1,51 ","0,00%","69,54%","30,46%",MTT,"-8,83"
18/05/2026,121370,TôlinnRabano,AF - CARLA JP,0,0,"6,07"," R$  6,07 ","0,00%","0,00%","100,00%",PLO6,"-52,32"
18/05/2026,106904,pimentinhacomp,AF - CARLA JP,0,1,0," R$  1,00 ","0,00%","100,00%","0,00%",MTT,-10
18/05/2026,151310,arthurpix,AF - CARLA JP,0,"5,8","535,31"," R$  541,11 ","0,00%","1,07%","98,93%",PLO6,"1231,85"
18/05/2026,162087,o jovem,AF - CARLA JP,"0,27","3,5",0," R$  3,77 ","7,16%","92,84%","0,00%",MTT,-39
18/05/2026,178236,Ruisan1,AF - CARLA JP,0,"12,2",0," R$  12,20 ","0,00%","100,00%","0,00%",MTT,"34,42"
18/05/2026,115704,viper pb,AF - CARLA JP,0,"4,2","68,6"," R$  72,80 ","0,00%","5,77%","94,23%",PLO6,199
18/05/2026,117342,Carla Renna,AF - CARLA JP,0,8,"11,66"," R$  19,66 ","0,00%","40,69%","59,31%",PLO6,-143
18/05/2026,195840,LuksReis77,AF - CARLA JP,0,"23,1",0," R$  23,10 ","0,00%","100,00%","0,00%",MTT,"-229,89"
18/05/2026,174895,Rudolf,AF - CARLA JP,0,"10,96",0," R$  10,96 ","0,00%","100,00%","0,00%",MTT,"-109,6"
18/05/2026,179086,marretadAA,AF - CARLA JP,0,0,"18,18"," R$  18,18 ","0,00%","0,00%","100,00%",PLO6,-290
18/05/2026,146408,gggg,AF - CARLA JP,0,0,"40,57"," R$  40,57 ","0,00%","0,00%","100,00%",PLO6,"-72,26"
18/05/2026,117405,sr.coxinha,AF - CARLA JP,0,0,"32,68"," R$  32,68 ","0,00%","0,00%","100,00%",PLO6,-500
18/05/2026,176816,victini,AF - CARLA JP,0,"8,36",0," R$  8,36 ","0,00%","100,00%","0,00%",MTT,"95,23"
18/05/2026,160784,miltinhosensação,AF - CARLA JP,0,"1,8",0," R$  1,80 ","0,00%","100,00%","0,00%",MTT,-18
18/05/2026,134881,Bayeuxense,AF - CARLA JP,0,14,0," R$  14,00 ","0,00%","100,00%","0,00%",MTT,-140
18/05/2026,191156,_007_,AF - CARLA JP,0,8,"52,17"," R$  60,17 ","0,00%","13,30%","86,70%",PLO6,-150
18/05/2026,102698,TOFOLD,AF - CARLA JP,0,70,"25,45"," R$  95,45 ","0,00%","73,34%","26,66%",MTT,-1310
18/05/2026,172533,Cravei ?,AF - PHYETRO,0,"502,4","121,93"," R$  624,33 ","0,00%","80,47%","19,53%",MTT,"-2067,82"
18/05/2026,173287,FlipGrind,AF - PHYETRO,0,"356,3",0," R$  356,30 ","0,00%","100,00%","0,00%",MTT,"2832,99"
18/05/2026,101831,Faz o K,AF - PHYETRO,0,"126,4",0," R$  126,40 ","0,00%","100,00%","0,00%",MTT,"1595,81"
18/05/2026,173802,TonyRedgrave,AF - PHYETRO,0,"53,5",0," R$  53,50 ","0,00%","100,00%","0,00%",MTT,-535
18/05/2026,102446,MD420,AF - PHYETRO,0,195,0," R$  195,00 ","0,00%","100,00%","0,00%",MTT,"-386,11"
18/05/2026,102551,Felipe Dylon,AF - PHYETRO,0,107,0," R$  107,00 ","0,00%","100,00%","0,00%",MTT,"-715,28"
18/05/2026,100333,OFF.,AF - PHYETRO,0,0,"5,39"," R$  5,39 ","0,00%","0,00%","100,00%",PLO6,"71,61"
18/05/2026,173807,Th lost,AF - RYAN CARVALHO,"0,24","107,18","251,74"," R$  359,16 ","0,07%","29,84%","70,09%",PLO6,"-950,26"
18/05/2026,181833,Cozinheiro Hemp,AF - RYAN CARVALHO,"25,47","58,08","16,84"," R$  100,39 ","25,37%","57,85%","16,77%",MTT,"-10,32"
18/05/2026,196019,Brun4o,AF - RYAN CARVALHO,0,"15,2","242,37"," R$  257,57 ","0,00%","5,90%","94,10%",PLO6,-3502
18/05/2026,180056,TILT????,AF - RYAN CARVALHO,"0,04","79,4","31,1"," R$  110,54 ","0,04%","71,83%","28,13%",MTT,"865,81"
18/05/2026,182977,Playboy,AF - RYAN CARVALHO,"0,77","277,84","73,61"," R$  352,22 ","0,22%","78,88%","20,90%",MTT,"-709,71"
18/05/2026,180389,VivianSaliba??,AF - RYAN CARVALHO,"259,89",2,0," R$  261,89 ","99,24%","0,76%","0,00%",NLH,"-985,05"
18/05/2026,179249,@Bobbyzii_,AF - RYAN CARVALHO,"6,93","192,81",0," R$  199,74 ","3,47%","96,53%","0,00%",MTT,"301,34"
18/05/2026,180636,lampiao.•.,AF - RYAN CARVALHO,"2,02","2,2",0," R$  4,22 ","47,87%","52,13%","0,00%",MTT,"-42,31"
18/05/2026,183560,lampiao007,AF - RYAN CARVALHO,"37,37","75,3","0,96"," R$  113,63 ","32,89%","66,27%","0,84%",MTT,"644,79"
18/05/2026,183010,STANLEY ????,AF - RYAN CARVALHO,"59,07","83,1",0," R$  142,17 ","41,55%","58,45%","0,00%",MTT,"585,39"
18/05/2026,180237,aylla17,AF - RYAN CARVALHO,"5,9",0,"4,52"," R$  10,42 ","56,62%","0,00%","43,38%",NLH,"-39,66"
18/05/2026,180767,Salomao88,AF - RYAN CARVALHO,"178,92",0,0," R$  178,92 ","100,00%","0,00%","0,00%",NLH,"-278,63"
18/05/2026,153425,R daylove,AF - RYAN CARVALHO,"0,7","3,3",0," R$  4,00 ","17,50%","82,50%","0,00%",MTT,"43,62"
18/05/2026,173878,Romário Barreto,AF - RYAN CARVALHO,0,"0,6",0," R$  0,60 ","0,00%","100,00%","0,00%",MTT,-6
18/05/2026,194445,michaelLeonny,AF - RYAN CARVALHO,0,"34,93",0," R$  34,93 ","0,00%","100,00%","0,00%",MTT,"-222,67"
18/05/2026,181198,vitferrazpina,AF - RYAN CARVALHO,"8,76","10,4","3,32"," R$  22,48 ","38,97%","46,26%","14,77%",MTT,-158
18/05/2026,177859,ET01,AF - RYAN CARVALHO,0,"30,3","2,14"," R$  32,44 ","0,00%","93,40%","6,60%",MTT,-21
18/05/2026,160167,Tapana2,AF - RYAN CARVALHO,0,"0,1",0," R$  0,10 ","0,00%","100,00%","0,00%",MTT,-1
18/05/2026,181205,pdrogatheking,AF - RYAN CARVALHO,0,"1,1",0," R$  1,10 ","0,00%","100,00%","0,00%",MTT,"-8,16"
18/05/2026,175867,manoelchef,AF - RYAN CARVALHO,0,0,0, R$  -   ,,,,NLH,0
18/05/2026,183220,lixodepoker,AF - RYAN CARVALHO,0,0,0, R$  -   ,,,,NLH,0
18/05/2026,177343,vitindograu,AF - RYAN CARVALHO,0,"14,6",0," R$  14,60 ","0,00%","100,00%","0,00%",MTT,-146
18/05/2026,124057,phmb06,AF - RYAN CARVALHO,"1,85",0,"40,85"," R$  42,70 ","4,33%","0,00%","95,67%",PLO6,-67
18/05/2026,195894,Victorpro,AF - RYAN CARVALHO,0,1,0," R$  1,00 ","0,00%","100,00%","0,00%",MTT,0
18/05/2026,195922,#equipevirabixo,AF - RYAN CARVALHO,"0,16",0,0," R$  0,16 ","100,00%","0,00%","0,00%",NLH,"-0,63"
18/05/2026,151326,LucaNegrean,AF - RYAN CARVALHO,0,0,0, R$  -   ,,,,NLH,0
18/05/2026,171052,pix171052,AF - RYAN CARVALHO,0,0,0, R$  -   ,,,,NLH,0
18/05/2026,181523,Espelho,AF - RYAN CARVALHO,"0,5",9,0," R$  9,50 ","5,26%","94,74%","0,00%",MTT,"-45,59"
18/05/2026,196085,velhinhorj,AF - RYAN CARVALHO,0,"0,4",0," R$  0,40 ","0,00%","100,00%","0,00%",MTT,"-1,76"
18/05/2026,194337,negodrey,AF - RYAN CARVALHO,"12,53","28,9",0," R$  41,43 ","30,24%","69,76%","0,00%",MTT,"-249,85"
18/05/2026,190899,Ely19 ?,AF - RYAN CARVALHO,0,"0,1",0," R$  0,10 ","0,00%","100,00%","0,00%",MTT,-1
18/05/2026,190808,Lampião911,AF - RYAN CARVALHO,0,3,0," R$  3,00 ","0,00%","100,00%","0,00%",MTT,-30
18/05/2026,195935,All yng,AF - RYAN CARVALHO,"3,39","20,26","3,93"," R$  27,58 ","12,29%","73,46%","14,25%",MTT,"115,05"
18/05/2026,181917,Carlos Andrade,AF - RYAN CARVALHO,0,40,0," R$  40,00 ","0,00%","100,00%","0,00%",MTT,-355
18/05/2026,186210,joaoboka,AF - RYAN CARVALHO,0,0,0, R$  -   ,,,,NLH,0
18/05/2026,196145,Isaías0197,AF - RYAN CARVALHO,"1,37",1,0," R$  2,37 ","57,81%","42,19%","0,00%",NLH,-22
18/05/2026,196200,Brunson,AF - RYAN CARVALHO,0,"34,2","10,65"," R$  44,85 ","0,00%","76,25%","23,75%",MTT,-400
18/05/2026,196202,pix196202,AF - RYAN CARVALHO,0,3,0," R$  3,00 ","0,00%","100,00%","0,00%",MTT,-30
18/05/2026,182598,allanzinho91,AF - BRENO BIGNARD,"0,67","16,58","1,91"," R$  19,16 ","3,50%","86,53%","9,97%",MTT,"-48,28"
18/05/2026,178930,Beto Barbosa,AF - BRENO BIGNARD,"18,08","0,3","1,33"," R$  19,71 ","91,73%","1,52%","6,75%",NLH,-16
18/05/2026,180225,fé em deus,AF - BRENO BIGNARD,"117,98","4,1","15,32"," R$  137,40 ","85,87%","2,98%","11,15%",NLH,-282
18/05/2026,179068,chicogolinha,AF - BRENO BIGNARD,"19,77",9,"6,39"," R$  35,16 ","56,23%","25,60%","18,17%",NLH,"-139,16"
18/05/2026,149811,bezerro,AF - BRENO BIGNARD,"384,77",11,"17,66"," R$  413,43 ","93,07%","2,66%","4,27%",NLH,"121,37"
18/05/2026,171202,jhony@AK,AF - BRENO BIGNARD,0,0,"8,24"," R$  8,24 ","0,00%","0,00%","100,00%",PLO6,"-193,74"
18/05/2026,158010,bazucaaa,AF - BRENO BIGNARD,"45,66",0,0," R$  45,66 ","100,00%","0,00%","0,00%",NLH,189
18/05/2026,171469,PX 1986RN,AF - BRENO BIGNARD,"181,79",0,"33,96"," R$  215,75 ","84,26%","0,00%","15,74%",NLH,"-262,46"
18/05/2026,111575,TH4N0S,AF - BRENO BIGNARD,"397,8","34,1","1,59"," R$  433,49 ","91,77%","7,87%","0,37%",NLH,"-701,46"
18/05/2026,160617,pix160617,AF - BRENO BIGNARD,"88,38",0,0," R$  88,38 ","100,00%","0,00%","0,00%",NLH,"91,49"
18/05/2026,174130,pix00001,AF - BRENO BIGNARD,"183,57",0,0," R$  183,57 ","100,00%","0,00%","0,00%",NLH,"314,39"
18/05/2026,194954,AA?,AF - BRENO BIGNARD,"176,26",0,"78,01"," R$  254,27 ","69,32%","0,00%","30,68%",NLH,"-357,82"
18/05/2026,171011,NETOGRAVACOES,AF - BRENO BIGNARD,"10,52",0,"0,25"," R$  10,77 ","97,68%","0,00%","2,32%",NLH,"-28,14"
18/05/2026,173765,tartaruga ?,AF - BRENO BIGNARD,"13,96",0,0," R$  13,96 ","100,00%","0,00%","0,00%",NLH,23
18/05/2026,179880,raymene,AF - BRENO BIGNARD,"10,2","14,05","7,42"," R$  31,67 ","32,21%","44,36%","23,43%",MTT,"233,86"
18/05/2026,172367,flaviobolsonaroooooo,AF - BRENO BIGNARD,0,"12,2",0," R$  12,20 ","0,00%","100,00%","0,00%",MTT,-122
18/05/2026,133213,Rafael2,AF - BRENO BIGNARD,0,0,0, R$  -   ,,,,NLH,"1,52"
18/05/2026,170702,Depay,AF - BRENO BIGNARD,"1,12",1,0," R$  2,12 ","52,83%","47,17%","0,00%",NLH,"-25,25"
18/05/2026,180391,JoãoMatheus,AF - BRENO BIGNARD,"70,69",0,0," R$  70,69 ","100,00%","0,00%","0,00%",NLH,-190
18/05/2026,180983,pix180983,AF - BRENO BIGNARD,"149,95",0,0," R$  149,95 ","100,00%","0,00%","0,00%",NLH,"-400,6"
18/05/2026,192998,Dumzinhoow,AF - BRENO BIGNARD,"159,15",0,0," R$  159,15 ","100,00%","0,00%","0,00%",NLH,"-65,43"
18/05/2026,183300,gbala380,AF - BRENO BIGNARD,"0,6",0,0," R$  0,60 ","100,00%","0,00%","0,00%",NLH,-9
18/05/2026,188467,TheNerdXama,AF - BRENO BIGNARD,0,"19,9",0," R$  19,90 ","0,00%","100,00%","0,00%",MTT,"-144,6"
18/05/2026,170609,Abrantesuzl,AF - BRENO BIGNARD,"7,1",0,0," R$  7,10 ","100,00%","0,00%","0,00%",NLH,"8,66"
18/05/2026,182244,TiiBilu1010,AF - BRENO BIGNARD,"13,29",0,"7,29"," R$  20,58 ","64,58%","0,00%","35,42%",NLH,"-131,13"
18/05/2026,190294,harrypotter,AF - BRENO BIGNARD,0,9,0," R$  9,00 ","0,00%","100,00%","0,00%",MTT,-90
18/05/2026,172891,tecomeu,AF - BRENO BIGNARD,0,0,"14,23"," R$  14,23 ","0,00%","0,00%","100,00%",PLO6,-80
18/05/2026,162179,pedro.,AF - BRENO BIGNARD,"29,6",0,0," R$  29,60 ","100,00%","0,00%","0,00%",NLH,"-100,66"
18/05/2026,164244,neguinho do gás,AF - BRENO BIGNARD,"27,7",0,0," R$  27,70 ","100,00%","0,00%","0,00%",NLH,"-207,93"
18/05/2026,185268,Henrique poker,AF - BRENO BIGNARD,"5,6",0,0," R$  5,60 ","100,00%","0,00%","0,00%",NLH,-72
18/05/2026,195591,djenos,None,0,"5,54",0," R$  5,54 ","0,00%","100,00%","0,00%",MTT,"-55,4"
18/05/2026,146458,pix146458,None,"1,1","0,8",0," R$  1,90 ","57,89%","42,11%","0,00%",NLH,"-25,47"
18/05/2026,114345,Itaypava,None,0,0,"16,4"," R$  16,40 ","0,00%","0,00%","100,00%",PLO6,-58
18/05/2026,156683,OhDantas,None,"0,87",2,"0,01"," R$  2,88 ","30,21%","69,44%","0,35%",MTT,"-18,52"
18/05/2026,180519,renatorusso,None,"0,58","0,7","12,58"," R$  13,86 ","4,18%","5,05%","90,76%",PLO6,"-20,68"
18/05/2026,195473,MiguelCavalcanti,None,"4,34","0,9","1,46"," R$  6,70 ","64,78%","13,43%","21,79%",NLH,"-54,71"
18/05/2026,195809,pix195809,None,"4,11",0,"99,57"," R$  103,68 ","3,96%","0,00%","96,04%",PLO6,"-877,42"
18/05/2026,195940,pix195940,None,"3,13",0,"1,09"," R$  4,22 ","74,17%","0,00%","25,83%",NLH,"-51,48"
18/05/2026,195970,matheusollv,None,0,0,"23,08"," R$  23,08 ","0,00%","0,00%","100,00%",PLO6,-62
18/05/2026,196008,MBruno18,None,"12,59",0,"275,75"," R$  288,34 ","4,37%","0,00%","95,63%",PLO6,"-383,17"
18/05/2026,196065,Chicco,None,"39,79",0,"43,87"," R$  83,66 ","47,56%","0,00%","52,44%",PLO6,-120
18/05/2026,196072,pix196072,None,"2,1",0,"1,13"," R$  3,23 ","65,02%","0,00%","34,98%",NLH,-20
18/05/2026,155798,LampiãoMCZ,None,0,0,"157,71"," R$  157,71 ","0,00%","0,00%","100,00%",PLO6,-100
18/05/2026,109677,rafaelsanntos,None,0,"26,9","1618,29"," R$  1.645,19 ","0,00%","1,64%","98,36%",PLO6,"-2107,46"
18/05/2026,120868,pauloffmf,None,0,0,"467,3"," R$  467,30 ","0,00%","0,00%","100,00%",PLO6,"-1728,42"
18/05/2026,121438,chavess,None,"0,88",3,"127,03"," R$  130,91 ","0,67%","2,29%","97,04%",PLO6,"-353,16"
18/05/2026,123259,leleorei,None,0,0,4," R$  4,00 ","0,00%","0,00%","100,00%",PLO6,"-140,09"
18/05/2026,184129,FurosLanches,None,0,"15,4","1418,61"," R$  1.434,01 ","0,00%","1,07%","98,93%",PLO6,"-2296,06"
18/05/2026,195952,pix195952,None,0,0,"197,74"," R$  197,74 ","0,00%","0,00%","100,00%",PLO6,"-120,9"
18/05/2026,195961,freco1928,None,"7,39",0,"1330,75"," R$  1.338,14 ","0,55%","0,00%","99,45%",PLO6,"-1441,14"
18/05/2026,179788,th200,None,0,"0,3",0," R$  0,30 ","0,00%","100,00%","0,00%",MTT,-3
18/05/2026,195162,pix195162,None,"2,03",0,"31,35"," R$  33,38 ","6,08%","0,00%","93,92%",PLO6,"-100,88"
18/05/2026,195579,pix195579,None,"81,33",0,0," R$  81,33 ","100,00%","0,00%","0,00%",NLH,"-155,22"
18/05/2026,194772,pix194772,None,0,"0,9",0," R$  0,90 ","0,00%","100,00%","0,00%",MTT,"-6,76"
18/05/2026,100215,Gorete.BallCat,None,0,"1,3","1738,79"," R$  1.740,09 ","0,00%","0,07%","99,93%",PLO6,"3769,19"
18/05/2026,118640,WEASLEY,None,"8,72","102,5","321,08"," R$  432,30 ","2,02%","23,71%","74,27%",PLO6,"-2111,53"
18/05/2026,195776,kinhomdrj,None,0,0,"191,34"," R$  191,34 ","0,00%","0,00%","100,00%",PLO6,-1090
18/05/2026,195955,pix195955,None,0,0,"1396,76"," R$  1.396,76 ","0,00%","0,00%","100,00%",PLO6,"-1883,28"
18/05/2026,196014,pix196014,None,0,3,"783,31"," R$  786,31 ","0,00%","0,38%","99,62%",PLO6,"-1050,34"
18/05/2026,140920,Nunes06,None,0,"3,3",0," R$  3,30 ","0,00%","100,00%","0,00%",MTT,"158,43"
18/05/2026,193994,moído,None,0,"40,16",0," R$  40,16 ","0,00%","100,00%","0,00%",MTT,"178,41"
18/05/2026,195657,vaqueirosm,None,"0,69","3,5","34,26"," R$  38,45 ","1,79%","9,10%","89,10%",PLO6,-333
18/05/2026,115860,imbroxavel,None,0,0,"7,65"," R$  7,65 ","0,00%","0,00%","100,00%",PLO6,"-109,04"
18/05/2026,195927,pix195927,None,"0,04",0,"45,99"," R$  46,03 ","0,09%","0,00%","99,91%",PLO6,-83
18/05/2026,190091,joca 0 rey,None,"0,15",0,"463,31"," R$  463,46 ","0,03%","0,00%","99,97%",PLO6,"-1484,01"
18/05/2026,196009,fcanuto,None,"0,1",6,"0,92"," R$  7,02 ","1,42%","85,47%","13,11%",MTT,-100
18/05/2026,196060,edrdmendonca,None,"204,18",0,"3,84"," R$  208,02 ","98,15%","0,00%","1,85%",NLH,-430
18/05/2026,145299,Sir Unknow,None,0,0,"495,88"," R$  495,88 ","0,00%","0,00%","100,00%",PLO6,"-1225,33"
18/05/2026,153358,loureiro012,None,"2,34","3,2","0,33"," R$  5,87 ","39,86%","54,51%","5,62%",MTT,-76
18/05/2026,155908,pix155908,None,"11,51",0,0," R$  11,51 ","100,00%","0,00%","0,00%",NLH,"-96,26"
18/05/2026,171808,pix171808,None,"209,18",0,0," R$  209,18 ","100,00%","0,00%","0,00%",NLH,"161,87"
18/05/2026,195072,PKzynn,None,"8,32",0,0," R$  8,32 ","100,00%","0,00%","0,00%",NLH,"-4,24"
18/05/2026,195606,vencedor090,None,"14,02",0,0," R$  14,02 ","100,00%","0,00%","0,00%",NLH,-136
18/05/2026,195950,pix195950,None,"29,12",0,0," R$  29,12 ","100,00%","0,00%","0,00%",NLH,"-181,18"
18/05/2026,147247,oficial,None,"338,36",0,"0,05"," R$  338,41 ","99,99%","0,00%","0,01%",NLH,"-332,43"
18/05/2026,158723,antoniocarlos48,None,"2,15",0,0," R$  2,15 ","100,00%","0,00%","0,00%",NLH,"-12,04"
18/05/2026,195642,Diogo.D.J,None,"14,24","2,7",0," R$  16,94 ","84,06%","15,94%","0,00%",NLH,"-45,92"
18/05/2026,188382,Ambusias,None,0,10,0," R$  10,00 ","0,00%","100,00%","0,00%",MTT,-100
18/05/2026,136167,Art99,None,"66,18",0,0," R$  66,18 ","100,00%","0,00%","0,00%",NLH,"-51,31"
18/05/2026,177777,AVIÃOsemASA,None,"172,32",0,0," R$  172,32 ","100,00%","0,00%","0,00%",NLH,-162
18/05/2026,195578,gessica,None,"22,39",0,0," R$  22,39 ","100,00%","0,00%","0,00%",NLH,-109
18/05/2026,195645,Paco_Sc,None,"11,84",0,"32,72"," R$  44,56 ","26,57%","0,00%","73,43%",PLO6,"-184,09"
18/05/2026,194145,Caua bt,None,"21,23",0,0," R$  21,23 ","100,00%","0,00%","0,00%",NLH,"-58,01"
18/05/2026,194679,Nicoletti$,None,0,"1,7",0," R$  1,70 ","0,00%","100,00%","0,00%",MTT,-17
18/05/2026,194860,FlushFlower,None,0,0,"0,27"," R$  0,27 ","0,00%","0,00%","100,00%",PLO6,-4
18/05/2026,195849,gilmarbala,None,"1,74","6,7","11,54"," R$  19,98 ","8,71%","33,53%","57,76%",PLO6,-146
18/05/2026,160013,pluh,None,0,"0,3",0," R$  0,30 ","0,00%","100,00%","0,00%",MTT,"-1,08"
18/05/2026,161737,ABSOLUT,None,0,"0,6",0," R$  0,60 ","0,00%","100,00%","0,00%",MTT,"-3,71"
18/05/2026,166767,calleri?,None,0,"0,1",0," R$  0,10 ","0,00%","100,00%","0,00%",MTT,"-0,25"
18/05/2026,168077,Sarkozy77,None,0,"8,75",0," R$  8,75 ","0,00%","100,00%","0,00%",MTT,"-80,75"
18/05/2026,170218,chicoo,None,0,"0,1",0," R$  0,10 ","0,00%","100,00%","0,00%",MTT,-1
18/05/2026,172698,pix172698,None,0,"0,2",0," R$  0,20 ","0,00%","100,00%","0,00%",MTT,"0,68"
18/05/2026,177013,Leiguinho,None,"0,52","0,1",0," R$  0,62 ","83,87%","16,13%","0,00%",NLH,"-2,23"
18/05/2026,177117,Cheque Reizé,None,0,"0,1",0," R$  0,10 ","0,00%","100,00%","0,00%",MTT,"0,08"
18/05/2026,195872,pix195872,None,0,"1,1","11,91"," R$  13,01 ","0,00%","8,46%","91,54%",PLO6,"-5,4"
18/05/2026,195922,#equipevirabixo,None,0,"0,1",0," R$  0,10 ","0,00%","100,00%","0,00%",MTT,-1
18/05/2026,195988,pix195988,None,"10,46","12,9",0," R$  23,36 ","44,78%","55,22%","0,00%",MTT,"-220,13"
18/05/2026,196048,magoo,None,"1,53","0,9",0," R$  2,43 ","62,96%","37,04%","0,00%",NLH,-21
18/05/2026,137977,maconha,None,0,1,0," R$  1,00 ","0,00%","100,00%","0,00%",MTT,-10
18/05/2026,196058,DavidFloyd,None,0,"27,4","14,01"," R$  41,41 ","0,00%","66,17%","33,83%",MTT,"-34,29"
18/05/2026,110683,Muriele Vieira,None,0,0,0, R$  -   ,,,,NLH,"0,73"
18/05/2026,115802,Nauersiq,None,0,0,0, R$  -   ,,,,NLH,0
18/05/2026,117406,Guimarães,None,0,0,0, R$  -   ,,,,NLH,"3,5"
18/05/2026,124306,punicaoalimpers,None,0,0,0, R$  -   ,,,,NLH,0
18/05/2026,124391,veraluciafar,None,0,0,"0,22"," R$  0,22 ","0,00%","0,00%","100,00%",PLO6,"-1,05"
18/05/2026,124630,fungonaunha,None,0,0,0, R$  -   ,,,,NLH,0
18/05/2026,133051,Diegueira,None,0,0,0, R$  -   ,,,,NLH,"0,77"
18/05/2026,134254,Meloso95,None,0,0,0, R$  -   ,,,,NLH,0
18/05/2026,138917,pix138917,None,0,0,0, R$  -   ,,,,NLH,0
18/05/2026,143782,celia184,None,0,0,0, R$  -   ,,,,NLH,0
18/05/2026,143861,KAROÁ,None,0,0,0, R$  -   ,,,,NLH,0
18/05/2026,146860,Major,None,"0,41","0,2",0," R$  0,61 ","67,21%","32,79%","0,00%",NLH,"-1,49"
18/05/2026,148613,pix148613,None,0,0,0, R$  -   ,,,,NLH,0
18/05/2026,150638,Wanessa CAM,None,"0,97","0,1",0," R$  1,07 ","90,65%","9,35%","0,00%",NLH,"-1,06"
18/05/2026,150851,pix150851,None,0,"0,4",0," R$  0,40 ","0,00%","100,00%","0,00%",MTT,-4
18/05/2026,151176,Vala Vala,None,0,0,0, R$  -   ,,,,NLH,"7,22"
18/05/2026,155592,ZecaPauGoriN,None,0,0,0, R$  -   ,,,,NLH,0
18/05/2026,161121,pix161121,None,0,0,0, R$  -   ,,,,NLH,0
18/05/2026,161561,GuZman$,None,0,0,0, R$  -   ,,,,NLH,0
18/05/2026,161570,cristianderson,None,0,"0,1",0," R$  0,10 ","0,00%","100,00%","0,00%",MTT,-1
18/05/2026,162785,BlackRiver,None,0,0,0, R$  -   ,,,,NLH,0
18/05/2026,164390,John82,None,0,0,0, R$  -   ,,,,NLH,0
18/05/2026,165386,pix165386,None,0,"0,3",0," R$  0,30 ","0,00%","100,00%","0,00%",MTT,"-1,67"
18/05/2026,170216,tia naia,None,0,0,0, R$  -   ,,,,NLH,"3,36"
18/05/2026,170890,pix170890,None,0,0,0, R$  -   ,,,,NLH,0
18/05/2026,171052,pix171052,None,0,0,0, R$  -   ,,,,NLH,0
18/05/2026,171995,pix171995,None,0,0,0, R$  -   ,,,,NLH,0
18/05/2026,172016,pix172016,None,0,0,0, R$  -   ,,,,NLH,0
18/05/2026,172026,pix172026,None,0,0,0, R$  -   ,,,,NLH,0
18/05/2026,172407,CanindeCearaBrasil,None,0,0,0, R$  -   ,,,,NLH,0
18/05/2026,172448,Milgrau,None,0,"7,9",0," R$  7,90 ","0,00%","100,00%","0,00%",MTT,"-77,88"
18/05/2026,172478,sir inga,None,0,0,0, R$  -   ,,,,NLH,"1,11"
18/05/2026,172648,Badpix69,None,0,2,0," R$  2,00 ","0,00%","100,00%","0,00%",MTT,"-18,28"
18/05/2026,172984,SeuZé$,None,0,"0,2",0," R$  0,20 ","0,00%","100,00%","0,00%",MTT,"15,23"
18/05/2026,173125,SANTOS21,None,0,0,0, R$  -   ,,,,NLH,0
18/05/2026,173743,pix173743,None,0,0,0, R$  -   ,,,,NLH,0
18/05/2026,174860,Sheika,None,0,0,0, R$  -   ,,,,NLH,0
18/05/2026,176798,JanildodoAA,None,0,0,0, R$  -   ,,,,NLH,"1,05"
18/05/2026,176827,Rudrigu,None,0,0,0, R$  -   ,,,,NLH,0
18/05/2026,177012,Como Tchê,None,"0,42",0,0," R$  0,42 ","100,00%","0,00%","0,00%",NLH,"-3,02"
18/05/2026,177922,É o Galo ?,None,0,0,0, R$  -   ,,,,NLH,0
18/05/2026,178556,Sajaum,None,0,0,0, R$  -   ,,,,NLH,0
18/05/2026,178557,Grazi Mourão ?,None,0,0,0, R$  -   ,,,,NLH,0
18/05/2026,178559,Agnes Nunes,None,0,0,0, R$  -   ,,,,NLH,0
18/05/2026,178561,Gi Genesini,None,0,0,0, R$  -   ,,,,NLH,0
18/05/2026,181687,Lampião ?,None,0,"0,2",0," R$  0,20 ","0,00%","100,00%","0,00%",MTT,"1,21"
18/05/2026,181996,pix181996,None,0,"0,1",0," R$  0,10 ","0,00%","100,00%","0,00%",MTT,"-0,27"
18/05/2026,182861,Nikolau ?,None,0,"0,2",0," R$  0,20 ","0,00%","100,00%","0,00%",MTT,"3,63"
18/05/2026,185392,pix185392,None,0,0,0, R$  -   ,,,,NLH,"1,83"
18/05/2026,188843,Aniquilador,None,0,0,0, R$  -   ,,,,NLH,0
18/05/2026,189146,pix189146,None,0,1,0," R$  1,00 ","0,00%","100,00%","0,00%",MTT,"58,87"
18/05/2026,189150,pix189150,None,0,0,0, R$  -   ,,,,NLH,0
18/05/2026,189154,pix189154,None,0,0,0, R$  -   ,,,,NLH,0
18/05/2026,189156,pix189156,None,0,0,0, R$  -   ,,,,NLH,0
18/05/2026,189158,pix189158,None,0,0,0, R$  -   ,,,,NLH,0
18/05/2026,193624,pix193624,None,0,0,0, R$  -   ,,,,NLH,0
18/05/2026,193695,pix193695,None,0,0,0, R$  -   ,,,,NLH,0
18/05/2026,194433,pix194433,None,0,0,"24,35"," R$  24,35 ","0,00%","0,00%","100,00%",PLO6,"-39,92"
18/05/2026,194836,Ester2026,None,0,0,0, R$  -   ,,,,NLH,0
18/05/2026,194837,Gatuno,None,0,0,0, R$  -   ,,,,NLH,0
18/05/2026,194859,paulo haxixe,None,0,0,0, R$  -   ,,,,NLH,0
18/05/2026,195080,cassiov7,None,0,0,0, R$  -   ,,,,NLH,"2,85"
18/05/2026,195607,pix195607,None,0,0,0, R$  -   ,,,,NLH,0
18/05/2026,195608,vick444,None,0,"0,4",0," R$  0,40 ","0,00%","100,00%","0,00%",MTT,"-2,67"
18/05/2026,195660,Matias44,None,0,0,0, R$  -   ,,,,NLH,0
18/05/2026,195739,5885 Q2,None,0,0,0, R$  -   ,,,,NLH,0
18/05/2026,195802,starplatinum,None,0,0,0, R$  -   ,,,,NLH,"0,75"
18/05/2026,195803,pix195803,None,0,0,0, R$  -   ,,,,NLH,0
18/05/2026,195923,camila P,None,0,"0,2","0,35"," R$  0,55 ","0,00%","36,36%","63,64%",PLO6,0
18/05/2026,195935,All yng,None,0,0,0, R$  -   ,,,,NLH,0
18/05/2026,195983,cearense,None,0,"0,1",0," R$  0,10 ","0,00%","100,00%","0,00%",MTT,"0,11"
18/05/2026,195985,xebiu,None,0,0,0, R$  -   ,,,,NLH,0
18/05/2026,195986,carlos Johnson,None,0,0,0, R$  -   ,,,,NLH,0
18/05/2026,195987,primo do mardoni,None,"0,4","0,1","0,37"," R$  0,87 ","45,98%","11,49%","42,53%",NLH,"-1,28"
18/05/2026,196021,pililiu da resenh4,None,0,0,"0,14"," R$  0,14 ","0,00%","0,00%","100,00%",PLO6,"0,89"
18/05/2026,196022,Picpay.,None,0,"0,2",0," R$  0,20 ","0,00%","100,00%","0,00%",MTT,"0,86"
18/05/2026,196023,lulinha 9,None,0,"0,4",0," R$  0,40 ","0,00%","100,00%","0,00%",MTT,"0,8"
18/05/2026,196024,Sereka,None,0,"0,5",0," R$  0,50 ","0,00%","100,00%","0,00%",MTT,"1,28"
18/05/2026,196025,ovão,None,0,0,"0,15"," R$  0,15 ","0,00%","0,00%","100,00%",PLO6,"-0,19"
18/05/2026,196032,Chapadinho,None,0,"0,3",0," R$  0,30 ","0,00%","100,00%","0,00%",MTT,"-1,59"
18/05/2026,196033,pix196033,None,0,"0,4",0," R$  0,40 ","0,00%","100,00%","0,00%",MTT,"-2,22"
18/05/2026,196041,pix196041,None,0,"0,4",0," R$  0,40 ","0,00%","100,00%","0,00%",MTT,"0,06"
18/05/2026,196063,JeffLavish,None,0,0,0, R$  -   ,,,,NLH,0
18/05/2026,196064,pix196064,None,0,0,0, R$  -   ,,,,NLH,"4,41"
18/05/2026,101757,Colares9,None,"3,81","3,8",0," R$  7,61 ","50,07%","49,93%","0,00%",NLH,"16,51"
18/05/2026,113813,KV07,None,"17,12",0,0," R$  17,12 ","100,00%","0,00%","0,00%",NLH,-70
18/05/2026,123911,IAGODT,None,"0,82",0,0," R$  0,82 ","100,00%","0,00%","0,00%",NLH,-4
18/05/2026,171194,pix171194,None,"15,24",0,0," R$  15,24 ","100,00%","0,00%","0,00%",NLH,"40,63"
18/05/2026,173110,xxxxxx.,None,"18,63",0,"0,33"," R$  18,96 ","98,26%","0,00%","1,74%",NLH,-52
18/05/2026,178690,Synergye,None,"0,34",0,0," R$  0,34 ","100,00%","0,00%","0,00%",NLH,"-3,27"
18/05/2026,180037,pix180037,None,"0,27","0,1",0," R$  0,37 ","72,97%","27,03%","0,00%",NLH,"0,33"
18/05/2026,194610,pix194610,None,"4,24",0,0," R$  4,24 ","100,00%","0,00%","0,00%",NLH,-14
18/05/2026,195523,Ramonzito,None,"27,4","9,1","3,02"," R$  39,52 ","69,33%","23,03%","7,64%",NLH,"-131,12"
18/05/2026,195528,pix195528,None,"63,43",0,0," R$  63,43 ","100,00%","0,00%","0,00%",NLH,-325
18/05/2026,195671,terroristadopoker,None,"4,78",0,0," R$  4,78 ","100,00%","0,00%","0,00%",NLH,-72
18/05/2026,195971,Santander,None,"1,32",0,0," R$  1,32 ","100,00%","0,00%","0,00%",NLH,-5
18/05/2026,144081,Wender ws,None,0,"0,1",0," R$  0,10 ","0,00%","100,00%","0,00%",MTT,-1
18/05/2026,195496,joao.gostosinho,None,"3,27","0,9",0," R$  4,17 ","78,42%","21,58%","0,00%",NLH,"-13,89"
18/05/2026,108709,SheenaK3,None,0,0,"6,62"," R$  6,62 ","0,00%","0,00%","100,00%",PLO6,-50
18/05/2026,130313,RoqueSantos,None,0,"3,4",0," R$  3,40 ","0,00%","100,00%","0,00%",MTT,-34
18/05/2026,195978,Ibarra_sb,None,0,236,"111,07"," R$  347,07 ","0,00%","68,00%","32,00%",MTT,"-2415,06"
18/05/2026,162831,FabioPirata,None,0,4,0," R$  4,00 ","0,00%","100,00%","0,00%",MTT,-40
18/05/2026,169644,pix169644,None,0,4,0," R$  4,00 ","0,00%","100,00%","0,00%",MTT,-40
18/05/2026,194345,gasparorcajo,None,0,7,0," R$  7,00 ","0,00%","100,00%","0,00%",MTT,-70
18/05/2026,195702,BatzNinja,None,0,"6,5",0," R$  6,50 ","0,00%","100,00%","0,00%",MTT,-65
18/05/2026,190837,LOKOLOKO,None,0,"138,4",0," R$  138,40 ","0,00%","100,00%","0,00%",MTT,"-507,1"
18/05/2026,194267,Fenix777,None,"13,44",0,0," R$  13,44 ","100,00%","0,00%","0,00%",NLH,-80
18/05/2026,129753,FabioAlpha,None,0,"4,3",0," R$  4,30 ","0,00%","100,00%","0,00%",MTT,-43
18/05/2026,153834,SamucaMon,None,0,2,0," R$  2,00 ","0,00%","100,00%","0,00%",MTT,-20
18/05/2026,154231,77tattoo,None,0,"0,4",0," R$  0,40 ","0,00%","100,00%","0,00%",MTT,-4
18/05/2026,165324,Polegar,None,0,"0,3",0," R$  0,30 ","0,00%","100,00%","0,00%",MTT,-3
18/05/2026,171217,xLordRandall,None,0,"0,5",0," R$  0,50 ","0,00%","100,00%","0,00%",MTT,-5
18/05/2026,172043,GuiAL,None,0,"0,1",0," R$  0,10 ","0,00%","100,00%","0,00%",MTT,-1
18/05/2026,182817,CreisoN25,None,0,"1,3",0," R$  1,30 ","0,00%","100,00%","0,00%",MTT,"-5,43"
18/05/2026,182860,Pesadoo,None,0,"0,3",0," R$  0,30 ","0,00%","100,00%","0,00%",MTT,0
18/05/2026,185701,gato a jato,None,0,"0,2",0," R$  0,20 ","0,00%","100,00%","0,00%",MTT,-2
18/05/2026,195966,TRUTA0086,None,0,"0,2",0," R$  0,20 ","0,00%","100,00%","0,00%",MTT,"-0,71"
18/05/2026,195636,MatheusBorges061,None,"41,57","35,04",0," R$  76,61 ","54,26%","45,74%","0,00%",NLH,"108,5"
18/05/2026,195789,lucas021,None,"13,76","0,1","0,51"," R$  14,37 ","95,76%","0,70%","3,55%",NLH,"2,32"
18/05/2026,127240,Phil Ivey ??,None,0,0,"16,81"," R$  16,81 ","0,00%","0,00%","100,00%",PLO6,-100
18/05/2026,196075,Friends Club,None,"4,14",0,"70,79"," R$  74,93 ","5,53%","0,00%","94,47%",PLO6,"72,19"
18/05/2026,112649,JomaMel,None,"9,01",0,"9,22"," R$  18,23 ","49,42%","0,00%","50,58%",PLO6,-24
18/05/2026,194757,Wellington Ramon,None,0,1,"37,75"," R$  38,75 ","0,00%","2,58%","97,42%",PLO6,"14,14"
18/05/2026,196074,loganATC,None,"69,68","8,9","0,04"," R$  78,62 ","88,63%","11,32%","0,05%",NLH,"-392,17"
18/05/2026,169601,pix169601,None,0,0,"34,85"," R$  34,85 ","0,00%","0,00%","100,00%",PLO6,-509
18/05/2026,106660,osj261067,None,0,0,0, R$  -   ,,,,NLH,0
18/05/2026,115711,IR ???,None,0,0,0, R$  -   ,,,,NLH,0
18/05/2026,123490,largatixa,None,0,0,0, R$  -   ,,,,NLH,0
18/05/2026,125929,Riih,None,0,0,0, R$  -   ,,,,NLH,0
18/05/2026,128702,pix128702,None,0,0,0, R$  -   ,,,,NLH,"4,43"
18/05/2026,134373,fio bao,None,0,0,0, R$  -   ,,,,NLH,"1,27"
18/05/2026,141774,pix141774,None,0,0,0, R$  -   ,,,,NLH,0
18/05/2026,143211,pix143211,None,0,0,0, R$  -   ,,,,NLH,0
18/05/2026,145320,pix145320,None,0,0,0, R$  -   ,,,,NLH,0
18/05/2026,149758,pix149758,None,0,"0,2",0," R$  0,20 ","0,00%","100,00%","0,00%",MTT,"-1,27"
18/05/2026,154364,TAV19,None,0,"0,8",0," R$  0,80 ","0,00%","100,00%","0,00%",MTT,-8
18/05/2026,155750,Jovem,None,0,0,0, R$  -   ,,,,NLH,0
18/05/2026,158564,AKQJ10,None,0,0,0, R$  -   ,,,,NLH,0
18/05/2026,162065,pix162065,None,0,0,0, R$  -   ,,,,NLH,0
18/05/2026,162828,skiterzk,None,0,"0,1",0," R$  0,10 ","0,00%","100,00%","0,00%",MTT,"0,52"
18/05/2026,164085,DrawingDead,None,0,0,0, R$  -   ,,,,NLH,0
18/05/2026,166613,pix166613,None,0,0,0, R$  -   ,,,,NLH,0
18/05/2026,166985,Campeão,None,0,0,0, R$  -   ,,,,NLH,0
18/05/2026,167084,LeoLuine1,None,0,0,0, R$  -   ,,,,NLH,"2,34"
18/05/2026,167984,leidegaga,None,0,0,0, R$  -   ,,,,NLH,0
18/05/2026,169526,soniamgfm2,None,0,0,0, R$  -   ,,,,NLH,0
18/05/2026,169778,pix169778,None,0,0,0, R$  -   ,,,,NLH,0
18/05/2026,170102,pix170102,None,0,0,0, R$  -   ,,,,NLH,0
18/05/2026,171876,pedro123321,None,0,0,0, R$  -   ,,,,NLH,"1,08"
18/05/2026,172110,JACAREZINHO,None,"1,57",0,0," R$  1,57 ","100,00%","0,00%","0,00%",NLH,-7
18/05/2026,172160,Luizzzeraaa,None,"0,68",0,0," R$  0,68 ","100,00%","0,00%","0,00%",NLH,"10,65"
18/05/2026,172697,pix172697,None,0,0,0, R$  -   ,,,,NLH,0
18/05/2026,173020,pix173020,None,0,0,0, R$  -   ,,,,NLH,0
18/05/2026,175460,pix175460,None,0,0,0, R$  -   ,,,,NLH,0
18/05/2026,175847,JoãodeQuinca,None,0,0,0, R$  -   ,,,,NLH,0
18/05/2026,176200,pix176200,None,0,0,0, R$  -   ,,,,NLH,0
18/05/2026,176309,Moabe10,None,0,0,0, R$  -   ,,,,NLH,"1,29"
18/05/2026,176462,markin valde,None,0,0,0, R$  -   ,,,,NLH,"1,52"
18/05/2026,177176,pix177176,None,"0,67",0,0," R$  0,67 ","100,00%","0,00%","0,00%",NLH,"-0,71"
18/05/2026,177177,pix177177,None,0,0,0, R$  -   ,,,,NLH,0
18/05/2026,177257,solovis,None,0,0,0, R$  -   ,,,,NLH,0
18/05/2026,177450,pix177450,None,0,"0,2",0," R$  0,20 ","0,00%","100,00%","0,00%",MTT,-2
18/05/2026,179417,pix179417,None,0,0,0, R$  -   ,,,,NLH,0
18/05/2026,180282,pixmaicon,None,0,"0,2",0," R$  0,20 ","0,00%","100,00%","0,00%",MTT,"-0,48"
18/05/2026,180375,LCS13BR,None,0,0,0, R$  -   ,,,,NLH,0
18/05/2026,180523,psao7608,None,0,0,0, R$  -   ,,,,NLH,0
18/05/2026,181574,Caroline 01,None,0,0,0, R$  -   ,,,,NLH,0
18/05/2026,182216,Xinxa Da Cebola,None,0,"0,2",0," R$  0,20 ","0,00%","100,00%","0,00%",MTT,"2,47"
18/05/2026,183246,detona pato,None,0,0,0, R$  -   ,,,,NLH,"1,86"
18/05/2026,183339,mugthebest,None,0,0,"6,04"," R$  6,04 ","0,00%","0,00%","100,00%",PLO6,"-10,84"
18/05/2026,183499,pix183499,None,0,0,0, R$  -   ,,,,NLH,0
18/05/2026,183758,pix183758,None,0,0,0, R$  -   ,,,,NLH,0
18/05/2026,184263,WRAK,None,0,"0,6",0," R$  0,60 ","0,00%","100,00%","0,00%",MTT,"1,22"
18/05/2026,185013,Padrinho,None,0,0,0, R$  -   ,,,,NLH,0
18/05/2026,185697,levigbrl,None,0,0,0, R$  -   ,,,,NLH,0
18/05/2026,186748,Mulherdomeumarido33,None,0,0,0, R$  -   ,,,,NLH,0
18/05/2026,187062,chacal$74,None,0,"0,3",0," R$  0,30 ","0,00%","100,00%","0,00%",MTT,"2,55"
18/05/2026,187871,pix187871,None,0,0,0, R$  -   ,,,,NLH,0
18/05/2026,188986,Duzim,None,0,0,0, R$  -   ,,,,NLH,0
18/05/2026,188990,Jacke,None,0,0,0, R$  -   ,,,,NLH,"0,93"
18/05/2026,189662,Kabulozo,None,0,0,0, R$  -   ,,,,NLH,0
18/05/2026,190884,bezzera11,None,0,0,0, R$  -   ,,,,NLH,0
18/05/2026,191492,charles Thierry,None,0,0,0, R$  -   ,,,,NLH,0
18/05/2026,192079,Gleristontnt,None,"2,73",0,0," R$  2,73 ","100,00%","0,00%","0,00%",NLH,"-10,41"
18/05/2026,193564,Alison pires,None,0,0,0, R$  -   ,,,,NLH,0
18/05/2026,193740,pix193740,None,0,0,0, R$  -   ,,,,NLH,0
18/05/2026,193767,pix193767,None,0,0,0, R$  -   ,,,,NLH,0
18/05/2026,193920,pix193920,None,0,0,0, R$  -   ,,,,NLH,0
18/05/2026,194369,Sam9527,None,0,0,0, R$  -   ,,,,NLH,0
18/05/2026,194695,pix194695,None,0,0,0, R$  -   ,,,,NLH,0
18/05/2026,194965,call toda hora,None,0,0,0, R$  -   ,,,,NLH,0
18/05/2026,195620,vertmont,None,0,0,0, R$  -   ,,,,NLH,"0,64"
18/05/2026,195810,pix195810,None,0,"0,2",0," R$  0,20 ","0,00%","100,00%","0,00%",MTT,"0,52"
18/05/2026,195930,GLENDASTONE,None,0,0,0, R$  -   ,,,,NLH,0
18/05/2026,195984,tico tico,None,"0,19",0,0," R$  0,19 ","100,00%","0,00%","0,00%",NLH,"-0,14"
18/05/2026,196034,pix196034,None,0,0,0, R$  -   ,,,,NLH,0
18/05/2026,196035,pix196035,None,0,0,0, R$  -   ,,,,NLH,0
18/05/2026,196036,pix196036,None,0,0,0, R$  -   ,,,,NLH,0
18/05/2026,174217,pix174217,None,"0,3",0,"0,89"," R$  1,19 ","25,21%","0,00%","74,79%",PLO6,"-5,94"
18/05/2026,195729,pix195729,None,"3,55",0,0," R$  3,55 ","100,00%","0,00%","0,00%",NLH,-45
18/05/2026,118141,mozo,None,"16,07",0,0," R$  16,07 ","100,00%","0,00%","0,00%",NLH,"38,97"
18/05/2026,133095,Vaqueiro Black,None,"0,59",0,0," R$  0,59 ","100,00%","0,00%","0,00%",NLH,-10
18/05/2026,142781,joao8893,None,"0,04",0,"1,77"," R$  1,81 ","2,21%","0,00%","97,79%",PLO6,-15
18/05/2026,150415,Arthur victor,None,"0,33",0,0," R$  0,33 ","100,00%","0,00%","0,00%",NLH,-4
18/05/2026,167656,Bigodinhopoker,None,"0,98","2,4",0," R$  3,38 ","28,99%","71,01%","0,00%",MTT,"-30,38"
18/05/2026,101709,pix101709,None,0,0,0, R$  -   ,,,,NLH,0
18/05/2026,106148,migué,None,0,0,0, R$  -   ,,,,NLH,0
18/05/2026,116720,fAshinA,None,0,0,0, R$  -   ,,,,NLH,0
18/05/2026,119399,pix119399,None,0,0,0, R$  -   ,,,,NLH,0
18/05/2026,138629,baianinhodemaua_,None,0,0,0, R$  -   ,,,,NLH,0
18/05/2026,146440,B0L4D0,None,0,0,0, R$  -   ,,,,NLH,0
18/05/2026,146443,C4LABRES0,None,0,0,0, R$  -   ,,,,NLH,0
18/05/2026,146447,PIRAT4,None,0,"0,7",0," R$  0,70 ","0,00%","100,00%","0,00%",MTT,-7
18/05/2026,147165,L4DRA0,None,0,0,0, R$  -   ,,,,NLH,0
18/05/2026,148154,rafagm2005,None,0,0,0, R$  -   ,,,,NLH,0
18/05/2026,153713,noia.38off,None,0,1,0," R$  1,00 ","0,00%","100,00%","0,00%",MTT,"0,19"
18/05/2026,154310,COMECU,None,0,0,0, R$  -   ,,,,NLH,"5,61"
18/05/2026,160495,gmorett,None,0,0,0, R$  -   ,,,,NLH,0
18/05/2026,162710,poker aí,None,0,0,0, R$  -   ,,,,NLH,"0,9"
18/05/2026,164056,TR34,None,0,"0,4",0," R$  0,40 ","0,00%","100,00%","0,00%",MTT,"-2,92"
18/05/2026,167737,vinijr7,None,0,"0,3",0," R$  0,30 ","0,00%","100,00%","0,00%",MTT,-3
18/05/2026,170202,realmadrid,None,0,0,0, R$  -   ,,,,NLH,"0,75"
18/05/2026,172246,pochoko,None,0,0,0, R$  -   ,,,,NLH,0
18/05/2026,174582,pix174582,None,0,"2,6",0," R$  2,60 ","0,00%","100,00%","0,00%",MTT,-26
18/05/2026,181043,Foldei mane,None,0,0,0, R$  -   ,,,,NLH,0
18/05/2026,181910,pix181910,None,0,0,0, R$  -   ,,,,NLH,0
18/05/2026,190974,pix190974,None,0,"0,1",0," R$  0,10 ","0,00%","100,00%","0,00%",MTT,-1
18/05/2026,194706,jojodemel,None,0,0,0, R$  -   ,,,,NLH,0
18/05/2026,195832,CFreire,None,0,0,0, R$  -   ,,,,NLH,0
18/05/2026,156935,pix156935,None,0,0,"108,04"," R$  108,04 ","0,00%","0,00%","100,00%",PLO6,"-481,99"
18/05/2026,183072,pix183072,None,"8,38",0,"174,02"," R$  182,40 ","4,59%","0,00%","95,41%",PLO6,"-479,43"
18/05/2026,159672,LeoPorpeta,None,0,"39,6","25,92"," R$  65,52 ","0,00%","60,44%","39,56%",MTT,"-493,11"
18/05/2026,196061,pix196061,None,0,0,"22,34"," R$  22,34 ","0,00%","0,00%","100,00%",PLO6,-202
18/05/2026,116880,Anderson Alencar,None,"23,6",0,0," R$  23,60 ","100,00%","0,00%","0,00%",NLH,-85
18/05/2026,171655,BayHarbor,None,"76,46",0,0," R$  76,46 ","100,00%","0,00%","0,00%",NLH,"9,73"
18/05/2026,194337,negodrey,None,"1,27","37,8",0," R$  39,07 ","3,25%","96,75%","0,00%",MTT,"-397,28"
18/05/2026,195994,pix195994,None,"11,83","1,8",0," R$  13,63 ","86,79%","13,21%","0,00%",NLH,-118
18/05/2026,196003,pix196003,None,"1,64",0,0," R$  1,64 ","100,00%","0,00%","0,00%",NLH,"25,37"
18/05/2026,115715,malvadao96,None,"4,11","107,7",0," R$  111,81 ","3,68%","96,32%","0,00%",MTT,"-387,97"
18/05/2026,195989,kSpag,None,0,4,0," R$  4,00 ","0,00%","100,00%","0,00%",MTT,-40
18/05/2026,132945,k99999,None,"21,13","47,6","54,65"," R$  123,38 ","17,13%","38,58%","44,29%",PLO6,"107,06"
18/05/2026,147221,muvukinha,None,"2,58","11,1","9,69"," R$  23,37 ","11,04%","47,50%","41,46%",MTT,"-63,75"
18/05/2026,101650,eláriofilho,None,0,0,0, R$  -   ,,,,NLH,0
18/05/2026,102785,Joaofilho,None,0,0,0, R$  -   ,,,,NLH,0
18/05/2026,102820,dual core,None,0,0,0, R$  -   ,,,,NLH,"0,88"
18/05/2026,112286,Luciboy,None,0,0,0, R$  -   ,,,,NLH,0
18/05/2026,117473,pix117473,None,0,"0,1",0," R$  0,10 ","0,00%","100,00%","0,00%",MTT,-1
18/05/2026,125040,Mércia,None,0,0,0, R$  -   ,,,,NLH,0
18/05/2026,135400,Mercia09,None,0,"0,3",0," R$  0,30 ","0,00%","100,00%","0,00%",MTT,-3
18/05/2026,135895,yanpaiva,None,0,0,0, R$  -   ,,,,NLH,0
18/05/2026,143654,BingaBinga,None,0,0,0, R$  -   ,,,,NLH,"1,27"
18/05/2026,152582,Leoluine,None,"0,3",0,0," R$  0,30 ","100,00%","0,00%","0,00%",NLH,"0,54"
18/05/2026,152922,ﾠﾠ,None,0,0,0, R$  -   ,,,,NLH,0
18/05/2026,158727,pix158727,None,0,0,0, R$  -   ,,,,NLH,0
18/05/2026,160339,eduardo aguiar,None,0,"1,3",0," R$  1,30 ","0,00%","100,00%","0,00%",MTT,"-7,75"
18/05/2026,163654,zanalice,None,"2,17",0,0," R$  2,17 ","100,00%","0,00%","0,00%",NLH,"-6,35"
18/05/2026,165346,pix165346,None,0,0,0, R$  -   ,,,,NLH,0
18/05/2026,167268,LeoLuine2,None,0,0,0, R$  -   ,,,,NLH,0
18/05/2026,171898,matheus rocha,None,0,0,0, R$  -   ,,,,NLH,0
18/05/2026,173048,murillinho,None,0,0,0, R$  -   ,,,,NLH,0
18/05/2026,174474,Antoin De Nestor,None,0,0,0, R$  -   ,,,,NLH,0
18/05/2026,174477,pix174477,None,0,0,0, R$  -   ,,,,NLH,0
18/05/2026,180211,pix180211,None,0,0,0, R$  -   ,,,,NLH,0
18/05/2026,180212,reidoflop,None,0,0,0, R$  -   ,,,,NLH,0
18/05/2026,182217,pix182217,None,0,0,0, R$  -   ,,,,NLH,0
18/05/2026,183533,pix183533,None,0,0,0, R$  -   ,,,,NLH,0
18/05/2026,189281,pix189281,None,0,0,0, R$  -   ,,,,NLH,0
18/05/2026,189539,pix189539,None,0,0,0, R$  -   ,,,,NLH,0
18/05/2026,189798,jotapenis,None,0,0,0, R$  -   ,,,,NLH,0
18/05/2026,190259,pix190259,None,0,0,0, R$  -   ,,,,NLH,0
18/05/2026,190568,pix190568,None,0,0,0, R$  -   ,,,,NLH,0
18/05/2026,190902,pix190902,None,0,0,0, R$  -   ,,,,NLH,0
18/05/2026,196037,pix196037,None,0,0,0, R$  -   ,,,,NLH,0
18/05/2026,196078,pix196078,None,0,0,0, R$  -   ,,,,NLH,0
18/05/2026,196079,pix196079,None,0,0,0, R$  -   ,,,,NLH,0
18/05/2026,196080,pix196080,None,0,0,0, R$  -   ,,,,NLH,0
18/05/2026,196081,pix196081,None,0,0,0, R$  -   ,,,,NLH,0
18/05/2026,104400,Brenin10,None,0,0,"287,11"," R$  287,11 ","0,00%","0,00%","100,00%",PLO6,"-111,32"
18/05/2026,196086,Giglinithis,None,0,57,0," R$  57,00 ","0,00%","100,00%","0,00%",MTT,"-558,75"
18/05/2026,180277,junin.,None,0,0,"2,67"," R$  2,67 ","0,00%","0,00%","100,00%",PLO6,-20
18/05/2026,188306,seven,None,"1,26",0,"0,3"," R$  1,56 ","80,77%","0,00%","19,23%",NLH,-12
18/05/2026,195682,lukinhas09,None,"2,95",0,0," R$  2,95 ","100,00%","0,00%","0,00%",NLH,-15
18/05/2026,195928,pix195928,None,"0,67",0,0," R$  0,67 ","100,00%","0,00%","0,00%",NLH,"-3,97"
18/05/2026,196090,pksylvoo,None,"0,32",0,"2,78"," R$  3,10 ","10,32%","0,00%","89,68%",PLO6,-30
18/05/2026,185360,T7off,None,0,"8,4","38,4"," R$  46,80 ","0,00%","17,95%","82,05%",PLO6,"-117,82"
18/05/2026,155605,pix155605,None,0,0,"4,35"," R$  4,35 ","0,00%","0,00%","100,00%",PLO6,-30
18/05/2026,139746,thiagos85,None,0,11,"6,19"," R$  17,19 ","0,00%","63,99%","36,01%",MTT,-100
18/05/2026,104290,BETODEMALLE,None,0,0,"16,14"," R$  16,14 ","0,00%","0,00%","100,00%",PLO6,-180
18/05/2026,176878,Guri2302,None,0,0,"2,41"," R$  2,41 ","0,00%","0,00%","100,00%",PLO6,8
18/05/2026,136613,Sertão22,None,"0,02","0,9",0," R$  0,92 ","2,17%","97,83%","0,00%",MTT,"-9,42"
18/05/2026,190234,pix190234,None,0,"0,1",0," R$  0,10 ","0,00%","100,00%","0,00%",MTT,-1
18/05/2026,195733,fredxota,None,0,4,0," R$  4,00 ","0,00%","100,00%","0,00%",MTT,-40
18/05/2026,195945,pix195945,None,"2,37",0,0," R$  2,37 ","100,00%","0,00%","0,00%",NLH,"-7,92"
18/05/2026,138124,pix138124,None,0,3,"30,93"," R$  33,93 ","0,00%","8,84%","91,16%",PLO6,"-175,56"
18/05/2026,171274,kidbengala,None,0,0,"82,38"," R$  82,38 ","0,00%","0,00%","100,00%",PLO6,"-99,51"
18/05/2026,159211,luxys,None,0,"1,1",0," R$  1,10 ","0,00%","100,00%","0,00%",MTT,-11
18/05/2026,108574,Nery,None,"11,19",0,"0,95"," R$  12,14 ","92,17%","0,00%","7,83%",NLH,"-26,58"
18/05/2026,144356,pix144356,None,"10,41","5,6",0," R$  16,01 ","65,02%","34,98%","0,00%",NLH,"155,74"
18/05/2026,146820,pix146820,None,"19,76","16,55",0," R$  36,31 ","54,42%","45,58%","0,00%",NLH,"99,26"
18/05/2026,158020,pix158020,None,"51,93",7,"89,11"," R$  148,04 ","35,08%","4,73%","60,19%",PLO6,"-249,12"
18/05/2026,159736,FunEngine,None,"0,57",0,"0,5"," R$  1,07 ","53,27%","0,00%","46,73%",NLH,5
18/05/2026,172725,TaxaDoEuSeiRocha,None,"8,12",0,0," R$  8,12 ","100,00%","0,00%","0,00%",NLH,"33,21"
18/05/2026,179394,marcospcn,None,"67,14","1,5",0," R$  68,64 ","97,81%","2,19%","0,00%",NLH,"-99,96"
18/05/2026,196120,pix196120,None,"36,6",0,0," R$  36,60 ","100,00%","0,00%","0,00%",NLH,"-124,03"
18/05/2026,196133,pix196133,None,"5,27",0,0," R$  5,27 ","100,00%","0,00%","0,00%",NLH,0
18/05/2026,196137,Felipe017,None,"19,22",0,0," R$  19,22 ","100,00%","0,00%","0,00%",NLH,-129
18/05/2026,196140,pix196140,None,"0,68",0,0," R$  0,68 ","100,00%","0,00%","0,00%",NLH,-8
18/05/2026,130203,Guimo,None,"3,18",0,0," R$  3,18 ","100,00%","0,00%","0,00%",NLH,"-4,57"
18/05/2026,189674,pix189674,None,"1,28",0,"1,36"," R$  2,64 ","48,48%","0,00%","51,52%",PLO6,-20
18/05/2026,146829,Adauto,None,"5,89",0,"0,02"," R$  5,91 ","99,66%","0,00%","0,34%",NLH,"49,84"
18/05/2026,194572,pix194572,None,"4,78",0,"2,89"," R$  7,67 ","62,32%","0,00%","37,68%",NLH,-50
18/05/2026,153557,lucastavares,None,0,0,0, R$  -   ,,,,NLH,0
18/05/2026,170783,Galego de Nanai ?,None,"1,73","3,2","2,32"," R$  7,25 ","23,86%","44,14%","32,00%",MTT,0
18/05/2026,172902,xurume$$,None,0,"0,2",0," R$  0,20 ","0,00%","100,00%","0,00%",MTT,"-0,45"
18/05/2026,173515,pix173515,None,0,"0,1",0," R$  0,10 ","0,00%","100,00%","0,00%",MTT,-1
18/05/2026,174471,TINANAN,None,0,0,0, R$  -   ,,,,NLH,0
18/05/2026,174473,Marcos De Neuma,None,0,0,0, R$  -   ,,,,NLH,0
18/05/2026,177983,Aelton,None,0,0,0, R$  -   ,,,,NLH,0
18/05/2026,178194,Vini_Baralhao,None,0,0,0, R$  -   ,,,,NLH,0
18/05/2026,182219,pix182219,None,0,"0,1",0," R$  0,10 ","0,00%","100,00%","0,00%",MTT,-1
18/05/2026,185920,pix185920,None,0,0,0, R$  -   ,,,,NLH,0
18/05/2026,190634,pix190634,None,0,0,0, R$  -   ,,,,NLH,0
18/05/2026,191135,carlosvolt,None,0,0,0, R$  -   ,,,,NLH,0
18/05/2026,192223,pix192223,None,0,0,0, R$  -   ,,,,NLH,0
18/05/2026,193572,pix193572,None,0,0,0, R$  -   ,,,,NLH,0
18/05/2026,193573,PIXBAD157,None,0,0,0, R$  -   ,,,,NLH,0
18/05/2026,196096,pix196096,None,0,0,0, R$  -   ,,,,NLH,0
18/05/2026,178288,Manoeltevez,None,"27,2",0,0," R$  27,20 ","100,00%","0,00%","0,00%",NLH,"-143,11"
18/05/2026,196077,pix196077,None,"3,76",0,0," R$  3,76 ","100,00%","0,00%","0,00%",NLH,-24
18/05/2026,155624,txinhaPK,None,"3,94",0,0," R$  3,94 ","100,00%","0,00%","0,00%",NLH,"-28,77"
18/05/2026,193991,Lagarto,None,"2,26","12,85","11,1"," R$  26,21 ","8,62%","49,03%","42,35%",MTT,"-143,93"
18/05/2026,127808,J0T43RR3,None,0,0,"7,94"," R$  7,94 ","0,00%","0,00%","100,00%",PLO6,-100
18/05/2026,116727,vinicius,None,"4,41",0,"47,98"," R$  52,39 ","8,42%","0,00%","91,58%",PLO6,"-546,9"
18/05/2026,182133,pix182133,None,0,0,"0,75"," R$  0,75 ","0,00%","0,00%","100,00%",PLO6,-10
18/05/2026,196100,pix196100,None,0,0,"539,69"," R$  539,69 ","0,00%","0,00%","100,00%",PLO6,-3500
18/05/2026,154739,Zé piqueno,None,0,0,0, R$  -   ,,,,NLH,0
18/05/2026,172719,MENINO ALL-IN,None,0,0,"0,26"," R$  0,26 ","0,00%","0,00%","100,00%",PLO6,"-0,68"
18/05/2026,173167,antoniojard,None,0,0,0, R$  -   ,,,,NLH,"1,29"
18/05/2026,176219,pix176219,None,0,0,0, R$  -   ,,,,NLH,0
18/05/2026,176220,pix176220,None,0,0,0, R$  -   ,,,,NLH,0
18/05/2026,176746,Mark Ivey,None,0,0,0, R$  -   ,,,,NLH,0
18/05/2026,183155,AQUI E SO ALL-IN,None,0,0,0, R$  -   ,,,,NLH,0
18/05/2026,188577,pix188577,None,0,0,0, R$  -   ,,,,NLH,"2,24"
18/05/2026,193239,pix193239,None,0,0,0, R$  -   ,,,,NLH,0
18/05/2026,195543,lavx,None,0,0,0, R$  -   ,,,,NLH,0
18/05/2026,195668,FullHaxx,None,0,0,0, R$  -   ,,,,NLH,"1,6"
18/05/2026,195929,cúverde,None,0,0,0, R$  -   ,,,,NLH,0
18/05/2026,196038,pix196038,None,0,0,0, R$  -   ,,,,NLH,0
18/05/2026,196039,pix196039,None,0,0,0, R$  -   ,,,,NLH,0
18/05/2026,196040,pix196040,None,0,0,0, R$  -   ,,,,NLH,0
18/05/2026,196099,batatinha@,None,0,0,0, R$  -   ,,,,NLH,0
18/05/2026,196103,amado Batista,None,0,0,0, R$  -   ,,,,NLH,0
18/05/2026,196104,Gaúcho,None,0,0,0, R$  -   ,,,,NLH,0
18/05/2026,196105,Sem futuro,None,0,0,0, R$  -   ,,,,NLH,0
18/05/2026,196106,Bob esp0nja,None,0,0,0, R$  -   ,,,,NLH,0
18/05/2026,196107,Chico pezão,None,0,0,0, R$  -   ,,,,NLH,0
18/05/2026,196108,pix196108,None,0,0,0, R$  -   ,,,,NLH,0
18/05/2026,196121,pix196121,None,0,0,0, R$  -   ,,,,NLH,0
18/05/2026,196122,pix196122,None,0,0,0, R$  -   ,,,,NLH,0
18/05/2026,196123,pix196123,None,"0,58","0,1",0," R$  0,68 ","85,29%","14,71%","0,00%",NLH,0
18/05/2026,196124,pix196124,None,0,0,0, R$  -   ,,,,NLH,0
18/05/2026,196126,pix196126,None,0,0,0, R$  -   ,,,,NLH,0
18/05/2026,196127,pix196127,None,0,0,0, R$  -   ,,,,NLH,0
18/05/2026,196128,pix196128,None,0,0,0, R$  -   ,,,,NLH,0
18/05/2026,196129,pix196129,None,0,0,0, R$  -   ,,,,NLH,0
18/05/2026,196130,pix196130,None,0,0,0, R$  -   ,,,,NLH,0
18/05/2026,196131,pix196131,None,0,0,0, R$  -   ,,,,NLH,0
18/05/2026,196132,pix196132,None,0,0,0, R$  -   ,,,,NLH,0
18/05/2026,196134,pix196134,None,0,0,0, R$  -   ,,,,NLH,0
18/05/2026,196135,pix196135,None,0,0,0, R$  -   ,,,,NLH,0
18/05/2026,196136,pix196136,None,0,0,0, R$  -   ,,,,NLH,0
18/05/2026,196138,pix196138,None,0,0,0, R$  -   ,,,,NLH,0
18/05/2026,196139,pix196139,None,0,0,0, R$  -   ,,,,NLH,"2,54"
18/05/2026,171007,pix171007,None,0,0,"33,72"," R$  33,72 ","0,00%","0,00%","100,00%",PLO6,"-99,31"
18/05/2026,134786,pandinha28,None,0,"5,5",0," R$  5,50 ","0,00%","100,00%","0,00%",MTT,-55
18/05/2026,137716,Maciel Jr,None,"0,28",0,"2,24"," R$  2,52 ","11,11%","0,00%","88,89%",PLO6,-10
18/05/2026,192368,Dc07,None,0,"3,9","1,26"," R$  5,16 ","0,00%","75,58%","24,42%",MTT,"106,62"
18/05/2026,151309,Helio dos Anjos,None,0,"5,7",0," R$  5,70 ","0,00%","100,00%","0,00%",MTT,-82
18/05/2026,195582,pix195582,None,"0,43","2,9",0," R$  3,33 ","12,91%","87,09%","0,00%",MTT,"-166,82"
18/05/2026,196141,Seeith,None,0,"2,5",0," R$  2,50 ","0,00%","100,00%","0,00%",MTT,-25
18/05/2026,107029,SrNunes,None,0,"0,6",0," R$  0,60 ","0,00%","100,00%","0,00%",MTT,-6
18/05/2026,146827,Pipo.Felipe,None,0,"27,7",0," R$  27,70 ","0,00%","100,00%","0,00%",MTT,"-172,14"
18/05/2026,113112,mayco Lima,None,"11,99","12,9","65,86"," R$  90,75 ","13,21%","14,21%","72,57%",PLO6,-560
18/05/2026,118252,Polarizado,None,"56,66",1,0," R$  57,66 ","98,27%","1,73%","0,00%",NLH,"-19,1"
18/05/2026,153636,Mussolini,None,0,0,0, R$  -   ,,,,NLH,"0,75"
18/05/2026,156615,Tutubarão83,None,0,0,0, R$  -   ,,,,NLH,0
18/05/2026,177899,vradar,None,0,0,0, R$  -   ,,,,NLH,0
18/05/2026,181970,3A5T0S,None,0,0,0, R$  -   ,,,,NLH,0
18/05/2026,186247,ArthurSouza2,None,0,0,0, R$  -   ,,,,NLH,0
18/05/2026,186904,pix186904,None,0,0,0, R$  -   ,,,,NLH,0
18/05/2026,186907,pix186907,None,0,0,0, R$  -   ,,,,NLH,0
18/05/2026,186909,pix186909,None,0,0,0, R$  -   ,,,,NLH,0
18/05/2026,189931,pix189931,None,0,0,0, R$  -   ,,,,NLH,0
18/05/2026,190178,pix190178,None,0,0,0, R$  -   ,,,,NLH,0
18/05/2026,190705,SAUANZIM,None,0,0,0, R$  -   ,,,,NLH,0
18/05/2026,190895,hugoehm,None,0,"0,1",0," R$  0,10 ","0,00%","100,00%","0,00%",MTT,-1
18/05/2026,192663,pix192663,None,0,0,0, R$  -   ,,,,NLH,0
18/05/2026,196143,pix196143,None,0,0,0, R$  -   ,,,,NLH,0
18/05/2026,196144,pix196144,None,0,0,0, R$  -   ,,,,NLH,0
18/05/2026,120847,LUIZ FELIPE,None,"1,27","0,8",0," R$  2,07 ","61,35%","38,65%","0,00%",NLH,"-20,08"
18/05/2026,102501,CassianoC,None,"1,26",0,0," R$  1,26 ","100,00%","0,00%","0,00%",NLH,-8
18/05/2026,111735,Jerff11,None,"0,29",0,0," R$  0,29 ","100,00%","0,00%","0,00%",NLH,"4,11"
18/05/2026,123128,Diego Farias,None,"22,02",0,0," R$  22,02 ","100,00%","0,00%","0,00%",NLH,80
18/05/2026,160637,pix160637,None,"1,05",0,0," R$  1,05 ","100,00%","0,00%","0,00%",NLH,"-2,61"
18/05/2026,193782,pix193782,None,"49,58",0,0," R$  49,58 ","100,00%","0,00%","0,00%",NLH,"108,38"
18/05/2026,153722,CaçaCu,None,0,0,"2,98"," R$  2,98 ","0,00%","0,00%","100,00%",PLO6,-50
18/05/2026,195993,pix195993,None,0,3,"44,28"," R$  47,28 ","0,00%","6,35%","93,65%",PLO6,-190
18/05/2026,104649,dmendes,None,"13,05","3,1",0," R$  16,15 ","80,80%","19,20%","0,00%",NLH,"-39,36"
18/05/2026,177167,MrBabayaga,None,0,"0,1",0," R$  0,10 ","0,00%","100,00%","0,00%",MTT,-1
18/05/2026,165272,pix165272,None,"7,49",0,"17,25"," R$  24,74 ","30,27%","0,00%","69,73%",PLO6,"-89,86"
18/05/2026,196156,pix196156,None,"2,52","1,5",0," R$  4,02 ","62,69%","37,31%","0,00%",NLH,-50
18/05/2026,103133,Lainzine,None,0,0,0, R$  -   ,,,,NLH,0
18/05/2026,103255,pix103255,None,0,0,0, R$  -   ,,,,NLH,0
18/05/2026,104890,pix104890,None,0,0,0, R$  -   ,,,,NLH,0
18/05/2026,106675,AllissonB,None,0,0,0, R$  -   ,,,,NLH,0
18/05/2026,150541,MaldsNeto,None,0,"0,8",0," R$  0,80 ","0,00%","100,00%","0,00%",MTT,"-4,44"
18/05/2026,162578,Ediel,None,0,0,0, R$  -   ,,,,NLH,0
18/05/2026,164386,pix164386,None,0,0,0, R$  -   ,,,,NLH,0
18/05/2026,165365,Gabriel22k,None,0,0,0, R$  -   ,,,,NLH,"0,93"
18/05/2026,165366,biel22k,None,0,0,0, R$  -   ,,,,NLH,0
18/05/2026,171656,wallisson,None,0,0,0, R$  -   ,,,,NLH,0
18/05/2026,173018,pix173018,None,0,0,0, R$  -   ,,,,NLH,0
18/05/2026,182906,pix182906,None,0,0,0, R$  -   ,,,,NLH,0
18/05/2026,184773,pix184773,None,0,0,0, R$  -   ,,,,NLH,0
18/05/2026,184778,petrolina-Pe,None,0,0,0, R$  -   ,,,,NLH,0
18/05/2026,185699,petrolina,None,0,0,0, R$  -   ,,,,NLH,0
18/05/2026,188591,jujivell,None,0,0,0, R$  -   ,,,,NLH,0
18/05/2026,189357,Tiquinho,None,0,"0,2",0," R$  0,20 ","0,00%","100,00%","0,00%",MTT,"-0,89"
18/05/2026,190020,pix190020,None,0,"0,3",0," R$  0,30 ","0,00%","100,00%","0,00%",MTT,"1,83"
18/05/2026,194366,Buhaiov,None,0,0,0, R$  -   ,,,,NLH,"1,33"
18/05/2026,186201,FRFA,None,"3,22",0,0," R$  3,22 ","100,00%","0,00%","0,00%",NLH,"-24,38"
18/05/2026,196153,Bergs,None,"7,46",0,0," R$  7,46 ","100,00%","0,00%","0,00%",NLH,-9
18/05/2026,178919,pix178919,None,"5,41","14,5","38,12"," R$  58,03 ","9,32%","24,99%","65,69%",PLO6,"-15,91"
18/05/2026,196125,Adilho,None,0,1,0," R$  1,00 ","0,00%","100,00%","0,00%",MTT,-10
18/05/2026,146056,Luizabraba,None,0,79,"3,23"," R$  82,23 ","0,00%","96,07%","3,93%",MTT,"152,09"
18/05/2026,159023,LbdotremBala,None,0,"4,8",0," R$  4,80 ","0,00%","100,00%","0,00%",MTT,-48
18/05/2026,152260,pix152260,None,0,"0,9",0," R$  0,90 ","0,00%","100,00%","0,00%",MTT,"-3,75"
18/05/2026,174440,Cold4Bet,None,0,"2,65",0," R$  2,65 ","0,00%","100,00%","0,00%",MTT,"-26,5"
18/05/2026,103074,L4UR1,None,0,25,0," R$  25,00 ","0,00%","100,00%","0,00%",MTT,"-115,02"
18/05/2026,171724,pix171724,None,"0,65","2,1",0," R$  2,75 ","23,64%","76,36%","0,00%",MTT,-39
18/05/2026,191228,Bala bala bala,None,0,"0,8",0," R$  0,80 ","0,00%","100,00%","0,00%",MTT,-8
18/05/2026,157010,JorgeSousa,None,0,"7,1",0," R$  7,10 ","0,00%","100,00%","0,00%",MTT,-71
18/05/2026,106842,thiagonapoleao,None,0,0,0, R$  -   ,,,,NLH,0
18/05/2026,107336,slawer,None,0,0,0, R$  -   ,,,,NLH,0
18/05/2026,109746,DMC…,None,0,0,0, R$  -   ,,,,NLH,0
18/05/2026,116764,leandroSant,None,0,0,0, R$  -   ,,,,NLH,0
18/05/2026,125132,williannuts,None,0,0,0, R$  -   ,,,,NLH,0
18/05/2026,126206,meduza,None,0,0,0, R$  -   ,,,,NLH,"1,08"
18/05/2026,130799,pix130799,None,0,0,0, R$  -   ,,,,NLH,0
18/05/2026,139309,deixacupai,None,0,0,0, R$  -   ,,,,NLH,0
18/05/2026,140529,pix140529,None,0,0,0, R$  -   ,,,,NLH,0
18/05/2026,146426,Piu ?,None,0,0,"0,18"," R$  0,18 ","0,00%","0,00%","100,00%",PLO6,"-0,49"
18/05/2026,147988,pix147988,None,0,0,0, R$  -   ,,,,NLH,"1,6"
18/05/2026,149942,Romulets,None,0,0,0, R$  -   ,,,,NLH,0
18/05/2026,162797,gabbifm33,None,0,0,0, R$  -   ,,,,NLH,0
18/05/2026,172118,pix172118,None,0,0,0, R$  -   ,,,,NLH,0
18/05/2026,173124,pix173124,None,0,0,0, R$  -   ,,,,NLH,0
18/05/2026,174039,pix174039,None,0,0,0, R$  -   ,,,,NLH,0
18/05/2026,181557,_L4jus_,None,0,0,0, R$  -   ,,,,NLH,0
18/05/2026,184953,chiquinho,None,0,0,0, R$  -   ,,,,NLH,0
18/05/2026,185700,BISAQUE,None,0,0,0, R$  -   ,,,,NLH,0
18/05/2026,186329,gabrielmnds,None,0,1,0," R$  1,00 ","0,00%","100,00%","0,00%",MTT,-10
18/05/2026,191714,svki,None,0,0,0, R$  -   ,,,,NLH,"1,6"
18/05/2026,192188,Suzana25,None,0,0,0, R$  -   ,,,,NLH,0
18/05/2026,192189,pix192189,None,0,0,0, R$  -   ,,,,NLH,0
18/05/2026,193022,pix193022,None,0,0,0, R$  -   ,,,,NLH,0
18/05/2026,194041,TAKUNAVARA,None,0,0,0, R$  -   ,,,,NLH,0
18/05/2026,194085,pix194085,None,0,0,0, R$  -   ,,,,NLH,0
18/05/2026,194315,pix194315,None,0,0,0, R$  -   ,,,,NLH,0
18/05/2026,195662,Asteroid Destroyer,None,0,"0,2",0," R$  0,20 ","0,00%","100,00%","0,00%",MTT,-2
18/05/2026,195904,pix195904,None,0,0,0, R$  -   ,,,,NLH,0
18/05/2026,196160,negobiduba3,None,0,"10,72",0," R$  10,72 ","0,00%","100,00%","0,00%",MTT,"-56,24"
18/05/2026,161620,???,None,"134,21","3,2","41,32"," R$  178,73 ","75,09%","1,79%","23,12%",NLH,-155
18/05/2026,193369,PiFa ??,None,0,"0,5",0," R$  0,50 ","0,00%","100,00%","0,00%",MTT,-5
18/05/2026,172688,pix172688,None,"1,38",0,0," R$  1,38 ","100,00%","0,00%","0,00%",NLH,-20
18/05/2026,117548,weslen442,None,"3,98",0,0," R$  3,98 ","100,00%","0,00%","0,00%",NLH,-30
18/05/2026,170099,Alexandre fm,None,0,0,0, R$  -   ,,,,NLH,0
18/05/2026,171114,Vapor Z/S,None,0,0,0, R$  -   ,,,,NLH,0
18/05/2026,171136,vainotrem,None,0,0,"6,53"," R$  6,53 ","0,00%","0,00%","100,00%",PLO6,"42,76"
18/05/2026,173019,pix173019,None,0,0,0, R$  -   ,,,,NLH,0
18/05/2026,179757,zorrokkk,None,0,0,0, R$  -   ,,,,NLH,0
18/05/2026,180674,Lumesmo ?,None,0,0,0, R$  -   ,,,,NLH,0
18/05/2026,186283,pix186283,None,0,0,0, R$  -   ,,,,NLH,0
18/05/2026,187607,pix187607,None,0,0,0, R$  -   ,,,,NLH,0
18/05/2026,189042,juannito,None,0,0,0, R$  -   ,,,,NLH,0
18/05/2026,190975,jully2915,None,0,0,0, R$  -   ,,,,NLH,0
18/05/2026,191307,EHMM,None,0,0,0, R$  -   ,,,,NLH,0
18/05/2026,193281,novocel,None,0,0,0, R$  -   ,,,,NLH,0
18/05/2026,193741,minhapicatotentando,None,0,0,0, R$  -   ,,,,NLH,0
18/05/2026,196161,pix196161,None,0,0,0, R$  -   ,,,,NLH,0
18/05/2026,196168,pix196168,None,"48,84",0,0," R$  48,84 ","100,00%","0,00%","0,00%",NLH,-100
18/05/2026,167222,Dino do poker,None,"0,94",0,"11,29"," R$  12,23 ","7,69%","0,00%","92,31%",PLO6,-35
18/05/2026,192825,pix192825,None,0,0,7," R$  7,00 ","0,00%","0,00%","100,00%",PLO6,-40
18/05/2026,194364,pix194364,None,"0,78",0,0," R$  0,78 ","100,00%","0,00%","0,00%",NLH,"13,22"
18/05/2026,123102,pix123102,None,0,0,"241,02"," R$  241,02 ","0,00%","0,00%","100,00%",PLO6,-100
18/05/2026,196182,pix196182,None,0,0,"16,87"," R$  16,87 ","0,00%","0,00%","100,00%",PLO6,-400
18/05/2026,196181,pix196181,None,0,0,"1801,73"," R$  1.801,73 ","0,00%","0,00%","100,00%",PLO6,"-8060,44"
18/05/2026,164804,JaunMaconha,None,0,0,"1,38"," R$  1,38 ","0,00%","0,00%","100,00%",PLO6,-20
18/05/2026,168864,pix168864,None,"1,09",0,0," R$  1,09 ","100,00%","0,00%","0,00%",NLH,"-10,01"
18/05/2026,191484,Fumacinha,None,"0,98",0,0," R$  0,98 ","100,00%","0,00%","0,00%",NLH,"8,92"
18/05/2026,196175,cú ?,None,"1,1",0,0," R$  1,10 ","100,00%","0,00%","0,00%",NLH,0
18/05/2026,145204,Cebola do sertão,None,"0,41",0,"1,64"," R$  2,05 ","20,00%","0,00%","80,00%",PLO6,0
18/05/2026,146616,ESQUELETO,None,0,0,0, R$  -   ,,,,NLH,0
18/05/2026,148239,Oscar Alho,None,0,0,"0,34"," R$  0,34 ","0,00%","0,00%","100,00%",PLO6,"-0,01"
18/05/2026,148477,eleitor do lula,None,0,0,0, R$  -   ,,,,NLH,0
18/05/2026,153730,Gil do Vigor,None,0,0,0, R$  -   ,,,,NLH,0
18/05/2026,154646,Robben,None,0,0,0, R$  -   ,,,,NLH,0
18/05/2026,154780,Rivaldo 10,None,0,0,0, R$  -   ,,,,NLH,0
18/05/2026,155859,Jett Mafioso,None,0,0,0, R$  -   ,,,,NLH,0
18/05/2026,196114,pix196114,None,0,0,0, R$  -   ,,,,NLH,"2,99"
18/05/2026,196115,pix196115,None,0,0,0, R$  -   ,,,,NLH,0
18/05/2026,196116,pix196116,None,0,0,0, R$  -   ,,,,NLH,0
18/05/2026,196117,pix196117,None,0,0,0, R$  -   ,,,,NLH,0
18/05/2026,196118,pix196118,None,0,0,0, R$  -   ,,,,NLH,0
18/05/2026,196169,pix196169,None,0,0,0, R$  -   ,,,,NLH,0
18/05/2026,196170,pix196170,None,"0,54",0,0," R$  0,54 ","100,00%","0,00%","0,00%",NLH,"0,01"
18/05/2026,196171,pix196171,None,0,0,0, R$  -   ,,,,NLH,0
18/05/2026,196172,Ootario?,None,0,0,0, R$  -   ,,,,NLH,0
18/05/2026,196173,chupao ?,None,0,0,0, R$  -   ,,,,NLH,0
18/05/2026,196174,gayzao?,None,0,0,0, R$  -   ,,,,NLH,0
18/05/2026,192933,Motoqueirinho,None,0,40,0," R$  40,00 ","0,00%","100,00%","0,00%",MTT,0
18/05/2026,106805,ADENOR 2023,None,0,"3,9",0," R$  3,90 ","0,00%","100,00%","0,00%",MTT,-39
18/05/2026,152235,namastê!,None,0,0,"3,11"," R$  3,11 ","0,00%","0,00%","100,00%",PLO6,"115,9"
18/05/2026,186871,MIKE BAGUNCINHA,None,"1,72",0,"0,03"," R$  1,75 ","98,29%","0,00%","1,71%",NLH,"49,67"
18/05/2026,195546,Saul2A,None,"1,29",0,"0,5"," R$  1,79 ","72,07%","0,00%","27,93%",NLH,-10
18/05/2026,196119,pix196119,None,0,0,"151,78"," R$  151,78 ","0,00%","0,00%","100,00%",PLO6,-850
18/05/2026,196176,pix196176,None,0,"1,34",0," R$  1,34 ","0,00%","100,00%","0,00%",MTT,"-32,78"
18/05/2026,187314,pix187314,None,0,0,"6,51"," R$  6,51 ","0,00%","0,00%","100,00%",PLO6,"53,58"
18/05/2026,106460,caricatura02,None,0,0,0, R$  -   ,,,,NLH,0
18/05/2026,131446,pix131446,None,0,0,0, R$  -   ,,,,NLH,0
18/05/2026,136568,s_mpoker3715,None,0,0,0, R$  -   ,,,,NLH,0
18/05/2026,146296,pix146296,None,0,0,0, R$  -   ,,,,NLH,0
18/05/2026,146696,cachaça51,None,0,0,0, R$  -   ,,,,NLH,0
18/05/2026,170343,JJ-metal,None,0,0,0, R$  -   ,,,,NLH,0
18/05/2026,170734,pix170734,None,0,0,0, R$  -   ,,,,NLH,0
18/05/2026,172258,pix172258,None,0,0,0, R$  -   ,,,,NLH,0
18/05/2026,194307,pix194307,None,0,0,0, R$  -   ,,,,NLH,0
18/05/2026,194754,pix194754,None,0,0,0, R$  -   ,,,,NLH,0
18/05/2026,195227,pix195227,None,0,0,0, R$  -   ,,,,NLH,0
18/05/2026,195669,pix195669,None,0,0,0, R$  -   ,,,,NLH,0
18/05/2026,196166,pix196166,None,0,0,0, R$  -   ,,,,NLH,0
18/05/2026,154432,pix154432,None,"2,6","0,8","26,75"," R$  30,15 ","8,62%","2,65%","88,72%",PLO6,-130
18/05/2026,195723,pix195723,None,0,0,"0,19"," R$  0,19 ","0,00%","0,00%","100,00%",PLO6,"-10,09"
18/05/2026,187868,baubau,None,"2,09",0,0," R$  2,09 ","100,00%","0,00%","0,00%",NLH,-5
18/05/2026,155126,NeiLeite,None,"2,98",0,0," R$  2,98 ","100,00%","0,00%","0,00%",NLH,-35
18/05/2026,106526,Malandro,None,1,0,0," R$  1,00 ","100,00%","0,00%","0,00%",NLH,-12
18/05/2026,191844,Italo$$$,None,"3,21",0,0," R$  3,21 ","100,00%","0,00%","0,00%",NLH,-42
18/05/2026,196194,Bruxo444,None,"8,17",0,"0,09"," R$  8,26 ","98,91%","0,00%","1,09%",NLH,"-68,72"
18/05/2026,152009,NsMM,None,"0,2",0,0," R$  0,20 ","100,00%","0,00%","0,00%",NLH,"10,76"
18/05/2026,136151,GilBodybuilder,None,0,"1,7",0," R$  1,70 ","0,00%","100,00%","0,00%",MTT,-17
18/05/2026,146249,pix146249,None,0,"21,05",0," R$  21,05 ","0,00%","100,00%","0,00%",MTT,"-210,5"
18/05/2026,148679,pix148679,None,0,14,0," R$  14,00 ","0,00%","100,00%","0,00%",MTT,-140
18/05/2026,196186,pix196186,None,0,15,0," R$  15,00 ","0,00%","100,00%","0,00%",MTT,-150
18/05/2026,189442,@Daavi.10,None,0,0,"25,88"," R$  25,88 ","0,00%","0,00%","100,00%",PLO6,-50
18/05/2026,196191,pix196191,None,0,"1,05",0," R$  1,05 ","0,00%","100,00%","0,00%",MTT,"-10,5"
18/05/2026,195893,pix195893,None,0,0,"5,88"," R$  5,88 ","0,00%","0,00%","100,00%",PLO6,-57
18/05/2026,136110,Kenay,None,"3,76",0,"1,55"," R$  5,31 ","70,81%","0,00%","29,19%",NLH,-30
18/05/2026,196196,brinha007,None,"0,27",0,"19,05"," R$  19,32 ","1,40%","0,00%","98,60%",PLO6,"-48,95"
18/05/2026,106260,kidpoker,None,0,0,0, R$  -   ,,,,NLH,0
18/05/2026,114402,pix114402,None,0,0,0, R$  -   ,,,,NLH,"1,08"
18/05/2026,159745,pix159745,None,0,0,0, R$  -   ,,,,NLH,0
18/05/2026,171644,kell,None,0,0,0, R$  -   ,,,,NLH,0
18/05/2026,193437,pix193437,None,0,"0,1",0," R$  0,10 ","0,00%","100,00%","0,00%",MTT,-1
18/05/2026,195819,pix195819,None,0,0,"4,01"," R$  4,01 ","0,00%","0,00%","100,00%",PLO6,-10
18/05/2026,196199,codorna al,None,"0,02",0,"1,94"," R$  1,96 ","1,02%","0,00%","98,98%",PLO6,"84,98"
18/05/2026,196204,pix196204,None,"0,55",0,0," R$  0,55 ","100,00%","0,00%","0,00%",NLH,"9,56"
18/05/2026,196178,policiaBOPE,None,0,20,"6,12"," R$  26,12 ","0,00%","76,57%","23,43%",MTT,-248
18/05/2026,193218,box405,None,0,0,"7,83"," R$  7,83 ","0,00%","0,00%","100,00%",PLO6,-125
18/05/2026,147813,pix147813,None,"24,37",0,"1,73"," R$  26,10 ","93,37%","0,00%","6,63%",NLH,"7,08"
18/05/2026,182555,jogador01,None,"13,98",0,0," R$  13,98 ","100,00%","0,00%","0,00%",NLH,31
18/05/2026,106727,Tiaojunior,None,"4,59","5,5",0," R$  10,09 ","45,49%","54,51%","0,00%",MTT,"-90,01"
18/05/2026,196184,pix196184,None,"10,73",0,0," R$  10,73 ","100,00%","0,00%","0,00%",NLH,-50
18/05/2026,196197,pix196197,None,0,3,0," R$  3,00 ","0,00%","100,00%","0,00%",MTT,-30
18/05/2026,196192,pix196192,None,0,0,"6,18"," R$  6,18 ","0,00%","0,00%","100,00%",PLO6,-112
18/05/2026,185931,pix185931,None,"7,81",0,0," R$  7,81 ","100,00%","0,00%","0,00%",NLH,"75,84"
18/05/2026,196208,pix196208,None,"5,12",0,"0,49"," R$  5,61 ","91,27%","0,00%","8,73%",NLH,-40
18/05/2026,129609,AASuted,None,0,0,"2,15"," R$  2,15 ","0,00%","0,00%","100,00%",PLO6,"-28,07"
18/05/2026,151057,Beto $alada,None,0,"0,5",0," R$  0,50 ","0,00%","100,00%","0,00%",MTT,-5
18/05/2026,144895,pix144895,None,0,1,0," R$  1,00 ","0,00%","100,00%","0,00%",MTT,-10
18/05/2026,141756,WGodoi,None,0,"2,7",0," R$  2,70 ","0,00%","100,00%","0,00%",MTT,-27
18/05/2026,168634,Willdde,None,0,1,0," R$  1,00 ","0,00%","100,00%","0,00%",MTT,-10
18/05/2026,155404,vinhodiesel,None,0,"3,4",0," R$  3,40 ","0,00%","100,00%","0,00%",MTT,-34
18/05/2026,150865,Aciole,None,0,8,0," R$  8,00 ","0,00%","100,00%","0,00%",MTT,0
18/05/2026,190913,p2p4kings,None,"0,51",0,0," R$  0,51 ","100,00%","0,00%","0,00%",NLH,"6,8"
18/05/2026,157576,DIEGO10K,None,0,"2,5",0," R$  2,50 ","0,00%","100,00%","0,00%",MTT,-25
18/05/2026,135727,D. Luffy,AF -JR. CALAZANS,0,"43,2",0," R$  43,20 ","0,00%","100,00%","0,00%",MTT,"44,03"
18/05/2026,178284,tuffs,AF -JR. CALAZANS,0,5,"178,69"," R$  183,69 ","0,00%","2,72%","97,28%",PLO6,"-255,34"
18/05/2026,149182,Alan Jatobá,AF -JR. CALAZANS,0,"31,36",0," R$  31,36 ","0,00%","100,00%","0,00%",MTT,"6,8"
18/05/2026,130350,Sete4,AF -JR. CALAZANS,0,196,"1886,04"," R$  2.082,04 ","0,00%","9,41%","90,59%",PLO6,"-1999,13"
18/05/2026,124340,Agoravai,AF -JR. CALAZANS,0,62,"200,42"," R$  262,42 ","0,00%","23,63%","76,37%",PLO6,-385
18/05/2026,183037,Bingo,AF -JR. CALAZANS,0,10,"228,63"," R$  238,63 ","0,00%","4,19%","95,81%",PLO6,"110,26"
18/05/2026,183056,Profeta10,AF -JR. CALAZANS,0,10,"216,69"," R$  226,69 ","0,00%","4,41%","95,59%",PLO6,-1005
18/05/2026,131291,Moreirão,AF -JR. CALAZANS,0,20,"758,63"," R$  778,63 ","0,00%","2,57%","97,43%",PLO6,"-4140,27"
18/05/2026,192627,timãoepumba,AF -JR. CALAZANS,0,10,"779,86"," R$  789,86 ","0,00%","1,27%","98,73%",PLO6,"-3100,25"
18/05/2026,136575,Blef_Nuts,AF -JR. CALAZANS,0,"1,2","101,91"," R$  103,11 ","0,00%","1,16%","98,84%",PLO6,-230
18/05/2026,188987,Apple,AF -JR. CALAZANS,0,28,"5116,31"," R$  5.144,31 ","0,00%","0,54%","99,46%",PLO6,"10249,17"
18/05/2026,137862,runeruner,AF -JR. CALAZANS,"67,85","52,7",0," R$  120,55 ","56,28%","43,72%","0,00%",NLH,"-216,48"
18/05/2026,166183,Durcall,AF -JR. CALAZANS,0,"90,9",0," R$  90,90 ","0,00%","100,00%","0,00%",MTT,-909
18/05/2026,129018,Alfredão,AF -JR. CALAZANS,0,0,"76,32"," R$  76,32 ","0,00%","0,00%","100,00%",PLO6,"-500,28"
18/05/2026,131603,tiabuh,AF -JR. CALAZANS,0,0,"6,75"," R$  6,75 ","0,00%","0,00%","100,00%",PLO6,-60
18/05/2026,138993,joelma,AF -JR. CALAZANS,0,0,"414,04"," R$  414,04 ","0,00%","0,00%","100,00%",PLO6,"988,17"
18/05/2026,146754,ricardo ribeiro,AF - BERNARDO,0,"8,2","95,95"," R$  104,15 ","0,00%","7,87%","92,13%",PLO6,"302,77"
18/05/2026,159243,JL0211,AF - BERNARDO,0,"3,5","210,86"," R$  214,36 ","0,00%","1,63%","98,37%",PLO6,"-175,92"
18/05/2026,100533,Boqueirão PB?,AF - BERNARDO,0,0,0, R$  -   ,,,,NLH,0
18/05/2026,148812,seu barriga,AF - BERNARDO,0,"5,5","84,83"," R$  90,33 ","0,00%","6,09%","93,91%",PLO6,-38
18/05/2026,120745,Doutorzin,AF - BERNARDO,0,0,"429,66"," R$  429,66 ","0,00%","0,00%","100,00%",PLO6,"3494,15"
18/05/2026,139677,Branquelo de Neve,AF - BERNARDO,0,0,"4,4"," R$  4,40 ","0,00%","0,00%","100,00%",PLO6,-100
18/05/2026,147416,aqui acabou apokao,AF - FABIO MURAKAMI,0,"87,2","306,05"," R$  393,25 ","0,00%","22,17%","77,83%",PLO6,"6336,27"
18/05/2026,158904,balistic_blefe,AF - FABIO MURAKAMI,0,"135,5","102,34"," R$  237,84 ","0,00%","56,97%","43,03%",MTT,"5575,18"
18/05/2026,172138,Russia,AF - FABIO MURAKAMI,"174,14",0,0," R$  174,14 ","100,00%","0,00%","0,00%",NLH,"145,44"
18/05/2026,144307,AANTONIOE,AF - FABIO MURAKAMI,0,"0,1",0," R$  0,10 ","0,00%","100,00%","0,00%",MTT,-1
18/05/2026,163679,Leo 73,AF - FABIO MURAKAMI,0,"1,2",0," R$  1,20 ","0,00%","100,00%","0,00%",MTT,"-0,03"
18/05/2026,127292,ErroPotte,AF - FABIO MURAKAMI,0,"56,5",0," R$  56,50 ","0,00%","100,00%","0,00%",MTT,"-542,5"
18/05/2026,130042,FabioK9,AF - FABIO MURAKAMI,"6,14","71,5","32,51"," R$  110,15 ","5,57%","64,91%","29,51%",MTT,-1001
18/05/2026,152206,piperpuertas,AF - FABIO MURAKAMI,0,26,0," R$  26,00 ","0,00%","100,00%","0,00%",MTT,-215
18/05/2026,160733,TheKing92,AF - FABIO MURAKAMI,0,"53,75",0," R$  53,75 ","0,00%","100,00%","0,00%",MTT,"-49,45"
18/05/2026,153916,Xandovysk,AF - FABIO MURAKAMI,0,"1,5",0," R$  1,50 ","0,00%","100,00%","0,00%",MTT,"-0,78"
18/05/2026,163793,SHEIIK,AF - FABIO MURAKAMI,0,"0,1",0," R$  0,10 ","0,00%","100,00%","0,00%",MTT,"0,05"
18/05/2026,182047,joventralha1,AF - FABIO MURAKAMI,0,"17,6","86,07"," R$  103,67 ","0,00%","16,98%","83,02%",PLO6,"211,61"
18/05/2026,146545,Patativover,AF - FABIO MURAKAMI,0,61,0," R$  61,00 ","0,00%","100,00%","0,00%",MTT,"-315,41"
18/05/2026,135647,Bulldogs,AF - FABIO MURAKAMI,0,"4,6",0," R$  4,60 ","0,00%","100,00%","0,00%",MTT,-46
18/05/2026,148157,@AlugaGames,AF - JEFFERSON P.,0,0,"7251,85"," R$  7.251,85 ","0,00%","0,00%","100,00%",PLO6,6446
18/05/2026,152301,Chuck,AF - JEFFERSON P.,0,0,"147,21"," R$  147,21 ","0,00%","0,00%","100,00%",PLO6,"-9,89"
18/05/2026,144451,Oiregor81,AF - JEFFERSON P.,0,0,"793,15"," R$  793,15 ","0,00%","0,00%","100,00%",PLO6,"305,74"
18/05/2026,173301,JowB99,AF - JEFFERSON P.,0,"26,7","88,6"," R$  115,30 ","0,00%","23,16%","76,84%",PLO6,"-368,21"
18/05/2026,177226,CeasaCamp,AF - JEFFERSON P.,0,"16,3",0," R$  16,30 ","0,00%","100,00%","0,00%",MTT,-163
18/05/2026,133575,PHBarros021,AF - JEFFERSON P.,"4,95",1,"12,56"," R$  18,51 ","26,74%","5,40%","67,86%",PLO6,-135
18/05/2026,150319,BWT1,AF - JEFFERSON P.,0,0,"122,54"," R$  122,54 ","0,00%","0,00%","100,00%",PLO6,-415
18/05/2026,141493,Sidnei?,AF - JEFFERSON P.,0,0,"22,24"," R$  22,24 ","0,00%","0,00%","100,00%",PLO6,-94
18/05/2026,175326,julio40,AF - JEFFERSON P.,"40,54",0,"3510,04"," R$  3.550,58 ","1,14%","0,00%","98,86%",PLO6,"-1,72"
18/05/2026,124726,I Love Warung,AF - JEFFERSON P.,0,0,"77,75"," R$  77,75 ","0,00%","0,00%","100,00%",PLO6,"-0,22"
18/05/2026,151587,pix151587,AF - JEFFERSON P.,0,0,"772,74"," R$  772,74 ","0,00%","0,00%","100,00%",PLO6,"-4500,21"
18/05/2026,161958,pix161958,AF - LEONARDO DUARTE,0,0,"486,51"," R$  486,51 ","0,00%","0,00%","100,00%",PLO6,"4173,18"
18/05/2026,187369,FelipeJoia24,AF - LEONARDO DUARTE,0,"23,3",0," R$  23,30 ","0,00%","100,00%","0,00%",MTT,"-226,25"
18/05/2026,186673,GamblerAlencar,AF - LEONARDO DUARTE,"15,89","147,4","40,64"," R$  203,93 ","7,79%","72,28%","19,93%",MTT,"3491,1"
18/05/2026,163618,Pep Guardiola,AF - LEONARDO DUARTE,0,0,"13,98"," R$  13,98 ","0,00%","0,00%","100,00%",PLO6,"-200,1"
18/05/2026,167387,pix167387,AF - LEONARDO DUARTE,0,0,"232,26"," R$  232,26 ","0,00%","0,00%","100,00%",PLO6,"-593,88"
18/05/2026,169126,sai moleza,AF - JAPA,0,0,"2188,66"," R$  2.188,66 ","0,00%","0,00%","100,00%",PLO6,"-537,74"
18/05/2026,172370,ShoShoNilDo,AF - JAPA,0,10,"7002,08"," R$  7.012,08 ","0,00%","0,14%","99,86%",PLO6,"29510,76"
18/05/2026,142091,pau e choque,AF - JAPA,0,"4,6","1007,09"," R$  1.011,69 ","0,00%","0,45%","99,55%",PLO6,-3692
18/05/2026,172369,Di Pace,AF - JAPA,0,"12,3",0," R$  12,30 ","0,00%","100,00%","0,00%",MTT,"-10,65"
18/05/2026,180537,Max leite,AF - JAPA,0,13,"2,53"," R$  15,53 ","0,00%","83,71%","16,29%",MTT,-256
18/05/2026,147885,freshfrozen,AF - JAPA,0,96,0," R$  96,00 ","0,00%","100,00%","0,00%",MTT,"1949,59"
18/05/2026,187490,De Arrascaeta,AF - JAPA,0,110,0," R$  110,00 ","0,00%","100,00%","0,00%",MTT,"413,32"
18/05/2026,124067,Carnasss,AF - JAPA,0,0,"871,36"," R$  871,36 ","0,00%","0,00%","100,00%",PLO6,"399,2"
18/05/2026,100220,Martin Kabrhel,AF - RAPHAEL A.,0,0,"157,97"," R$  157,97 ","0,00%","0,00%","100,00%",PLO6,"108,17"
18/05/2026,145480,parDeKK,AF - RAPHAEL A.,0,0,"579,63"," R$  579,63 ","0,00%","0,00%","100,00%",PLO6,"655,71"
18/05/2026,186000,Arapuca.armada,AF - RAPHAEL A.,0,0,"138,28"," R$  138,28 ","0,00%","0,00%","100,00%",PLO6,-575
18/05/2026,194024,chama na bota,AF - RAPHAEL A.,0,0,"669,92"," R$  669,92 ","0,00%","0,00%","100,00%",PLO6,"8468,03"
18/05/2026,193309,LLL3,AF - RAPHAEL A.,0,0,0, R$  -   ,,,,NLH,"1,11"
18/05/2026,183282,ricardin,AF - RAPHAEL A.,0,0,"45,95"," R$  45,95 ","0,00%","0,00%","100,00%",PLO6,-20
18/05/2026,102379,pix102379,AF - RAPHAEL A.,0,0,0, R$  -   ,,,,NLH,0
18/05/2026,100451,zumbi da noite,AF - RR,"4,88",0,"185,48"," R$  190,36 ","2,56%","0,00%","97,44%",PLO6,-650
18/05/2026,126204,djoker,AF - RR,"1,54","1,5","64,52"," R$  67,56 ","2,28%","2,22%","95,50%",PLO6,97
18/05/2026,145018,HUGUINHO,AF - RR,0,0,"356,29"," R$  356,29 ","0,00%","0,00%","100,00%",PLO6,"-999,48"
18/05/2026,166945,Noia?,AF - RR,0,"0,1",0," R$  0,10 ","0,00%","100,00%","0,00%",MTT,-1
18/05/2026,106956,IgorStone,AF - RR,0,0,"24,05"," R$  24,05 ","0,00%","0,00%","100,00%",PLO6,"-250,62"
18/05/2026,100442,pixbet,AF - RR,0,8,0," R$  8,00 ","0,00%","100,00%","0,00%",MTT,0
18/05/2026,123011,balachocabalachoca,AF - RR,0,8,0," R$  8,00 ","0,00%","100,00%","0,00%",MTT,0
18/05/2026,146076,zipplockk,AF - RR,0,8,0," R$  8,00 ","0,00%","100,00%","0,00%",MTT,0
18/05/2026,133735,Balodinhosx777,AF - LEANDRO,0,0,"91,33"," R$  91,33 ","0,00%","0,00%","100,00%",PLO6,"-91,3"
18/05/2026,139476,willamys,AF - LEANDRO,"13,47",0,"18,9"," R$  32,37 ","41,61%","0,00%","58,39%",PLO6,-78
18/05/2026,151420,pitbul,AF - LEANDRO,"0,34",0,"129,49"," R$  129,83 ","0,26%","0,00%","99,74%",PLO6,"-748,99"
18/05/2026,159067,Brenooo,AF - LEANDRO,0,0,"38,02"," R$  38,02 ","0,00%","0,00%","100,00%",PLO6,-54
18/05/2026,165787,dinho2.3,AF - LEANDRO,"5,84","2,9","60,44"," R$  69,18 ","8,44%","4,19%","87,37%",PLO6,16
18/05/2026,117424,Kagê ?,AF - LEANDRO,"28,99",1,"58,31"," R$  88,30 ","32,83%","1,13%","66,04%",PLO6,-75
18/05/2026,156136,jucazao_81,AF - LEANDRO,0,0,"61,27"," R$  61,27 ","0,00%","0,00%","100,00%",PLO6,"319,91"
18/05/2026,152138,jlucas283941,AF - LEANDRO,"3,53","64,9",0," R$  68,43 ","5,16%","94,84%","0,00%",MTT,"-186,44"
18/05/2026,140016,T. Shelby,AF - LEANDRO,0,"3,8",0," R$  3,80 ","0,00%","100,00%","0,00%",MTT,"29,6"
18/05/2026,112206,thebest,AF - LEANDRO,0,0,"87,94"," R$  87,94 ","0,00%","0,00%","100,00%",PLO6,"-91,68"
18/05/2026,151970,METEORO,AF - LEANDRO,0,0,"5,66"," R$  5,66 ","0,00%","0,00%","100,00%",PLO6,"-40,52"
18/05/2026,165375,SAROBEIRO ?,AF - LEANDRO,0,0,"3,62"," R$  3,62 ","0,00%","0,00%","100,00%",PLO6,"-53,25"
18/05/2026,170947,vofoldar,AF - LEANDRO,"2,26","37,1","0,72"," R$  40,08 ","5,64%","92,56%","1,80%",MTT,"-355,81"
18/05/2026,151135,tutu151135,AF - LEANDRO,0,0,"50,92"," R$  50,92 ","0,00%","0,00%","100,00%",PLO6,"-34,89"
18/05/2026,153971,pix153971,AF - LEANDRO,0,0,"4115,44"," R$  4.115,44 ","0,00%","0,00%","100,00%",PLO6,"-19566,37"
18/05/2026,150696,Derel?,AF - LEANDRO,"26,69",0,0," R$  26,69 ","100,00%","0,00%","0,00%",NLH,"-33,57"
18/05/2026,155125,NUTS ????,AF - LEANDRO,"12,23","0,1",0," R$  12,33 ","99,19%","0,81%","0,00%",NLH,"-40,05"
18/05/2026,156447,QuebraBanca,AF - LEANDRO,"33,3","1,6",0," R$  34,90 ","95,42%","4,58%","0,00%",NLH,"-45,47"
18/05/2026,129998,Gengis Khan,AF - LEANDRO,"10,77",0,0," R$  10,77 ","100,00%","0,00%","0,00%",NLH,"14,29"
18/05/2026,152328,ALEMDALOMBRA??,AF - LEANDRO,"344,81",0,"18,58"," R$  363,39 ","94,89%","0,00%","5,11%",NLH,"1170,95"
18/05/2026,176575,Vela,AF - LEANDRO,"52,23",0,0," R$  52,23 ","100,00%","0,00%","0,00%",NLH,-82
18/05/2026,159479,PIX17809619608,AF - LEANDRO,"48,01","0,5",0," R$  48,51 ","98,97%","1,03%","0,00%",NLH,"-153,15"
18/05/2026,107566,BruxoAl,AF - LEANDRO,0,"26,34",0," R$  26,34 ","0,00%","100,00%","0,00%",MTT,"-248,66"
18/05/2026,146053,MANDALORIAN-146053,AF - LEANDRO,0,"1,7",0," R$  1,70 ","0,00%","100,00%","0,00%",MTT,-17
18/05/2026,164460,J h o n z i n h o10k,AF - LEANDRO,0,3,"166,63"," R$  169,63 ","0,00%","1,77%","98,23%",PLO6,"80,8"
18/05/2026,108942,Galeego,AF - LEANDRO,"92,3","5,5","73,25"," R$  171,05 ","53,96%","3,22%","42,82%",NLH,"-225,02"
18/05/2026,130833,joakspk,AF - LEANDRO,"0,39",0,0," R$  0,39 ","100,00%","0,00%","0,00%",NLH,"-2,48"
18/05/2026,147243,BiaFreitas,AF - LEANDRO,0,0,0, R$  -   ,,,,NLH,0
18/05/2026,147246,Luisa Freitas,AF - LEANDRO,0,0,0, R$  -   ,,,,NLH,0
18/05/2026,147363,FreitasJr,AF - LEANDRO,0,0,0, R$  -   ,,,,NLH,0
18/05/2026,149115,carlito157,AF - LEANDRO,0,0,"0,39"," R$  0,39 ","0,00%","0,00%","100,00%",PLO6,0
18/05/2026,156730,atrevido3,AF - LEANDRO,"1,15",0,"8,99"," R$  10,14 ","11,34%","0,00%","88,66%",PLO6,-55
18/05/2026,162734,abdujaballl,AF - LEANDRO,0,0,0, R$  -   ,,,,NLH,0
18/05/2026,171573,Gabriel.Lacerda,AF - LEANDRO,"223,21","4,5",0," R$  227,71 ","98,02%","1,98%","0,00%",NLH,-179
18/05/2026,136662,PERICANO,AF - LEANDRO,0,0,0, R$  -   ,,,,NLH,0
18/05/2026,143578,Drxx,AF - LEANDRO,"0,5","4,54",0," R$  5,04 ","9,92%","90,08%","0,00%",MTT,"-39,5"
18/05/2026,150298,Msanto,AF - LEANDRO,"8,63",0,0," R$  8,63 ","100,00%","0,00%","0,00%",NLH,"-16,4"
18/05/2026,155238,RigoShelbyy,AF - LEANDRO,1,0,0," R$  1,00 ","100,00%","0,00%","0,00%",NLH,-10
18/05/2026,153437,edimar delicia,AF - LEANDRO,0,"5,6",0," R$  5,60 ","0,00%","100,00%","0,00%",MTT,-56
18/05/2026,164147,DavidRam,AF - LEANDRO,"1,34",0,0," R$  1,34 ","100,00%","0,00%","0,00%",NLH,-30
18/05/2026,154852,RAFINHALOPES,AF - LEANDRO,0,2,0," R$  2,00 ","0,00%","100,00%","0,00%",MTT,-20
18/05/2026,156079,Alyson01,AF - LEANDRO,0,"0,1",0," R$  0,10 ","0,00%","100,00%","0,00%",MTT,-1
18/05/2026,159560,maumaudastramanhas,AF - LEANDRO,"20,26",0,0," R$  20,26 ","100,00%","0,00%","0,00%",NLH,"-121,29"
18/05/2026,111763,patifari@ poker,AF - LEANDRO,"6,75","9,8",0," R$  16,55 ","40,79%","59,21%","0,00%",MTT,"-124,09"
18/05/2026,155377,GabrielFallett,AF - LEANDRO,0,0,0, R$  -   ,,,,NLH,"1,27"
18/05/2026,165311,boruto,AF - LEANDRO,"0,63",1,"1,5"," R$  3,13 ","20,13%","31,95%","47,92%",PLO6,"-50,66"
18/05/2026,170781,Ester S,AF - LEANDRO,0,0,0, R$  -   ,,,,NLH,0
18/05/2026,172006,NolanJairo,AF - LEANDRO,0,0,"1,13"," R$  1,13 ","0,00%","0,00%","100,00%",PLO6,"-3,12"
18/05/2026,125576,Sdcam011,AF - LEANDRO,0,0,0, R$  -   ,,,,NLH,0
18/05/2026,157769,vpzera,AF - LEANDRO,"1,09","9,8","45,17"," R$  56,06 ","1,94%","17,48%","80,57%",PLO6,"-158,3"
18/05/2026,170987,ruanzin07,AF - LEANDRO,0,0,0, R$  -   ,,,,NLH,0
18/05/2026,172717,bicarbonato,AF - LEANDRO,0,0,0, R$  -   ,,,,NLH,0
18/05/2026,152368,TôNemAÍ,AF - LEANDRO,0,"5,4","216,5"," R$  221,90 ","0,00%","2,43%","97,57%",PLO6,"-112,42"
18/05/2026,156755,motocó?,AF - LEANDRO,0,0,"58,84"," R$  58,84 ","0,00%","0,00%","100,00%",PLO6,-133
18/05/2026,139265,DiegoPicaPau,AF - LEANDRO,"0,82","3,4","5,6"," R$  9,82 ","8,35%","34,62%","57,03%",PLO6,"-36,55"
18/05/2026,158350,ZEDUPEIXE,AF - LEANDRO,"31,49",0,"30,39"," R$  61,88 ","50,89%","0,00%","49,11%",NLH,"-104,5"
18/05/2026,153141,Arthur2mm,AF - LEANDRO,0,0,"2,1"," R$  2,10 ","0,00%","0,00%","100,00%",PLO6,-10
18/05/2026,121205,nylmar,AF - LEANDRO,"1,33","22,1",0," R$  23,43 ","5,68%","94,32%","0,00%",MTT,"-231,12"
18/05/2026,154475,DENVER,AF - LEANDRO,0,4,0," R$  4,00 ","0,00%","100,00%","0,00%",MTT,-10
18/05/2026,119181,AstecK,AF - LEANDRO,"4,05",0,0," R$  4,05 ","100,00%","0,00%","0,00%",NLH,"-36,43"
18/05/2026,166162,Homer LABS,AF - LEANDRO,0,0,"20,7"," R$  20,70 ","0,00%","0,00%","100,00%",PLO6,-100
18/05/2026,152313,JP777,AF - LEANDRO,0,"4,1",0," R$  4,10 ","0,00%","100,00%","0,00%",MTT,-41
18/05/2026,138513,A chibata neste,AF - LEANDRO,"87,98",0,0," R$  87,98 ","100,00%","0,00%","0,00%",NLH,-392
18/05/2026,151379,Garel?,AF - LEANDRO,"11,77",0,0," R$  11,77 ","100,00%","0,00%","0,00%",NLH,-66
18/05/2026,151610,general,AF - LEANDRO,"1,21",0,0," R$  1,21 ","100,00%","0,00%","0,00%",NLH,"21,89"
18/05/2026,164403,uzucrack,AF - LEANDRO,1,0,0," R$  1,00 ","100,00%","0,00%","0,00%",NLH,-8
18/05/2026,179740,energyronald,AF - LEANDRO,"6,42",0,0," R$  6,42 ","100,00%","0,00%","0,00%",NLH,"-4,98"
18/05/2026,141565,shameless,AF - LEANDRO,"0,51",0,"1,14"," R$  1,65 ","30,91%","0,00%","69,09%",PLO6,-24
18/05/2026,127645,Erick Vinny,AF - LEANDRO,"0,31",0,0," R$  0,31 ","100,00%","0,00%","0,00%",NLH,-4
18/05/2026,143463,@BATE ESTACA,AF - LEANDRO,0,0,0, R$  -   ,,,,NLH,0
18/05/2026,146222,YpiokAA,AF - LEANDRO,0,0,"30,65"," R$  30,65 ","0,00%","0,00%","100,00%",PLO6,-365
18/05/2026,114406,perna longa,AF - LEANDRO,0,0,"13,08"," R$  13,08 ","0,00%","0,00%","100,00%",PLO6,-52
18/05/2026,138504,Pilantragem,AF - LEANDRO,0,"11,2",80," R$  91,20 ","0,00%","12,28%","87,72%",PLO6,"45,18"
18/05/2026,171775,Popo2519,AF - LEANDRO,0,1,0," R$  1,00 ","0,00%","100,00%","0,00%",MTT,-10
18/05/2026,164421,ㅤㅤ愛ㅤㅤㅤ,AF - LEANDRO,0,0,0, R$  -   ,,,,NLH,0
18/05/2026,173434,Rexona,AF - LEANDRO,0,0,0, R$  -   ,,,,NLH,0
18/05/2026,173948,ladrãozinho,AF - LEANDRO,0,0,0, R$  -   ,,,,NLH,0
18/05/2026,139541,Boca,AF - LEANDRO,"3,71","3,5","3,23"," R$  10,44 ","35,54%","33,52%","30,94%",NLH,"-42,53"
18/05/2026,138374,pix138374,AF - LEANDRO,0,0,0, R$  -   ,,,,NLH,0
18/05/2026,145256,FabrícioVoctor,AF - LEANDRO,0,0,0, R$  -   ,,,,NLH,0
18/05/2026,163807,xaganais,AF - LEANDRO,"0,3",0,0," R$  0,30 ","100,00%","0,00%","0,00%",NLH,-4
18/05/2026,140434,Risotto,AF - LEANDRO,"9,39",0,0," R$  9,39 ","100,00%","0,00%","0,00%",NLH,"71,9"
18/05/2026,146963,kinho011,AF - LEANDRO,0,0,0, R$  -   ,,,,NLH,0
18/05/2026,168454,G2___,AF - LEANDRO,"0,31","0,1",0," R$  0,41 ","75,61%","24,39%","0,00%",NLH,-5
18/05/2026,150511,El Maestroo,AF - LEANDRO,0,"0,1",0," R$  0,10 ","0,00%","100,00%","0,00%",MTT,-1
18/05/2026,142316,Tomzera Apelão,AF - LEANDRO,0,"3,5",0," R$  3,50 ","0,00%","100,00%","0,00%",MTT,-35
18/05/2026,126685,donjuan,AF - LEANDRO,0,0,0, R$  -   ,,,,NLH,0
18/05/2026,153757,jaironmachado,AF - LEANDRO,0,0,0, R$  -   ,,,,NLH,0
18/05/2026,159010,MESTRESHEIK,AF - LEANDRO,0,0,0, R$  -   ,,,,NLH,0
18/05/2026,143787,bobdilanGOOD,AF - LEANDRO,0,"0,5",0," R$  0,50 ","0,00%","100,00%","0,00%",MTT,-5
18/05/2026,146272,A??,AF - LEANDRO,"4,19",0,0," R$  4,19 ","100,00%","0,00%","0,00%",NLH,-50
18/05/2026,114556,Santista Roxo,AF - LEANDRO,0,0,0, R$  -   ,,,,NLH,0
18/05/2026,150617,urameshi,AF - LEANDRO,"0,51","1,05",0," R$  1,56 ","32,69%","67,31%","0,00%",MTT,"-15,81"
18/05/2026,159464,Mineirinho18,AF - LEANDRO,"4,94",0,0," R$  4,94 ","100,00%","0,00%","0,00%",NLH,-12
18/05/2026,110674,Chavoso,AF - LEANDRO,"3,35",0,0," R$  3,35 ","100,00%","0,00%","0,00%",NLH,-20
18/05/2026,180159,JOT4ÉRRE,AF - LEANDRO,0,2,0," R$  2,00 ","0,00%","100,00%","0,00%",MTT,-20
18/05/2026,141811,godobuceta??,AF - LEANDRO,"3,58",0,0," R$  3,58 ","100,00%","0,00%","0,00%",NLH,-30
18/05/2026,194136,paracatu,AF - LEANDRO,0,"6,5",0," R$  6,50 ","0,00%","100,00%","0,00%",MTT,-65
18/05/2026,158242,pix158242,AF - LEANDRO,0,0,"17,96"," R$  17,96 ","0,00%","0,00%","100,00%",PLO6,"1,86"
18/05/2026,160794,Dudu Oliveira,AF - LEANDRO,0,0,"1,01"," R$  1,01 ","0,00%","0,00%","100,00%",PLO6,-15
18/05/2026,177738,Clarinha157,AF - LEANDRO,"0,3",0,0," R$  0,30 ","100,00%","0,00%","0,00%",NLH,"7,52"
18/05/2026,153698,Ojuara??,AF - LEANDRO,0,20,0," R$  20,00 ","0,00%","100,00%","0,00%",MTT,-200
18/05/2026,137607,netoredley,AF - EDUARDO FRANÇA,"0,1",0,"13,75"," R$  13,85 ","0,72%","0,00%","99,28%",PLO6,"-62,7"
18/05/2026,141352,RuiBR,AF - EDUARDO FRANÇA,0,"7,2","117,39"," R$  124,59 ","0,00%","5,78%","94,22%",PLO6,"-325,89"
18/05/2026,135179,demolidor?,AF - EDUARDO FRANÇA,0,5,0," R$  5,00 ","0,00%","100,00%","0,00%",MTT,-50
18/05/2026,180290,Espankacu,AF - EDUARDO FRANÇA,0,0,0, R$  -   ,,,,NLH,0
18/05/2026,130369,Padeiro,AF - EDUARDO FRANÇA,0,10,"20,46"," R$  30,46 ","0,00%","32,83%","67,17%",PLO6,"-141,38"
18/05/2026,143740,Hidalgo,AF - EDUARDO FRANÇA,"355,89","1,9",0," R$  357,79 ","99,47%","0,53%","0,00%",NLH,-170
18/05/2026,143671,zaha337,AF - EDUARDO FRANÇA,0,"39,54",0," R$  39,54 ","0,00%","100,00%","0,00%",MTT,"-305,94"
18/05/2026,135146,BRshelby,AF - EDUARDO FRANÇA,0,"23,05",0," R$  23,05 ","0,00%","100,00%","0,00%",MTT,"-107,45"
18/05/2026,134624,Vladpoker,AF - EDUARDO FRANÇA,0,8,0," R$  8,00 ","0,00%","100,00%","0,00%",MTT,"51,8"
18/05/2026,136217,koala013,AF - EDUARDO FRANÇA,0,0,0, R$  -   ,,,,NLH,0
18/05/2026,135331,rsmjunior91,AF - EDUARDO FRANÇA,0,0,"1,21"," R$  1,21 ","0,00%","0,00%","100,00%",PLO6,-30
18/05/2026,147619,Luffygear4,AF - NHONHO,0,0,"189,9"," R$  189,90 ","0,00%","0,00%","100,00%",PLO6,"39,02"
18/05/2026,120841,NHONHOj6,AF - NHONHO,0,25,"1576,07"," R$  1.601,07 ","0,00%","1,56%","98,44%",PLO6,"-2958,92"
18/05/2026,122587,pix122587,AF - NHONHO,0,0,"20,12"," R$  20,12 ","0,00%","0,00%","100,00%",PLO6,"59,18"
18/05/2026,124365,??cuidado??,AF - NHONHO,0,0,"258,47"," R$  258,47 ","0,00%","0,00%","100,00%",PLO6,"-184,29"
18/05/2026,106868,Mounnjaro,AF - NHONHO,0,5,"78,54"," R$  83,54 ","0,00%","5,99%","94,01%",PLO6,-970
18/05/2026,128731,SPIGA,AF - NHONHO,0,0,"321,04"," R$  321,04 ","0,00%","0,00%","100,00%",PLO6,"-875,42"
18/05/2026,124395,Escanor,AF - NHONHO,0,"0,1",0," R$  0,10 ","0,00%","100,00%","0,00%",MTT,-1
18/05/2026,162008,pix162008,CAMPANHA 1,"17,8",3,"2081,75"," R$  2.102,55 ","0,85%","0,14%","99,01%",PLO6,-2108
18/05/2026,173626,pix173626,CAMPANHA 1,0,0,"1647,2"," R$  1.647,20 ","0,00%","0,00%","100,00%",PLO6,"-4090,66"
18/05/2026,173723,JJon,CAMPANHA 1,0,10,"15,97"," R$  25,97 ","0,00%","38,51%","61,49%",PLO6,-107
18/05/2026,185612,pix185612,CAMPANHA 1,0,"1,5",412," R$  413,50 ","0,00%","0,36%","99,64%",PLO6,-360
18/05/2026,167342,Dantas.96,CAMPANHA 1,"0,21","1,9","11,66"," R$  13,77 ","1,53%","13,80%","84,68%",PLO6,"-100,88"
18/05/2026,162174,AAMAA,CAMPANHA 1,"18,9","0,6",0," R$  19,50 ","96,92%","3,08%","0,00%",NLH,-48
18/05/2026,180921,vitoorx,CAMPANHA 1,0,"5,5",0," R$  5,50 ","0,00%","100,00%","0,00%",MTT,-55
18/05/2026,122839,willismael,CAMPANHA 1,0,0,0, R$  -   ,,,,NLH,0
18/05/2026,145394,erlygameAA,CAMPANHA 1,0,0,0, R$  -   ,,,,NLH,0
18/05/2026,161295,dadopoker,CAMPANHA 1,0,0,0, R$  -   ,,,,NLH,0
18/05/2026,161716,supoker,CAMPANHA 1,0,0,0, R$  -   ,,,,NLH,0
18/05/2026,161754,Akhenatom,CAMPANHA 1,"0,45","0,5",0," R$  0,95 ","47,37%","52,63%","0,00%",MTT,0
18/05/2026,163069,Fserra,CAMPANHA 1,"2,05","0,1",0," R$  2,15 ","95,35%","4,65%","0,00%",NLH,"-9,6"
18/05/2026,166567,KevinDe9,CAMPANHA 1,"4,87",0,0," R$  4,87 ","100,00%","0,00%","0,00%",NLH,0
18/05/2026,167526,mandiocagaucha,CAMPANHA 1,0,"0,2",0," R$  0,20 ","0,00%","100,00%","0,00%",MTT,-2
18/05/2026,176514,roots,CAMPANHA 1,0,0,0, R$  -   ,,,,NLH,0
18/05/2026,186891,Andre f 16,CAMPANHA 1,"1,9","8,3","10,36"," R$  20,56 ","9,24%","40,37%","50,39%",PLO6,"-74,78"
18/05/2026,162219,virusTHC,CAMPANHA 1,0,0,0, R$  -   ,,,,NLH,0
18/05/2026,165834,PLINIO RAFAEL,CAMPANHA 1,"0,3",0,0," R$  0,30 ","100,00%","0,00%","0,00%",NLH,-5
18/05/2026,179192,Vemquetemembu,CAMPANHA 1,0,"0,2",0," R$  0,20 ","0,00%","100,00%","0,00%",MTT,-2
18/05/2026,151879,badbeat,CAMPANHA 1,"10,98","17,8","42,68"," R$  71,46 ","15,37%","24,91%","59,73%",PLO6,-151
18/05/2026,104971,0 maS be$tA,CAMPANHA 1,0,0,0, R$  -   ,,,,NLH,0
18/05/2026,152970,ASOUTERROR,CAMPANHA 1,0,0,0, R$  -   ,,,,NLH,0
18/05/2026,173419,pix173419,CAMPANHA 1,0,0,0, R$  -   ,,,,NLH,0
18/05/2026,174170,Costela_07,CAMPANHA 1,0,0,0, R$  -   ,,,,NLH,0
18/05/2026,184372,GatoPreto,CAMPANHA 1,"0,78",0,0," R$  0,78 ","100,00%","0,00%","0,00%",NLH,"46,49"
18/05/2026,175644,Tilas-Key,CAMPANHA 1,0,0,0, R$  -   ,,,,NLH,0
18/05/2026,176871,ViniBaralhão,CAMPANHA 1,0,0,0, R$  -   ,,,,NLH,0
18/05/2026,179799,JUJUBA25,CAMPANHA 1,0,0,0, R$  -   ,,,,NLH,0
18/05/2026,177513,kaballah,CAMPANHA 1,"50,5",0,0," R$  50,50 ","100,00%","0,00%","0,00%",NLH,-303
18/05/2026,164351,pix164351,CAMPANHA 1,0,0,0, R$  -   ,,,,NLH,0
18/05/2026,169382,ÉoPessa,CAMPANHA 1,"1,72",0,0," R$  1,72 ","100,00%","0,00%","0,00%",NLH,"6,31"
18/05/2026,192361,pix192361,CAMPANHA 1,0,0,0, R$  -   ,,,,NLH,0
18/05/2026,184190,RaufoJr.KJ,CAMPANHA 1,0,0,0, R$  -   ,,,,NLH,0
18/05/2026,163140,JOKER CRAZY,CAMPANHA 1,"0,26",0,"0,13"," R$  0,39 ","66,67%","0,00%","33,33%",NLH,-12
18/05/2026,167918,Miltinho,CAMPANHA 1,0,0,"6,66"," R$  6,66 ","0,00%","0,00%","100,00%",PLO6,-100
18/05/2026,130461,8ito,CAMPANHA 1,"1,1",0,0," R$  1,10 ","100,00%","0,00%","0,00%",NLH,-4
18/05/2026,161487,JeH7,CAMPANHA 1,0,0,0, R$  -   ,,,,NLH,0
18/05/2026,165655,pix165655,AF - DAYVISSOM,0,0,"2,05"," R$  2,05 ","0,00%","0,00%","100,00%",PLO6,-12
18/05/2026,170065,MacielBet,AF - DAYVISSOM,0,"31,4","228,36"," R$  259,76 ","0,00%","12,09%","87,91%",PLO6,"717,63"
18/05/2026,183209,manjuba 09,AF - DAYVISSOM,0,0,"204,64"," R$  204,64 ","0,00%","0,00%","100,00%",PLO6,-727
18/05/2026,100435,pix100435,AF - DAYVISSOM,0,"27,94","259,98"," R$  287,92 ","0,00%","9,70%","90,30%",PLO6,-450
18/05/2026,100508,luizinhodoido,AF - DAYVISSOM,0,0,"199,03"," R$  199,03 ","0,00%","0,00%","100,00%",PLO6,164
18/05/2026,100624,Reybingo,AF - DAYVISSOM,0,"38,9",0," R$  38,90 ","0,00%","100,00%","0,00%",MTT,-115
18/05/2026,104604,cleyton,AF - DAYVISSOM,"3,5","1,1","5,65"," R$  10,25 ","34,15%","10,73%","55,12%",PLO6,-64
18/05/2026,102150,pix102150,AF - DAYVISSOM,"5,91",0,"8,09"," R$  14,00 ","42,21%","0,00%","57,79%",PLO6,"15,28"
18/05/2026,121030,pix121030,AF - DAYVISSOM,0,0,0, R$  -   ,,,,NLH,"1,11"
18/05/2026,151434,J H P,AF - DAYVISSOM,"2,75",0,0," R$  2,75 ","100,00%","0,00%","0,00%",NLH,-20
18/05/2026,185617,pix185617,AF - NILDINHO,0,0,"20,69"," R$  20,69 ","0,00%","0,00%","100,00%",PLO6,-159
18/05/2026,167393,Tudo_Na_Telaaa,AF - NILDINHO,0,0,"1437,46"," R$  1.437,46 ","0,00%","0,00%","100,00%",PLO6,"-336,74"
18/05/2026,134889,Júnior Picolé,AF - NILDINHO,0,23,0," R$  23,00 ","0,00%","100,00%","0,00%",MTT,"43,57"
18/05/2026,157681,Boiruna,AF - NILDINHO,0,0,0, R$  -   ,,,,NLH,0
18/05/2026,167892,francimar,AF - NILDINHO,"1,73",0,0," R$  1,73 ","100,00%","0,00%","0,00%",NLH,"-21,94"
18/05/2026,168927,pix168927,AF - NILDINHO,0,0,0, R$  -   ,,,,NLH,0
18/05/2026,161316,fh0217,AF - NILDINHO,0,0,"60,83"," R$  60,83 ","0,00%","0,00%","100,00%",PLO6,-212
18/05/2026,192354,CHORA.bb,AF - TRAF. BRUNO F.,"29,36","2,5","4,19"," R$  36,05 ","81,44%","6,93%","11,62%",NLH,"-178,54"
18/05/2026,192441,Guuuh1000,AF - TRAF. BRUNO F.,0,"20,3","24,6"," R$  44,90 ","0,00%","45,21%","54,79%",PLO6,"-310,83"
18/05/2026,192961,pix192961,AF - TRAF. BRUNO F.,0,5,"457,12"," R$  462,12 ","0,00%","1,08%","98,92%",PLO6,-616
18/05/2026,189242,LekoTR,AF - TRAF. BRUNO F.,"1,62",2,"119,08"," R$  122,70 ","1,32%","1,63%","97,05%",PLO6,-250
18/05/2026,191465,MynssenAA,AF - TRAF. BRUNO F.,0,0,0, R$  -   ,,,,NLH,0
18/05/2026,192934,pix192934,AF - TRAF. BRUNO F.,0,0,0, R$  -   ,,,,NLH,0
18/05/2026,193596,passamai,AF - TRAF. BRUNO F.,"1,08",0,0," R$  1,08 ","100,00%","0,00%","0,00%",NLH,-12
18/05/2026,116797,Virusz33,AF - TRAF. BRUNO F.,0,"1,2",0," R$  1,20 ","0,00%","100,00%","0,00%",MTT,-12
18/05/2026,193479,pix193479,AF - TRAF. BRUNO F.,"0,14","11,5",0," R$  11,64 ","1,20%","98,80%","0,00%",MTT,"448,27"
18/05/2026,172458,radar55,AF - TRAF. BRUNO F.,0,0,0, R$  -   ,,,,NLH,0
18/05/2026,187728,Fragas,AF - TRAF. BRUNO F.,0,"0,1",0," R$  0,10 ","0,00%","100,00%","0,00%",MTT,-1
18/05/2026,192178,As7,AF - TRAF. BRUNO F.,"1,21",0,0," R$  1,21 ","100,00%","0,00%","0,00%",NLH,-15
18/05/2026,193379,pix193379,AF - TRAF. BRUNO F.,0,"0,3",0," R$  0,30 ","0,00%","100,00%","0,00%",MTT,"-1,71"
18/05/2026,193642,pix193642,AF - TRAF. BRUNO F.,"1,14",0,0," R$  1,14 ","100,00%","0,00%","0,00%",NLH,-5
18/05/2026,193650,Dog$,AF - MATHEUS HENRIQU,"5,08","35,9","461,09"," R$  502,07 ","1,01%","7,15%","91,84%",PLO6,"-800,39"
18/05/2026,155779,RomeuJr,AF - MATHEUS HENRIQU,"4,11","62,2","73,48"," R$  139,79 ","2,94%","44,50%","52,56%",PLO6,"0,75"
18/05/2026,111265,henry.22,AF - MATHEUS HENRIQU,"1,49",0,"39,84"," R$  41,33 ","3,61%","0,00%","96,39%",PLO6,"-70,88"
18/05/2026,178011,pix178011,AF - MATHEUS HENRIQU,"0,96",0,"24,95"," R$  25,91 ","3,71%","0,00%","96,29%",PLO6,"-61,57"
18/05/2026,140316,pocoyogay,AF - AMOR DE PESSOA,0,"14,4","111,28"," R$  125,68 ","0,00%","11,46%","88,54%",PLO6,-826
18/05/2026,120038,pix120038,AF - AMOR DE PESSOA,0,0,"579,2"," R$  579,20 ","0,00%","0,00%","100,00%",PLO6,"370,17"
18/05/2026,126476,o gaiato!,AF - AMOR DE PESSOA,0,"139,1","18,36"," R$  157,46 ","0,00%","88,34%","11,66%",MTT,"-944,86"
18/05/2026,145008,CAPS,AF - AMOR DE PESSOA,"431,25",232,"203,79"," R$  867,04 ","49,74%","26,76%","23,50%",NLH,"-1003,36"
18/05/2026,151974,Jpedronras,AF - AMOR DE PESSOA,0,0,"4,83"," R$  4,83 ","0,00%","0,00%","100,00%",PLO6,"-97,25"
18/05/2026,127823,pix127823,AF - AMOR DE PESSOA,0,0,0, R$  -   ,,,,NLH,0
18/05/2026,140440,Rafiusky,AF - GABRIEL BENEVOL,"3,29","2,1","16,66"," R$  22,05 ","14,92%","9,52%","75,56%",PLO6,-86
18/05/2026,152791,Karintó,AF - GABRIEL BENEVOL,"36,28",0,"1529,71"," R$  1.565,99 ","2,32%","0,00%","97,68%",PLO6,"5485,79"
18/05/2026,152510,BruceWayne,AF - GABRIEL BENEVOL,"38,77",0,0," R$  38,77 ","100,00%","0,00%","0,00%",NLH,"-5,46"
18/05/2026,107574,galega,AF - GABRIEL BENEVOL,0,0,"132,78"," R$  132,78 ","0,00%","0,00%","100,00%",PLO6,"230,17"
18/05/2026,105042,Sombra 3D,AF - GABRIEL BENEVOL,0,0,"7,97"," R$  7,97 ","0,00%","0,00%","100,00%",PLO6,-100
18/05/2026,139352,henryzin,AF - GABRIEL BENEVOL,0,0,"49,45"," R$  49,45 ","0,00%","0,00%","100,00%",PLO6,-800
18/05/2026,155748,MaxFarias,AF - GABRIEL BENEVOL,0,"35,4",0," R$  35,40 ","0,00%","100,00%","0,00%",MTT,"-37,06"
18/05/2026,136771,gometa,AF - GABRIEL BENEVOL,0,4,0," R$  4,00 ","0,00%","100,00%","0,00%",MTT,-40
18/05/2026,110376,Lins,AF - GABRIEL BENEVOL,0,0,0, R$  -   ,,,,NLH,-25
18/05/2026,149672,SACO DE BOI,AF - FERNANDO M.,0,32,0," R$  32,00 ","0,00%","100,00%","0,00%",MTT,"-77,98"
18/05/2026,148848,meno K,AF - FERNANDO M.,0,0,"498,39"," R$  498,39 ","0,00%","0,00%","100,00%",PLO6,"-1009,84"
18/05/2026,143105,Xoxonho,AF - FERNANDO M.,0,2,0," R$  2,00 ","0,00%","100,00%","0,00%",MTT,-20
18/05/2026,148451,Serimac,AF - FERNANDO M.,0,0,"471,6"," R$  471,60 ","0,00%","0,00%","100,00%",PLO6,"-726,53"
18/05/2026,159024,pablyto66,AF - FERNANDO M.,0,"0,6",0," R$  0,60 ","0,00%","100,00%","0,00%",MTT,"-4,88"
18/05/2026,149498,pix149498,AF - FERNANDO M.,0,10,0," R$  10,00 ","0,00%","100,00%","0,00%",MTT,-100
18/05/2026,148271,KIRITO-KUN,AF - FERNANDO M.,0,0,"1,25"," R$  1,25 ","0,00%","0,00%","100,00%",PLO6,-20
18/05/2026,170113,Larry Bird 33#,AF - FERNANDO M.,"3,93",0,"4,73"," R$  8,66 ","45,38%","0,00%","54,62%",PLO6,"-20,12"
18/05/2026,153977,DanielAndre1822,AF - FERNANDO M.,"8,23","12,55",0," R$  20,78 ","39,61%","60,39%","0,00%",MTT,-185
18/05/2026,147900,MHConline,AF - FERNANDO M.,"15,1",0,0," R$  15,10 ","100,00%","0,00%","0,00%",NLH,"49,24"
18/05/2026,148932,Urso ?,AF - FERNANDO M.,"0,24",0,"0,51"," R$  0,75 ","32,00%","0,00%","68,00%",PLO6,"8,87"
18/05/2026,139470,pix139470,AF - JOÃO MARCOS,0,0,"8518,28"," R$  8.518,28 ","0,00%","0,00%","100,00%",PLO6,"-23011,85"
18/05/2026,140430,já ganhou,AF - JOÃO MARCOS,0,0,"450,91"," R$  450,91 ","0,00%","0,00%","100,00%",PLO6,"1359,04"
18/05/2026,145626,1997,AF - JOÃO MARCOS,0,0,"1,46"," R$  1,46 ","0,00%","0,00%","100,00%",PLO6,-75
18/05/2026,100193,azedinho,AF - AZEDINHO,0,60,"790,27"," R$  850,27 ","0,00%","7,06%","92,94%",PLO6,"-954,76"
18/05/2026,193827,KilllerThePote,AF - AZEDINHO,0,20,"446,46"," R$  466,46 ","0,00%","4,29%","95,71%",PLO6,"-2083,3"
18/05/2026,102063,BETVIP,AF - MESSI,0,0,"983,78"," R$  983,78 ","0,00%","0,00%","100,00%",PLO6,"-1127,56"
18/05/2026,102200,Odete Roitman ?,AF - ENIO,0,0,"48,37"," R$  48,37 ","0,00%","0,00%","100,00%",PLO6,"141,18"
18/05/2026,140297,TOIC?,AF - ENIO,"146,92","0,6","47,59"," R$  195,11 ","75,30%","0,31%","24,39%",NLH,"-119,56"
18/05/2026,111006,pix111006,AF - ENIO,0,"0,4",0," R$  0,40 ","0,00%","100,00%","0,00%",MTT,"-2,08"
18/05/2026,137597,Rurouni_Kenshin,AF - ENIO,"8,38",0,"73,46"," R$  81,84 ","10,24%","0,00%","89,76%",PLO6,"-194,94"
18/05/2026,104274,chuveiro,AF - ENIO,0,"0,7",0," R$  0,70 ","0,00%","100,00%","0,00%",MTT,-7
18/05/2026,120989,Corotinho,AF - ENIO,"9,27",0,0," R$  9,27 ","100,00%","0,00%","0,00%",NLH,"43,27"
18/05/2026,110893,EVANDRODODENDE,AF - KZAA CLUB,0,0,"302,46"," R$  302,46 ","0,00%","0,00%","100,00%",PLO6,"-965,6"
18/05/2026,121187,x.poker,AF - KZAA CLUB,"24,95",0,"325,56"," R$  350,51 ","7,12%","0,00%","92,88%",PLO6,"780,96"
18/05/2026,171708,pix171708,AF - KZAA CLUB,"6,16",0,"69,56"," R$  75,72 ","8,14%","0,00%","91,86%",PLO6,"-479,54"
18/05/2026,100337,Deus ??,AF - KZAA CLUB,0,"2,5","121,89"," R$  124,39 ","0,00%","2,01%","97,99%",PLO6,-539
18/05/2026,107490,Josanny,AF - KZAA CLUB,0,0,"7,67"," R$  7,67 ","0,00%","0,00%","100,00%",PLO6,"-209,65"
18/05/2026,115616,pix559079,AF - KZAA CLUB,0,0,"201,12"," R$  201,12 ","0,00%","0,00%","100,00%",PLO6,"-518,76"
18/05/2026,123154,Greey,AF - KZAA CLUB,0,0,"382,61"," R$  382,61 ","0,00%","0,00%","100,00%",PLO6,"122,33"
18/05/2026,144244,pix 2399057,AF - KZAA CLUB,0,"67,5",0," R$  67,50 ","0,00%","100,00%","0,00%",MTT,"-587,26"
18/05/2026,123623,pix123623,AF - KZAA CLUB,0,0,"266,52"," R$  266,52 ","0,00%","0,00%","100,00%",PLO6,"287,08"
18/05/2026,131074,pix270576,AF - KZAA CLUB,0,0,"60,32"," R$  60,32 ","0,00%","0,00%","100,00%",PLO6,-35
18/05/2026,130918,pix130918,AF - KZAA CLUB,0,0,"3888,13"," R$  3.888,13 ","0,00%","0,00%","100,00%",PLO6,"-1921,68"
18/05/2026,100796,PixPlay,AF - KZAA CLUB,"0,21","1,5","1,49"," R$  3,20 ","6,56%","46,88%","46,56%",MTT,-27
18/05/2026,100448,Paga,AF - KZAA CLUB,0,20,"136,86"," R$  156,86 ","0,00%","12,75%","87,25%",PLO6,"476,12"
18/05/2026,144100,Jogador69,AF - KZAA CLUB,0,0,"1172,37"," R$  1.172,37 ","0,00%","0,00%","100,00%",PLO6,"-4216,07"
18/05/2026,100140,Diego Manga,AF - KZAA CLUB,0,0,"2744,47"," R$  2.744,47 ","0,00%","0,00%","100,00%",PLO6,"-18640,56"
18/05/2026,100132,Dr Junior,AF - KZAA CLUB,0,10,"6,87"," R$  16,87 ","0,00%","59,28%","40,72%",MTT,0
18/05/2026,100136,AllInSemDó,AF - KZAA CLUB,0,0,"3550,71"," R$  3.550,71 ","0,00%","0,00%","100,00%",PLO6,"178,53"
18/05/2026,100208,ojuara*,AF - KZAA CLUB,"0,07","5,6","208,5"," R$  214,17 ","0,03%","2,61%","97,35%",PLO6,"-588,2"
18/05/2026,100418,Stonerax,AF - KZAA CLUB,0,0,"14,3"," R$  14,30 ","0,00%","0,00%","100,00%",PLO6,-105
18/05/2026,100154,pixbad,AF - KZAA CLUB,0,83,"15,76"," R$  98,76 ","0,00%","84,04%","15,96%",MTT,"-43,75"
18/05/2026,107169,danilo10,AF - KZAA CLUB,0,0,"239,3"," R$  239,30 ","0,00%","0,00%","100,00%",PLO6,"5,11"
18/05/2026,138948,Un77,AF - KZAA CLUB,0,0,"25,74"," R$  25,74 ","0,00%","0,00%","100,00%",PLO6,36
18/05/2026,102125,Bolsonaroo22,AF - KZAA CLUB,0,4,"23,01"," R$  27,01 ","0,00%","14,81%","85,19%",PLO6,-140
18/05/2026,157331,TIO GILNETO,AF - KZAA CLUB,0,0,"453,2"," R$  453,20 ","0,00%","0,00%","100,00%",PLO6,"2253,73"
18/05/2026,104648,nilsonsergio15,AF - KZAA CLUB,0,0,"1718,93"," R$  1.718,93 ","0,00%","0,00%","100,00%",PLO6,"-12234,98"
18/05/2026,100259,Josenildo,AF - KZAA CLUB,0,0,0, R$  -   ,,,,NLH,0
18/05/2026,100397,Professor,AF - KZAA CLUB,0,"29,4","13,18"," R$  42,58 ","0,00%","69,05%","30,95%",MTT,"278,99"
18/05/2026,100266,BerôPB,AF - KZAA CLUB,0,0,"7,45"," R$  7,45 ","0,00%","0,00%","100,00%",PLO6,-34
18/05/2026,150122,MXavier13,AF - KZAA CLUB,"19,62",0,0," R$  19,62 ","100,00%","0,00%","0,00%",NLH,"103,51"
18/05/2026,100217,Bino ??,AF - KZAA CLUB,0,"0,5","4,02"," R$  4,52 ","0,00%","11,06%","88,94%",PLO6,"-40,76"
18/05/2026,137554,Baiaanoo,AF - KZAA CLUB,0,0,"91,75"," R$  91,75 ","0,00%","0,00%","100,00%",PLO6,"256,21"
18/05/2026,169277,Kakaroto?,AF - KZAA CLUB,0,0,"18,14"," R$  18,14 ","0,00%","0,00%","100,00%",PLO6,-180
18/05/2026,109532,alienígena,AF - KZAA CLUB,"14,85",0,0," R$  14,85 ","100,00%","0,00%","0,00%",NLH,"231,33"
18/05/2026,104915,PinoKio,AF - KZAA CLUB,0,20,0," R$  20,00 ","0,00%","100,00%","0,00%",MTT,"516,38"
18/05/2026,131348,AADVOGADO-AM,AF - FAMTH,0,5,"363,2"," R$  368,20 ","0,00%","1,36%","98,64%",PLO6,"-648,12"
18/05/2026,194170,xwillx,AF - FAMTH,0,"126,34",0," R$  126,34 ","0,00%","100,00%","0,00%",MTT,"-1085,1"
18/05/2026,194171,...NANAI...,AF - FAMTH,0,"20,4",0," R$  20,40 ","0,00%","100,00%","0,00%",MTT,"332,69"
18/05/2026,193106,AmazonPro,AF - FAMTH,0,0,"846,32"," R$  846,32 ","0,00%","0,00%","100,00%",PLO6,"2561,33"
18/05/2026,132320,blessedRF,AF - CATHOLÃO,0,4,"162,79"," R$  166,79 ","0,00%","2,40%","97,60%",PLO6,"-336,14"
18/05/2026,107390,complicado,AF - CATHOLÃO,0,0,"28,76"," R$  28,76 ","0,00%","0,00%","100,00%",PLO6,"-182,62"
18/05/2026,115288,vicluz10,AF - CATHOLÃO,"230,9","149,3","3,22"," R$  383,42 ","60,22%","38,94%","0,84%",NLH,"-256,25"
18/05/2026,150374,?????,AF - CATHOLÃO,0,"232,5","20,14"," R$  252,64 ","0,00%","92,03%","7,97%",MTT,"-1118,52"
18/05/2026,165527,LIÃO,AF - CATHOLÃO,"26,25","2,4","50,48"," R$  79,13 ","33,17%","3,03%","63,79%",PLO6,"16,71"
18/05/2026,137593,pix137593,AF - CATHOLÃO,0,0,"110,76"," R$  110,76 ","0,00%","0,00%","100,00%",PLO6,"133,82"
18/05/2026,133386,mastsy,AF - CATHOLÃO,0,0,"0,8"," R$  0,80 ","0,00%","0,00%","100,00%",PLO6,"-15,36"
18/05/2026,150819,HugoDaniel,AF - CATHOLÃO,0,0,"40,9"," R$  40,90 ","0,00%","0,00%","100,00%",PLO6,67
18/05/2026,164651,SerraoVictor,AF - CATHOLÃO,0,"9,5",0," R$  9,50 ","0,00%","100,00%","0,00%",MTT,-95
18/05/2026,136659,Galação,AF - JOANDERSON L.,0,0,"104,12"," R$  104,12 ","0,00%","0,00%","100,00%",PLO6,"647,5"
18/05/2026,139505,pix139505,AF - RAILSON,0,0,"790,8"," R$  790,80 ","0,00%","0,00%","100,00%",PLO6,"-2897,78"
18/05/2026,149092,NF_#1,AF - FULL HOUSE A.,0,"16,2","1891,77"," R$  1.907,97 ","0,00%","0,85%","99,15%",PLO6,"1552,67"
18/05/2026,173237,neto carneiro,AF - FULL HOUSE A.,"1,87","0,2","0,89"," R$  2,96 ","63,18%","6,76%","30,07%",NLH,"-4,68"
18/05/2026,157816,pix157816,AF - FULL HOUSE A.,0,31,0," R$  31,00 ","0,00%","100,00%","0,00%",MTT,-310
18/05/2026,170539,AliBabá40Ladrao,AF - FULL HOUSE A.,0,20,0," R$  20,00 ","0,00%","100,00%","0,00%",MTT,-200
18/05/2026,189414,eu ja sabia !,AF - FULL HOUSE A.,0,9,0," R$  9,00 ","0,00%","100,00%","0,00%",MTT,-90
18/05/2026,156932,the king of copas,AF - FULL HOUSE A.,34,0,"4,74"," R$  38,74 ","87,76%","0,00%","12,24%",NLH,"401,16"
18/05/2026,140124,Thiago Amós,AF - FULL HOUSE A.,0,34,"5,47"," R$  39,47 ","0,00%","86,14%","13,86%",MTT,"433,69"
18/05/2026,154403,dealer082,AF - NATTAN CARINHA,0,0,"76,97"," R$  76,97 ","0,00%","0,00%","100,00%",PLO6,"-137,08"
18/05/2026,100249,TheLittleFace,AF - NATTAN CARINHA,0,"22,5","4,91"," R$  27,41 ","0,00%","82,09%","17,91%",MTT,"4,01"
18/05/2026,174211,Anirrakell,AF - HERMINIO C,0,0,"268,81"," R$  268,81 ","0,00%","0,00%","100,00%",PLO6,"473,08"
18/05/2026,147381,JHerminio ?,AF - HERMINIO C,0,30,"4,15"," R$  34,15 ","0,00%","87,85%","12,15%",MTT,"-300,13"
18/05/2026,183412,Bianchi,AF - HERMINIO C,"7,99",60,0," R$  67,99 ","11,75%","88,25%","0,00%",MTT,"-604,46"
18/05/2026,188005,jefelima81,AF - TRAF. RAMON P.,0,0,"1,12"," R$  1,12 ","0,00%","0,00%","100,00%",PLO6,-20
18/05/2026,189476,SAMUKA YOSHI,AF - TRAF. RAMON P.,"3,54","0,3","0,29"," R$  4,13 ","85,71%","7,26%","7,02%",NLH,-23
18/05/2026,144512,Zé Costa,AF - RPSOP,0,20,"83,4"," R$  103,40 ","0,00%","19,34%","80,66%",PLO6,-991
18/05/2026,152675,Semacordo,AF - RPSOP,0,0,"63,04"," R$  63,04 ","0,00%","0,00%","100,00%",PLO6,"-2,77"
18/05/2026,149046,pix149046,AF - RPSOP,0,12,"12,97"," R$  24,97 ","0,00%","48,06%","51,94%",PLO6,-104
18/05/2026,148596,landreazzi,AF - RPSOP,0,4,0," R$  4,00 ","0,00%","100,00%","0,00%",MTT,0
18/05/2026,149156,NoLiMiTsWeNnEr,AF - RPSOP,0,4,0," R$  4,00 ","0,00%","100,00%","0,00%",MTT,-40
18/05/2026,149126,Leonardo Alves,AF - RPSOP,0,"2,2","21,8"," R$  24,00 ","0,00%","9,17%","90,83%",PLO6,"127,23"
18/05/2026,150635,Pixsolidario,AF - RPSOP,"239,38",0,0," R$  239,38 ","100,00%","0,00%","0,00%",NLH,"-979,74"
18/05/2026,149078,Purga,AF - RPSOP,0,"2,2",0," R$  2,20 ","0,00%","100,00%","0,00%",MTT,-22
18/05/2026,170927,Dan07,AF - SILVINHO,0,0,"597,28"," R$  597,28 ","0,00%","0,00%","100,00%",PLO6,"-64,13"
18/05/2026,100478,balashinekov,AF - SILVINHO,"1,43",0,"20,15"," R$  21,58 ","6,63%","0,00%","93,37%",PLO6,"-121,59"
18/05/2026,194512,pix194512,AF - PAÇOCA,0,0,"366,37"," R$  366,37 ","0,00%","0,00%","100,00%",PLO6,"553,95"
18/05/2026,100116,Fazendeiro,AF - PAÇOCA,0,"226,8","10259,33"," R$  10.486,13 ","0,00%","2,16%","97,84%",PLO6,"-30763,75"
18/05/2026,100198,发牌员亲儿子,AF - PAÇOCA,0,280,"2854,02"," R$  3.134,02 ","0,00%","8,93%","91,07%",PLO6,"-11574,55"
18/05/2026,124064,Presley,AF - PAÇOCA,0,95,0," R$  95,00 ","0,00%","100,00%","0,00%",MTT,"1084,83"
18/05/2026,100725,tiltei1,AF - PAÇOCA,0,0,"2,41"," R$  2,41 ","0,00%","0,00%","100,00%",PLO6,-60
18/05/2026,100227,pix1648639,AF - PAÇOCA,0,40,0," R$  40,00 ","0,00%","100,00%","0,00%",MTT,"398,12"
18/05/2026,150259,pix 192988,AF - OZÉIAS,0,0,"81,39"," R$  81,39 ","0,00%","0,00%","100,00%",PLO6,"266,09"
18/05/2026,160485,Frogz,AF - BOIN,"36,84",5,"22,88"," R$  64,72 ","56,92%","7,73%","35,35%",NLH,-19
18/05/2026,139947,bebetao,AF - BOIN,0,0,"29,79"," R$  29,79 ","0,00%","0,00%","100,00%",PLO6,-161
18/05/2026,155365,pix000000000,AF - BOIN,0,"5,4","174,96"," R$  180,36 ","0,00%","2,99%","97,01%",PLO6,"-177,87"
18/05/2026,162906,luizphelipemg,AF - FRED AGUIAR,"51,08","34,8","0,56"," R$  86,44 ","59,09%","40,26%","0,65%",NLH,237
18/05/2026,189721,bananudo,AF - FRED AGUIAR,"41,08",1,"0,8"," R$  42,88 ","95,80%","2,33%","1,87%",NLH,"-8,05"
18/05/2026,137719,Noslimeda,AF - FRED AGUIAR,0,0,0, R$  -   ,,,,NLH,0
18/05/2026,194450,Luiss,AF - FRED AGUIAR,0,0,"89,5"," R$  89,50 ","0,00%","0,00%","100,00%",PLO6,208
18/05/2026,163050,Andrersann,AF - FRED AGUIAR,"6,96",0,0," R$  6,96 ","100,00%","0,00%","0,00%",NLH,-12
18/05/2026,113639,guilermecosta,AF - RILDO,0,0,"857,61"," R$  857,61 ","0,00%","0,00%","100,00%",PLO6,"-118,14"
18/05/2026,130123,Pinguim$,AF - RILDO,0,0,"1334,12"," R$  1.334,12 ","0,00%","0,00%","100,00%",PLO6,"-4290,61"
18/05/2026,120498,macabuco,AF - JEFERSONMARTINS,0,98,"625,2"," R$  723,20 ","0,00%","13,55%","86,45%",PLO6,"1712,35"
18/05/2026,187681,veiodobalao,AF - JEFERSONMARTINS,0,10,0," R$  10,00 ","0,00%","100,00%","0,00%",MTT,"-77,5"
18/05/2026,195448,thiagotng,AF - RICARDO SEHNEM,"143,67",0,0," R$  143,67 ","100,00%","0,00%","0,00%",NLH,"-754,96"
18/05/2026,100204,Desconhecido,AF - DINHO,"3,9",0,"217,47"," R$  221,37 ","1,76%","0,00%","98,24%",PLO6,"-1758,9"
18/05/2026,165171,geraldindelemes,AF - DINHO,"0,96",4,"63,85"," R$  68,81 ","1,40%","5,81%","92,79%",PLO6,"86,09"
18/05/2026,100203,ReidoFlip,AF - EMANUEL SOUZA,"41,05","107,2",0," R$  148,25 ","27,69%","72,31%","0,00%",MTT,"312,76"
18/05/2026,100195,pix100195,AF - EMANUEL SOUZA,"7,97","217,3",0," R$  225,27 ","3,54%","96,46%","0,00%",MTT,"2410,47"
18/05/2026,159633,TudodoJorgitoo,AF - EMANUEL SOUZA,0,0,"24,31"," R$  24,31 ","0,00%","0,00%","100,00%",PLO6,"-110,5"
18/05/2026,139402,Nogueirinha,AF - ELOY,0,"6,9",0," R$  6,90 ","0,00%","100,00%","0,00%",MTT,-69
18/05/2026,139145,bbbb,AF - ELOY,"64,46",1,0," R$  65,46 ","98,47%","1,53%","0,00%",NLH,"-39,01"
18/05/2026,145619,Fofura,AF - ELOY,0,"60,4","164,18"," R$  224,58 ","0,00%","26,89%","73,11%",PLO6,"-404,73"
18/05/2026,139529,Abcfamilia2015,AF - ELOY,0,"34,4",0," R$  34,40 ","0,00%","100,00%","0,00%",MTT,"-5,71"
18/05/2026,145637,Srº Mentira 81,AF - ELOY,0,"3,4",0," R$  3,40 ","0,00%","100,00%","0,00%",MTT,-34
18/05/2026,139508,FLOPINHONUTS,AF - ELOY,"2,22","4,5","0,33"," R$  7,05 ","31,49%","63,83%","4,68%",MTT,-63
18/05/2026,106837,ALANN,AF - ELOY,0,0,0, R$  -   ,,,,NLH,0
18/05/2026,128081,pix128081,AF - ELOY,0,0,"51,67"," R$  51,67 ","0,00%","0,00%","100,00%",PLO6,"-271,41"
18/05/2026,134826,ValaSeteJ7,AF - ELOY,0,13,0," R$  13,00 ","0,00%","100,00%","0,00%",MTT,-130
18/05/2026,142062,CACH0LÃ0,AF - ELOY,0,"124,4","13,65"," R$  138,05 ","0,00%","90,11%","9,89%",MTT,"157,18"
18/05/2026,135877,PedroBatera,AF - ELOY,0,23,0," R$  23,00 ","0,00%","100,00%","0,00%",MTT,"1829,54"
18/05/2026,127500,SiuoL bluff,AF - ELOY,0,"3,5",0," R$  3,50 ","0,00%","100,00%","0,00%",MTT,-35
18/05/2026,145942,Luiz Filipy,AF - ELOY,0,20,0," R$  20,00 ","0,00%","100,00%","0,00%",MTT,-155
18/05/2026,123470,PIX123470,AF - ELOY,0,20,0," R$  20,00 ","0,00%","100,00%","0,00%",MTT,-200
18/05/2026,141831,SdEstevam,AF - ELOY,0,20,0," R$  20,00 ","0,00%","100,00%","0,00%",MTT,-200
18/05/2026,195160,5ªserie,AF - YAMADA,0,0,"457,06"," R$  457,06 ","0,00%","0,00%","100,00%",PLO6,"-1778,11"
18/05/2026,161131,PokerStar,AF - YAMADA,0,0,"855,93"," R$  855,93 ","0,00%","0,00%","100,00%",PLO6,"1979,74"
18/05/2026,154436,bombazero,AF - CCTH,0,"0,7",0," R$  0,70 ","0,00%","100,00%","0,00%",MTT,"21,34"
18/05/2026,154437,bmwr52,AF - CCTH,0,"12,5",0," R$  12,50 ","0,00%","100,00%","0,00%",MTT,-125
18/05/2026,160697,???,AF - RACHA PIX,0,"0,6",0," R$  0,60 ","0,00%","100,00%","0,00%",MTT,"2,98"
18/05/2026,160711,Dejota_,AF - RACHA PIX,0,"2,2","1,68"," R$  3,88 ","0,00%","56,70%","43,30%",MTT,"25,74"
18/05/2026,154847,Patrickodev,AF - CLUB DO POKER,"1,9",4,0," R$  5,90 ","32,20%","67,80%","0,00%",MTT,"-40,39"
18/05/2026,146111,stez,AF - CLUB DO POKER,0,4,0," R$  4,00 ","0,00%","100,00%","0,00%",MTT,-40
18/05/2026,146347,Fishman,AF - CLUB DO POKER,0,6,0," R$  6,00 ","0,00%","100,00%","0,00%",MTT,"-58,73"
18/05/2026,146444,Beni,AF - CLUB DO POKER,0,16,0," R$  16,00 ","0,00%","100,00%","0,00%",MTT,-160
18/05/2026,147903,PanteradeSá,AF - CLUB DO POKER,0,"0,2",0," R$  0,20 ","0,00%","100,00%","0,00%",MTT,"0,37"
18/05/2026,139674,22énutsPB,AF - CLUB DO POKER,0,33,"363,91"," R$  396,91 ","0,00%","8,31%","91,69%",PLO6,-865
18/05/2026,148000,pix148000,AF - CLUB DO POKER,0,"22,5",0," R$  22,50 ","0,00%","100,00%","0,00%",MTT,-225
18/05/2026,133402,blefeseco,AF - CLUB DO POKER,0,26,0," R$  26,00 ","0,00%","100,00%","0,00%",MTT,"1018,72"
18/05/2026,146290,BruxoDeSá,AF - CLUB DO POKER,0,26,0," R$  26,00 ","0,00%","100,00%","0,00%",MTT,-260
18/05/2026,147065,MeuBombom,AF - CLUB DO POKER,0,14,0," R$  14,00 ","0,00%","100,00%","0,00%",MTT,-140
18/05/2026,155964,rodttneto,AF - AX POKER CLUB,0,"0,1","0,17"," R$  0,27 ","0,00%","37,04%","62,96%",PLO6,"11,67"
18/05/2026,165456,Aruu,AF - AX POKER CLUB,0,0,0, R$  -   ,,,,NLH,0
18/05/2026,108106,carlinhosfec,AF - AX POKER CLUB,0,0,0, R$  -   ,,,,NLH,0
18/05/2026,152520,Jeronimooo,AF - AX POKER CLUB,0,"0,5",0," R$  0,50 ","0,00%","100,00%","0,00%",MTT,-5
18/05/2026,144139,Underground.Noctis,AF - AX POKER CLUB,0,"1,7","58,69"," R$  60,39 ","0,00%","2,82%","97,18%",PLO6,"-89,28"
18/05/2026,135540,ELISEU,AF - AX POKER CLUB,"22,84","0,1",0," R$  22,94 ","99,56%","0,44%","0,00%",NLH,"163,33"
18/05/2026,146454,Rambo,AF - AX POKER CLUB,0,0,"11,48"," R$  11,48 ","0,00%","0,00%","100,00%",PLO6,-100
18/05/2026,135299,s_mpoker,AF - AX POKER CLUB,0,0,0, R$  -   ,,,,NLH,0
18/05/2026,171613,CaboFela,AF - AX POKER CLUB,0,0,"10,77"," R$  10,77 ","0,00%","0,00%","100,00%",PLO6,"81,25"
18/05/2026,179681,offzz07,AF - AX POKER CLUB,0,0,0, R$  -   ,,,,NLH,0
18/05/2026,179546,Raul Benevinuto,AF - AX POKER CLUB,0,0,"9,23"," R$  9,23 ","0,00%","0,00%","100,00%",PLO6,-50
18/05/2026,156434,padawan,AF - AX POKER CLUB,"6,68","0,8",0," R$  7,48 ","89,30%","10,70%","0,00%",NLH,-60
18/05/2026,153833,Guila38,AF - AX POKER CLUB,0,0,0, R$  -   ,,,,NLH,0
18/05/2026,178685,Cruz.21,AF - AX POKER CLUB,"14,36",0,"39,49"," R$  53,85 ","26,67%","0,00%","73,33%",PLO6,-350
18/05/2026,101823,Herocall,AF - AX POKER CLUB,0,10,0," R$  10,00 ","0,00%","100,00%","0,00%",MTT,-100
18/05/2026,153570,pix153570,AF - AX POKER CLUB,"0,86",0,0," R$  0,86 ","100,00%","0,00%","0,00%",NLH,-12
18/05/2026,140825,jonhalex,AF - AX POKER CLUB,0,20,0," R$  20,00 ","0,00%","100,00%","0,00%",MTT,-124
18/05/2026,137496,messi??,AF - AX POKER CLUB,0,15,0," R$  15,00 ","0,00%","100,00%","0,00%",MTT,-150
18/05/2026,177786,Sortudorj,AF - MILENA MAGRINI,"1,23",0,0," R$  1,23 ","100,00%","0,00%","0,00%",NLH,-4
18/05/2026,186523,sou profissional,AF - MILENA MAGRINI,0,1,0," R$  1,00 ","0,00%","100,00%","0,00%",MTT,"-102,51"
18/05/2026,183097,Ribis,AF - MILENA MAGRINI,0,"0,5","0,28"," R$  0,78 ","0,00%","64,10%","35,90%",MTT,-9
18/05/2026,181009,juanbrsp,AF - MILENA MAGRINI,0,"0,2",0," R$  0,20 ","0,00%","100,00%","0,00%",MTT,"-0,92"
18/05/2026,184560,Vitão,AF - MILENA MAGRINI,0,0,0, R$  -   ,,,,NLH,0
18/05/2026,185939,GigaBananaCCPro,AF - MILENA MAGRINI,0,0,0, R$  -   ,,,,NLH,0
18/05/2026,170376,AirtonEloi,AF - MILENA MAGRINI,0,0,0, R$  -   ,,,,NLH,0
18/05/2026,188335,Urubu Perneta1,AF - TRAF. MILENA M.,0,0,0, R$  -   ,,,,NLH,0
18/05/2026,190285,BalaDelas01,AF - TRAF. MILENA M.,"0,82",0,0," R$  0,82 ","100,00%","0,00%","0,00%",NLH,"13,21"
18/05/2026,190489,Zé Baray 4:20,AF - TRAF. AMOR P.,0,0,0, R$  -   ,,,,NLH,0
18/05/2026,190498,CHORA MAIS LEK,AF - TRAF. AMOR P.,0,"1,2","4,14"," R$  5,34 ","0,00%","22,47%","77,53%",PLO6,"-110,31"
18/05/2026,136990,Bianchi311,AF - TRAF. AMOR P.,0,0,0, R$  -   ,,,,NLH,"1,86"
18/05/2026,136566,Papitolegal,AF - RAFAEL HASS,0,"51,7",0," R$  51,70 ","0,00%","100,00%","0,00%",MTT,"-219,9"
18/05/2026,110584,black,AF - BOLEIROS BRAS,0,0,"695,89"," R$  695,89 ","0,00%","0,00%","100,00%",PLO6,"-8671,17"
18/05/2026,137589,MH22,AF - BOLEIROS BRAS,"14,2",1,0," R$  15,20 ","93,42%","6,58%","0,00%",NLH,-193
18/05/2026,119992,LULA 91,AF - MARCIO MIRANDA,"3,88",0,"8,74"," R$  12,62 ","30,74%","0,00%","69,26%",PLO6,-42
18/05/2026,170889,betsporte87,AF-ARTHUR QUEIMADAS,0,0,"53,85"," R$  53,85 ","0,00%","0,00%","100,00%",PLO6,"-499,98"
18/05/2026,196101,Miqueias77,AF - JOÃO PAULO,0,0,"4,14"," R$  4,14 ","0,00%","0,00%","100,00%",PLO6,-50
18/05/2026,160226,Welton12,AF - JOÃO PAULO,0,0,"359,99"," R$  359,99 ","0,00%","0,00%","100,00%",PLO6,-1880
18/05/2026,133058,Tuê,AF - JOÃO PAULO,0,40,"105,48"," R$  145,48 ","0,00%","27,50%","72,50%",PLO6,"212,3"
18/05/2026,196125,Adilho,AF - JOÃO PAULO,0,"4,9",0," R$  4,90 ","0,00%","100,00%","0,00%",MTT,"-68,38"
18/05/2026,146230,Machine7,AF - JOÃO PAULO,0,10,"29,6"," R$  39,60 ","0,00%","25,25%","74,75%",PLO6,"125,19"
18/05/2026,165566,pix165566,AF - ENZO VIEC,"17,44",0,0," R$  17,44 ","100,00%","0,00%","0,00%",NLH,"-147,07"
18/05/2026,104220,do pneu,AF - ENZO VIEC,"7,18",0,"14,27"," R$  21,45 ","33,47%","0,00%","66,53%",PLO6,-120
18/05/2026,130508,Roblove,AF - POKER BSB,"2,45","10,7","29,16"," R$  42,31 ","5,79%","25,29%","68,92%",PLO6,"-16,5"
18/05/2026,135257,littlegirl,AF - POKER BSB,0,0,0, R$  -   ,,,,NLH,0
18/05/2026,144565,XPoker,AF - XILIQUE,0,0,"110,71"," R$  110,71 ","0,00%","0,00%","100,00%",PLO6,"-499,19"
18/05/2026,102792,CGAP-.,AF - BOLINHA,0,28,0," R$  28,00 ","0,00%","100,00%","0,00%",MTT,-280
18/05/2026,196155,pix196155,AF - BRENO MARINHO,0,0,"561,6"," R$  561,60 ","0,00%","0,00%","100,00%",PLO6,"425,23"
18/05/2026,196163,pix196163,AF - BRENO MARINHO,0,"2,4","139,74"," R$  142,14 ","0,00%","1,69%","98,31%",PLO6,"-199,41"
18/05/2026,104400,Brenin10,AF - BRENO MARINHO,0,0,"218,04"," R$  218,04 ","0,00%","0,00%","100,00%",PLO6,"-47,44"
18/05/2026,139668,jasontatum#0,AF - RENAN COELHO,0,"0,3",0," R$  0,30 ","0,00%","100,00%","0,00%",MTT,"10,91"
18/05/2026,139670,bocapreta,AF - RENAN COELHO,0,0,0, R$  -   ,,,,NLH,0
18/05/2026,149252,kjmc-AL,AF - ENRICO,0,3,0," R$  3,00 ","0,00%","100,00%","0,00%",MTT,-30
18/05/2026,160225,Zekinhaflush,AF - TELES,0,0,"236,9"," R$  236,90 ","0,00%","0,00%","100,00%",PLO6,"-255,07"
18/05/2026,100134,VaiVolta,GESTOR - ENZO,0,0,"198,79"," R$  198,79 ","0,00%","0,00%","100,00%",PLO6,-3542