Data,ID do jogador,Apelido,Agente,NLH,MTT,PLO6,Total,NLH,MTT,PLO6,Jogo_Fav,PROFIT/LOSS
11/05/2026,100819,A:.L:.,PIXPOKER,0,"25,3",0," R$  25,30 ","0,00%","100,00%","0,00%",MTT,"-165,88"
11/05/2026,105070,Lukspoki,PIXPOKER,"471,59","94,6",0," R$  566,19 ","83,29%","16,71%","0,00%",NLH,"567,13"
11/05/2026,118366,choranoriver,PIXPOKER,0,8,0," R$  8,00 ","0,00%","100,00%","0,00%",MTT,-80
11/05/2026,123986,D10xxx,PIXPOKER,0,"15,6","43,83"," R$  59,43 ","0,00%","26,25%","73,75%",PLO6,"-285,57"
11/05/2026,128228,bobssdi,PIXPOKER,0,"6,6","1,7"," R$  8,30 ","0,00%","79,52%","20,48%",MTT,138
11/05/2026,148445,gil pm,PIXPOKER,0,"68,7","634,58"," R$  703,28 ","0,00%","9,77%","90,23%",PLO6,"2339,33"
11/05/2026,155081,Bradesco $@,PIXPOKER,"38,54","24,3","9,36"," R$  72,20 ","53,38%","33,66%","12,96%",NLH,"-297,16"
11/05/2026,158810,Psicopoker,PIXPOKER,"1,43","13,04",0," R$  14,47 ","9,88%","90,12%","0,00%",MTT,"233,33"
11/05/2026,169412,PreDestinad0,PIXPOKER,"1,43","1,2","16,75"," R$  19,38 ","7,38%","6,19%","86,43%",PLO6,"-305,64"
11/05/2026,170039,Braúna??,PIXPOKER,0,"9,5",0," R$  9,50 ","0,00%","100,00%","0,00%",MTT,-95
11/05/2026,171835,TheRock99,PIXPOKER,"18,36","35,06",0," R$  53,42 ","34,37%","65,63%","0,00%",MTT,"-59,76"
11/05/2026,188494,Laele10x,PIXPOKER,"0,42",0,"221,45"," R$  221,87 ","0,19%","0,00%","99,81%",PLO6,"-904,08"
11/05/2026,103161,Beltranzin,PIXPOKER,"0,14","0,8","0,88"," R$  1,82 ","7,69%","43,96%","48,35%",PLO6,"-18,22"
11/05/2026,112641,tatuipoker,PIXPOKER,0,"29,76",0," R$  29,76 ","0,00%","100,00%","0,00%",MTT,"23,75"
11/05/2026,178437,loucojoker777?,PIXPOKER,0,"14,6","36,78"," R$  51,38 ","0,00%","28,42%","71,58%",PLO6,"-134,22"
11/05/2026,179909,Trilheiro???,PIXPOKER,"4,08","134,86",0," R$  138,94 ","2,94%","97,06%","0,00%",MTT,"-122,04"
11/05/2026,188354,#check,PIXPOKER,"12,58","5,4",0," R$  17,98 ","69,97%","30,03%","0,00%",NLH,-102
11/05/2026,195275,pix195275,PIXPOKER,0,0,"15,56"," R$  15,56 ","0,00%","0,00%","100,00%",PLO6,"-119,37"
11/05/2026,100761,AlanKessio,PIXPOKER,"3,93","2,8","35,97"," R$  42,70 ","9,20%","6,56%","84,24%",PLO6,-45
11/05/2026,100934,monts237,PIXPOKER,"19,57","0,1","2,29"," R$  21,96 ","89,12%","0,46%","10,43%",NLH,"-41,13"
11/05/2026,102512,Myster poker,PIXPOKER,"10,04","3,6",0," R$  13,64 ","73,61%","26,39%","0,00%",NLH,"-76,67"
11/05/2026,110951,SrAndrezito,PIXPOKER,"31,95",0,0," R$  31,95 ","100,00%","0,00%","0,00%",NLH,"-71,79"
11/05/2026,112234,AMSFOGO,PIXPOKER,"3,42",0,"0,32"," R$  3,74 ","91,44%","0,00%","8,56%",NLH,"-4,88"
11/05/2026,117699,fodase,PIXPOKER,"0,7",0,"210,42"," R$  211,12 ","0,33%","0,00%","99,67%",PLO6,"40,51"
11/05/2026,123585,tudo nosso,PIXPOKER,"0,34",0,"9,81"," R$  10,15 ","3,35%","0,00%","96,65%",PLO6,-78
11/05/2026,145959,Adibe Jr 02,PIXPOKER,"7,83",0,"838,38"," R$  846,21 ","0,93%","0,00%","99,07%",PLO6,-1346
11/05/2026,150186,el brocador,PIXPOKER,"20,78",0,0," R$  20,78 ","100,00%","0,00%","0,00%",NLH,"12,44"
11/05/2026,155383,Xots,PIXPOKER,"6,36",0,0," R$  6,36 ","100,00%","0,00%","0,00%",NLH,"-18,93"
11/05/2026,158093,Diegote86,PIXPOKER,"48,3","40,1","0,35"," R$  88,75 ","54,42%","45,18%","0,39%",NLH,"-110,61"
11/05/2026,158292,BYD66,PIXPOKER,"1,7",0,"0,83"," R$  2,53 ","67,19%","0,00%","32,81%",NLH,"-7,71"
11/05/2026,158820,Horus,PIXPOKER,"8,17",0,0," R$  8,17 ","100,00%","0,00%","0,00%",NLH,"-29,48"
11/05/2026,158848,cherameusovos,PIXPOKER,"6,04","4,2",0," R$  10,24 ","58,98%","41,02%","0,00%",NLH,"-66,55"
11/05/2026,159020,Zlatan11,PIXPOKER,"0,36",0,"148,89"," R$  149,25 ","0,24%","0,00%","99,76%",PLO6,"-196,84"
11/05/2026,167950,pix167950,PIXPOKER,"3,42",0,"139,53"," R$  142,95 ","2,39%","0,00%","97,61%",PLO6,"169,25"
11/05/2026,172194,gringo01,PIXPOKER,"29,99",0,"9,01"," R$  39,00 ","76,90%","0,00%","23,10%",NLH,-193
11/05/2026,173559,pix173559,PIXPOKER,"0,41",0,0," R$  0,41 ","100,00%","0,00%","0,00%",NLH,-10
11/05/2026,177504,pix177504,PIXPOKER,"1,14",1,0," R$  2,14 ","53,27%","46,73%","0,00%",NLH,"2,07"
11/05/2026,193559,Gabriellopes,PIXPOKER,"7,07",0,"2,38"," R$  9,45 ","74,81%","0,00%","25,19%",NLH,-25
11/05/2026,193890,pix193890,PIXPOKER,"43,61",6,"13,81"," R$  63,42 ","68,76%","9,46%","21,78%",NLH,"-36,57"
11/05/2026,194446,Kaoru Hanayama,PIXPOKER,"12,15",0,"5,71"," R$  17,86 ","68,03%","0,00%","31,97%",NLH,"31,75"
11/05/2026,112136,VML$??,PIXPOKER,"125,16","6,5","733,89"," R$  865,55 ","14,46%","0,75%","84,79%",PLO6,"817,49"
11/05/2026,133382,martinsScc,PIXPOKER,"43,6",0,"26,28"," R$  69,88 ","62,39%","0,00%","37,61%",NLH,"-18,32"
11/05/2026,162897,Totó ?,PIXPOKER,"32,11",0,"70,19"," R$  102,30 ","31,39%","0,00%","68,61%",PLO6,"-64,12"
11/05/2026,194476,pix194476,PIXPOKER,"80,55",0,"3,87"," R$  84,42 ","95,42%","0,00%","4,58%",NLH,"132,71"
11/05/2026,106840,rostinho,PIXPOKER,"0,93",0,"75,95"," R$  76,88 ","1,21%","0,00%","98,79%",PLO6,"-280,87"
11/05/2026,148134,pix148134,PIXPOKER,"2,49",0,0," R$  2,49 ","100,00%","0,00%","0,00%",NLH,"9,19"
11/05/2026,136435,KIKO_CPB,PIXPOKER,"10,37","13,5","34,28"," R$  58,15 ","17,83%","23,22%","58,95%",PLO6,"-204,95"
11/05/2026,147096,vai que bata,PIXPOKER,"244,76","26,5",0," R$  271,26 ","90,23%","9,77%","0,00%",NLH,"-832,35"
11/05/2026,157546,Donolt Trump?,PIXPOKER,"20,57",4,0," R$  24,57 ","83,72%","16,28%","0,00%",NLH,-139
11/05/2026,159619,....,PIXPOKER,"22,51","20,5",0," R$  43,01 ","52,34%","47,66%","0,00%",NLH,"108,45"
11/05/2026,165694,jr?,PIXPOKER,"62,06","41,7","485,14"," R$  588,90 ","10,54%","7,08%","82,38%",PLO6,"445,87"
11/05/2026,165730,kara de Xibata,PIXPOKER,"260,34","138,3",0," R$  398,64 ","65,31%","34,69%","0,00%",NLH,"-1194,37"
11/05/2026,171911,pix171911,PIXPOKER,"20,41",0,0," R$  20,41 ","100,00%","0,00%","0,00%",NLH,"3,52"
11/05/2026,176070,ªLL-YÏññ17º,PIXPOKER,"30,82",0,"4,14"," R$  34,96 ","88,16%","0,00%","11,84%",NLH,-40
11/05/2026,177526,XRafaBoassX,PIXPOKER,"26,07","4,7","40,41"," R$  71,18 ","36,63%","6,60%","56,77%",PLO6,-357
11/05/2026,190191,NubªnK,PIXPOKER,"200,89",0,"56,78"," R$  257,67 ","77,96%","0,00%","22,04%",NLH,382
11/05/2026,193941,joaofurtado,PIXPOKER,"107,42","27,8",0," R$  135,22 ","79,44%","20,56%","0,00%",NLH,-570
11/05/2026,128455,Chuck Norris,PIXPOKER,"0,2","16,1","13,41"," R$  29,71 ","0,67%","54,19%","45,14%",MTT,"172,83"
11/05/2026,135262,F3lp1s,PIXPOKER,0,"5,7","4,58"," R$  10,28 ","0,00%","55,45%","44,55%",MTT,-51
11/05/2026,189032,Gabriel G,PIXPOKER,"7,74",5,0," R$  12,74 ","60,75%","39,25%","0,00%",NLH,"-92,98"
11/05/2026,193280,GODZZILLA,PIXPOKER,"4,44",7,0," R$  11,44 ","38,81%","61,19%","0,00%",MTT,-98
11/05/2026,173580,bitulety,PIXPOKER,"3,36","1,9","2,49"," R$  7,75 ","43,35%","24,52%","32,13%",NLH,"11,24"
11/05/2026,150826,thpericlesbjj,PIXPOKER,"0,96","11,1",0," R$  12,06 ","7,96%","92,04%","0,00%",MTT,"100,96"
11/05/2026,178675,LEODEDIN,PIXPOKER,0,"6,8","8,59"," R$  15,39 ","0,00%","44,18%","55,82%",PLO6,81
11/05/2026,100211,Patrik Estrela,PIXPOKER,0,0,"21,11"," R$  21,11 ","0,00%","0,00%","100,00%",PLO6,"111,01"
11/05/2026,104266,valdinho forró,PIXPOKER,0,"1,8","2,08"," R$  3,88 ","0,00%","46,39%","53,61%",PLO6,"-5,71"
11/05/2026,105921,verdao,PIXPOKER,0,"1,4",0," R$  1,40 ","0,00%","100,00%","0,00%",MTT,"-13,12"
11/05/2026,106910,alexmast223,PIXPOKER,0,0,0, R$  -   ,,,,NLH,"10,95"
11/05/2026,109059,GBALA,PIXPOKER,0,0,0, R$  -   ,,,,NLH,0
11/05/2026,125825,pica-pau,PIXPOKER,0,"2,6","856,76"," R$  859,36 ","0,00%","0,30%","99,70%",PLO6,-1677
11/05/2026,129186,???Pato,PIXPOKER,0,0,0, R$  -   ,,,,NLH,"5,11"
11/05/2026,139374,Algoz,PIXPOKER,0,1,"93,39"," R$  94,39 ","0,00%","1,06%","98,94%",PLO6,42
11/05/2026,141508,SerialKiller,PIXPOKER,0,"0,4","48,06"," R$  48,46 ","0,00%","0,83%","99,17%",PLO6,-26
11/05/2026,149545,pix149545,PIXPOKER,0,4,"1138,36"," R$  1.142,36 ","0,00%","0,35%","99,65%",PLO6,"3982,07"
11/05/2026,151750,pix151750,PIXPOKER,0,1,"10,5"," R$  11,50 ","0,00%","8,70%","91,30%",PLO6,-50
11/05/2026,152279,Palmer,PIXPOKER,"1,11","1,2","0,87"," R$  3,18 ","34,91%","37,74%","27,36%",MTT,"-19,49"
11/05/2026,152602,toskdecorrente,PIXPOKER,0,"1,1",0," R$  1,10 ","0,00%","100,00%","0,00%",MTT,-11
11/05/2026,153384,NutS,PIXPOKER,0,"40,1","155,99"," R$  196,09 ","0,00%","20,45%","79,55%",PLO6,-35
11/05/2026,153601,Pelé,PIXPOKER,0,0,0, R$  -   ,,,,NLH,0
11/05/2026,154633,pix154633,PIXPOKER,"0,82",0,0," R$  0,82 ","100,00%","0,00%","0,00%",NLH,"-0,07"
11/05/2026,155175,LyncolnK2,PIXPOKER,0,0,0, R$  -   ,,,,NLH,0
11/05/2026,158767,Stonks,PIXPOKER,"37,09",21,"6,44"," R$  64,53 ","57,48%","32,54%","9,98%",NLH,"-92,6"
11/05/2026,159054,malfoy,PIXPOKER,0,"0,4","1,55"," R$  1,95 ","0,00%","20,51%","79,49%",PLO6,"1,75"
11/05/2026,162039,deras,PIXPOKER,0,0,0, R$  -   ,,,,NLH,0
11/05/2026,162289,Gabrielzm,PIXPOKER,"1,9","3,4","1,26"," R$  6,56 ","28,96%","51,83%","19,21%",MTT,"-64,85"
11/05/2026,168505,Bitenca,PIXPOKER,0,"0,2",0," R$  0,20 ","0,00%","100,00%","0,00%",MTT,"18,44"
11/05/2026,170685,Pitheolico,PIXPOKER,0,"1,5",0," R$  1,50 ","0,00%","100,00%","0,00%",MTT,"-0,49"
11/05/2026,177434,Negreira ?,PIXPOKER,0,0,0, R$  -   ,,,,NLH,0
11/05/2026,177942,pix177942,PIXPOKER,0,"1,9",0," R$  1,90 ","0,00%","100,00%","0,00%",MTT,"-1,56"
11/05/2026,178389,TLDBS,PIXPOKER,0,0,0, R$  -   ,,,,NLH,0
11/05/2026,179838,pix179838,PIXPOKER,0,"0,3",0," R$  0,30 ","0,00%","100,00%","0,00%",MTT,"0,21"
11/05/2026,185187,JJoNuTs,PIXPOKER,0,0,"0,33"," R$  0,33 ","0,00%","0,00%","100,00%",PLO6,0
11/05/2026,186267,marion,PIXPOKER,0,"0,1","23,33"," R$  23,43 ","0,00%","0,43%","99,57%",PLO6,"-94,1"
11/05/2026,187520,pix187520,PIXPOKER,"11,51","4,9",0," R$  16,41 ","70,14%","29,86%","0,00%",NLH,"-45,51"
11/05/2026,193356,pix193356,PIXPOKER,0,0,0, R$  -   ,,,,NLH,0
11/05/2026,193709,KAfetão,PIXPOKER,0,"18,9","88,33"," R$  107,23 ","0,00%","17,63%","82,37%",PLO6,-215
11/05/2026,194761,Malcher,PIXPOKER,0,"0,1",0," R$  0,10 ","0,00%","100,00%","0,00%",MTT,-1
11/05/2026,194996,fa.do.risi,PIXPOKER,0,0,0, R$  -   ,,,,NLH,0
11/05/2026,195114,Atena,PIXPOKER,"0,16","0,3",0," R$  0,46 ","34,78%","65,22%","0,00%",MTT,"-6,39"
11/05/2026,195241,stoex77,PIXPOKER,"2,05","0,3",0," R$  2,35 ","87,23%","12,77%","0,00%",NLH,-11
11/05/2026,100346,DeinhAA,PIXPOKER,0,0,"84,33"," R$  84,33 ","0,00%","0,00%","100,00%",PLO6,"-144,01"
11/05/2026,107109,pix107109,PIXPOKER,0,0,"8,74"," R$  8,74 ","0,00%","0,00%","100,00%",PLO6,"-0,44"
11/05/2026,111233,khhk,PIXPOKER,0,0,"1207,76"," R$  1.207,76 ","0,00%","0,00%","100,00%",PLO6,"-6850,41"
11/05/2026,111444,amanga,PIXPOKER,0,0,"14,84"," R$  14,84 ","0,00%","0,00%","100,00%",PLO6,"163,29"
11/05/2026,114698,Bodevoador,PIXPOKER,0,0,"2,03"," R$  2,03 ","0,00%","0,00%","100,00%",PLO6,-19
11/05/2026,118703,kakatech30,PIXPOKER,0,0,"73,64"," R$  73,64 ","0,00%","0,00%","100,00%",PLO6,-210
11/05/2026,121760,velinho8657,PIXPOKER,0,0,"1378,04"," R$  1.378,04 ","0,00%","0,00%","100,00%",PLO6,"-2088,25"
11/05/2026,132740,ZeusPixpoker,PIXPOKER,"2,34","16,1","372,55"," R$  390,99 ","0,60%","4,12%","95,28%",PLO6,-486
11/05/2026,135274,usuario91,PIXPOKER,0,0,"137,26"," R$  137,26 ","0,00%","0,00%","100,00%",PLO6,"-59,31"
11/05/2026,138160,Chicão 01,PIXPOKER,"2,99",0,"214,48"," R$  217,47 ","1,37%","0,00%","98,63%",PLO6,"-241,07"
11/05/2026,146475,pix146475,PIXPOKER,"0,04",0,158," R$  158,04 ","0,03%","0,00%","99,97%",PLO6,"-1258,95"
11/05/2026,147160,comotudo,PIXPOKER,0,"1,6","217,44"," R$  219,04 ","0,00%","0,73%","99,27%",PLO6,"31,27"
11/05/2026,147799,sabonete22,PIXPOKER,0,0,"110,66"," R$  110,66 ","0,00%","0,00%","100,00%",PLO6,-324
11/05/2026,151375,Jamal,PIXPOKER,"0,91","2,1","308,97"," R$  311,98 ","0,29%","0,67%","99,04%",PLO6,"-25,34"
11/05/2026,156515,Miquelangela,PIXPOKER,0,0,"215,55"," R$  215,55 ","0,00%","0,00%","100,00%",PLO6,"-642,11"
11/05/2026,156606,papacapim?,PIXPOKER,0,1,"386,4"," R$  387,40 ","0,00%","0,26%","99,74%",PLO6,291
11/05/2026,157703,2127,PIXPOKER,0,0,"157,65"," R$  157,65 ","0,00%","0,00%","100,00%",PLO6,"-187,43"
11/05/2026,157729,Mucurex ?,PIXPOKER,0,"3,9","90,88"," R$  94,78 ","0,00%","4,11%","95,89%",PLO6,"-38,8"
11/05/2026,163196,jota20h,PIXPOKER,0,0,"12,47"," R$  12,47 ","0,00%","0,00%","100,00%",PLO6,-99
11/05/2026,179590,lucas082,PIXPOKER,"3,71",1,"129,25"," R$  133,96 ","2,77%","0,75%","96,48%",PLO6,364
11/05/2026,181267,Menor LK,PIXPOKER,0,0,"211,65"," R$  211,65 ","0,00%","0,00%","100,00%",PLO6,"-349,76"
11/05/2026,182112,22222222,PIXPOKER,0,"4,8","834,88"," R$  839,68 ","0,00%","0,57%","99,43%",PLO6,"-546,8"
11/05/2026,186146,adriel,PIXPOKER,0,"34,9","198,26"," R$  233,16 ","0,00%","14,97%","85,03%",PLO6,-455
11/05/2026,188599,Chrys_Killer,PIXPOKER,0,"0,9","780,58"," R$  781,48 ","0,00%","0,12%","99,88%",PLO6,-2122
11/05/2026,188964,…….,PIXPOKER,0,0,"195,47"," R$  195,47 ","0,00%","0,00%","100,00%",PLO6,-94
11/05/2026,192836,guizin777,PIXPOKER,0,"4,1","22,95"," R$  27,05 ","0,00%","15,16%","84,84%",PLO6,-129
11/05/2026,193251,Birungueta ?,PIXPOKER,0,0,"204,11"," R$  204,11 ","0,00%","0,00%","100,00%",PLO6,"-2484,12"
11/05/2026,194473,segundopoker,PIXPOKER,0,"18,5",0," R$  18,50 ","0,00%","100,00%","0,00%",MTT,"-46,98"
11/05/2026,103345,Homer Simpson,PIXPOKER,0,52,"1241,92"," R$  1.293,92 ","0,00%","4,02%","95,98%",PLO6,"-4173,45"
11/05/2026,136600,pix136600,PIXPOKER,0,0,"1653,74"," R$  1.653,74 ","0,00%","0,00%","100,00%",PLO6,"-287,1"
11/05/2026,183808,todevirote,PIXPOKER,0,0,"496,08"," R$  496,08 ","0,00%","0,00%","100,00%",PLO6,"-893,71"
11/05/2026,191481,binbalanagulha,PIXPOKER,0,0,"817,45"," R$  817,45 ","0,00%","0,00%","100,00%",PLO6,"1441,77"
11/05/2026,142465,crrc79,PIXPOKER,0,"155,2","44,86"," R$  200,06 ","0,00%","77,58%","22,42%",MTT,"5531,12"
11/05/2026,154395,Maurinho Amaro,PIXPOKER,"0,17",0,"24,38"," R$  24,55 ","0,69%","0,00%","99,31%",PLO6,"-160,29"
11/05/2026,171266,BALA 27,PIXPOKER,0,0,12," R$  12,00 ","0,00%","0,00%","100,00%",PLO6,-100
11/05/2026,173467,carlosbar,PIXPOKER,0,0,"30,05"," R$  30,05 ","0,00%","0,00%","100,00%",PLO6,"-11,9"
11/05/2026,184304,fbarros,PIXPOKER,0,10,"6,84"," R$  16,84 ","0,00%","59,38%","40,62%",MTT,"-260,06"
11/05/2026,102331,Nelson,PIXPOKER,0,1,0," R$  1,00 ","0,00%","100,00%","0,00%",MTT,0
11/05/2026,152468,CADUMCC,PIXPOKER,"9,75","42,98",0," R$  52,73 ","18,49%","81,51%","0,00%",MTT,"-137,66"
11/05/2026,159669,mainardi,PIXPOKER,0,"2,2","7,25"," R$  9,45 ","0,00%","23,28%","76,72%",PLO6,"-145,18"
11/05/2026,101280,boanoitepessual,PIXPOKER,"1,58",0,"18,91"," R$  20,49 ","7,71%","0,00%","92,29%",PLO6,-61
11/05/2026,107341,Luiz Carlos,PIXPOKER,0,0,"0,28"," R$  0,28 ","0,00%","0,00%","100,00%",PLO6,-4
11/05/2026,109887,cucuriti,PIXPOKER,0,0,"21,35"," R$  21,35 ","0,00%","0,00%","100,00%",PLO6,-59
11/05/2026,136797,#FANTASMA$,PIXPOKER,0,0,"23,66"," R$  23,66 ","0,00%","0,00%","100,00%",PLO6,"2,68"
11/05/2026,138540,papinha,PIXPOKER,0,0,"136,19"," R$  136,19 ","0,00%","0,00%","100,00%",PLO6,-153
11/05/2026,141518,benito772,PIXPOKER,0,0,"15,25"," R$  15,25 ","0,00%","0,00%","100,00%",PLO6,"-120,42"
11/05/2026,143580,Avanti Palestra,PIXPOKER,0,"1,1","117,33"," R$  118,43 ","0,00%","0,93%","99,07%",PLO6,572
11/05/2026,144291,d. negreano,PIXPOKER,0,3,"194,8"," R$  197,80 ","0,00%","1,52%","98,48%",PLO6,"300,53"
11/05/2026,159222,MC81,PIXPOKER,0,0,"174,09"," R$  174,09 ","0,00%","0,00%","100,00%",PLO6,"-109,13"
11/05/2026,160212,mesquitaozp,PIXPOKER,0,0,"5,45"," R$  5,45 ","0,00%","0,00%","100,00%",PLO6,"-27,19"
11/05/2026,163330,RN????,PIXPOKER,0,0,"126,15"," R$  126,15 ","0,00%","0,00%","100,00%",PLO6,"-108,87"
11/05/2026,164927,cafécleite,PIXPOKER,0,"2,9","66,49"," R$  69,39 ","0,00%","4,18%","95,82%",PLO6,"-245,99"
11/05/2026,170386,pix170386,PIXPOKER,"8,06","7,7","15,11"," R$  30,87 ","26,11%","24,94%","48,95%",PLO6,"-184,17"
11/05/2026,170583,jocla33,PIXPOKER,0,0,"6,93"," R$  6,93 ","0,00%","0,00%","100,00%",PLO6,"56,48"
11/05/2026,171909,bregas,PIXPOKER,"1,87",0,"15,6"," R$  17,47 ","10,70%","0,00%","89,30%",PLO6,-104
11/05/2026,174513,LasVegas171,PIXPOKER,0,"0,1","52,5"," R$  52,60 ","0,00%","0,19%","99,81%",PLO6,-133
11/05/2026,175113,chau,PIXPOKER,0,"3,7","5,46"," R$  9,16 ","0,00%","40,39%","59,61%",PLO6,"4,29"
11/05/2026,175529,Leozim,PIXPOKER,0,"0,1","0,89"," R$  0,99 ","0,00%","10,10%","89,90%",PLO6,"-13,44"
11/05/2026,180777,pix180777,PIXPOKER,0,"0,3","0,34"," R$  0,64 ","0,00%","46,88%","53,13%",PLO6,"-7,39"
11/05/2026,180838,Cuiúdão,PIXPOKER,0,0,"232,43"," R$  232,43 ","0,00%","0,00%","100,00%",PLO6,370
11/05/2026,183918,magovk12,PIXPOKER,0,0,"22,93"," R$  22,93 ","0,00%","0,00%","100,00%",PLO6,-46
11/05/2026,186865,Tr_Chapinha,PIXPOKER,0,0,"112,41"," R$  112,41 ","0,00%","0,00%","100,00%",PLO6,"-250,17"
11/05/2026,189811,Kushlemon,PIXPOKER,"1,5","1,7","7,59"," R$  10,79 ","13,90%","15,76%","70,34%",PLO6,-46
11/05/2026,192136,pix192136,PIXPOKER,"1,19",0,"43,03"," R$  44,22 ","2,69%","0,00%","97,31%",PLO6,-111
11/05/2026,193274,henriquecm_,PIXPOKER,0,0,"2,27"," R$  2,27 ","0,00%","0,00%","100,00%",PLO6,"-9,56"
11/05/2026,100890,_xXx_,PIXPOKER,0,"3,5","1,83"," R$  5,33 ","0,00%","65,67%","34,33%",MTT,"-83,01"
11/05/2026,109744,Paulão do flop,PIXPOKER,"3,6",0,"22,6"," R$  26,20 ","13,74%","0,00%","86,26%",PLO6,"30,29"
11/05/2026,110511,elchapo?,PIXPOKER,0,0,"13,04"," R$  13,04 ","0,00%","0,00%","100,00%",PLO6,-124
11/05/2026,120235,Brandão 08,PIXPOKER,0,0,"92,47"," R$  92,47 ","0,00%","0,00%","100,00%",PLO6,"-114,99"
11/05/2026,141288,g777,PIXPOKER,"2,05","0,1","2,32"," R$  4,47 ","45,86%","2,24%","51,90%",PLO6,"-71,72"
11/05/2026,145359,pix145359JJ,PIXPOKER,"1,69",0,"22,53"," R$  24,22 ","6,98%","0,00%","93,02%",PLO6,"-118,77"
11/05/2026,147415,ceezar,PIXPOKER,"7,61",0,"26,46"," R$  34,07 ","22,34%","0,00%","77,66%",PLO6,"-145,93"
11/05/2026,152039,VtNC ApP,PIXPOKER,0,0,"18,03"," R$  18,03 ","0,00%","0,00%","100,00%",PLO6,-70
11/05/2026,155671,abj0610 jj,PIXPOKER,"8,73",0,"284,92"," R$  293,65 ","2,97%","0,00%","97,03%",PLO6,-557
11/05/2026,158537,??fé no flop,PIXPOKER,"2,02","5,1","94,13"," R$  101,25 ","2,00%","5,04%","92,97%",PLO6,"-280,84"
11/05/2026,171844,matarindo,PIXPOKER,0,"3,6","12,93"," R$  16,53 ","0,00%","21,78%","78,22%",PLO6,-154
11/05/2026,183216,preta02,PIXPOKER,"12,95",0,"296,22"," R$  309,17 ","4,19%","0,00%","95,81%",PLO6,-406
11/05/2026,187114,KL7-,PIXPOKER,"90,12",0,"138,13"," R$  228,25 ","39,48%","0,00%","60,52%",PLO6,288
11/05/2026,187664,Dwbliu,PIXPOKER,0,0,"48,51"," R$  48,51 ","0,00%","0,00%","100,00%",PLO6,-394
11/05/2026,195091,só o básico_14,PIXPOKER,"23,37",1,"341,54"," R$  365,91 ","6,39%","0,27%","93,34%",PLO6,703
11/05/2026,105853,toblefando,PIXPOKER,0,0,"58,81"," R$  58,81 ","0,00%","0,00%","100,00%",PLO6,"95,6"
11/05/2026,120746,toctoc,PIXPOKER,0,1,"75,26"," R$  76,26 ","0,00%","1,31%","98,69%",PLO6,"-345,78"
11/05/2026,126452,Brunov86,PIXPOKER,0,0,"1,38"," R$  1,38 ","0,00%","0,00%","100,00%",PLO6,-7
11/05/2026,132619,pix132619,PIXPOKER,0,0,"26,91"," R$  26,91 ","0,00%","0,00%","100,00%",PLO6,-200
11/05/2026,135200,borba,PIXPOKER,0,"4,9","34,2"," R$  39,10 ","0,00%","12,53%","87,47%",PLO6,"-167,12"
11/05/2026,138930,Ljr?,PIXPOKER,"41,99","37,8","925,51"," R$  1.005,30 ","4,18%","3,76%","92,06%",PLO6,"-1358,57"
11/05/2026,144386,pix144386,PIXPOKER,0,0,"1525,56"," R$  1.525,56 ","0,00%","0,00%","100,00%",PLO6,852
11/05/2026,149021,ANTONOW,PIXPOKER,0,0,"13,5"," R$  13,50 ","0,00%","0,00%","100,00%",PLO6,-182
11/05/2026,160398,FLOKI,PIXPOKER,"15,3",0,"6,99"," R$  22,29 ","68,64%","0,00%","31,36%",NLH,"-43,7"
11/05/2026,164151,pagou morreu,PIXPOKER,0,0,"110,74"," R$  110,74 ","0,00%","0,00%","100,00%",PLO6,-650
11/05/2026,169221,@Flavinholm,PIXPOKER,0,1,"6,33"," R$  7,33 ","0,00%","13,64%","86,36%",PLO6,-117
11/05/2026,171369,pix171369,PIXPOKER,0,0,"105,67"," R$  105,67 ","0,00%","0,00%","100,00%",PLO6,"-366,7"
11/05/2026,176091,bananildo,PIXPOKER,0,0,"151,39"," R$  151,39 ","0,00%","0,00%","100,00%",PLO6,-777
11/05/2026,188295,Blefudedor,PIXPOKER,"0,53",3,"510,04"," R$  513,57 ","0,10%","0,58%","99,31%",PLO6,"-891,43"
11/05/2026,190813,lapiada,PIXPOKER,0,0,"111,71"," R$  111,71 ","0,00%","0,00%","100,00%",PLO6,"3,68"
11/05/2026,190877,V20??,PIXPOKER,0,0,"91,23"," R$  91,23 ","0,00%","0,00%","100,00%",PLO6,"-334,73"
11/05/2026,193010,Marcelo Silva,PIXPOKER,"169,94","56,85","72,81"," R$  299,60 ","56,72%","18,98%","24,30%",NLH,"-1219,2"
11/05/2026,193198,Carol??,PIXPOKER,"0,54",0,"1,85"," R$  2,39 ","22,59%","0,00%","77,41%",PLO6,"-28,55"
11/05/2026,194990,DJOG??,PIXPOKER,0,0,"17,86"," R$  17,86 ","0,00%","0,00%","100,00%",PLO6,"-115,44"
11/05/2026,131761,Limpaibestao,PIXPOKER,0,"10,4",0," R$  10,40 ","0,00%","100,00%","0,00%",MTT,-104
11/05/2026,150634,Texurro,PIXPOKER,"9,27","30,78",0," R$  40,05 ","23,15%","76,85%","0,00%",MTT,"27,76"
11/05/2026,158586,Naviuos,PIXPOKER,0,"120,98",0," R$  120,98 ","0,00%","100,00%","0,00%",MTT,"275,01"
11/05/2026,173235,Estrutura,PIXPOKER,"4,42","217,6","273,33"," R$  495,35 ","0,89%","43,93%","55,18%",PLO6,"558,84"
11/05/2026,192657,IgorM,PIXPOKER,"0,73","6,6",0," R$  7,33 ","9,96%","90,04%","0,00%",MTT,"-39,03"
11/05/2026,193637,BeNSharK?,PIXPOKER,0,"66,5",0," R$  66,50 ","0,00%","100,00%","0,00%",MTT,"-335,09"
11/05/2026,176747,Infame,PIXPOKER,0,"0,5","0,49"," R$  0,99 ","0,00%","50,51%","49,49%",MTT,"-9,4"
11/05/2026,100189,VALDIVIA,PIXPOKER,0,0,"75,01"," R$  75,01 ","0,00%","0,00%","100,00%",PLO6,-700
11/05/2026,102657,Edson ?,PIXPOKER,"26,83",4,"15,82"," R$  46,65 ","57,51%","8,57%","33,91%",NLH,"-200,03"
11/05/2026,127748,pytter.parke,PIXPOKER,0,"3,4","156,15"," R$  159,55 ","0,00%","2,13%","97,87%",PLO6,"326,07"
11/05/2026,129800,Th7AKK’,PIXPOKER,0,"16,3","26,82"," R$  43,12 ","0,00%","37,80%","62,20%",PLO6,-138
11/05/2026,130831,SnAAcK,PIXPOKER,0,"28,8","11,12"," R$  39,92 ","0,00%","72,14%","27,86%",MTT,"-268,17"
11/05/2026,147210,Leooo_nery,PIXPOKER,"3,43","259,15","182,18"," R$  444,76 ","0,77%","58,27%","40,96%",MTT,"-1948,76"
11/05/2026,150043,gamby,PIXPOKER,0,1,"9,6"," R$  10,60 ","0,00%","9,43%","90,57%",PLO6,-171
11/05/2026,160319,cremoferro,PIXPOKER,"3,8","15,75","9,85"," R$  29,40 ","12,93%","53,57%","33,50%",MTT,"214,34"
11/05/2026,162802,prego,PIXPOKER,0,0,"43,7"," R$  43,70 ","0,00%","0,00%","100,00%",PLO6,-116
11/05/2026,188178,RETROESCAVADEIRA,PIXPOKER,0,0,"15,67"," R$  15,67 ","0,00%","0,00%","100,00%",PLO6,-45
11/05/2026,193561,Iperes,PIXPOKER,0,"219,1","64,48"," R$  283,58 ","0,00%","77,26%","22,74%",MTT,-220
11/05/2026,195083,AAÉFOLD,PIXPOKER,0,0,"95,09"," R$  95,09 ","0,00%","0,00%","100,00%",PLO6,-198
11/05/2026,136090,pixxx,PIXPOKER,0,"0,2","0,3"," R$  0,50 ","0,00%","40,00%","60,00%",PLO6,"-5,6"
11/05/2026,156357,idiki,PIXPOKER,0,"3,1","53,34"," R$  56,44 ","0,00%","5,49%","94,51%",PLO6,"-492,09"
11/05/2026,160003,Ioribr (777),PIXPOKER,"3,3","0,5","14,27"," R$  18,07 ","18,26%","2,77%","78,97%",PLO6,-24
11/05/2026,176306,HLDR,PIXPOKER,0,"8,5","166,96"," R$  175,46 ","0,00%","4,84%","95,16%",PLO6,-600
11/05/2026,186144,PORTAO10,PIXPOKER,0,0,"83,56"," R$  83,56 ","0,00%","0,00%","100,00%",PLO6,"-173,92"
11/05/2026,187173,pix187173,PIXPOKER,0,"6,6","46,77"," R$  53,37 ","0,00%","12,37%","87,63%",PLO6,"197,14"
11/05/2026,188702,Aécio2064,PIXPOKER,"0,25","0,5","54,67"," R$  55,42 ","0,45%","0,90%","98,65%",PLO6,-78
11/05/2026,102576,kaos,PIXPOKER,0,0,"843,05"," R$  843,05 ","0,00%","0,00%","100,00%",PLO6,"485,66"
11/05/2026,107241,Tibau,PIXPOKER,0,"4,5","86,41"," R$  90,91 ","0,00%","4,95%","95,05%",PLO6,"954,31"
11/05/2026,115700,pix115700,PIXPOKER,0,0,"193,43"," R$  193,43 ","0,00%","0,00%","100,00%",PLO6,-370
11/05/2026,118027,EUROFARMA,PIXPOKER,0,1,"2025,42"," R$  2.026,42 ","0,00%","0,05%","99,95%",PLO6,-1280
11/05/2026,129823,pix129823,PIXPOKER,0,0,"474,54"," R$  474,54 ","0,00%","0,00%","100,00%",PLO6,"-589,22"
11/05/2026,140135,lukinhas05,PIXPOKER,"4,86",0,"430,25"," R$  435,11 ","1,12%","0,00%","98,88%",PLO6,"368,81"
11/05/2026,147305,bambu,PIXPOKER,0,0,"34,28"," R$  34,28 ","0,00%","0,00%","100,00%",PLO6,-405
11/05/2026,149966,ajex,PIXPOKER,0,0,"77,26"," R$  77,26 ","0,00%","0,00%","100,00%",PLO6,"-768,3"
11/05/2026,182655,Nelson Ned,PIXPOKER,0,0,"155,05"," R$  155,05 ","0,00%","0,00%","100,00%",PLO6,"-537,27"
11/05/2026,189205,fazer 1000,PIXPOKER,0,0,"1075,08"," R$  1.075,08 ","0,00%","0,00%","100,00%",PLO6,"-6004,23"
11/05/2026,194206,Sem Alma,PIXPOKER,"6,33",0,"515,22"," R$  521,55 ","1,21%","0,00%","98,79%",PLO6,"-3302,66"
11/05/2026,102054,natan oficial,PIXPOKER,"2,24",0,"492,59"," R$  494,83 ","0,45%","0,00%","99,55%",PLO6,"140,04"
11/05/2026,124196,mjr.,PIXPOKER,0,0,"304,65"," R$  304,65 ","0,00%","0,00%","100,00%",PLO6,"1278,01"
11/05/2026,133682,Disney,PIXPOKER,0,0,"79,52"," R$  79,52 ","0,00%","0,00%","100,00%",PLO6,-262
11/05/2026,139726,bananinha,PIXPOKER,0,"188,4","389,27"," R$  577,67 ","0,00%","32,61%","67,39%",PLO6,"-902,75"
11/05/2026,142293,KAMMIN,PIXPOKER,0,0,"267,1"," R$  267,10 ","0,00%","0,00%","100,00%",PLO6,"-1600,4"
11/05/2026,143424,eider junior,PIXPOKER,0,0,"45,04"," R$  45,04 ","0,00%","0,00%","100,00%",PLO6,-50
11/05/2026,165296,pix165296,PIXPOKER,"12,26",0,"4,15"," R$  16,41 ","74,71%","0,00%","25,29%",NLH,"-139,71"
11/05/2026,165522,Nicollas01poker,PIXPOKER,0,0,"8,03"," R$  8,03 ","0,00%","0,00%","100,00%",PLO6,-50
11/05/2026,175785,Bobestouro,PIXPOKER,0,"14,4","13,75"," R$  28,15 ","0,00%","51,15%","48,85%",MTT,-280
11/05/2026,194294,pix194294,PIXPOKER,"30,55","1,05","28,31"," R$  59,91 ","50,99%","1,75%","47,25%",NLH,"-215,5"
11/05/2026,194654,Mr Pet,PIXPOKER,"1,55","169,1","59,75"," R$  230,40 ","0,67%","73,39%","25,93%",MTT,-1856
11/05/2026,194801,lucianin4bet,PIXPOKER,0,0,"12,76"," R$  12,76 ","0,00%","0,00%","100,00%",PLO6,"-60,02"
11/05/2026,103904,Cabuloso?,PIXPOKER,"104,39",0,"16,86"," R$  121,25 ","86,09%","0,00%","13,91%",NLH,"-31,07"
11/05/2026,133117,daso AA,PIXPOKER,0,"0,5","198,34"," R$  198,84 ","0,00%","0,25%","99,75%",PLO6,"-890,64"
11/05/2026,145086,Dani,PIXPOKER,0,"129,5","291,06"," R$  420,56 ","0,00%","30,79%","69,21%",PLO6,"792,58"
11/05/2026,147010,zepliplin,PIXPOKER,0,0,"668,81"," R$  668,81 ","0,00%","0,00%","100,00%",PLO6,"-244,24"
11/05/2026,149617,MQ17,PIXPOKER,0,0,"402,23"," R$  402,23 ","0,00%","0,00%","100,00%",PLO6,"1263,51"
11/05/2026,150031,Nó Cego,PIXPOKER,"1,87",1,"27,96"," R$  30,83 ","6,07%","3,24%","90,69%",PLO6,-57
11/05/2026,152826,pix152826,PIXPOKER,0,0,"31,48"," R$  31,48 ","0,00%","0,00%","100,00%",PLO6,"-183,2"
11/05/2026,155002,FFilho,PIXPOKER,0,0,"56,83"," R$  56,83 ","0,00%","0,00%","100,00%",PLO6,-590
11/05/2026,155905,Laga Lagartão,PIXPOKER,0,10,"646,14"," R$  656,14 ","0,00%","1,52%","98,48%",PLO6,"-839,13"
11/05/2026,162136,pix162136,PIXPOKER,0,0,"1620,12"," R$  1.620,12 ","0,00%","0,00%","100,00%",PLO6,"-5219,38"
11/05/2026,192692,pix192692,PIXPOKER,0,0,"62,55"," R$  62,55 ","0,00%","0,00%","100,00%",PLO6,"-229,24"
11/05/2026,194598,pix194598,PIXPOKER,0,0,"58,57"," R$  58,57 ","0,00%","0,00%","100,00%",PLO6,"-797,04"
11/05/2026,130437,pedrin att,PIXPOKER,"22,1",2,0," R$  24,10 ","91,70%","8,30%","0,00%",NLH,"-66,46"
11/05/2026,154334,space burguer,PIXPOKER,"0,47",0,0," R$  0,47 ","100,00%","0,00%","0,00%",NLH,"-4,56"
11/05/2026,157549,mu97,PIXPOKER,"22,88",0,"0,67"," R$  23,55 ","97,15%","0,00%","2,85%",NLH,-90
11/05/2026,158399,ldcostta,PIXPOKER,"0,31",0,"17,52"," R$  17,83 ","1,74%","0,00%","98,26%",PLO6,"-9,88"
11/05/2026,162893,Geladeira ?,PIXPOKER,"59,42","15,9","166,48"," R$  241,80 ","24,57%","6,58%","68,85%",PLO6,"790,42"
11/05/2026,188123,pix188123,PIXPOKER,"2,83",0,0," R$  2,83 ","100,00%","0,00%","0,00%",NLH,-30
11/05/2026,193755,RAFABER??,PIXPOKER,"34,61","24,1",0," R$  58,71 ","58,95%","41,05%","0,00%",NLH,"-479,08"
11/05/2026,194270,Laurinha,PIXPOKER,"14,8","0,1",0," R$  14,90 ","99,33%","0,67%","0,00%",NLH,-71
11/05/2026,194304,Jujunaa,PIXPOKER,"15,86","7,46",0," R$  23,32 ","68,01%","31,99%","0,00%",NLH,"-84,22"
11/05/2026,195469,golias,PIXPOKER,"11,95",0,"0,41"," R$  12,36 ","96,68%","0,00%","3,32%",NLH,"-39,1"
11/05/2026,116140,Márcio Lins,PIXPOKER,"18,57","29,4",0," R$  47,97 ","38,71%","61,29%","0,00%",MTT,"161,76"
11/05/2026,151118,SERRANO,PIXPOKER,"20,3",0,"17,95"," R$  38,25 ","53,07%","0,00%","46,93%",NLH,-405
11/05/2026,154882,É O BR,PIXPOKER,"59,92",0,"6,99"," R$  66,91 ","89,55%","0,00%","10,45%",NLH,"78,99"
11/05/2026,178626,Vava13,PIXPOKER,"8,29",0,0," R$  8,29 ","100,00%","0,00%","0,00%",NLH,"-100,08"
11/05/2026,187362,Higor00,PIXPOKER,"12,04","0,3","2,19"," R$  14,53 ","82,86%","2,06%","15,07%",NLH,"-91,03"
11/05/2026,189622,TIJUBINA ?,PIXPOKER,"19,81",0,0," R$  19,81 ","100,00%","0,00%","0,00%",NLH,"191,26"
11/05/2026,191293,jh Júnior,PIXPOKER,"54,03","42,1",0," R$  96,13 ","56,21%","43,79%","0,00%",NLH,"-425,52"
11/05/2026,194166,Daniboy,PIXPOKER,"149,43",0,0," R$  149,43 ","100,00%","0,00%","0,00%",NLH,"-292,8"
11/05/2026,108144,Tudão Ap,PIXPOKER,0,"0,1","44,11"," R$  44,21 ","0,00%","0,23%","99,77%",PLO6,-445
11/05/2026,112345,VictorM,PIXPOKER,0,0,"15,78"," R$  15,78 ","0,00%","0,00%","100,00%",PLO6,"-70,42"
11/05/2026,116516,pix116516,PIXPOKER,0,0,"37,22"," R$  37,22 ","0,00%","0,00%","100,00%",PLO6,-270
11/05/2026,150113,predador ?,PIXPOKER,0,0,"0,13"," R$  0,13 ","0,00%","0,00%","100,00%",PLO6,-5
11/05/2026,161256,CÂMARA?,PIXPOKER,0,0,"200,37"," R$  200,37 ","0,00%","0,00%","100,00%",PLO6,"-537,24"
11/05/2026,170993,EleJot4,PIXPOKER,"3,11",0,"4,46"," R$  7,57 ","41,08%","0,00%","58,92%",PLO6,-70
11/05/2026,188277,Pedromts08,PIXPOKER,"19,1",0,"7,94"," R$  27,04 ","70,64%","0,00%","29,36%",NLH,"17,82"
11/05/2026,194997,wsantos10,PIXPOKER,0,"36,6","225,28"," R$  261,88 ","0,00%","13,98%","86,02%",PLO6,"-1865,92"
11/05/2026,195066,joaofon,PIXPOKER,0,0,"21,21"," R$  21,21 ","0,00%","0,00%","100,00%",PLO6,"107,9"
11/05/2026,128079,italoko,PIXPOKER,0,0,"739,94"," R$  739,94 ","0,00%","0,00%","100,00%",PLO6,"-3053,7"
11/05/2026,145213,pix145213,PIXPOKER,0,0,"2089,35"," R$  2.089,35 ","0,00%","0,00%","100,00%",PLO6,"941,29"
11/05/2026,188115,RivaxL,PIXPOKER,0,0,"780,23"," R$  780,23 ","0,00%","0,00%","100,00%",PLO6,"1871,13"
11/05/2026,194211,palaku,PIXPOKER,"1,89",30,"424,12"," R$  456,01 ","0,41%","6,58%","93,01%",PLO6,"-795,38"
11/05/2026,153593,Tizil1,PIXPOKER,"0,19","0,3",0," R$  0,49 ","38,78%","61,22%","0,00%",MTT,"-2,22"
11/05/2026,162929,skolzadaaa,PIXPOKER,0,"1,3",0," R$  1,30 ","0,00%","100,00%","0,00%",MTT,-13
11/05/2026,181098,pix181098,PIXPOKER,"5,49","2,5","2,87"," R$  10,86 ","50,55%","23,02%","26,43%",NLH,"35,23"
11/05/2026,183817,magnata71,PIXPOKER,0,"0,2",0," R$  0,20 ","0,00%","100,00%","0,00%",MTT,-2
11/05/2026,190673,pix190673,PIXPOKER,"1,68",21,"107,34"," R$  130,02 ","1,29%","16,15%","82,56%",PLO6,"134,97"
11/05/2026,193366,pix193366,PIXPOKER,0,1,0," R$  1,00 ","0,00%","100,00%","0,00%",MTT,"-8,89"
11/05/2026,195449,Rutsonfc2K,PIXPOKER,0,"5,8",0," R$  5,80 ","0,00%","100,00%","0,00%",MTT,"-71,76"
11/05/2026,116753,Gabrrriel,PIXPOKER,0,"0,8","5,47"," R$  6,27 ","0,00%","12,76%","87,24%",PLO6,-10
11/05/2026,193430,cbZada,PIXPOKER,0,0,"3,27"," R$  3,27 ","0,00%","0,00%","100,00%",PLO6,"-27,6"
11/05/2026,145865,pix145865,PIXPOKER,"66,27","12,4",0," R$  78,67 ","84,24%","15,76%","0,00%",NLH,"-73,09"
11/05/2026,156597,Tuttuba,PIXPOKER,"31,4",38,0," R$  69,40 ","45,24%","54,76%","0,00%",MTT,"-79,45"
11/05/2026,158570,pix191416,PIXPOKER,0,5,0," R$  5,00 ","0,00%","100,00%","0,00%",MTT,-50
11/05/2026,188457,tomate,PIXPOKER,0,"124,65",0," R$  124,65 ","0,00%","100,00%","0,00%",MTT,"-916,5"
11/05/2026,193970,Pimentax1,PIXPOKER,0,"219,4",0," R$  219,40 ","0,00%","100,00%","0,00%",MTT,"1080,64"
11/05/2026,113958,pix113958,PIXPOKER,0,0,"54,46"," R$  54,46 ","0,00%","0,00%","100,00%",PLO6,"-133,93"
11/05/2026,147011,leruiz,PIXPOKER,0,0,"158,82"," R$  158,82 ","0,00%","0,00%","100,00%",PLO6,"-296,8"
11/05/2026,185992,davizin,PIXPOKER,"0,75",0,"80,42"," R$  81,17 ","0,92%","0,00%","99,08%",PLO6,-288
11/05/2026,193467,Mercado livre,PIXPOKER,0,0,"521,56"," R$  521,56 ","0,00%","0,00%","100,00%",PLO6,"-30,94"
11/05/2026,172030,ChaparralJr,PIXPOKER,0,"29,5","609,53"," R$  639,03 ","0,00%","4,62%","95,38%",PLO6,"-591,82"
11/05/2026,194490,fliperama,PIXPOKER,0,"6,2","44,08"," R$  50,28 ","0,00%","12,33%","87,67%",PLO6,-141
11/05/2026,117575,Let’s Go,PIXPOKER,"0,4","38,8",0," R$  39,20 ","1,02%","98,98%","0,00%",MTT,"-62,12"
11/05/2026,132763,129131,PIXPOKER,0,30,"22,09"," R$  52,09 ","0,00%","57,59%","42,41%",MTT,-500
11/05/2026,136352,DonaMaria,PIXPOKER,0,18,"77,9"," R$  95,90 ","0,00%","18,77%","81,23%",PLO6,"-526,9"
11/05/2026,149559,Tata é  Fota,PIXPOKER,0,0,"15,67"," R$  15,67 ","0,00%","0,00%","100,00%",PLO6,-135
11/05/2026,151141,pix151141,PIXPOKER,"2,92",0,0," R$  2,92 ","100,00%","0,00%","0,00%",NLH,"-10,54"
11/05/2026,173866,Matheusjopa,PIXPOKER,"0,61",0,0," R$  0,61 ","100,00%","0,00%","0,00%",NLH,"-10,02"
11/05/2026,195459,tanouss,PIXPOKER,"10,35",0,"4,39"," R$  14,74 ","70,22%","0,00%","29,78%",NLH,"-15,57"
11/05/2026,195461,blefa nao,PIXPOKER,"11,12",0,0," R$  11,12 ","100,00%","0,00%","0,00%",NLH,"-39,52"
11/05/2026,108131,Coxapira,PIXPOKER,"8,32",0,0," R$  8,32 ","100,00%","0,00%","0,00%",NLH,"-91,02"
11/05/2026,120035,ok então,PIXPOKER,"30,64",0,0," R$  30,64 ","100,00%","0,00%","0,00%",NLH,-80
11/05/2026,143847,dossantos 1000,PIXPOKER,"110,84",0,"16,44"," R$  127,28 ","87,08%","0,00%","12,92%",NLH,"-148,6"
11/05/2026,143841,Rbraga,PIXPOKER,0,0,"1,54"," R$  1,54 ","0,00%","0,00%","100,00%",PLO6,-20
11/05/2026,149427,JJsparrow,PIXPOKER,0,0,"7,58"," R$  7,58 ","0,00%","0,00%","100,00%",PLO6,-21
11/05/2026,100300,Barboza?,PIXPOKER,"0,2","0,1","1,85"," R$  2,15 ","9,30%","4,65%","86,05%",PLO6,"-1,01"
11/05/2026,100628,Edson Gomes,PIXPOKER,0,"0,9",0," R$  0,90 ","0,00%","100,00%","0,00%",MTT,-9
11/05/2026,102854,mrsflush,PIXPOKER,0,0,0, R$  -   ,,,,NLH,"1,6"
11/05/2026,102869,shogun,PIXPOKER,0,0,"58,75"," R$  58,75 ","0,00%","0,00%","100,00%",PLO6,"-2,11"
11/05/2026,102898,shark,PIXPOKER,0,0,0, R$  -   ,,,,NLH,"1,61"
11/05/2026,104131,all inn,PIXPOKER,0,"0,1",0," R$  0,10 ","0,00%","100,00%","0,00%",MTT,"0,03"
11/05/2026,109387,Bigode,PIXPOKER,"0,51","0,3",0," R$  0,81 ","62,96%","37,04%","0,00%",NLH,"-0,77"
11/05/2026,117746,bocao10,PIXPOKER,0,0,0, R$  -   ,,,,NLH,0
11/05/2026,120987,Ricardo420,PIXPOKER,0,"0,1",0," R$  0,10 ","0,00%","100,00%","0,00%",MTT,"-0,16"
11/05/2026,136483,Alírio,PIXPOKER,0,"0,1",0," R$  0,10 ","0,00%","100,00%","0,00%",MTT,"0,33"
11/05/2026,140055,jr oião motos,PIXPOKER,"0,22",0,0," R$  0,22 ","100,00%","0,00%","0,00%",NLH,"-8,27"
11/05/2026,140263,Deivão,PIXPOKER,0,"0,6",0," R$  0,60 ","0,00%","100,00%","0,00%",MTT,-6
11/05/2026,143543,Amorica do vrau,PIXPOKER,"1,29","1,1","0,02"," R$  2,41 ","53,53%","45,64%","0,83%",NLH,"-2,67"
11/05/2026,149147,Priscilasantos,PIXPOKER,0,0,0, R$  -   ,,,,NLH,0
11/05/2026,151216,Matador 2024,PIXPOKER,0,0,0, R$  -   ,,,,NLH,0
11/05/2026,153195,ZackEfr0n,PIXPOKER,0,0,"0,48"," R$  0,48 ","0,00%","0,00%","100,00%",PLO6,"-2,08"
11/05/2026,155709,pix155709,PIXPOKER,0,0,0, R$  -   ,,,,NLH,0
11/05/2026,158902,minhocauhaha,PIXPOKER,0,0,0, R$  -   ,,,,NLH,0
11/05/2026,161105,picanha,PIXPOKER,0,"47,8","0,54"," R$  48,34 ","0,00%","98,88%","1,12%",MTT,"-476,73"
11/05/2026,166612,Emanuel Farias,PIXPOKER,"3,63","1,4",0," R$  5,03 ","72,17%","27,83%","0,00%",NLH,"-6,67"
11/05/2026,168321,Breno Mendes,PIXPOKER,0,"0,5",0," R$  0,50 ","0,00%","100,00%","0,00%",MTT,-5
11/05/2026,173555,pix173555,PIXPOKER,0,4,0," R$  4,00 ","0,00%","100,00%","0,00%",MTT,"43,66"
11/05/2026,174952,tremdofullhouse33,PIXPOKER,"4,28",0,"0,44"," R$  4,72 ","90,68%","0,00%","9,32%",NLH,"-13,52"
11/05/2026,175073,AdemirF,PIXPOKER,"0,4",0,0," R$  0,40 ","100,00%","0,00%","0,00%",NLH,-7
11/05/2026,176166,cuz cuz cum ovo,PIXPOKER,0,"0,2","0,43"," R$  0,63 ","0,00%","31,75%","68,25%",PLO6,"-0,01"
11/05/2026,181845,pix181845,PIXPOKER,0,0,0, R$  -   ,,,,NLH,"0,93"
11/05/2026,187278,VICTOR GUERRA,PIXPOKER,"0,39","0,1",0," R$  0,49 ","79,59%","20,41%","0,00%",NLH,-4
11/05/2026,187654,Luiz Henrique,PIXPOKER,"0,01",0,"3,69"," R$  3,70 ","0,27%","0,00%","99,73%",PLO6,"-26,31"
11/05/2026,190448,andim,PIXPOKER,0,0,"8,38"," R$  8,38 ","0,00%","0,00%","100,00%",PLO6,-36
11/05/2026,191359,coldpaul,PIXPOKER,"0,73","7,3",0," R$  8,03 ","9,09%","90,91%","0,00%",MTT,"-37,22"
11/05/2026,191416,Thomasl17,PIXPOKER,"1,21","1,6","2,08"," R$  4,89 ","24,74%","32,72%","42,54%",PLO6,-23
11/05/2026,192635,jandao,PIXPOKER,0,0,0, R$  -   ,,,,NLH,0
11/05/2026,193402,porKoloKo,PIXPOKER,"1,3",3,0," R$  4,30 ","30,23%","69,77%","0,00%",MTT,"-48,4"
11/05/2026,193840,sougg,PIXPOKER,0,0,0, R$  -   ,,,,NLH,0
11/05/2026,194302,pix194302,PIXPOKER,0,"2,1",0," R$  2,10 ","0,00%","100,00%","0,00%",MTT,"-11,56"
11/05/2026,194472,Micha fold,PIXPOKER,0,0,0, R$  -   ,,,,NLH,0
11/05/2026,195112,pix195112,PIXPOKER,"7,63","25,2",0," R$  32,83 ","23,24%","76,76%","0,00%",MTT,"-360,74"
11/05/2026,195436,cochichola??,PIXPOKER,"0,27",0,0," R$  0,27 ","100,00%","0,00%","0,00%",NLH,"1,34"
11/05/2026,113444,brad33,PIXPOKER,"139,83",20,"3,81"," R$  163,64 ","85,45%","12,22%","2,33%",NLH,"-269,73"
11/05/2026,120485,RodrigOscar,PIXPOKER,"517,49",0,"75,85"," R$  593,34 ","87,22%","0,00%","12,78%",NLH,"-779,34"
11/05/2026,147593,pix147593,PIXPOKER,"8,14",0,0," R$  8,14 ","100,00%","0,00%","0,00%",NLH,"-70,05"
11/05/2026,152555,BossRico,PIXPOKER,"5,05",0,0," R$  5,05 ","100,00%","0,00%","0,00%",NLH,"-57,01"
11/05/2026,174760,Sansãodelas,PIXPOKER,"47,53",5,0," R$  52,53 ","90,48%","9,52%","0,00%",NLH,"251,85"
11/05/2026,194244,PH Goiano,PIXPOKER,"16,57",0,0," R$  16,57 ","100,00%","0,00%","0,00%",NLH,"-113,93"
11/05/2026,150253,n3ymar,PIXPOKER,"32,17",0,"1,46"," R$  33,63 ","95,66%","0,00%","4,34%",NLH,"-75,66"
11/05/2026,154531,allinsemolhar,PIXPOKER,0,"111,5","48,74"," R$  160,24 ","0,00%","69,58%","30,42%",MTT,"-699,87"
11/05/2026,157960,Glorioso,PIXPOKER,0,"21,6",0," R$  21,60 ","0,00%","100,00%","0,00%",MTT,"-82,89"
11/05/2026,168156,JhonBad,PIXPOKER,0,"91,7","6,03"," R$  97,73 ","0,00%","93,83%","6,17%",MTT,"33,88"
11/05/2026,104697,gb__,PIXPOKER,0,3,0," R$  3,00 ","0,00%","100,00%","0,00%",MTT,"15,04"
11/05/2026,145184,Chepinha,PIXPOKER,0,"8,45",0," R$  8,45 ","0,00%","100,00%","0,00%",MTT,"-84,5"
11/05/2026,100605,henrique,PIXPOKER,"5,91",0,"5,62"," R$  11,53 ","51,26%","0,00%","48,74%",NLH,-34
11/05/2026,106309,AcademiaDePoker,PIXPOKER,0,"0,3",0," R$  0,30 ","0,00%","100,00%","0,00%",MTT,-3
11/05/2026,174476,Dim Saraiva,PIXPOKER,0,"0,1",0," R$  0,10 ","0,00%","100,00%","0,00%",MTT,-1
11/05/2026,173268,nacton silvq,PIXPOKER,"11,42",0,"0,43"," R$  11,85 ","96,37%","0,00%","3,63%",NLH,"-10,98"
11/05/2026,179974,Bezim09,PIXPOKER,"13,92",0,0," R$  13,92 ","100,00%","0,00%","0,00%",NLH,-93
11/05/2026,189262,ZéNutzz,PIXPOKER,"4,87",0,0," R$  4,87 ","100,00%","0,00%","0,00%",NLH,-20
11/05/2026,102042,MatheusCarvalho,PIXPOKER,0,"0,5",0," R$  0,50 ","0,00%","100,00%","0,00%",MTT,-5
11/05/2026,149703,azarado,PIXPOKER,0,"27,15",0," R$  27,15 ","0,00%","100,00%","0,00%",MTT,"-224,03"
11/05/2026,151827,juru pinga,PIXPOKER,"4,41","0,5","8,28"," R$  13,19 ","33,43%","3,79%","62,77%",PLO6,-70
11/05/2026,129424,KidMoney,PIXPOKER,0,"120,6",0," R$  120,60 ","0,00%","100,00%","0,00%",MTT,"-347,46"
11/05/2026,138318,so badd,PIXPOKER,0,3,0," R$  3,00 ","0,00%","100,00%","0,00%",MTT,-30
11/05/2026,138592,pix138592,PIXPOKER,0,"128,6",0," R$  128,60 ","0,00%","100,00%","0,00%",MTT,"1273,25"
11/05/2026,153367,Gi.p,PIXPOKER,0,"8,2",0," R$  8,20 ","0,00%","100,00%","0,00%",MTT,-82
11/05/2026,180358,AGRF,PIXPOKER,0,0,"76,98"," R$  76,98 ","0,00%","0,00%","100,00%",PLO6,-400
11/05/2026,121804,Descubra,PIXPOKER,0,14,"47,41"," R$  61,41 ","0,00%","22,80%","77,20%",PLO6,51
11/05/2026,170374,DIABÃO,PIXPOKER,0,276,0," R$  276,00 ","0,00%","100,00%","0,00%",MTT,"-2105,13"
11/05/2026,109250,????JC,PIXPOKER,0,0,"117,54"," R$  117,54 ","0,00%","0,00%","100,00%",PLO6,"-596,43"
11/05/2026,108544,Zé Cambalhota,PIXPOKER,0,"64,7",0," R$  64,70 ","0,00%","100,00%","0,00%",MTT,-722
11/05/2026,156622,alvaromontoro,PIXPOKER,0,"8,7",0," R$  8,70 ","0,00%","100,00%","0,00%",MTT,-87
11/05/2026,159197,zuzu,PIXPOKER,0,12,0," R$  12,00 ","0,00%","100,00%","0,00%",MTT,"-44,7"
11/05/2026,188416,juliomoneymaker,PIXPOKER,0,"2,7",0," R$  2,70 ","0,00%","100,00%","0,00%",MTT,-27
11/05/2026,190555,animeshuga,PIXPOKER,0,"25,8",0," R$  25,80 ","0,00%","100,00%","0,00%",MTT,"-23,37"
11/05/2026,194400,Joao Bosco,PIXPOKER,0,"29,1",0," R$  29,10 ","0,00%","100,00%","0,00%",MTT,-291
11/05/2026,187443,CaioJr14,PIXPOKER,"3,86",0,0," R$  3,86 ","100,00%","0,00%","0,00%",NLH,-40
11/05/2026,194497,Hungria,PIXPOKER,"5,77","12,2","5,56"," R$  23,53 ","24,52%","51,85%","23,63%",MTT,"-132,5"
11/05/2026,116811,joka,PIXPOKER,0,"3,4",0," R$  3,40 ","0,00%","100,00%","0,00%",MTT,"-14,44"
11/05/2026,153931,App Maracutaia,PIXPOKER,0,"0,1",0," R$  0,10 ","0,00%","100,00%","0,00%",MTT,-1
11/05/2026,160141,Piaca2024,PIXPOKER,0,"86,34",0," R$  86,34 ","0,00%","100,00%","0,00%",MTT,"-888,4"
11/05/2026,172054,kevenbrs,PIXPOKER,"1,21","0,1","26,55"," R$  27,86 ","4,34%","0,36%","95,30%",PLO6,-16
11/05/2026,172208,? REI,PIXPOKER,0,"0,2",0," R$  0,20 ","0,00%","100,00%","0,00%",MTT,-2
11/05/2026,177692,pix177692,PIXPOKER,0,"0,4",0," R$  0,40 ","0,00%","100,00%","0,00%",MTT,"3,44"
11/05/2026,177693,pix177693,PIXPOKER,0,"0,2",0," R$  0,20 ","0,00%","100,00%","0,00%",MTT,-2
11/05/2026,180584,lagarto171,PIXPOKER,0,"10,1",0," R$  10,10 ","0,00%","100,00%","0,00%",MTT,"92,02"
11/05/2026,182909,Johnny walkr,PIXPOKER,"2,57","17,6",0," R$  20,17 ","12,74%","87,26%","0,00%",MTT,"-154,96"
11/05/2026,185688,Arc4njo,PIXPOKER,0,"10,2",0," R$  10,20 ","0,00%","100,00%","0,00%",MTT,"159,86"
11/05/2026,190835,Velhote,PIXPOKER,0,"0,1",0," R$  0,10 ","0,00%","100,00%","0,00%",MTT,-1
11/05/2026,190942,pix190942,PIXPOKER,0,"3,3","3,46"," R$  6,76 ","0,00%","48,82%","51,18%",PLO6,"-50,12"
11/05/2026,102916,Elthigas,PIXPOKER,0,0,"15,7"," R$  15,70 ","0,00%","0,00%","100,00%",PLO6,"-99,25"
11/05/2026,135410,jvzim,PIXPOKER,0,0,"59,95"," R$  59,95 ","0,00%","0,00%","100,00%",PLO6,-311
11/05/2026,144439,jhtissimo30,PIXPOKER,"5,2",0,"173,85"," R$  179,05 ","2,90%","0,00%","97,10%",PLO6,-986
11/05/2026,148116,joker ?,PIXPOKER,0,0,"47,21"," R$  47,21 ","0,00%","0,00%","100,00%",PLO6,-563
11/05/2026,151543,jotinhafelipe,PIXPOKER,0,"6,5","210,43"," R$  216,93 ","0,00%","3,00%","97,00%",PLO6,-758
11/05/2026,157737,raule de mel,PIXPOKER,0,0,"136,49"," R$  136,49 ","0,00%","0,00%","100,00%",PLO6,"-105,56"
11/05/2026,169703,Chicken Little,PIXPOKER,"2,47",0,"48,44"," R$  50,91 ","4,85%","0,00%","95,15%",PLO6,"115,19"
11/05/2026,182921,MEUGRANDE,PIXPOKER,0,1,"20,86"," R$  21,86 ","0,00%","4,57%","95,43%",PLO6,-100
11/05/2026,189391,Shell271,PIXPOKER,0,0,"58,65"," R$  58,65 ","0,00%","0,00%","100,00%",PLO6,"-181,6"
11/05/2026,189502,kid poker AA,PIXPOKER,0,0,"53,48"," R$  53,48 ","0,00%","0,00%","100,00%",PLO6,-409
11/05/2026,193871,pix193871,PIXPOKER,"2,85",0,"7,03"," R$  9,88 ","28,85%","0,00%","71,15%",PLO6,-95
11/05/2026,153018,Madara??,PIXPOKER,0,"2,5","50,82"," R$  53,32 ","0,00%","4,69%","95,31%",PLO6,-259
11/05/2026,153359,semreclamação,PIXPOKER,0,"69,5",0," R$  69,50 ","0,00%","100,00%","0,00%",MTT,"-494,05"
11/05/2026,157192,kakaziinho,PIXPOKER,0,"25,5","5,68"," R$  31,18 ","0,00%","81,78%","18,22%",MTT,-130
11/05/2026,172708,Mendess.v,PIXPOKER,0,"0,5",0," R$  0,50 ","0,00%","100,00%","0,00%",MTT,-5
11/05/2026,193904,pix193904,PIXPOKER,0,"3,1",0," R$  3,10 ","0,00%","100,00%","0,00%",MTT,-31
11/05/2026,155001,pix155001,PIXPOKER,0,"44,69",0," R$  44,69 ","0,00%","100,00%","0,00%",MTT,"-10,6"
11/05/2026,155269,ghhz97,PIXPOKER,0,"5,5",0," R$  5,50 ","0,00%","100,00%","0,00%",MTT,-55
11/05/2026,173790,Eraldo,PIXPOKER,0,"64,2",0," R$  64,20 ","0,00%","100,00%","0,00%",MTT,"118,82"
11/05/2026,182051,Abacatudo ?,PIXPOKER,0,"3,5",0," R$  3,50 ","0,00%","100,00%","0,00%",MTT,-35
11/05/2026,189226,Italokeppe,PIXPOKER,0,"1,05",0," R$  1,05 ","0,00%","100,00%","0,00%",MTT,"-10,5"
11/05/2026,193434,CUIDAVAI,PIXPOKER,0,0,"6282,45"," R$  6.282,45 ","0,00%","0,00%","100,00%",PLO6,"392,51"
11/05/2026,100190,RRibeiro,PIXPOKER,0,0,0, R$  -   ,,,,NLH,0
11/05/2026,100221,El Magron,PIXPOKER,0,0,0, R$  -   ,,,,NLH,0
11/05/2026,100479,9Tnaipadin,PIXPOKER,0,0,0, R$  -   ,,,,NLH,0
11/05/2026,101185,dual,PIXPOKER,0,0,0, R$  -   ,,,,NLH,0
11/05/2026,101229,OffThekingdepower,PIXPOKER,0,0,0, R$  -   ,,,,NLH,0
11/05/2026,103301,gika,PIXPOKER,0,0,0, R$  -   ,,,,NLH,"1,72"
11/05/2026,109150,vitinpe,PIXPOKER,0,0,"4,38"," R$  4,38 ","0,00%","0,00%","100,00%",PLO6,-36
11/05/2026,118893,eujhon,PIXPOKER,0,0,0, R$  -   ,,,,NLH,"1,52"
11/05/2026,149604,NoBru,PIXPOKER,"1,96",0,"17,15"," R$  19,11 ","10,26%","0,00%","89,74%",PLO6,-101
11/05/2026,151483,Wollfman69,PIXPOKER,0,0,0, R$  -   ,,,,NLH,0
11/05/2026,160844,Willian Yabiku,PIXPOKER,0,"0,8",0," R$  0,80 ","0,00%","100,00%","0,00%",MTT,-8
11/05/2026,168753,mago?,PIXPOKER,0,0,0, R$  -   ,,,,NLH,0
11/05/2026,172670,pix172670,PIXPOKER,"3,52","0,4","0,7"," R$  4,62 ","76,19%","8,66%","15,15%",NLH,"-0,58"
11/05/2026,173021,pix173021,PIXPOKER,0,0,0, R$  -   ,,,,NLH,0
11/05/2026,178968,pix178968,PIXPOKER,0,0,"1,41"," R$  1,41 ","0,00%","0,00%","100,00%",PLO6,"20,39"
11/05/2026,185553,??Mangusto?,PIXPOKER,0,0,0, R$  -   ,,,,NLH,0
11/05/2026,187132,ninguém,PIXPOKER,0,0,0, R$  -   ,,,,NLH,"1,87"
11/05/2026,188674,Mancuso,PIXPOKER,0,0,0, R$  -   ,,,,NLH,0
11/05/2026,189425,NeutrófiloX,PIXPOKER,0,0,0, R$  -   ,,,,NLH,0
11/05/2026,189508,Salmo23??,PIXPOKER,0,0,0, R$  -   ,,,,NLH,"5,27"
11/05/2026,191542,pix191542,PIXPOKER,0,"0,4",0," R$  0,40 ","0,00%","100,00%","0,00%",MTT,"-3,27"
11/05/2026,193550,carl$kk,PIXPOKER,0,"0,5",0," R$  0,50 ","0,00%","100,00%","0,00%",MTT,"10,74"
11/05/2026,138031,Tchipsss,PIXPOKER,0,0,0, R$  -   ,,,,NLH,"-21,88"
11/05/2026,151133,somos+,PIXPOKER,0,0,0, R$  -   ,,,,NLH,-25
11/05/2026,141374,hrios,PIXPOKER,0,0,"2327,12"," R$  2.327,12 ","0,00%","0,00%","100,00%",PLO6,"-6109,73"
11/05/2026,138157,Gigiroro,PIXPOKER,0,0,"37,17"," R$  37,17 ","0,00%","0,00%","100,00%",PLO6,-188
11/05/2026,157461,Hellen_?,PIXPOKER,0,"25,12",0," R$  25,12 ","0,00%","100,00%","0,00%",MTT,"40,19"
11/05/2026,139654,Ari,PIXPOKER,"13,98","5,2","39,24"," R$  58,42 ","23,93%","8,90%","67,17%",PLO6,"-492,32"
11/05/2026,124247,fragosinho789,PIXPOKER,"1,27",0,0," R$  1,27 ","100,00%","0,00%","0,00%",NLH,-13
11/05/2026,131387,JoaoCbmpa,PIXPOKER,"1,53",0,0," R$  1,53 ","100,00%","0,00%","0,00%",NLH,"-19,71"
11/05/2026,136609,Lene35,PIXPOKER,"0,96",0,0," R$  0,96 ","100,00%","0,00%","0,00%",NLH,-25
11/05/2026,153129,Zedd,PIXPOKER,"63,69",0,0," R$  63,69 ","100,00%","0,00%","0,00%",NLH,-7
11/05/2026,166608,TUDO DO TZ,PIXPOKER,"4,8",0,"0,39"," R$  5,19 ","92,49%","0,00%","7,51%",NLH,-44
11/05/2026,169388,ETH ??,PIXPOKER,"0,64","3,4",0," R$  4,04 ","15,84%","84,16%","0,00%",MTT,"-9,34"
11/05/2026,174728,PrisionBreak,PIXPOKER,"20,09","9,6",0," R$  29,69 ","67,67%","32,33%","0,00%",NLH,"-74,1"
11/05/2026,178818,??BIRU??,PIXPOKER,"0,68",0,0," R$  0,68 ","100,00%","0,00%","0,00%",NLH,-4
11/05/2026,181613,tyago,PIXPOKER,"2,36",0,"1,61"," R$  3,97 ","59,45%","0,00%","40,55%",NLH,"33,24"
11/05/2026,194578,JacksonMcz,PIXPOKER,"2,03","31,95",0," R$  33,98 ","5,97%","94,03%","0,00%",MTT,"-90,77"
11/05/2026,195117,pix195117,PIXPOKER,"2,29",0,"2,99"," R$  5,28 ","43,37%","0,00%","56,63%",PLO6,"-32,53"
11/05/2026,179691,Bielvn,PIXPOKER,0,"1,4",0," R$  1,40 ","0,00%","100,00%","0,00%",MTT,-14
11/05/2026,146392,pix146392,PIXPOKER,0,0,"13,08"," R$  13,08 ","0,00%","0,00%","100,00%",PLO6,-74
11/05/2026,155367,pix155367,PIXPOKER,0,0,"118,57"," R$  118,57 ","0,00%","0,00%","100,00%",PLO6,-200
11/05/2026,162898,Arturlm11,PIXPOKER,0,"8,2","28,12"," R$  36,32 ","0,00%","22,58%","77,42%",PLO6,175
11/05/2026,191320,zobaa,PIXPOKER,"2,13",0,"3,6"," R$  5,73 ","37,17%","0,00%","62,83%",PLO6,-44
11/05/2026,100323,Foresths,PIXPOKER,0,0,0, R$  -   ,,,,NLH,0
11/05/2026,100576,Vitornspb,PIXPOKER,0,0,0, R$  -   ,,,,NLH,0
11/05/2026,145257,hoop shot,PIXPOKER,"12,46",0,0," R$  12,46 ","100,00%","0,00%","0,00%",NLH,"-100,59"
11/05/2026,146383,pix146383,PIXPOKER,0,0,0, R$  -   ,,,,NLH,0
11/05/2026,159057,MatosPoker,PIXPOKER,0,0,0, R$  -   ,,,,NLH,0
11/05/2026,182576,Bundinha de neném,PIXPOKER,"0,25",0,0," R$  0,25 ","100,00%","0,00%","0,00%",NLH,0
11/05/2026,185225,pix185225,PIXPOKER,0,0,0, R$  -   ,,,,NLH,"2,72"
11/05/2026,186001,Heineken!,PIXPOKER,0,21,0," R$  21,00 ","0,00%","100,00%","0,00%",MTT,-10
11/05/2026,189220,boasorte,PIXPOKER,0,"0,8",0," R$  0,80 ","0,00%","100,00%","0,00%",MTT,-8
11/05/2026,194463,JosepPoker,PIXPOKER,"0,07","2,1",0," R$  2,17 ","3,23%","96,77%","0,00%",MTT,"-17,31"
11/05/2026,100384,AAgoniado,PIXPOKER,0,0,"200,19"," R$  200,19 ","0,00%","0,00%","100,00%",PLO6,"-484,73"
11/05/2026,146625,UngidoPix,PIXPOKER,0,0,"68,28"," R$  68,28 ","0,00%","0,00%","100,00%",PLO6,"-260,19"
11/05/2026,152480,Jrcalazans,PIXPOKER,0,0,"5,99"," R$  5,99 ","0,00%","0,00%","100,00%",PLO6,"-49,63"
11/05/2026,129292,kinho$?,PIXPOKER,0,"1,5","98,81"," R$  100,31 ","0,00%","1,50%","98,50%",PLO6,"79,68"
11/05/2026,189260,pix189260,PIXPOKER,0,"0,9","0,53"," R$  1,43 ","0,00%","62,94%","37,06%",MTT,-21
11/05/2026,108133,M10CABRERA,PIXPOKER,"48,34","18,8",0," R$  67,14 ","72,00%","28,00%","0,00%",NLH,"-331,48"
11/05/2026,173089,danitremm,PIXPOKER,"0,64",0,0," R$  0,64 ","100,00%","0,00%","0,00%",NLH,-8
11/05/2026,193950,Danilopira,PIXPOKER,"0,26",0,0," R$  0,26 ","100,00%","0,00%","0,00%",NLH,-4
11/05/2026,193979,pix193979,PIXPOKER,"0,44","0,1",0," R$  0,54 ","81,48%","18,52%","0,00%",NLH,"-2,16"
11/05/2026,193816,omago,PIXPOKER,0,"3,1",0," R$  3,10 ","0,00%","100,00%","0,00%",MTT,-31
11/05/2026,108030,Pitbull Enraivado,PIXPOKER,"0,05","24,6","78,57"," R$  103,22 ","0,05%","23,83%","76,12%",PLO6,"72,11"
11/05/2026,141552,PULSOFIRME,PIXPOKER,0,0,"36,09"," R$  36,09 ","0,00%","0,00%","100,00%",PLO6,"-59,88"
11/05/2026,142359,breninmvp,PIXPOKER,0,0,"39,62"," R$  39,62 ","0,00%","0,00%","100,00%",PLO6,-39
11/05/2026,158098,trem bala?,PIXPOKER,"14,91",1,"19,73"," R$  35,64 ","41,84%","2,81%","55,36%",PLO6,112
11/05/2026,165419,pix165419,PIXPOKER,"8,49",0,"8,38"," R$  16,87 ","50,33%","0,00%","49,67%",NLH,"205,26"
11/05/2026,169232,bumbum guloso,PIXPOKER,"71,83",0,"64,9"," R$  136,73 ","52,53%","0,00%","47,47%",NLH,"-113,01"
11/05/2026,171895,BRR_magnificousSAGAZ,PIXPOKER,"3,79",0,"1,57"," R$  5,36 ","70,71%","0,00%","29,29%",NLH,"4,16"
11/05/2026,193120,brrbrrpatapim,PIXPOKER,0,0,"10,63"," R$  10,63 ","0,00%","0,00%","100,00%",PLO6,"300,65"
11/05/2026,112569,LNI23,PIXPOKER,0,0,"4,31"," R$  4,31 ","0,00%","0,00%","100,00%",PLO6,-16
11/05/2026,119970,X2KK,PIXPOKER,"0,44","8,5","31,63"," R$  40,57 ","1,08%","20,95%","77,96%",PLO6,-260
11/05/2026,159370,pix159370,PIXPOKER,0,0,"107,28"," R$  107,28 ","0,00%","0,00%","100,00%",PLO6,-508
11/05/2026,180249,Kelvin Kapê,PIXPOKER,0,0,"0,3"," R$  0,30 ","0,00%","0,00%","100,00%",PLO6,"-4,41"
11/05/2026,175409,Neidebatis30,PIXPOKER,"118,01","14,3","16,83"," R$  149,14 ","79,13%","9,59%","11,28%",NLH,-161
11/05/2026,182877,pix182877,PIXPOKER,0,0,"60,81"," R$  60,81 ","0,00%","0,00%","100,00%",PLO6,"43,32"
11/05/2026,186464,bebeto e romario,PIXPOKER,0,0,"44,35"," R$  44,35 ","0,00%","0,00%","100,00%",PLO6,"261,77"
11/05/2026,128921,pix128921,PIXPOKER,0,1,0," R$  1,00 ","0,00%","100,00%","0,00%",MTT,-10
11/05/2026,147069,cryyy,PIXPOKER,0,21,0," R$  21,00 ","0,00%","100,00%","0,00%",MTT,"-70,43"
11/05/2026,162751,Cless,PIXPOKER,"1,47","1,4",0," R$  2,87 ","51,22%","48,78%","0,00%",NLH,"-20,62"
11/05/2026,112552,Andinho1505,PIXPOKER,"19,71",0,"0,01"," R$  19,72 ","99,95%","0,00%","0,05%",NLH,"-25,58"
11/05/2026,117948,Billgats,PIXPOKER,"13,66",0,0," R$  13,66 ","100,00%","0,00%","0,00%",NLH,"-144,95"
11/05/2026,125371,Everton abreu,PIXPOKER,"1,97",0,0," R$  1,97 ","100,00%","0,00%","0,00%",NLH,-26
11/05/2026,144694,$ doador $,PIXPOKER,"71,98",0,0," R$  71,98 ","100,00%","0,00%","0,00%",NLH,"82,13"
11/05/2026,147818,Feker,PIXPOKER,"23,08",0,0," R$  23,08 ","100,00%","0,00%","0,00%",NLH,44
11/05/2026,162312,WeydsonL,PIXPOKER,"19,91",0,0," R$  19,91 ","100,00%","0,00%","0,00%",NLH,"-27,68"
11/05/2026,171689,Felp0123,PIXPOKER,"6,23",0,0," R$  6,23 ","100,00%","0,00%","0,00%",NLH,-40
11/05/2026,172629,pix172629,PIXPOKER,"71,79",0,"5,9"," R$  77,69 ","92,41%","0,00%","7,59%",NLH,"-233,94"
11/05/2026,181768,RaVi999,PIXPOKER,"6,43",0,0," R$  6,43 ","100,00%","0,00%","0,00%",NLH,-30
11/05/2026,193265,pix193265,PIXPOKER,"13,2",0,0," R$  13,20 ","100,00%","0,00%","0,00%",NLH,-90
11/05/2026,194922,omenaprime,PIXPOKER,"2,96",0,0," R$  2,96 ","100,00%","0,00%","0,00%",NLH,"-9,32"
11/05/2026,149960,11678,PIXPOKER,0,10,"1455,17"," R$  1.465,17 ","0,00%","0,68%","99,32%",PLO6,"-6549,31"
11/05/2026,131541,papao_jp,PIXPOKER,"11,2",0,0," R$  11,20 ","100,00%","0,00%","0,00%",NLH,-90
11/05/2026,146006,VERDADEIROMITO,PIXPOKER,"49,03","2,5","60,97"," R$  112,50 ","43,58%","2,22%","54,20%",PLO6,"-150,26"
11/05/2026,193178,10 ANO,PIXPOKER,"83,93",89,"2,1"," R$  175,03 ","47,95%","50,85%","1,20%",MTT,"-1069,22"
11/05/2026,195392,pix195392,PIXPOKER,"3,3",0,0," R$  3,30 ","100,00%","0,00%","0,00%",NLH,-50
11/05/2026,100486,Jr Holanda,PIXPOKER,0,1,"68,21"," R$  69,21 ","0,00%","1,44%","98,56%",PLO6,63
11/05/2026,185295,David blefador,PIXPOKER,0,0,"125,13"," R$  125,13 ","0,00%","0,00%","100,00%",PLO6,"-337,75"
11/05/2026,188429,oliveiraa,PIXPOKER,"4,12","0,1",0," R$  4,22 ","97,63%","2,37%","0,00%",NLH,-36
11/05/2026,191081,Olbis,PIXPOKER,0,"0,1",0," R$  0,10 ","0,00%","100,00%","0,00%",MTT,-1
11/05/2026,194994,Bob’s,PIXPOKER,0,0,"6956,37"," R$  6.956,37 ","0,00%","0,00%","100,00%",PLO6,"-3221,93"
11/05/2026,166232,esseoN,PIXPOKER,0,"12,5",0," R$  12,50 ","0,00%","100,00%","0,00%",MTT,"-28,4"
11/05/2026,101162,Messi10?,PIXPOKER,0,0,"535,11"," R$  535,11 ","0,00%","0,00%","100,00%",PLO6,"514,09"
11/05/2026,195384,pix195384,PIXPOKER,0,"8,5","157,19"," R$  165,69 ","0,00%","5,13%","94,87%",PLO6,"-305,23"
11/05/2026,158734,escaledita,PIXPOKER,"0,88","2,5",0," R$  3,38 ","26,04%","73,96%","0,00%",MTT,-35
11/05/2026,160259,Pagaquevale,PIXPOKER,0,0,0, R$  -   ,,,,NLH,0
11/05/2026,184668,gusorriso,PIXPOKER,0,4,0," R$  4,00 ","0,00%","100,00%","0,00%",MTT,-40
11/05/2026,191547,pix191547,PIXPOKER,0,0,0, R$  -   ,,,,NLH,"0,93"
11/05/2026,194417,Fenix S,PIXPOKER,0,0,0, R$  -   ,,,,NLH,0
11/05/2026,194680,pix194680,PIXPOKER,0,0,0, R$  -   ,,,,NLH,0
11/05/2026,108596,Bença Show,PIXPOKER,0,"1,5","783,36"," R$  784,86 ","0,00%","0,19%","99,81%",PLO6,"-2984,15"
11/05/2026,186675,soninho,PIXPOKER,0,0,"140,39"," R$  140,39 ","0,00%","0,00%","100,00%",PLO6,696
11/05/2026,147693,TC97,PIXPOKER,0,0,"90,61"," R$  90,61 ","0,00%","0,00%","100,00%",PLO6,-618
11/05/2026,162905,picanele,PIXPOKER,"0,32",0,"66,94"," R$  67,26 ","0,48%","0,00%","99,52%",PLO6,"-298,05"
11/05/2026,180241,arthur lucena,PIXPOKER,"3,83",0,0," R$  3,83 ","100,00%","0,00%","0,00%",NLH,"-10,59"
11/05/2026,136595,Jefin6710,PIXPOKER,"12,1","15,5",0," R$  27,60 ","43,84%","56,16%","0,00%",MTT,"-114,04"
11/05/2026,102214,Daniel Dias,PIXPOKER,0,"55,8",0," R$  55,80 ","0,00%","100,00%","0,00%",MTT,-558
11/05/2026,148535,amisraelchai??,PIXPOKER,0,"39,6",0," R$  39,60 ","0,00%","100,00%","0,00%",MTT,"-238,68"
11/05/2026,156298,Caze,PIXPOKER,0,"8,8",0," R$  8,80 ","0,00%","100,00%","0,00%",MTT,"101,18"
11/05/2026,194722,Rick_Ldna,PIXPOKER,"3,33","2,6",0," R$  5,93 ","56,16%","43,84%","0,00%",NLH,-50
11/05/2026,101128,bateu,PIXPOKER,0,"27,5",0," R$  27,50 ","0,00%","100,00%","0,00%",MTT,-275
11/05/2026,170483,gig4nte,PIXPOKER,0,"23,6",0," R$  23,60 ","0,00%","100,00%","0,00%",MTT,"586,3"
11/05/2026,181533,liquidificadora,PIXPOKER,0,"17,6",0," R$  17,60 ","0,00%","100,00%","0,00%",MTT,"2267,95"
11/05/2026,100762,PedroAires,PIXPOKER,0,"2,2",0," R$  2,20 ","0,00%","100,00%","0,00%",MTT,-22
11/05/2026,147674,Diego merrim,PIXPOKER,0,"10,3",0," R$  10,30 ","0,00%","100,00%","0,00%",MTT,-103
11/05/2026,194422,pix194422,PIXPOKER,0,112,0," R$  112,00 ","0,00%","100,00%","0,00%",MTT,-2240
11/05/2026,144289,maakkaco26,PIXPOKER,"0,45","16,5","0,08"," R$  17,03 ","2,64%","96,89%","0,47%",MTT,"-78,99"
11/05/2026,174208,Negot,PIXPOKER,"22,8",0,"7,65"," R$  30,45 ","74,88%","0,00%","25,12%",NLH,-171
11/05/2026,180680,pix180680,PIXPOKER,0,"7,7",0," R$  7,70 ","0,00%","100,00%","0,00%",MTT,-77
11/05/2026,120111,pix120111,PIXPOKER,0,0,"15,88"," R$  15,88 ","0,00%","0,00%","100,00%",PLO6,-189
11/05/2026,161763,Reddy80,PIXPOKER,0,"23,95",0," R$  23,95 ","0,00%","100,00%","0,00%",MTT,"-424,16"
11/05/2026,163358,Léo Monteiro,PIXPOKER,0,"18,8","28,99"," R$  47,79 ","0,00%","39,34%","60,66%",PLO6,-210
11/05/2026,195442,pix195442,PIXPOKER,0,"7,8",0," R$  7,80 ","0,00%","100,00%","0,00%",MTT,-78
11/05/2026,100279,Poker13,PIXPOKER,0,31,0," R$  31,00 ","0,00%","100,00%","0,00%",MTT,-310
11/05/2026,160289,jimmysdi,PIXPOKER,0,"16,3",0," R$  16,30 ","0,00%","100,00%","0,00%",MTT,"-153,52"
11/05/2026,101173,volverinemax,PIXPOKER,0,0,0, R$  -   ,,,,NLH,"1,27"
11/05/2026,120875,odonodogame,PIXPOKER,0,4,0," R$  4,00 ","0,00%","100,00%","0,00%",MTT,-40
11/05/2026,125910,Dekixter,PIXPOKER,0,0,0, R$  -   ,,,,NLH,0
11/05/2026,153126,thitagarcia,PIXPOKER,0,0,0, R$  -   ,,,,NLH,0
11/05/2026,162093,pix162093,PIXPOKER,"3,33",0,0," R$  3,33 ","100,00%","0,00%","0,00%",NLH,-17
11/05/2026,170943,claytim,PIXPOKER,0,0,0, R$  -   ,,,,NLH,0
11/05/2026,179744,pix179744,PIXPOKER,"0,84","0,2",0," R$  1,04 ","80,77%","19,23%","0,00%",NLH,"-11,99"
11/05/2026,189179,JuuH,PIXPOKER,0,"3,24",0," R$  3,24 ","0,00%","100,00%","0,00%",MTT,"-15,63"
11/05/2026,193889,torres00,PIXPOKER,0,0,0, R$  -   ,,,,NLH,0
11/05/2026,121494,apicemotel01,PIXPOKER,35,"15,7","921,12"," R$  971,82 ","3,60%","1,62%","94,78%",PLO6,-2858
11/05/2026,123060,Dayak,PIXPOKER,0,0,"6,85"," R$  6,85 ","0,00%","0,00%","100,00%",PLO6,"-132,04"
11/05/2026,146307,Bartholomew Kuma,PIXPOKER,0,"3,3",0," R$  3,30 ","0,00%","100,00%","0,00%",MTT,-33
11/05/2026,191631,CAIXA-BAIXA,PIXPOKER,0,8,0," R$  8,00 ","0,00%","100,00%","0,00%",MTT,-80
11/05/2026,119093,paullorafael,PIXPOKER,"0,98","14,4",0," R$  15,38 ","6,37%","93,63%","0,00%",MTT,-153
11/05/2026,183910,anonimo33,PIXPOKER,"0,61",0,0," R$  0,61 ","100,00%","0,00%","0,00%",NLH,-10
11/05/2026,191967,plmatadoreeporco,PIXPOKER,"4,9",0,"12,37"," R$  17,27 ","28,37%","0,00%","71,63%",PLO6,-30
11/05/2026,171411,?uturo?,PIXPOKER,0,"13,8",0," R$  13,80 ","0,00%","100,00%","0,00%",MTT,-138
11/05/2026,172386,pix172386,PIXPOKER,"2,17",0,"65,7"," R$  67,87 ","3,20%","0,00%","96,80%",PLO6,"-220,44"
11/05/2026,184231,Otaldopiza,PIXPOKER,0,0,"4,58"," R$  4,58 ","0,00%","0,00%","100,00%",PLO6,-20
11/05/2026,101186,pix101186,PIXPOKER,0,0,0, R$  -   ,,,,NLH,0
11/05/2026,192323,pix192323,PIXPOKER,0,0,"27,49"," R$  27,49 ","0,00%","0,00%","100,00%",PLO6,"-230,15"
11/05/2026,118148,Diogolll,PIXPOKER,"12,97",0,"13,67"," R$  26,64 ","48,69%","0,00%","51,31%",PLO6,"125,04"
11/05/2026,139516,KndFz,PIXPOKER,0,0,"95,67"," R$  95,67 ","0,00%","0,00%","100,00%",PLO6,"-365,77"
11/05/2026,147093,zé da moita,PIXPOKER,"7,08",0,"34,49"," R$  41,57 ","17,03%","0,00%","82,97%",PLO6,"27,16"
11/05/2026,154027,goku,PIXPOKER,"10,5",0,"21,66"," R$  32,16 ","32,65%","0,00%","67,35%",PLO6,-200
11/05/2026,191614,pix191614,PIXPOKER,"1,1",0,"30,18"," R$  31,28 ","3,52%","0,00%","96,48%",PLO6,"-26,25"
11/05/2026,193682,pix193682,PIXPOKER,0,0,"178,29"," R$  178,29 ","0,00%","0,00%","100,00%",PLO6,"-249,76"
11/05/2026,193915,Carreirinha,PIXPOKER,0,0,"22,54"," R$  22,54 ","0,00%","0,00%","100,00%",PLO6,"-134,31"
11/05/2026,190726,Spikeeee,PIXPOKER,0,"24,5",34," R$  58,50 ","0,00%","41,88%","58,12%",PLO6,"537,32"
11/05/2026,101200,Elbarto,PIXPOKER,0,0,"0,9"," R$  0,90 ","0,00%","0,00%","100,00%",PLO6,-13
11/05/2026,147553,ChicoCeza,PIXPOKER,"9,17",0,"108,57"," R$  117,74 ","7,79%","0,00%","92,21%",PLO6,-577
11/05/2026,144329,guga02,PIXPOKER,0,"0,8",0," R$  0,80 ","0,00%","100,00%","0,00%",MTT,-8
11/05/2026,134557,reidocongo,PIXPOKER,0,0,"5,9"," R$  5,90 ","0,00%","0,00%","100,00%",PLO6,"-130,6"
11/05/2026,139234,Doom,PIXPOKER,0,0,"49,41"," R$  49,41 ","0,00%","0,00%","100,00%",PLO6,"16,78"
11/05/2026,190412,Pererestm,PIXPOKER,0,0,"24,04"," R$  24,04 ","0,00%","0,00%","100,00%",PLO6,"62,85"
11/05/2026,112088,Eu!!,PIXPOKER,0,0,"0,27"," R$  0,27 ","0,00%","0,00%","100,00%",PLO6,-4
11/05/2026,119281,Juliocfh,PIXPOKER,0,1,"7,08"," R$  8,08 ","0,00%","12,38%","87,62%",PLO6,-61
11/05/2026,106390,chca,PIXPOKER,0,0,"13,32"," R$  13,32 ","0,00%","0,00%","100,00%",PLO6,-50
11/05/2026,173441,Pão??,PIXPOKER,"1,05",0,"12,57"," R$  13,62 ","7,71%","0,00%","92,29%",PLO6,-60
11/05/2026,182509,pix182509,PIXPOKER,0,0,"13,95"," R$  13,95 ","0,00%","0,00%","100,00%",PLO6,-160
11/05/2026,134522,ZEBEDEL,PIXPOKER,"4,33","1,5","21,16"," R$  26,99 ","16,04%","5,56%","78,40%",PLO6,"-118,45"
11/05/2026,193100,Custodes,PIXPOKER,"10,81",0,"9,75"," R$  20,56 ","52,58%","0,00%","47,42%",NLH,-50
11/05/2026,139469,WKPE,PIXPOKER,"4,5",0,"1,51"," R$  6,01 ","74,88%","0,00%","25,12%",NLH,"-20,93"
11/05/2026,187618,RenannLima,PIXPOKER,"28,61",0,"10,88"," R$  39,49 ","72,45%","0,00%","27,55%",NLH,"157,1"
11/05/2026,110509,pix110509,PIXPOKER,"4,05",0,0," R$  4,05 ","100,00%","0,00%","0,00%",NLH,-40
11/05/2026,101611,ADRIANA FURACÃO,PIXPOKER,0,0,"7,7"," R$  7,70 ","0,00%","0,00%","100,00%",PLO6,-60
11/05/2026,130772,molico10,PIXPOKER,0,0,"45,34"," R$  45,34 ","0,00%","0,00%","100,00%",PLO6,-390
11/05/2026,149187,Kingx7,PIXPOKER,"1,78",0,"2,83"," R$  4,61 ","38,61%","0,00%","61,39%",PLO6,-15
11/05/2026,173201,pix173201,PIXPOKER,"41,37",0,0," R$  41,37 ","100,00%","0,00%","0,00%",NLH,"-164,74"
11/05/2026,188835,Gincobilola,PIXPOKER,"11,53",0,"5,03"," R$  16,56 ","69,63%","0,00%","30,37%",NLH,-60
11/05/2026,137098,PMSC,PIXPOKER,0,0,"153,73"," R$  153,73 ","0,00%","0,00%","100,00%",PLO6,"-474,84"
11/05/2026,153705,BubutiCheio??,PIXPOKER,0,0,"24,82"," R$  24,82 ","0,00%","0,00%","100,00%",PLO6,"-199,86"
11/05/2026,160169,MestreDosMauros,PIXPOKER,0,0,"23,97"," R$  23,97 ","0,00%","0,00%","100,00%",PLO6,"-499,79"
11/05/2026,164616,apelido,PIXPOKER,0,0,"351,35"," R$  351,35 ","0,00%","0,00%","100,00%",PLO6,266
11/05/2026,190078,MauroKK,PIXPOKER,0,0,308," R$  308,00 ","0,00%","0,00%","100,00%",PLO6,"-430,85"
11/05/2026,192442,JAIRPLAY,PIXPOKER,0,0,"55,94"," R$  55,94 ","0,00%","0,00%","100,00%",PLO6,"-202,12"
11/05/2026,194604,Aquiles77,PIXPOKER,"1,79","1,7","0,77"," R$  4,26 ","42,02%","39,91%","18,08%",NLH,-30
11/05/2026,147547,Advanced,PIXPOKER,"65,79",0,0," R$  65,79 ","100,00%","0,00%","0,00%",NLH,"-51,65"
11/05/2026,163752,LIANDROaposentado,PIXPOKER,"70,76",0,"1,41"," R$  72,17 ","98,05%","0,00%","1,95%",NLH,48
11/05/2026,175973,IFFC,PIXPOKER,"58,65","9,8",0," R$  68,45 ","85,68%","14,32%","0,00%",NLH,"-25,93"
11/05/2026,189004,ABUSADO,PIXPOKER,0,0,"14,88"," R$  14,88 ","0,00%","0,00%","100,00%",PLO6,"81,89"
11/05/2026,146479,segueolider,PIXPOKER,0,"8,2",0," R$  8,20 ","0,00%","100,00%","0,00%",MTT,-82
11/05/2026,183420,jheniffer,PIXPOKER,0,"44,7",0," R$  44,70 ","0,00%","100,00%","0,00%",MTT,"-350,73"
11/05/2026,195428,Tureckao2MIL,PIXPOKER,0,20,0," R$  20,00 ","0,00%","100,00%","0,00%",MTT,-173
11/05/2026,173035,JeffCGPB.,PIXPOKER,"8,88",0,0," R$  8,88 ","100,00%","0,00%","0,00%",NLH,"-9,36"
11/05/2026,151798,thnx,PIXPOKER,"15,9",1,"0,27"," R$  17,17 ","92,60%","5,82%","1,57%",NLH,"-59,73"
11/05/2026,156686,gugu da catingueira,PIXPOKER,"2,75",0,0," R$  2,75 ","100,00%","0,00%","0,00%",NLH,"-44,41"
11/05/2026,174229,treiss77,PIXPOKER,"0,69",0,0," R$  0,69 ","100,00%","0,00%","0,00%",NLH,"-0,58"
11/05/2026,188349,cheira madeira,PIXPOKER,"2,56",0,0," R$  2,56 ","100,00%","0,00%","0,00%",NLH,-35
11/05/2026,119022,SKROTO,PIXPOKER,0,0,"5,5"," R$  5,50 ","0,00%","0,00%","100,00%",PLO6,-61
11/05/2026,170570,levy  osterno,PIXPOKER,"0,21",0,"104,39"," R$  104,60 ","0,20%","0,00%","99,80%",PLO6,45
11/05/2026,172450,FFENIX,PIXPOKER,0,0,"7,44"," R$  7,44 ","0,00%","0,00%","100,00%",PLO6,"-117,74"
11/05/2026,189826,drygoberto,PIXPOKER,"23,59",0,"120,06"," R$  143,65 ","16,42%","0,00%","83,58%",PLO6,"-589,89"
11/05/2026,150966,bola10,PIXPOKER,0,"10,34",0," R$  10,34 ","0,00%","100,00%","0,00%",MTT,"-103,4"
11/05/2026,189235,pix189235,PIXPOKER,0,"4,5",0," R$  4,50 ","0,00%","100,00%","0,00%",MTT,"201,95"
11/05/2026,108992,andrade rr,PIXPOKER,0,0,"1,28"," R$  1,28 ","0,00%","0,00%","100,00%",PLO6,-22
11/05/2026,149244,vem bambo não,PIXPOKER,0,0,"9,41"," R$  9,41 ","0,00%","0,00%","100,00%",PLO6,"90,91"
11/05/2026,102244,babayaga_,PIXPOKER,0,0,0, R$  -   ,,,,NLH,0
11/05/2026,151377,Coisaruim,PIXPOKER,0,0,0, R$  -   ,,,,NLH,0
11/05/2026,171589,kuskusiiiis,PIXPOKER,0,0,0, R$  -   ,,,,NLH,0
11/05/2026,183471,pix183471,PIXPOKER,0,0,0, R$  -   ,,,,NLH,0
11/05/2026,187273,ELITE_13,PIXPOKER,0,0,0, R$  -   ,,,,NLH,0
11/05/2026,188365,pix188365,PIXPOKER,"5,11","0,3",0," R$  5,41 ","94,45%","5,55%","0,00%",NLH,-31
11/05/2026,192041,pix192041,PIXPOKER,0,"0,1","3,69"," R$  3,79 ","0,00%","2,64%","97,36%",PLO6,"-0,17"
11/05/2026,195369,Gonzales,PIXPOKER,0,"2,6",0," R$  2,60 ","0,00%","100,00%","0,00%",MTT,-26
11/05/2026,119847,ttAk,PIXPOKER,0,0,"5,26"," R$  5,26 ","0,00%","0,00%","100,00%",PLO6,"71,88"
11/05/2026,186019,LC7PB,PIXPOKER,0,0,"1,96"," R$  1,96 ","0,00%","0,00%","100,00%",PLO6,-9
11/05/2026,190931,pix190931,PIXPOKER,0,0,"1,86"," R$  1,86 ","0,00%","0,00%","100,00%",PLO6,-22
11/05/2026,136752,pix136752,PIXPOKER,0,"0,8",0," R$  0,80 ","0,00%","100,00%","0,00%",MTT,-8
11/05/2026,169016,Creck,PIXPOKER,0,0,0, R$  -   ,,,,NLH,"1,36"
11/05/2026,169201,danigodoy,PIXPOKER,0,0,0, R$  -   ,,,,NLH,0
11/05/2026,191271,Anthony Jonsson,PIXPOKER,0,"0,1",0," R$  0,10 ","0,00%","100,00%","0,00%",MTT,"0,01"
11/05/2026,185894,pix185894,PIXPOKER,"2,08",0,"33,83"," R$  35,91 ","5,79%","0,00%","94,21%",PLO6,100
11/05/2026,193183,pix193183,PIXPOKER,"0,54","1,2","10,71"," R$  12,45 ","4,34%","9,64%","86,02%",PLO6,-124
11/05/2026,153505,Gabriel Almeida,PIXPOKER,"51,85",0,0," R$  51,85 ","100,00%","0,00%","0,00%",NLH,"41,3"
11/05/2026,163350,px34256871976,PIXPOKER,"0,72","5,4","5,27"," R$  11,39 ","6,32%","47,41%","46,27%",MTT,-110
11/05/2026,158143,tudo35,PIXPOKER,"0,26","0,5","27,79"," R$  28,55 ","0,91%","1,75%","97,34%",PLO6,"-35,16"
11/05/2026,147665,dleitao,PIXPOKER,"11,58",0,0," R$  11,58 ","100,00%","0,00%","0,00%",NLH,"-77,52"
11/05/2026,176138,otrembb??,PIXPOKER,"1,36","6,6",0," R$  7,96 ","17,09%","82,91%","0,00%",MTT,"-70,95"
11/05/2026,100557,AMARILDOJR,PIXPOKER,"102,1",0,"127,92"," R$  230,02 ","44,39%","0,00%","55,61%",PLO6,-425
11/05/2026,158842,john lennon,PIXPOKER,0,0,"212,57"," R$  212,57 ","0,00%","0,00%","100,00%",PLO6,287
11/05/2026,162361,pix162361,PIXPOKER,"22,06",0,"24,54"," R$  46,60 ","47,34%","0,00%","52,66%",PLO6,"-6,5"
11/05/2026,194827,bbq_777,PIXPOKER,0,0,"5,6"," R$  5,60 ","0,00%","0,00%","100,00%",PLO6,"-70,51"
11/05/2026,112160,Njr034,PIXPOKER,"1,86",0,"19,13"," R$  20,99 ","8,86%","0,00%","91,14%",PLO6,-109
11/05/2026,185542,Gomess,PIXPOKER,0,0,"9,3"," R$  9,30 ","0,00%","0,00%","100,00%",PLO6,-45
11/05/2026,195232,pix195232,PIXPOKER,0,0,"26,77"," R$  26,77 ","0,00%","0,00%","100,00%",PLO6,"-89,01"
11/05/2026,132744,Edymar,PIXPOKER,"4,29",0,0," R$  4,29 ","100,00%","0,00%","0,00%",NLH,-60
11/05/2026,179849,Marreta Show,PIXPOKER,"53,81",0,0," R$  53,81 ","100,00%","0,00%","0,00%",NLH,-48
11/05/2026,190094,pix190094,PIXPOKER,"6,17",0,0," R$  6,17 ","100,00%","0,00%","0,00%",NLH,-60
11/05/2026,195016,pix195016,PIXPOKER,"11,42","2,5","95,18"," R$  109,10 ","10,47%","2,29%","87,24%",PLO6,"73,27"
11/05/2026,155309,Andre13,PIXPOKER,0,0,"83,64"," R$  83,64 ","0,00%","0,00%","100,00%",PLO6,"-359,01"
11/05/2026,194838,pix194838,PIXPOKER,0,0,"60,77"," R$  60,77 ","0,00%","0,00%","100,00%",PLO6,-200
11/05/2026,131552,Rod.kk,PIXPOKER,0,4,"45,84"," R$  49,84 ","0,00%","8,03%","91,97%",PLO6,"-139,42"
11/05/2026,113348,Pedro Otávio,PIXPOKER,"3,02","0,1","10,66"," R$  13,78 ","21,92%","0,73%","77,36%",PLO6,"-28,47"
11/05/2026,152397,RRMcg,PIXPOKER,"2,12",0,0," R$  2,12 ","100,00%","0,00%","0,00%",NLH,"0,25"
11/05/2026,153919,Boiadeiro,PIXPOKER,"3,59",0,0," R$  3,59 ","100,00%","0,00%","0,00%",NLH,"25,18"
11/05/2026,155880,monitoramento,PIXPOKER,"2,13",0,0," R$  2,13 ","100,00%","0,00%","0,00%",NLH,-20
11/05/2026,172710,71364,PIXPOKER,"2,16",0,0," R$  2,16 ","100,00%","0,00%","0,00%",NLH,-35
11/05/2026,194710,raro77,PIXPOKER,"1,76",0,0," R$  1,76 ","100,00%","0,00%","0,00%",NLH,"-10,2"
11/05/2026,112906,emociones,PIXPOKER,0,0,"27,72"," R$  27,72 ","0,00%","0,00%","100,00%",PLO6,-288
11/05/2026,193799,KKABUM,PIXPOKER,0,0,"42,34"," R$  42,34 ","0,00%","0,00%","100,00%",PLO6,"224,84"
11/05/2026,174549,pix174549,PIXPOKER,"8,62",0,0," R$  8,62 ","100,00%","0,00%","0,00%",NLH,-45
11/05/2026,122560,F3RRAD0,PIXPOKER,0,0,0, R$  -   ,,,,NLH,0
11/05/2026,124416,vaibrasil,PIXPOKER,0,0,0, R$  -   ,,,,NLH,"0,73"
11/05/2026,136730,Pabin do gasolina,PIXPOKER,0,0,"20,71"," R$  20,71 ","0,00%","0,00%","100,00%",PLO6,-150
11/05/2026,147634,AJéFold,PIXPOKER,0,"2,2",0," R$  2,20 ","0,00%","100,00%","0,00%",MTT,-22
11/05/2026,152604,Chib4ta,PIXPOKER,0,0,0, R$  -   ,,,,NLH,"1,05"
11/05/2026,154247,king81,PIXPOKER,0,0,0, R$  -   ,,,,NLH,0
11/05/2026,172242,Mike Wazowski,PIXPOKER,0,0,0, R$  -   ,,,,NLH,0
11/05/2026,180210,pix180210,PIXPOKER,0,0,0, R$  -   ,,,,NLH,"2,99"
11/05/2026,107206,PriorPVH,PIXPOKER,0,0,"19,34"," R$  19,34 ","0,00%","0,00%","100,00%",PLO6,"-150,95"
11/05/2026,151521,geobalaaa,PIXPOKER,"3,5",0,"86,58"," R$  90,08 ","3,89%","0,00%","96,11%",PLO6,"425,71"
11/05/2026,157853,bossfinal,PIXPOKER,0,1,"7,2"," R$  8,20 ","0,00%","12,20%","87,80%",PLO6,-25
11/05/2026,137423,Godoy,PIXPOKER,0,"171,1",0," R$  171,10 ","0,00%","100,00%","0,00%",MTT,"501,37"
11/05/2026,157697,Papaipega,PIXPOKER,0,"275,4",0," R$  275,40 ","0,00%","100,00%","0,00%",MTT,"-1261,48"
11/05/2026,157420,Gaamoraa,PIXPOKER,0,"6,4",0," R$  6,40 ","0,00%","100,00%","0,00%",MTT,-64
11/05/2026,172347,luccaspw,PIXPOKER,0,"0,1",0," R$  0,10 ","0,00%","100,00%","0,00%",MTT,-1
11/05/2026,102004,RobertoM,PIXPOKER,0,0,"4,45"," R$  4,45 ","0,00%","0,00%","100,00%",PLO6,-40
11/05/2026,136466,Lima13,PIXPOKER,0,0,"6,82"," R$  6,82 ","0,00%","0,00%","100,00%",PLO6,-80
11/05/2026,100234,Pacauu,PIXPOKER,0,"42,4",0," R$  42,40 ","0,00%","100,00%","0,00%",MTT,"395,2"
11/05/2026,155734,Unimix74,PIXPOKER,0,8,0," R$  8,00 ","0,00%","100,00%","0,00%",MTT,-80
11/05/2026,188957,luiz_TT,PIXPOKER,0,8,0," R$  8,00 ","0,00%","100,00%","0,00%",MTT,-80
11/05/2026,157266,GB-GB,PIXPOKER,"2,43",0,0," R$  2,43 ","100,00%","0,00%","0,00%",NLH,"-22,38"
11/05/2026,146086,roberto all in,PIXPOKER,0,10,0," R$  10,00 ","0,00%","100,00%","0,00%",MTT,-100
11/05/2026,171361,CATDEALER,PIXPOKER,0,17,0," R$  17,00 ","0,00%","100,00%","0,00%",MTT,-170
11/05/2026,194057,Bad Fallen,PIXPOKER,0,5,0," R$  5,00 ","0,00%","100,00%","0,00%",MTT,-50
11/05/2026,156962,Jaque,PIXPOKER,0,3,0," R$  3,00 ","0,00%","100,00%","0,00%",MTT,-30
11/05/2026,151611,vai que mole,PIXPOKER,0,0,"21,6"," R$  21,60 ","0,00%","0,00%","100,00%",PLO6,-275
11/05/2026,122989,L.8888,PIXPOKER,"1,42",0,0," R$  1,42 ","100,00%","0,00%","0,00%",NLH,"-1,35"
11/05/2026,171251,jhony@,PIXPOKER,0,0,"343,44"," R$  343,44 ","0,00%","0,00%","100,00%",PLO6,"-2069,87"
11/05/2026,163293,pix163293,PIXPOKER,0,0,"2,38"," R$  2,38 ","0,00%","0,00%","100,00%",PLO6,"-15,33"
11/05/2026,193731,iangabriel,PIXPOKER,0,0,"1,12"," R$  1,12 ","0,00%","0,00%","100,00%",PLO6,-20
11/05/2026,184048,flmaia,PIXPOKER,0,"3,5",0," R$  3,50 ","0,00%","100,00%","0,00%",MTT,-35
11/05/2026,120161,Forasteiro,PIXPOKER,0,0,"77,3"," R$  77,30 ","0,00%","0,00%","100,00%",PLO6,"234,8"
11/05/2026,156881,albertonet0,PIXPOKER,0,0,0, R$  -   ,,,,NLH,"0,48"
11/05/2026,168955,pix168955,PIXPOKER,0,0,0, R$  -   ,,,,NLH,0
11/05/2026,174658,Luka Magic,PIXPOKER,"0,26",0,0," R$  0,26 ","100,00%","0,00%","0,00%",NLH,0
11/05/2026,194612,VENIMAX,PIXPOKER,0,6,0," R$  6,00 ","0,00%","100,00%","0,00%",MTT,-60
11/05/2026,195237,pix195237,PIXPOKER,"4,88","9,6",0," R$  14,48 ","33,70%","66,30%","0,00%",MTT,"218,03"
11/05/2026,107838,STAR 52,PIXPOKER,0,"18,5",0," R$  18,50 ","0,00%","100,00%","0,00%",MTT,-185
11/05/2026,172253,bob Marley,PIXPOKER,0,0,"182,22"," R$  182,22 ","0,00%","0,00%","100,00%",PLO6,-7
11/05/2026,101748,Rafinhachulapa,PIXPOKER,"0,57",0,"5,83"," R$  6,40 ","8,91%","0,00%","91,09%",PLO6,"-47,61"
11/05/2026,115325,kenao427,PIXPOKER,"0,39",0,0," R$  0,39 ","100,00%","0,00%","0,00%",NLH,"-5,07"
11/05/2026,172229,dagataa,PIXPOKER,"16,04",0,"16,48"," R$  32,52 ","49,32%","0,00%","50,68%",PLO6,"-15,2"
11/05/2026,172631,pix172631,PIXPOKER,"23,74",0,0," R$  23,74 ","100,00%","0,00%","0,00%",NLH,183
11/05/2026,194188,EliminadordeDonk,PIXPOKER,"5,08","7,3",0," R$  12,38 ","41,03%","58,97%","0,00%",MTT,"-61,93"
11/05/2026,165675,advdopovo,PIXPOKER,"5,59",0,"4,88"," R$  10,47 ","53,39%","0,00%","46,61%",NLH,"71,77"
11/05/2026,102699,LIONEL Gaúcho,PIXPOKER,0,0,"3,93"," R$  3,93 ","0,00%","0,00%","100,00%",PLO6,-46
11/05/2026,110016,? Fantasma ?,PIXPOKER,0,0,"70,61"," R$  70,61 ","0,00%","0,00%","100,00%",PLO6,"69,54"
11/05/2026,100869,pix100869,PIXPOKER,0,0,"8,09"," R$  8,09 ","0,00%","0,00%","100,00%",PLO6,"-51,06"
11/05/2026,193603,ahladrao,PIXPOKER,"10,7",0,"37,56"," R$  48,26 ","22,17%","0,00%","77,83%",PLO6,-255
11/05/2026,153796,ivanneto7,PIXPOKER,0,0,"0,3"," R$  0,30 ","0,00%","0,00%","100,00%",PLO6,-4
11/05/2026,154220,pix154220,PIXPOKER,0,0,"4,09"," R$  4,09 ","0,00%","0,00%","100,00%",PLO6,"-8,49"
11/05/2026,159520,fritzlang,PIXPOKER,0,0,"100,29"," R$  100,29 ","0,00%","0,00%","100,00%",PLO6,-158
11/05/2026,194005,Tuts vida ?,PIXPOKER,"7,07",0,"10,41"," R$  17,48 ","40,45%","0,00%","59,55%",PLO6,-95
11/05/2026,102535,Luizão LDS,PIXPOKER,0,0,"1833,95"," R$  1.833,95 ","0,00%","0,00%","100,00%",PLO6,"-10800,08"
11/05/2026,111754,pix111754,PIXPOKER,"75,98",0,"7,43"," R$  83,41 ","91,09%","0,00%","8,91%",NLH,"61,51"
11/05/2026,171772,carlos.souza,PIXPOKER,0,0,"10,69"," R$  10,69 ","0,00%","0,00%","100,00%",PLO6,-20
11/05/2026,140832,VICIADA,PIXPOKER,0,0,"0,29"," R$  0,29 ","0,00%","0,00%","100,00%",PLO6,"-10,32"
11/05/2026,194592,papilim,PIXPOKER,"9,62",0,"12,76"," R$  22,38 ","42,98%","0,00%","57,02%",PLO6,-185
11/05/2026,188526,Gabrielinstacall,PIXPOKER,0,0,"12,13"," R$  12,13 ","0,00%","0,00%","100,00%",PLO6,-50
11/05/2026,135144,gabriel glerean,PIXPOKER,"1,35","1,5",0," R$  2,85 ","47,37%","52,63%","0,00%",MTT,-19
11/05/2026,158269,steve,PIXPOKER,"1,06",0,0," R$  1,06 ","100,00%","0,00%","0,00%",NLH,"-8,71"
11/05/2026,161710,Drogba,PIXPOKER,0,0,"0,85"," R$  0,85 ","0,00%","0,00%","100,00%",PLO6,-12
11/05/2026,193504,Pixpokerofc??,PIXPOKER,"0,43","3,1","91,85"," R$  95,38 ","0,45%","3,25%","96,30%",PLO6,"-199,96"
11/05/2026,106482,BOLADÃO,PIXPOKER,"40,6",0,0," R$  40,60 ","100,00%","0,00%","0,00%",NLH,"-20,36"
11/05/2026,163235,Jumenta preta ?,PIXPOKER,"3,2","4,4",0," R$  7,60 ","42,11%","57,89%","0,00%",MTT,-78
11/05/2026,125022,pix125022,PIXPOKER,0,0,"9,73"," R$  9,73 ","0,00%","0,00%","100,00%",PLO6,-100
11/05/2026,170618,levy do maranguape,PIXPOKER,0,0,"6,86"," R$  6,86 ","0,00%","0,00%","100,00%",PLO6,-40
11/05/2026,169302,pix169302,PIXPOKER,0,0,"1282,83"," R$  1.282,83 ","0,00%","0,00%","100,00%",PLO6,"-7465,57"
11/05/2026,159279,QueirozKK,PIXPOKER,0,0,"16,81"," R$  16,81 ","0,00%","0,00%","100,00%",PLO6,-100
11/05/2026,165073,pix165073,PIXPOKER,0,12,"13,04"," R$  25,04 ","0,00%","47,92%","52,08%",PLO6,-170
11/05/2026,120916,Jaburu9,PIXPOKER,"46,3","3,5","19,96"," R$  69,76 ","66,37%","5,02%","28,61%",NLH,-54
11/05/2026,161583,Eddy10,PIXPOKER,0,"30,4",0," R$  30,40 ","0,00%","100,00%","0,00%",MTT,-240
11/05/2026,101251,Chupeta,PIXPOKER,"3,57",0,"460,81"," R$  464,38 ","0,77%","0,00%","99,23%",PLO6,"461,45"
11/05/2026,127489,BruSsani95,PIXPOKER,0,0,"9,73"," R$  9,73 ","0,00%","0,00%","100,00%",PLO6,-70
11/05/2026,152253,Men10,PIXPOKER,0,0,"10,01"," R$  10,01 ","0,00%","0,00%","100,00%",PLO6,-60
11/05/2026,123094,AurivanMoura,PIXPOKER,"1,28",0,0," R$  1,28 ","100,00%","0,00%","0,00%",NLH,-20
11/05/2026,147641,dieguinho08,PIXPOKER,"3,33",0,0," R$  3,33 ","100,00%","0,00%","0,00%",NLH,"122,85"
11/05/2026,152828,pix152828,PIXPOKER,"3,89",0,0," R$  3,89 ","100,00%","0,00%","0,00%",NLH,-24
11/05/2026,171659,pix171659,PIXPOKER,"20,31",0,"61,66"," R$  81,97 ","24,78%","0,00%","75,22%",PLO6,"-33,88"
11/05/2026,100744,Faker,PIXPOKER,0,"154,6",0," R$  154,60 ","0,00%","100,00%","0,00%",MTT,"-1234,19"
11/05/2026,122669,caçapix,PIXPOKER,0,"3,5",0," R$  3,50 ","0,00%","100,00%","0,00%",MTT,-35
11/05/2026,157261,amv3ct,PIXPOKER,0,"8,5",0," R$  8,50 ","0,00%","100,00%","0,00%",MTT,-110
11/05/2026,148623,RICKSAJSDI,PIXPOKER,0,"1,2",0," R$  1,20 ","0,00%","100,00%","0,00%",MTT,-12
11/05/2026,133158,jrspoker,PIXPOKER,0,0,"4,86"," R$  4,86 ","0,00%","0,00%","100,00%",PLO6,-40
11/05/2026,136607,NiKa,PIXPOKER,"6,18",11,0," R$  17,18 ","35,97%","64,03%","0,00%",MTT,"-130,08"
11/05/2026,152239,T.H.,PIXPOKER,"8,86",0,0," R$  8,86 ","100,00%","0,00%","0,00%",NLH,"70,19"
11/05/2026,154267,bil,PIXPOKER,"58,18",0,"24,87"," R$  83,05 ","70,05%","0,00%","29,95%",NLH,"-237,23"
11/05/2026,164157,nenemotos,PIXPOKER,"0,68",0,0," R$  0,68 ","100,00%","0,00%","0,00%",NLH,-12
11/05/2026,170257,pintao,PIXPOKER,"6,61",0,0," R$  6,61 ","100,00%","0,00%","0,00%",NLH,30
11/05/2026,172415,Arthurcrupi,PIXPOKER,"11,93",0,"7,23"," R$  19,16 ","62,27%","0,00%","37,73%",NLH,"360,22"
11/05/2026,190074,Jenner Camara,PIXPOKER,"15,31","10,5",0," R$  25,81 ","59,32%","40,68%","0,00%",NLH,-200
11/05/2026,101534,sem perdão,PIXPOKER,0,0,0, R$  -   ,,,,NLH,0
11/05/2026,107011,ABS99,PIXPOKER,0,0,0, R$  -   ,,,,NLH,0
11/05/2026,158519,JKing,PIXPOKER,0,0,0, R$  -   ,,,,NLH,0
11/05/2026,101435,Euclides,PIXPOKER,0,0,"5,63"," R$  5,63 ","0,00%","0,00%","100,00%",PLO6,"39,17"
11/05/2026,115174,andrade2,PIXPOKER,"0,53",0,0," R$  0,53 ","100,00%","0,00%","0,00%",NLH,-5
11/05/2026,139976,BB Counter 25,PIXPOKER,"16,83",0,0," R$  16,83 ","100,00%","0,00%","0,00%",NLH,"-1,39"
11/05/2026,142721,AOS.,PIXPOKER,"2,52",0,0," R$  2,52 ","100,00%","0,00%","0,00%",NLH,"-16,34"
11/05/2026,147278,Yordan,PIXPOKER,"1,05",0,0," R$  1,05 ","100,00%","0,00%","0,00%",NLH,3
11/05/2026,164108,IramBODVEI,PIXPOKER,"4,38",0,0," R$  4,38 ","100,00%","0,00%","0,00%",NLH,-15
11/05/2026,101357,FrangoRobo,PIXPOKER,0,0,"2,99"," R$  2,99 ","0,00%","0,00%","100,00%",PLO6,"-9,74"
11/05/2026,164204,Brassaroti,PIXPOKER,0,"1,2","0,97"," R$  2,17 ","0,00%","55,30%","44,70%",MTT,-25
11/05/2026,138835,Xulipa,PIXPOKER,0,0,"44,82"," R$  44,82 ","0,00%","0,00%","100,00%",PLO6,"710,33"
11/05/2026,110044,pix1642256,PIXPOKER,0,"26,3",0," R$  26,30 ","0,00%","100,00%","0,00%",MTT,-263
11/05/2026,101888,pix101888,PIXPOKER,0,0,"2,14"," R$  2,14 ","0,00%","0,00%","100,00%",PLO6,-20
11/05/2026,131890,NetoX,PIXPOKER,"32,99","22,5",0," R$  55,49 ","59,45%","40,55%","0,00%",NLH,"-78,66"
11/05/2026,194597,Razec,PIXPOKER,0,0,"9,24"," R$  9,24 ","0,00%","0,00%","100,00%",PLO6,"1,32"
11/05/2026,116975,bora bora,PIXPOKER,0,0,"118,55"," R$  118,55 ","0,00%","0,00%","100,00%",PLO6,"-494,66"
11/05/2026,159832,Lzinn,PIXPOKER,0,0,"47,35"," R$  47,35 ","0,00%","0,00%","100,00%",PLO6,"-123,48"
11/05/2026,102051,NeymarJR93,PIXPOKER,0,5,0," R$  5,00 ","0,00%","100,00%","0,00%",MTT,-50
11/05/2026,172303,feijuca,PIXPOKER,"3,88","0,5","0,39"," R$  4,77 ","81,34%","10,48%","8,18%",NLH,"-60,9"
11/05/2026,173425,gm_car,PIXPOKER,0,"17,3",0," R$  17,30 ","0,00%","100,00%","0,00%",MTT,-173
11/05/2026,154470,Batgirl,PIXPOKER,0,"1,5",0," R$  1,50 ","0,00%","100,00%","0,00%",MTT,-15
11/05/2026,115286,America RN??,PIXPOKER,0,0,"3,2"," R$  3,20 ","0,00%","0,00%","100,00%",PLO6,"16,69"
11/05/2026,133756,Marinho 54,PIXPOKER,0,"4,36",0," R$  4,36 ","0,00%","100,00%","0,00%",MTT,"-43,6"
11/05/2026,194735,Ivan gráfica pai,PIXPOKER,0,"1,5",0," R$  1,50 ","0,00%","100,00%","0,00%",MTT,"-13,04"
11/05/2026,107423,Costa10,PIXPOKER,"11,18",0,0," R$  11,18 ","100,00%","0,00%","0,00%",NLH,-100
11/05/2026,165961,picadura,PIXPOKER,"34,2",0,0," R$  34,20 ","100,00%","0,00%","0,00%",NLH,"246,54"
11/05/2026,194831,BillyBoy,PIXPOKER,"18,29",0,0," R$  18,29 ","100,00%","0,00%","0,00%",NLH,"-79,64"
11/05/2026,101391,FernandesPb,PIXPOKER,"0,17",0,0," R$  0,17 ","100,00%","0,00%","0,00%",NLH,"4,48"
11/05/2026,125304,Denão,PIXPOKER,"1,04",0,0," R$  1,04 ","100,00%","0,00%","0,00%",NLH,"-12,67"
11/05/2026,180039,Vegas98,PIXPOKER,"0,63",0,0," R$  0,63 ","100,00%","0,00%","0,00%",NLH,"12,79"
11/05/2026,163367,oftheking,PIXPOKER,"9,61",0,"12,11"," R$  21,72 ","44,24%","0,00%","55,76%",PLO6,"-23,55"
11/05/2026,167702,pix167702,PIXPOKER,"1,65","2,2",0," R$  3,85 ","42,86%","57,14%","0,00%",MTT,-40
11/05/2026,172125,pix172125,PIXPOKER,"4,14",0,"0,68"," R$  4,82 ","85,89%","0,00%","14,11%",NLH,-30
11/05/2026,111860,pedro Aurélio,PIXPOKER,"3,87",0,0," R$  3,87 ","100,00%","0,00%","0,00%",NLH,20
11/05/2026,192356,pix192356,PIXPOKER,0,0,"13,76"," R$  13,76 ","0,00%","0,00%","100,00%",PLO6,"-60,09"
11/05/2026,194663,TioPika,PIXPOKER,0,1,"1,91"," R$  2,91 ","0,00%","34,36%","65,64%",PLO6,"-20,46"
11/05/2026,129250,dayvisonfranklin,PIXPOKER,0,0,"3,46"," R$  3,46 ","0,00%","0,00%","100,00%",PLO6,-23
11/05/2026,193531,pix193531,PIXPOKER,0,0,"12,58"," R$  12,58 ","0,00%","0,00%","100,00%",PLO6,-180
11/05/2026,190888,pipico10,PIXPOKER,0,0,"9,8"," R$  9,80 ","0,00%","0,00%","100,00%",PLO6,-100
11/05/2026,192679,lucaslgbr,PIXPOKER,0,0,"8,24"," R$  8,24 ","0,00%","0,00%","100,00%",PLO6,-29
11/05/2026,132782,seankings,PIXPOKER,0,"0,5",0," R$  0,50 ","0,00%","100,00%","0,00%",MTT,-5
11/05/2026,100995,TG22,PIXPOKER,0,3,0," R$  3,00 ","0,00%","100,00%","0,00%",MTT,-30
11/05/2026,144010,KKPOKER,PIXPOKER,0,20,0," R$  20,00 ","0,00%","100,00%","0,00%",MTT,-200
11/05/2026,141902,Luksolive,PIXPOKER,0,5,0," R$  5,00 ","0,00%","100,00%","0,00%",MTT,"174,92"
11/05/2026,100415,CarcaraPoker,PIXPOKER,0,8,0," R$  8,00 ","0,00%","100,00%","0,00%",MTT,0
11/05/2026,101531,Delici_AA,PIXPOKER,0,20,"6,91"," R$  26,91 ","0,00%","74,32%","25,68%",MTT,-200
11/05/2026,143724,RaafaFlose,PIXPOKER,0,20,0," R$  20,00 ","0,00%","100,00%","0,00%",MTT,-200
11/05/2026,149475,RatoPE,PIXPOKER,0,32,0," R$  32,00 ","0,00%","100,00%","0,00%",MTT,-320
11/05/2026,183985,pix183985,PIXPOKER,"4,66",0,0," R$  4,66 ","100,00%","0,00%","0,00%",NLH,-20
11/05/2026,113267,BalaBala,PIXPOKER,0,0,"2,71"," R$  2,71 ","0,00%","0,00%","100,00%",PLO6,-20
11/05/2026,103284,pix103284,AF - DOLFO,"14,65","0,84","5,3"," R$  20,79 ","70,47%","4,04%","25,49%",NLH,"-60,32"
11/05/2026,104809,carrasco20,AF - DOLFO,"125,62",0,"43,74"," R$  169,36 ","74,17%","0,00%","25,83%",NLH,-241
11/05/2026,103176,Yure Brito,AF - DOLFO,0,"550,7","4863,19"," R$  5.413,89 ","0,00%","10,17%","89,83%",PLO6,"-5046,1"
11/05/2026,160638,kevinlevrone,AF - DOLFO,0,1,"405,78"," R$  406,78 ","0,00%","0,25%","99,75%",PLO6,-2152
11/05/2026,144187,Lira#,AF - DOLFO,"1,03","0,5",0," R$  1,53 ","67,32%","32,68%","0,00%",NLH,"-19,62"
11/05/2026,103258,Pinto de um dia,AF - DOLFO,0,0,0, R$  -   ,,,,NLH,0
11/05/2026,162248,Victor_Diniz,AF - DOLFO,"6,38",0,0," R$  6,38 ","100,00%","0,00%","0,00%",NLH,-50
11/05/2026,103206,?YB?,AF - DOLFO,"1,55",0,"6,12"," R$  7,67 ","20,21%","0,00%","79,79%",PLO6,"-114,21"
11/05/2026,144122,food,AF - DOLFO,"4,29",0,0," R$  4,29 ","100,00%","0,00%","0,00%",NLH,-40
11/05/2026,115863,Bruninho Olliver,AF - CARLA JP,0,"7,34","1,89"," R$  9,23 ","0,00%","79,52%","20,48%",MTT,"-89,39"
11/05/2026,170605,Lasmar,AF - CARLA JP,0,"80,1",0," R$  80,10 ","0,00%","100,00%","0,00%",MTT,-726
11/05/2026,194202,CashOUT,AF - CARLA JP,0,69,"2,28"," R$  71,28 ","0,00%","96,80%","3,20%",MTT,"378,22"
11/05/2026,152376,Charles L.,AF - CARLA JP,0,"9,3",0," R$  9,30 ","0,00%","100,00%","0,00%",MTT,-93
11/05/2026,121370,TôlinnRabano,AF - CARLA JP,0,"1,9","37,42"," R$  39,32 ","0,00%","4,83%","95,17%",PLO6,"-9,36"
11/05/2026,135771,michaelmdss,AF - CARLA JP,0,0,0, R$  -   ,,,,NLH,"2,73"
11/05/2026,178216,ibañez ??,AF - CARLA JP,0,"2,2","1,75"," R$  3,95 ","0,00%","55,70%","44,30%",MTT,-37
11/05/2026,188529,trempix69,AF - CARLA JP,0,0,0, R$  -   ,,,,NLH,0
11/05/2026,179086,marretadAA,AF - CARLA JP,0,0,"14,93"," R$  14,93 ","0,00%","0,00%","100,00%",PLO6,-214
11/05/2026,143649,chibata83,AF - CARLA JP,"8,62",0,"3673,07"," R$  3.681,69 ","0,23%","0,00%","99,77%",PLO6,"-22564,33"
11/05/2026,154196,CoxinhaPoker,AF - CARLA JP,0,"28,3","4,91"," R$  33,21 ","0,00%","85,22%","14,78%",MTT,"37,71"
11/05/2026,187106,nego bidu2,AF - CARLA JP,0,"5,8",0," R$  5,80 ","0,00%","100,00%","0,00%",MTT,"-51,48"
11/05/2026,147505,D??N,AF - CARLA JP,0,"60,95",10," R$  70,95 ","0,00%","85,91%","14,09%",MTT,"-70,02"
11/05/2026,188011,jajanteii,AF - CARLA JP,0,0,"75,83"," R$  75,83 ","0,00%","0,00%","100,00%",PLO6,"-58,11"
11/05/2026,195741,Amo-Groot,AF - CARLA JP,0,0,"67,18"," R$  67,18 ","0,00%","0,00%","100,00%",PLO6,"-16,39"
11/05/2026,146758,jrdoido,AF - CARLA JP,0,1,"13,55"," R$  14,55 ","0,00%","6,87%","93,13%",PLO6,"-49,91"
11/05/2026,160268,Hedizin,AF - CARLA JP,0,"3,4","8,46"," R$  11,86 ","0,00%","28,67%","71,33%",PLO6,-174
11/05/2026,156724,CARLOS GRANDE,AF - CARLA JP,0,0,"767,04"," R$  767,04 ","0,00%","0,00%","100,00%",PLO6,"1507,36"
11/05/2026,166288,Muryo Kusho,AF - CARLA JP,0,0,"575,55"," R$  575,55 ","0,00%","0,00%","100,00%",PLO6,"-940,35"
11/05/2026,195670,ADias,AF - CARLA JP,"49,73",0,0," R$  49,73 ","100,00%","0,00%","0,00%",NLH,"-64,72"
11/05/2026,178638,GustavoZemoleza,AF - CARLA JP,"10,02","18,7",0," R$  28,72 ","34,89%","65,11%","0,00%",MTT,350
11/05/2026,136477,cidoka,AF - CARLA JP,0,"0,1",0," R$  0,10 ","0,00%","100,00%","0,00%",MTT,-1
11/05/2026,194174,GalegoBC,AF - CARLA JP,0,"0,2",0," R$  0,20 ","0,00%","100,00%","0,00%",MTT,-2
11/05/2026,147790,guzAApoker,AF - CARLA JP,0,"96,5",0," R$  96,50 ","0,00%","100,00%","0,00%",MTT,"2024,41"
11/05/2026,195550,pix195550,AF - CARLA JP,0,"92,29",0," R$  92,29 ","0,00%","100,00%","0,00%",MTT,"-9,63"
11/05/2026,153074,AzarDaMzrHomi,AF - CARLA JP,0,0,"7,75"," R$  7,75 ","0,00%","0,00%","100,00%",PLO6,"67,03"
11/05/2026,184144,Light4i20,AF - CARLA JP,0,0,"20,34"," R$  20,34 ","0,00%","0,00%","100,00%",PLO6,-198
11/05/2026,151310,arthurpix,AF - CARLA JP,0,1,"142,11"," R$  143,11 ","0,00%","0,70%","99,30%",PLO6,"1188,89"
11/05/2026,193416,Santiago83,AF - CARLA JP,"0,03","1,7",0," R$  1,73 ","1,73%","98,27%","0,00%",MTT,"-17,41"
11/05/2026,194819,pix194819,AF - CARLA JP,"3,97","20,5","120,98"," R$  145,45 ","2,73%","14,09%","83,18%",PLO6,1481
11/05/2026,139949,tomillo,AF - CARLA JP,0,0,0, R$  -   ,,,,NLH,0
11/05/2026,117286,português,AF - CARLA JP,0,14,"27,93"," R$  41,93 ","0,00%","33,39%","66,61%",PLO6,"-2,75"
11/05/2026,195735,Joaquim França,AF - CARLA JP,"33,31",0,0," R$  33,31 ","100,00%","0,00%","0,00%",NLH,"-100,9"
11/05/2026,177784,Sheep,AF - CARLA JP,"6,88","10,9","8,58"," R$  26,36 ","26,10%","41,35%","32,55%",MTT,87
11/05/2026,188878,Flopper,AF - CARLA JP,"3,03",0,0," R$  3,03 ","100,00%","0,00%","0,00%",NLH,-24
11/05/2026,106904,pimentinhacomp,AF - CARLA JP,0,26,"8,61"," R$  34,61 ","0,00%","75,12%","24,88%",MTT,-410
11/05/2026,137180,Caco_Play,AF - CARLA JP,0,0,0, R$  -   ,,,,NLH,0
11/05/2026,192033,stdomeinha,AF - CARLA JP,0,0,0, R$  -   ,,,,NLH,0
11/05/2026,137052,pix137052,AF - CARLA JP,0,60,0," R$  60,00 ","0,00%","100,00%","0,00%",MTT,-600
11/05/2026,106447,TREVAS,AF - CARLA JP,"2,09",0,"0,5"," R$  2,59 ","80,69%","0,00%","19,31%",NLH,"-5,73"
11/05/2026,171552,@AllefAraujjo,AF - CARLA JP,0,"0,2",0," R$  0,20 ","0,00%","100,00%","0,00%",MTT,-2
11/05/2026,180128,Hbrt,AF - CARLA JP,0,0,0, R$  -   ,,,,NLH,"2,06"
11/05/2026,118251,bebelteam,AF - CARLA JP,0,"0,5","17,61"," R$  18,11 ","0,00%","2,76%","97,24%",PLO6,"26,98"
11/05/2026,115704,viper pb,AF - CARLA JP,0,"5,2","83,93"," R$  89,13 ","0,00%","5,83%","94,17%",PLO6,-572
11/05/2026,117342,Carla Renna,AF - CARLA JP,0,"4,4","21,32"," R$  25,72 ","0,00%","17,11%","82,89%",PLO6,"-147,83"
11/05/2026,127033,pix127033,AF - CARLA JP,"29,03",0,0," R$  29,03 ","100,00%","0,00%","0,00%",NLH,"-155,12"
11/05/2026,136268,jobelis,AF - CARLA JP,0,3,0," R$  3,00 ","0,00%","100,00%","0,00%",MTT,-30
11/05/2026,162087,o jovem,AF - CARLA JP,"1,17","21,9",0," R$  23,07 ","5,07%","94,93%","0,00%",MTT,"309,28"
11/05/2026,174177,-Lokii—,AF - CARLA JP,0,"19,5","7,9"," R$  27,40 ","0,00%","71,17%","28,83%",MTT,-228
11/05/2026,191156,_007_,AF - CARLA JP,0,0,"14,52"," R$  14,52 ","0,00%","0,00%","100,00%",PLO6,-55
11/05/2026,184734,tinhozzo,AF - CARLA JP,0,"2,5","38,33"," R$  40,83 ","0,00%","6,12%","93,88%",PLO6,"-300,8"
11/05/2026,159905,zecaaa,AF - CARLA JP,0,0,0, R$  -   ,,,,NLH,0
11/05/2026,194108,nathant,AF - CARLA JP,"1,38","1,1",0," R$  2,48 ","55,65%","44,35%","0,00%",NLH,"-7,73"
11/05/2026,117404,Cnhhh,AF - CARLA JP,"0,37",0,"48,56"," R$  48,93 ","0,76%","0,00%","99,24%",PLO6,-410
11/05/2026,118105,Targino,AF - CARLA JP,0,20,0," R$  20,00 ","0,00%","100,00%","0,00%",MTT,-200
11/05/2026,173964,guga083,AF - CARLA JP,0,1,"45,08"," R$  46,08 ","0,00%","2,17%","97,83%",PLO6,-20
11/05/2026,170178,Zangetsu,AF - CARLA JP,"18,68",0,0," R$  18,68 ","100,00%","0,00%","0,00%",NLH,"210,51"
11/05/2026,174660,Godelas,AF - CARLA JP,0,0,"8,32"," R$  8,32 ","0,00%","0,00%","100,00%",PLO6,-50
11/05/2026,106934,mazetto83,AF - CARLA JP,0,0,"21,07"," R$  21,07 ","0,00%","0,00%","100,00%",PLO6,-250
11/05/2026,160784,miltinhosensação,AF - CARLA JP,0,"1,5",0," R$  1,50 ","0,00%","100,00%","0,00%",MTT,-15
11/05/2026,127125,Gabriel.PB,AF - MAURICIO,"119,77","38,97",0," R$  158,74 ","75,45%","24,55%","0,00%",NLH,"231,57"
11/05/2026,188865,pix188865,AF - MAURICIO,0,"65,1",0," R$  65,10 ","0,00%","100,00%","0,00%",MTT,"-197,39"
11/05/2026,107225,….,AF - MAURICIO,"44,71","5,3",0," R$  50,01 ","89,40%","10,60%","0,00%",NLH,"-176,08"
11/05/2026,106444,TonySoprano,AF - MAURICIO,"169,45",0,0," R$  169,45 ","100,00%","0,00%","0,00%",NLH,77
11/05/2026,159788,Heitor99,AF - MAURICIO,"546,63","11,8","158,52"," R$  716,95 ","76,24%","1,65%","22,11%",NLH,"-133,16"
11/05/2026,162335,PerôPB,AF - MAURICIO,"63,32","6,5","3,53"," R$  73,35 ","86,33%","8,86%","4,81%",NLH,-196
11/05/2026,105531,Neyleo,AF - MAURICIO,0,"13,9",0," R$  13,90 ","0,00%","100,00%","0,00%",MTT,"33,86"
11/05/2026,137659,JP duda,AF - MAURICIO,0,"13,83","0,95"," R$  14,78 ","0,00%","93,57%","6,43%",MTT,"-143,43"
11/05/2026,139113,@jrmaiag_poker,AF - MAURICIO,"0,66",0,0," R$  0,66 ","100,00%","0,00%","0,00%",NLH,0
11/05/2026,152588,Eumesmonao,AF - MAURICIO,0,0,0, R$  -   ,,,,NLH,"14,85"
11/05/2026,154690,pix ad + lee,AF - MAURICIO,0,0,0, R$  -   ,,,,NLH,0
11/05/2026,163478,irmão de theozin,AF - MAURICIO,"0,38",0,0," R$  0,38 ","100,00%","0,00%","0,00%",NLH,"-0,6"
11/05/2026,176161,400 conto,AF - MAURICIO,0,"0,2",0," R$  0,20 ","0,00%","100,00%","0,00%",MTT,"-1,12"
11/05/2026,176163,roxo pá,AF - MAURICIO,0,"0,1",0," R$  0,10 ","0,00%","100,00%","0,00%",MTT,"0,21"
11/05/2026,176189,melicianus,AF - MAURICIO,0,0,"0,5"," R$  0,50 ","0,00%","0,00%","100,00%",PLO6,"-3,95"
11/05/2026,195359,pix195359,AF - MAURICIO,0,0,0, R$  -   ,,,,NLH,0
11/05/2026,195360,pix195360,AF - MAURICIO,"0,62","0,2",0," R$  0,82 ","75,61%","24,39%","0,00%",NLH,"-0,85"
11/05/2026,195361,pix195361,AF - MAURICIO,0,0,0, R$  -   ,,,,NLH,0
11/05/2026,102022,Me Chupa,AF - MAURICIO,0,0,"10,98"," R$  10,98 ","0,00%","0,00%","100,00%",PLO6,"-138,04"
11/05/2026,119612,DoeuAi??,AF - MAURICIO,"1,69",0,"417,46"," R$  419,15 ","0,40%","0,00%","99,60%",PLO6,"607,46"
11/05/2026,155080,Mike Ross,AF - MAURICIO,0,0,"1131,13"," R$  1.131,13 ","0,00%","0,00%","100,00%",PLO6,"-1794,86"
11/05/2026,185066,VitinPoker,AF - MAURICIO,"0,85","5,6","13,7"," R$  20,15 ","4,22%","27,79%","67,99%",PLO6,-32
11/05/2026,180443,@mau.jr7,AF - MAURICIO,0,"46,4","412,43"," R$  458,83 ","0,00%","10,11%","89,89%",PLO6,"1035,65"
11/05/2026,119119,Welshowman,AF - MAURICIO,0,0,"77,99"," R$  77,99 ","0,00%","0,00%","100,00%",PLO6,"-44,75"
11/05/2026,116798,Boca de Badalo,AF - MAURICIO,0,0,"21,47"," R$  21,47 ","0,00%","0,00%","100,00%",PLO6,-42
11/05/2026,120599,CoronelCalazans7,AF - MAURICIO,0,0,"273,25"," R$  273,25 ","0,00%","0,00%","100,00%",PLO6,"2659,67"
11/05/2026,134699,@griga,AF - MAURICIO,0,66,"1661,32"," R$  1.727,32 ","0,00%","3,82%","96,18%",PLO6,"-1103,04"
11/05/2026,147319,MOSSORÓ084,AF - MAURICIO,0,"0,5","79,39"," R$  79,89 ","0,00%","0,63%","99,37%",PLO6,-110
11/05/2026,109162,ORIGINAL poker??,AF - MAURICIO,0,"0,5","7,96"," R$  8,46 ","0,00%","5,91%","94,09%",PLO6,"2,66"
11/05/2026,139401,FreitasAAKK,AF - MAURICIO,0,"0,1",0," R$  0,10 ","0,00%","100,00%","0,00%",MTT,-1
11/05/2026,145547,pokerplayer,AF - MAURICIO,0,"0,1",0," R$  0,10 ","0,00%","100,00%","0,00%",MTT,"0,49"
11/05/2026,195034,Λιβάνιος,AF - MAURICIO,"3,81","58,8",0," R$  62,61 ","6,09%","93,91%","0,00%",MTT,-628
11/05/2026,138771,GoldNomad,AF - MAURICIO,0,"2,6",0," R$  2,60 ","0,00%","100,00%","0,00%",MTT,"-11,25"
11/05/2026,178673,Ricco Marcondes,AF - MAURICIO,0,0,0, R$  -   ,,,,NLH,0
11/05/2026,146218,pix146218baton,AF - MAURICIO,0,10,"29,64"," R$  39,64 ","0,00%","25,23%","74,77%",PLO6,"-288,14"
11/05/2026,145508,BRUMBRUM,AF - MAURICIO,0,"14,5","34,41"," R$  48,91 ","0,00%","29,65%","70,35%",PLO6,-362
11/05/2026,170156,Presidente GL,AF - MAURICIO,0,"0,1",0," R$  0,10 ","0,00%","100,00%","0,00%",MTT,-1
11/05/2026,171360,Jclever,AF - MAURICIO,"0,76","0,2",0," R$  0,96 ","79,17%","20,83%","0,00%",NLH,"-11,83"
11/05/2026,171527,Maverica,AF - MAURICIO,0,"0,3",0," R$  0,30 ","0,00%","100,00%","0,00%",MTT,"-0,54"
11/05/2026,101203,Ruyter,AF - MAURICIO,0,0,"111,4"," R$  111,40 ","0,00%","0,00%","100,00%",PLO6,-65
11/05/2026,150152,Trastezin Lima??,AF - MAURICIO,"2,59",0,0," R$  2,59 ","100,00%","0,00%","0,00%",NLH,"142,29"
11/05/2026,170977,Alyssoni,AF - MAURICIO,"0,31","8,8",0," R$  9,11 ","3,40%","96,60%","0,00%",MTT,"-31,88"
11/05/2026,140234,josemaria,AF - MAURICIO,0,0,0, R$  -   ,,,,NLH,0
11/05/2026,195430,hjunior,AF - MAURICIO,0,0,0, R$  -   ,,,,NLH,0
11/05/2026,117569,arthurzindomel,AF - MAURICIO,"0,29","8,9",0," R$  9,19 ","3,16%","96,84%","0,00%",MTT,"-92,79"
11/05/2026,150547,liovalenti,AF - MAURICIO,"1,87",0,"7,09"," R$  8,96 ","20,87%","0,00%","79,13%",PLO6,-50
11/05/2026,144408,CORINGA0101,AF - MAURICIO,0,"1,5",0," R$  1,50 ","0,00%","100,00%","0,00%",MTT,-15
11/05/2026,178503,Mateusbad,AF - MAURICIO,"2,18","0,1","0,22"," R$  2,50 ","87,20%","4,00%","8,80%",NLH,"19,75"
11/05/2026,108585,coveirodoriver,AF - MAURICIO,"0,76",0,"16,7"," R$  17,46 ","4,35%","0,00%","95,65%",PLO6,-53
11/05/2026,108331,Serginho Balotelli,AF - MAURICIO,"12,36",0,"6,46"," R$  18,82 ","65,67%","0,00%","34,33%",NLH,"19,49"
11/05/2026,139597,Dr.Wender,AF - MAURICIO,0,1,"0,49"," R$  1,49 ","0,00%","67,11%","32,89%",MTT,-12
11/05/2026,141801,DihBankai,AF - MAURICIO,"0,67",0,"0,54"," R$  1,21 ","55,37%","0,00%","44,63%",NLH,-21
11/05/2026,101767,c.nedeR,AF - MAURICIO,"4,9",0,0," R$  4,90 ","100,00%","0,00%","0,00%",NLH,"-143,95"
11/05/2026,132085,Só blef..,AF - MAURICIO,"0,15",0,"153,73"," R$  153,88 ","0,10%","0,00%","99,90%",PLO6,"-499,15"
11/05/2026,181686,Inocram ?,AF - MAURICIO,0,0,0, R$  -   ,,,,NLH,"2,88"
11/05/2026,114516,SÓ AA,AF - MAURICIO,"2,37",0,0," R$  2,37 ","100,00%","0,00%","0,00%",NLH,"-12,24"
11/05/2026,118639,paulo Nunes,AF - MAURICIO,"1,42","12,15",0," R$  13,57 ","10,46%","89,54%","0,00%",MTT,"-57,71"
11/05/2026,105568,Nirk,AF - MAURICIO,0,0,0, R$  -   ,,,,NLH,0
11/05/2026,148557,bitnator,AF - MAURICIO,0,0,0, R$  -   ,,,,NLH,0
11/05/2026,132045,Mineirinho,AF - MAURICIO,0,0,0, R$  -   ,,,,NLH,0
11/05/2026,132046,C4DEL0,AF - MAURICIO,0,0,0, R$  -   ,,,,NLH,0
11/05/2026,132054,PEG4D0R,AF - MAURICIO,0,0,0, R$  -   ,,,,NLH,0
11/05/2026,188026,jeremias18cm,AF - MAURICIO,0,0,0, R$  -   ,,,,NLH,0
11/05/2026,101589,SEGURAAA__,AF - MAURICIO,"1,87",0,"79,36"," R$  81,23 ","2,30%","0,00%","97,70%",PLO6,9
11/05/2026,119793,Taícia,AF - MAURICIO,"5,41","1,2","15,12"," R$  21,73 ","24,90%","5,52%","69,58%",PLO6,-74
11/05/2026,159805,pix159805,AF - MAURICIO,"4,6",1,"0,74"," R$  6,34 ","72,56%","15,77%","11,67%",NLH,-25
11/05/2026,177765,NicolásMaduro,AF - MAURICIO,"3,91",0,"14,99"," R$  18,90 ","20,69%","0,00%","79,31%",PLO6,-56
11/05/2026,145550,Ribery,AF - MAURICIO,0,"0,1",0," R$  0,10 ","0,00%","100,00%","0,00%",MTT,"-0,36"
11/05/2026,106368,seu joao,AF - MAURICIO,0,"19,2","144,12"," R$  163,32 ","0,00%","11,76%","88,24%",PLO6,"-254,02"
11/05/2026,126945,Dementador,AF - MAURICIO,0,0,"4,42"," R$  4,42 ","0,00%","0,00%","100,00%",PLO6,-31
11/05/2026,107972,Vingativa,AF - MAURICIO,"19,55","9,2",0," R$  28,75 ","68,00%","32,00%","0,00%",NLH,"-166,79"
11/05/2026,116681,bigd1ck,AF - MAURICIO,0,0,"1,12"," R$  1,12 ","0,00%","0,00%","100,00%",PLO6,-20
11/05/2026,146822,setoKAibAA,AF - MAURICIO,"37,95",3,0," R$  40,95 ","92,67%","7,33%","0,00%",NLH,"-140,51"
11/05/2026,109489,Damião,AF - MAURICIO,0,0,0, R$  -   ,,,,NLH,0
11/05/2026,115560,vei da lancha,AF - MAURICIO,0,0,0, R$  -   ,,,,NLH,0
11/05/2026,125821,bacia,AF - MAURICIO,0,0,"16,46"," R$  16,46 ","0,00%","0,00%","100,00%",PLO6,200
11/05/2026,173857,Thogai,AF - MAURICIO,0,0,0, R$  -   ,,,,NLH,0
11/05/2026,108062,dodosc,AF - MAURICIO,0,0,"49,55"," R$  49,55 ","0,00%","0,00%","100,00%",PLO6,-410
11/05/2026,156065,Joao_Balboa,AF - MAURICIO,"4,9",0,0," R$  4,90 ","100,00%","0,00%","0,00%",NLH,-12
11/05/2026,138225,pipico,AF - MAURICIO,0,"0,6",0," R$  0,60 ","0,00%","100,00%","0,00%",MTT,-6
11/05/2026,138414,Son Goku,AF - MAURICIO,0,"10,9",0," R$  10,90 ","0,00%","100,00%","0,00%",MTT,"-39,93"
11/05/2026,152762,roger424344,AF - MAURICIO,0,7,0," R$  7,00 ","0,00%","100,00%","0,00%",MTT,-70
11/05/2026,141667,sunshine,AF - MAURICIO,0,"3,5",0," R$  3,50 ","0,00%","100,00%","0,00%",MTT,"256,23"
11/05/2026,147207,꧁༒ACES༒꧂,AF - MAURICIO,0,0,"27,59"," R$  27,59 ","0,00%","0,00%","100,00%",PLO6,"-101,7"
11/05/2026,186097,Aquario,AF - MAURICIO,0,"10,9",0," R$  10,90 ","0,00%","100,00%","0,00%",MTT,-109
11/05/2026,113665,Edson007,AF - MAURICIO,"4,84",0,"9,34"," R$  14,18 ","34,13%","0,00%","65,87%",PLO6,-50
11/05/2026,136575,Blef_Nuts,AF -JR. CALAZANS,"1,43","7,4","21,81"," R$  30,64 ","4,67%","24,15%","71,18%",PLO6,-309
11/05/2026,178284,tuffs,AF -JR. CALAZANS,0,"7,6","332,17"," R$  339,77 ","0,00%","2,24%","97,76%",PLO6,"-654,54"
11/05/2026,124340,Agoravai,AF -JR. CALAZANS,0,194,"1027,22"," R$  1.221,22 ","0,00%","15,89%","84,11%",PLO6,-3193
11/05/2026,188987,Apple,AF -JR. CALAZANS,0,10,"2911,39"," R$  2.921,39 ","0,00%","0,34%","99,66%",PLO6,"11692,52"
11/05/2026,130350,Sete4,AF -JR. CALAZANS,0,132,"2194,46"," R$  2.326,46 ","0,00%","5,67%","94,33%",PLO6,"1212,51"
11/05/2026,183037,Bingo,AF -JR. CALAZANS,0,0,"239,24"," R$  239,24 ","0,00%","0,00%","100,00%",PLO6,"754,74"
11/05/2026,137862,runeruner,AF -JR. CALAZANS,"1,12","15,4",0," R$  16,52 ","6,78%","93,22%","0,00%",MTT,"367,73"
11/05/2026,129018,Alfredão,AF -JR. CALAZANS,0,0,"443,81"," R$  443,81 ","0,00%","0,00%","100,00%",PLO6,"2523,14"
11/05/2026,131291,Moreirão,AF -JR. CALAZANS,0,137,"1228,96"," R$  1.365,96 ","0,00%","10,03%","89,97%",PLO6,"-7499,86"
11/05/2026,166183,Durcall,AF -JR. CALAZANS,0,144,0," R$  144,00 ","0,00%","100,00%","0,00%",MTT,"-812,45"
11/05/2026,149182,Alan Jatobá,AF -JR. CALAZANS,"0,03","3,05",0," R$  3,08 ","0,97%","99,03%","0,00%",MTT,"218,64"
11/05/2026,138993,joelma,AF -JR. CALAZANS,0,0,"77,82"," R$  77,82 ","0,00%","0,00%","100,00%",PLO6,-2000
11/05/2026,135727,D. Luffy,AF -JR. CALAZANS,0,"34,2",0," R$  34,20 ","0,00%","100,00%","0,00%",MTT,"461,2"
11/05/2026,183056,Profeta10,AF -JR. CALAZANS,0,"6,2",0," R$  6,20 ","0,00%","100,00%","0,00%",MTT,-62
11/05/2026,192627,timãoepumba,AF -JR. CALAZANS,0,0,"1130,42"," R$  1.130,42 ","0,00%","0,00%","100,00%",PLO6,"-800,69"
11/05/2026,136598,Claudemir,AF - RAMON PESSOA,0,"91,18",0," R$  91,18 ","0,00%","100,00%","0,00%",MTT,"-203,22"
11/05/2026,150098,eumatias,AF - RAMON PESSOA,"12,66",0,0," R$  12,66 ","100,00%","0,00%","0,00%",NLH,"5,67"
11/05/2026,137242,henriq111,AF - RAMON PESSOA,"4,95","51,3","3,49"," R$  59,74 ","8,29%","85,87%","5,84%",MTT,"-79,93"
11/05/2026,149334,mozovo,AF - RAMON PESSOA,0,"1,5","58,58"," R$  60,08 ","0,00%","2,50%","97,50%",PLO6,"-119,47"
11/05/2026,191553,666_999,AF - RAMON PESSOA,0,0,"24,23"," R$  24,23 ","0,00%","0,00%","100,00%",PLO6,"190,11"
11/05/2026,102031,matadordereg,AF - RAMON PESSOA,0,"0,5","27,55"," R$  28,05 ","0,00%","1,78%","98,22%",PLO6,-14
11/05/2026,194105,Semchance,AF - RAMON PESSOA,0,0,"146,98"," R$  146,98 ","0,00%","0,00%","100,00%",PLO6,"480,15"
11/05/2026,109526,Fireboy,AF - RAMON PESSOA,0,0,"15,53"," R$  15,53 ","0,00%","0,00%","100,00%",PLO6,-119
11/05/2026,129831,POKERNAVEIASB,AF - RAMON PESSOA,0,0,"13,95"," R$  13,95 ","0,00%","0,00%","100,00%",PLO6,"66,01"
11/05/2026,108548,NutzOrBlefBR,AF - RAMON PESSOA,0,34,"58,02"," R$  92,02 ","0,00%","36,95%","63,05%",PLO6,"-115,49"
11/05/2026,134840,Henrique Santos,AF - RAMON PESSOA,0,"137,95","32,73"," R$  170,68 ","0,00%","80,82%","19,18%",MTT,"44,76"
11/05/2026,116467,house,AF - RAMON PESSOA,0,0,"458,7"," R$  458,70 ","0,00%","0,00%","100,00%",PLO6,"2901,63"
11/05/2026,135582,Mvasc,AF - RAMON PESSOA,0,0,"917,6"," R$  917,60 ","0,00%","0,00%","100,00%",PLO6,"-5480,09"
11/05/2026,195813,RamonnPessoa,AF - RAMON PESSOA,0,80,"199,32"," R$  279,32 ","0,00%","28,64%","71,36%",PLO6,"3135,37"
11/05/2026,140364,TONINHO AVIP,AF - RAMON PESSOA,"3,19",0,"2,31"," R$  5,50 ","58,00%","0,00%","42,00%",NLH,"-51,72"
11/05/2026,184017,kinho,AF - RAMON PESSOA,0,"23,61",0," R$  23,61 ","0,00%","100,00%","0,00%",MTT,"-353,56"
11/05/2026,182336,É SO PAGAR PRA VER,AF - RAMON PESSOA,0,0,0, R$  -   ,,,,NLH,0
11/05/2026,185809,Fabiano9,AF - RAMON PESSOA,"2,3","0,2",0," R$  2,50 ","92,00%","8,00%","0,00%",NLH,"-20,77"
11/05/2026,172744,VPoker,AF - RAMON PESSOA,"10,26","16,3",0," R$  26,56 ","38,63%","61,37%","0,00%",MTT,"-141,37"
11/05/2026,107194,Shaw-Moc,AF - RAMON PESSOA,0,"1,1",0," R$  1,10 ","0,00%","100,00%","0,00%",MTT,"-3,05"
11/05/2026,103040,Jr1307,AF - RAMON PESSOA,"117,71","153,6","6,61"," R$  277,92 ","42,35%","55,27%","2,38%",MTT,"1333,19"
11/05/2026,119553,Kaka,AF - RAMON PESSOA,"2,18","173,1",0," R$  175,28 ","1,24%","98,76%","0,00%",MTT,"1326,34"
11/05/2026,177516,Powhots,AF - RAMON PESSOA,0,2,0," R$  2,00 ","0,00%","100,00%","0,00%",MTT,-20
11/05/2026,193794,SkaterMan420,AF - RAMON PESSOA,0,"40,5",0," R$  40,50 ","0,00%","100,00%","0,00%",MTT,"-270,38"
11/05/2026,153443,Paradise Danger,AF - RAMON PESSOA,0,0,"153,79"," R$  153,79 ","0,00%","0,00%","100,00%",PLO6,-3
11/05/2026,175688,Sanguefriu,AF - RAMON PESSOA,0,0,0, R$  -   ,,,,NLH,0
11/05/2026,143560,RITO CADILACO,AF - RAMON PESSOA,0,32,"314,97"," R$  346,97 ","0,00%","9,22%","90,78%",PLO6,"6020,31"
11/05/2026,129481,Seu Pai,AF - RAMON PESSOA,0,"103,5",0," R$  103,50 ","0,00%","100,00%","0,00%",MTT,"2229,33"
11/05/2026,193480,N.V.T,AF - RAMON PESSOA,0,10,0," R$  10,00 ","0,00%","100,00%","0,00%",MTT,-100
11/05/2026,182636,bgpotes,AF - RAMON PESSOA,"17,33",0,0," R$  17,33 ","100,00%","0,00%","0,00%",NLH,"-1,18"
11/05/2026,140814,Santiagorwas,AF - RAMON PESSOA,0,52,"322,36"," R$  374,36 ","0,00%","13,89%","86,11%",PLO6,"-681,5"
11/05/2026,139621,PKNUTS,AF - RAMON PESSOA,0,0,"13,54"," R$  13,54 ","0,00%","0,00%","100,00%",PLO6,"-100,1"
11/05/2026,143028,theundertaker,AF - RAMON PESSOA,0,0,"4,14"," R$  4,14 ","0,00%","0,00%","100,00%",PLO6,"-95,1"
11/05/2026,145676,fabregas ??,AF - RAMON PESSOA,"5,32",6,0," R$  11,32 ","47,00%","53,00%","0,00%",MTT,"-1,37"
11/05/2026,193653,Salsicha,AF - RAMON PESSOA,0,5,0," R$  5,00 ","0,00%","100,00%","0,00%",MTT,"73,39"
11/05/2026,168863,Pietrovsb,AF - RAMON PESSOA,0,30,0," R$  30,00 ","0,00%","100,00%","0,00%",MTT,"377,7"
11/05/2026,100592,kamen ryder,AF - RAMON PESSOA,0,0,0, R$  -   ,,,,NLH,0
11/05/2026,142836,AllinEuPago,AF - RAMON PESSOA,0,0,0, R$  -   ,,,,NLH,0
11/05/2026,142854,pix142854,AF - RAMON PESSOA,0,0,0, R$  -   ,,,,NLH,0
11/05/2026,196043,pix196043,AF - RAMON PESSOA,0,0,"606,85"," R$  606,85 ","0,00%","0,00%","100,00%",PLO6,"1167,53"
11/05/2026,137243,pix137243,AF - RAMON PESSOA,0,0,"199,91"," R$  199,91 ","0,00%","0,00%","100,00%",PLO6,"-933,39"
11/05/2026,101283,Seu Lunga,AF - RAMON PESSOA,0,"3,5",0," R$  3,50 ","0,00%","100,00%","0,00%",MTT,-35
11/05/2026,182566,VALE REAL,AF - RAMON PESSOA,0,0,"3,18"," R$  3,18 ","0,00%","0,00%","100,00%",PLO6,-66
11/05/2026,126953,montezuma84,AF - RAMON PESSOA,0,20,0," R$  20,00 ","0,00%","100,00%","0,00%",MTT,-200
11/05/2026,142069,blhs,AF - RAMON PESSOA,0,32,0," R$  32,00 ","0,00%","100,00%","0,00%",MTT,-240
11/05/2026,142316,Tomzera Apelão,AF - LEANDRO,"1,22","15,2","3,49"," R$  19,91 ","6,13%","76,34%","17,53%",MTT,"-197,27"
11/05/2026,143578,Drxx,AF - LEANDRO,"40,61","27,45",0," R$  68,06 ","59,67%","40,33%","0,00%",NLH,"-128,5"
11/05/2026,160798,necrótico?,AF - LEANDRO,0,"13,14",0," R$  13,14 ","0,00%","100,00%","0,00%",MTT,"122,53"
11/05/2026,125576,Sdcam011,AF - LEANDRO,"10,79","2,6",0," R$  13,39 ","80,58%","19,42%","0,00%",NLH,"-51,92"
11/05/2026,179740,energyronald,AF - LEANDRO,"3,46",0,0," R$  3,46 ","100,00%","0,00%","0,00%",NLH,-17
11/05/2026,151420,pitbul,AF - LEANDRO,"29,25","0,2","303,11"," R$  332,56 ","8,80%","0,06%","91,14%",PLO6,"-820,01"
11/05/2026,158350,ZEDUPEIXE,AF - LEANDRO,"9,12",1,"76,59"," R$  86,71 ","10,52%","1,15%","88,33%",PLO6,"-191,82"
11/05/2026,171573,Gabriel.Lacerda,AF - LEANDRO,"10,88","0,6",0," R$  11,48 ","94,77%","5,23%","0,00%",NLH,"-84,46"
11/05/2026,139476,willamys,AF - LEANDRO,"17,27","0,7","35,41"," R$  53,38 ","32,35%","1,31%","66,34%",PLO6,121
11/05/2026,143787,bobdilanGOOD,AF - LEANDRO,0,"1,1",0," R$  1,10 ","0,00%","100,00%","0,00%",MTT,-11
11/05/2026,108942,Galeego,AF - LEANDRO,"105,01",1,"14,75"," R$  120,76 ","86,96%","0,83%","12,21%",NLH,"322,32"
11/05/2026,130833,joakspk,AF - LEANDRO,"0,55",0,0," R$  0,55 ","100,00%","0,00%","0,00%",NLH,"11,17"
11/05/2026,146053,MANDALORIAN-146053,AF - LEANDRO,0,"0,2",0," R$  0,20 ","0,00%","100,00%","0,00%",MTT,"-1,1"
11/05/2026,153141,Arthur2mm,AF - LEANDRO,"2,06","0,3","8,31"," R$  10,67 ","19,31%","2,81%","77,88%",PLO6,10
11/05/2026,153398,741520,AF - LEANDRO,0,0,0, R$  -   ,,,,NLH,"1,29"
11/05/2026,157541,LucasLeite,AF - LEANDRO,0,0,"1,75"," R$  1,75 ","0,00%","0,00%","100,00%",PLO6,-3
11/05/2026,135735,Tchamba,AF - LEANDRO,0,1,"20,81"," R$  21,81 ","0,00%","4,59%","95,41%",PLO6,"-116,11"
11/05/2026,156755,motocó?,AF - LEANDRO,"3,07",0,"318,02"," R$  321,09 ","0,96%","0,00%","99,04%",PLO6,-748
11/05/2026,158786,sttela,AF - LEANDRO,0,0,"95,27"," R$  95,27 ","0,00%","0,00%","100,00%",PLO6,"511,26"
11/05/2026,105336,Mestre Coringa,AF - LEANDRO,"0,86",0,"8,41"," R$  9,27 ","9,28%","0,00%","90,72%",PLO6,"-48,59"
11/05/2026,152368,TôNemAÍ,AF - LEANDRO,0,"26,7","77,08"," R$  103,78 ","0,00%","25,73%","74,27%",PLO6,"516,42"
11/05/2026,164460,J h o n z i n h o10k,AF - LEANDRO,0,3,"20,24"," R$  23,24 ","0,00%","12,91%","87,09%",PLO6,-101
11/05/2026,133735,Balodinhosx777,AF - LEANDRO,0,"0,3","21,4"," R$  21,70 ","0,00%","1,38%","98,62%",PLO6,-49
11/05/2026,162745,TOMATao,AF - LEANDRO,0,0,"0,1"," R$  0,10 ","0,00%","0,00%","100,00%",PLO6,-7
11/05/2026,140127,so nuts,AF - LEANDRO,0,0,"12,7"," R$  12,70 ","0,00%","0,00%","100,00%",PLO6,"-115,37"
11/05/2026,130760,B L O S,AF - LEANDRO,0,13,"72,69"," R$  85,69 ","0,00%","15,17%","84,83%",PLO6,1448
11/05/2026,107566,BruxoAl,AF - LEANDRO,0,30,0," R$  30,00 ","0,00%","100,00%","0,00%",MTT,"-291,57"
11/05/2026,154475,DENVER,AF - LEANDRO,0,"107,5","6,49"," R$  113,99 ","0,00%","94,31%","5,69%",MTT,-119
11/05/2026,117424,Kagê ?,AF - LEANDRO,"21,8",10,"32,98"," R$  64,78 ","33,65%","15,44%","50,91%",PLO6,"-101,62"
11/05/2026,176575,Vela,AF - LEANDRO,"49,26",0,"1,21"," R$  50,47 ","97,60%","0,00%","2,40%",NLH,-146
11/05/2026,153971,pix153971,AF - LEANDRO,0,0,"1496,26"," R$  1.496,26 ","0,00%","0,00%","100,00%",PLO6,"-4428,04"
11/05/2026,151135,tutu151135,AF - LEANDRO,"3,08",1,"125,95"," R$  130,03 ","2,37%","0,77%","96,86%",PLO6,"402,26"
11/05/2026,111763,patifari@ poker,AF - LEANDRO,"15,84","16,8",0," R$  32,64 ","48,53%","51,47%","0,00%",MTT,"-211,37"
11/05/2026,119181,AstecK,AF - LEANDRO,"21,19",1,0," R$  22,19 ","95,49%","4,51%","0,00%",NLH,"-173,27"
11/05/2026,145256,FabrícioVoctor,AF - LEANDRO,0,0,"0,23"," R$  0,23 ","0,00%","0,00%","100,00%",PLO6,-4
11/05/2026,150696,Derel?,AF - LEANDRO,"26,72",0,0," R$  26,72 ","100,00%","0,00%","0,00%",NLH,"-38,43"
11/05/2026,129998,Gengis Khan,AF - LEANDRO,"11,15",0,0," R$  11,15 ","100,00%","0,00%","0,00%",NLH,"-26,68"
11/05/2026,148430,marquindopoker,AF - LEANDRO,"1,76",0,0," R$  1,76 ","100,00%","0,00%","0,00%",NLH,-20
11/05/2026,156447,QuebraBanca,AF - LEANDRO,"75,74",0,0," R$  75,74 ","100,00%","0,00%","0,00%",NLH,"200,26"
11/05/2026,157769,vpzera,AF - LEANDRO,0,"6,4","0,06"," R$  6,46 ","0,00%","99,07%","0,93%",MTT,"-61,7"
11/05/2026,157911,33,AF - LEANDRO,"0,94","1,6",0," R$  2,54 ","37,01%","62,99%","0,00%",MTT,-32
11/05/2026,166162,Homer LABS,AF - LEANDRO,0,0,"3,79"," R$  3,79 ","0,00%","0,00%","100,00%",PLO6,"-22,13"
11/05/2026,158000,MoRPhEo,AF - LEANDRO,"7,59",0,0," R$  7,59 ","100,00%","0,00%","0,00%",NLH,"-31,04"
11/05/2026,127645,Erick Vinny,AF - LEANDRO,0,0,0, R$  -   ,,,,NLH,0
11/05/2026,165311,boruto,AF - LEANDRO,0,0,0, R$  -   ,,,,NLH,0
11/05/2026,152313,JP777,AF - LEANDRO,0,"7,9","1,07"," R$  8,97 ","0,00%","88,07%","11,93%",MTT,-87
11/05/2026,114556,Santista Roxo,AF - LEANDRO,0,"0,1",0," R$  0,10 ","0,00%","100,00%","0,00%",MTT,-1
11/05/2026,150298,Msanto,AF - LEANDRO,"8,28",0,0," R$  8,28 ","100,00%","0,00%","0,00%",NLH,"-25,43"
11/05/2026,170947,vofoldar,AF - LEANDRO,"4,81","22,5","0,69"," R$  28,00 ","17,18%","80,36%","2,46%",MTT,-205
11/05/2026,153437,edimar delicia,AF - LEANDRO,0,4,0," R$  4,00 ","0,00%","100,00%","0,00%",MTT,-40
11/05/2026,159010,MESTRESHEIK,AF - LEANDRO,0,"0,1",0," R$  0,10 ","0,00%","100,00%","0,00%",MTT,-1
11/05/2026,165375,SAROBEIRO ?,AF - LEANDRO,"0,68","0,1",0," R$  0,78 ","87,18%","12,82%","0,00%",NLH,"-7,27"
11/05/2026,112206,thebest,AF - LEANDRO,0,0,"107,8"," R$  107,80 ","0,00%","0,00%","100,00%",PLO6,"339,39"
11/05/2026,112675,pedrocaak,AF - LEANDRO,"1,91",0,"2,44"," R$  4,35 ","43,91%","0,00%","56,09%",PLO6,-60
11/05/2026,146222,YpiokAA,AF - LEANDRO,0,"4,4","244,26"," R$  248,66 ","0,00%","1,77%","98,23%",PLO6,-602
11/05/2026,136662,PERICANO,AF - LEANDRO,"6,68",0,"32,64"," R$  39,32 ","16,99%","0,00%","83,01%",PLO6,"-0,55"
11/05/2026,138374,pix138374,AF - LEANDRO,0,0,0, R$  -   ,,,,NLH,0
11/05/2026,143463,@BATE ESTACA,AF - LEANDRO,0,0,0, R$  -   ,,,,NLH,0
11/05/2026,156730,atrevido3,AF - LEANDRO,0,0,"4,49"," R$  4,49 ","0,00%","0,00%","100,00%",PLO6,0
11/05/2026,162734,abdujaballl,AF - LEANDRO,0,0,0, R$  -   ,,,,NLH,0
11/05/2026,167302,DrOpenHeimer,AF - LEANDRO,0,"0,6",0," R$  0,60 ","0,00%","100,00%","0,00%",MTT,"-2,5"
11/05/2026,168454,G2___,AF - LEANDRO,"16,46","0,2","0,3"," R$  16,96 ","97,05%","1,18%","1,77%",NLH,10
11/05/2026,152138,jlucas283941,AF - LEANDRO,"4,18","111,8",0," R$  115,98 ","3,60%","96,40%","0,00%",MTT,"-201,34"
11/05/2026,180159,JOT4ÉRRE,AF - LEANDRO,0,"15,4","9,93"," R$  25,33 ","0,00%","60,80%","39,20%",MTT,-130
11/05/2026,116003,Raul do taxi,AF - LEANDRO,0,0,0, R$  -   ,,,,NLH,0
11/05/2026,165787,dinho2.3,AF - LEANDRO,"8,54","0,5","44,39"," R$  53,43 ","15,98%","0,94%","83,08%",PLO6,"18,7"
11/05/2026,151379,Garel?,AF - LEANDRO,"34,98",0,0," R$  34,98 ","100,00%","0,00%","0,00%",NLH,-28
11/05/2026,152328,ALEMDALOMBRA??,AF - LEANDRO,"7,75",0,0," R$  7,75 ","100,00%","0,00%","0,00%",NLH,"4,05"
11/05/2026,161598,GILMAS XING MENDES,AF - LEANDRO,"5,91",0,"11,34"," R$  17,25 ","34,26%","0,00%","65,74%",PLO6,"-60,28"
11/05/2026,156079,Alyson01,AF - LEANDRO,0,"0,4",0," R$  0,40 ","0,00%","100,00%","0,00%",MTT,-4
11/05/2026,194205,pix194205,AF - LEANDRO,0,0,"6,4"," R$  6,40 ","0,00%","0,00%","100,00%",PLO6,-110
11/05/2026,102939,HirlleSousa,AF - LEANDRO,0,"0,3",0," R$  0,30 ","0,00%","100,00%","0,00%",MTT,"0,33"
11/05/2026,144856,RaffaJoker,AF - LEANDRO,0,0,0, R$  -   ,,,,NLH,0
11/05/2026,153680,ToGi,AF - LEANDRO,0,3,0," R$  3,00 ","0,00%","100,00%","0,00%",MTT,-30
11/05/2026,112572,Viniti,AF - LEANDRO,0,0,"13,28"," R$  13,28 ","0,00%","0,00%","100,00%",PLO6,-100
11/05/2026,172717,bicarbonato,AF - LEANDRO,0,0,0, R$  -   ,,,,NLH,0
11/05/2026,132060,GAAALLLOOOOOOOOO,AF - LEANDRO,0,0,0, R$  -   ,,,,NLH,0
11/05/2026,138132,Petrolina SFC,AF - LEANDRO,0,0,0, R$  -   ,,,,NLH,0
11/05/2026,156136,jucazao_81,AF - LEANDRO,0,0,"21,03"," R$  21,03 ","0,00%","0,00%","100,00%",PLO6,"167,41"
11/05/2026,114406,perna longa,AF - LEANDRO,0,0,"11,33"," R$  11,33 ","0,00%","0,00%","100,00%",PLO6,-69
11/05/2026,139541,Boca,AF - LEANDRO,"2,02",0,"4,85"," R$  6,87 ","29,40%","0,00%","70,60%",PLO6,"-46,7"
11/05/2026,194136,paracatu,AF - LEANDRO,0,3,0," R$  3,00 ","0,00%","100,00%","0,00%",MTT,-30
11/05/2026,153698,Ojuara??,AF - LEANDRO,0,"126,6",0," R$  126,60 ","0,00%","100,00%","0,00%",MTT,"-799,73"
11/05/2026,148768,Igor Nascimento,AF - LEANDRO,"6,05",0,0," R$  6,05 ","100,00%","0,00%","0,00%",NLH,"50,56"
11/05/2026,154852,RAFINHALOPES,AF - LEANDRO,0,2,"15,19"," R$  17,19 ","0,00%","11,63%","88,37%",PLO6,-110
11/05/2026,126685,donjuan,AF - LEANDRO,0,0,0, R$  -   ,,,,NLH,0
11/05/2026,153757,jaironmachado,AF - LEANDRO,0,0,0, R$  -   ,,,,NLH,0
11/05/2026,159067,Brenooo,AF - LEANDRO,"0,68",0,"36,3"," R$  36,98 ","1,84%","0,00%","98,16%",PLO6,-112
11/05/2026,121205,nylmar,AF - LEANDRO,0,"12,2",0," R$  12,20 ","0,00%","100,00%","0,00%",MTT,"95,12"
11/05/2026,147243,BiaFreitas,AF - LEANDRO,0,0,0, R$  -   ,,,,NLH,0
11/05/2026,147363,FreitasJr,AF - LEANDRO,0,0,0, R$  -   ,,,,NLH,0
11/05/2026,141565,shameless,AF - LEANDRO,"14,17",0,"8,93"," R$  23,10 ","61,34%","0,00%","38,66%",NLH,72
11/05/2026,159479,ANDREZIN,AF - LEANDRO,"53,22",0,0," R$  53,22 ","100,00%","0,00%","0,00%",NLH,"-118,85"
11/05/2026,164403,uzucrack,AF - LEANDRO,"1,53",0,0," R$  1,53 ","100,00%","0,00%","0,00%",NLH,-20
11/05/2026,151970,METEORO,AF - LEANDRO,0,0,"0,12"," R$  0,12 ","0,00%","0,00%","100,00%",PLO6,"0,86"
11/05/2026,172006,Moreira Filho,AF - LEANDRO,0,0,0, R$  -   ,,,,NLH,"1,83"
11/05/2026,151610,general,AF - LEANDRO,0,"1,4",0," R$  1,40 ","0,00%","100,00%","0,00%",MTT,"-11,81"
11/05/2026,148508,atrevido,AF - LEANDRO,0,0,0, R$  -   ,,,,NLH,0
11/05/2026,149115,carlito157,AF - LEANDRO,0,0,"6,23"," R$  6,23 ","0,00%","0,00%","100,00%",PLO6,"-32,97"
11/05/2026,155125,NUTS ????,AF - LEANDRO,"8,61",0,"0,57"," R$  9,18 ","93,79%","0,00%","6,21%",NLH,"-11,46"
11/05/2026,159560,maumaudastramanhas,AF - LEANDRO,"30,03",0,0," R$  30,03 ","100,00%","0,00%","0,00%",NLH,"-210,22"
11/05/2026,139265,DiegoPicaPau,AF - LEANDRO,"0,51","6,8","2,38"," R$  9,69 ","5,26%","70,18%","24,56%",MTT,"-92,17"
11/05/2026,146963,kinho011,AF - LEANDRO,0,0,0, R$  -   ,,,,NLH,0
11/05/2026,171775,Popo2519,AF - LEANDRO,0,"5,5",0," R$  5,50 ","0,00%","100,00%","0,00%",MTT,-55
11/05/2026,157899,IsaacPkr,AF - LEANDRO,"2,95",0,0," R$  2,95 ","100,00%","0,00%","0,00%",NLH,"-39,26"
11/05/2026,140434,Risotto,AF - LEANDRO,"1,43","2,5",0," R$  3,93 ","36,39%","63,61%","0,00%",MTT,"-15,77"
11/05/2026,141696,lupercia,AF - LEANDRO,"1,55",0,"0,51"," R$  2,06 ","75,24%","0,00%","24,76%",NLH,"5,76"
11/05/2026,177738,Clarinha157,AF - LEANDRO,"0,78",0,0," R$  0,78 ","100,00%","0,00%","0,00%",NLH,"-9,3"
11/05/2026,141811,godobuceta??,AF - LEANDRO,"2,68",0,0," R$  2,68 ","100,00%","0,00%","0,00%",NLH,"-34,75"
11/05/2026,141702,Tavareez,AF - LEANDRO,"1,33",1,"6,83"," R$  9,16 ","14,52%","10,92%","74,56%",PLO6,-50
11/05/2026,146820,pix146820,None,"4,74","3,85",0," R$  8,59 ","55,18%","44,82%","0,00%",NLH,"-41,61"
11/05/2026,155798,LampiãoMCZ,None,0,"13,64","109,52"," R$  123,16 ","0,00%","11,08%","88,92%",PLO6,"-1003,59"
11/05/2026,195873,pix195873,None,0,0,0, R$  -   ,,,,NLH,0
11/05/2026,195072,PKzynn,None,"3,94",0,0," R$  3,94 ","100,00%","0,00%","0,00%",NLH,-40
11/05/2026,195606,vencedor090,None,"29,73",0,0," R$  29,73 ","100,00%","0,00%","0,00%",NLH,-90
11/05/2026,195811,Willskeey,None,"0,49",0,"0,63"," R$  1,12 ","43,75%","0,00%","56,25%",PLO6,"-1,73"
11/05/2026,195872,pix195872,None,"1,81","4,3","1,84"," R$  7,95 ","22,77%","54,09%","23,14%",MTT,"-0,64"
11/05/2026,195907,Toji,None,"7,3",0,"0,01"," R$  7,31 ","99,86%","0,00%","0,14%",NLH,"-9,38"
11/05/2026,195945,pix195945,None,"25,26",0,0," R$  25,26 ","100,00%","0,00%","0,00%",NLH,-110
11/05/2026,187437,mwxtel,None,"10,18",0,0," R$  10,18 ","100,00%","0,00%","0,00%",NLH,"-4,05"
11/05/2026,195920,pix195920,None,"15,3",0,"13,88"," R$  29,18 ","52,43%","0,00%","47,57%",NLH,-106
11/05/2026,195639,pix195639,None,"5,79",0,0," R$  5,79 ","100,00%","0,00%","0,00%",NLH,"-70,3"
11/05/2026,189674,pix189674,None,"31,53",0,0," R$  31,53 ","100,00%","0,00%","0,00%",NLH,-72
11/05/2026,195940,pix195940,None,"24,94",0,0," R$  24,94 ","100,00%","0,00%","0,00%",NLH,"-64,75"
11/05/2026,195800,NiinjaCe,None,0,"6,8",0," R$  6,80 ","0,00%","100,00%","0,00%",MTT,-68
11/05/2026,172648,Badpix69,None,0,"1,2",0," R$  1,20 ","0,00%","100,00%","0,00%",MTT,3
11/05/2026,106148,migué,None,0,0,0, R$  -   ,,,,NLH,0
11/05/2026,117406,Guimarães,None,0,0,0, R$  -   ,,,,NLH,0
11/05/2026,118640,WEASLEY,None,0,"29,5","933,5"," R$  963,00 ","0,00%","3,06%","96,94%",PLO6,-2027
11/05/2026,123490,largatixa,None,0,"0,5",0," R$  0,50 ","0,00%","100,00%","0,00%",MTT,"0,16"
11/05/2026,126206,meduza,None,0,"0,1",12," R$  12,10 ","0,00%","0,83%","99,17%",PLO6,"-1,53"
11/05/2026,126226,torapreula,None,0,0,0, R$  -   ,,,,NLH,0
11/05/2026,126233,telasko,None,0,0,0, R$  -   ,,,,NLH,0
11/05/2026,135895,yanpaiva,None,0,"0,1",0," R$  0,10 ","0,00%","100,00%","0,00%",MTT,"2,75"
11/05/2026,138917,pix138917,None,0,"0,1",0," R$  0,10 ","0,00%","100,00%","0,00%",MTT,-1
11/05/2026,143861,KAROÁ,None,0,"0,5",0," R$  0,50 ","0,00%","100,00%","0,00%",MTT,"-3,71"
11/05/2026,150851,pix150851,None,0,"0,1",0," R$  0,10 ","0,00%","100,00%","0,00%",MTT,"10,93"
11/05/2026,153303,Marc Pk five,None,0,"0,1",0," R$  0,10 ","0,00%","100,00%","0,00%",MTT,"-0,07"
11/05/2026,153304,confuso sobrinho,None,0,0,0, R$  -   ,,,,NLH,0
11/05/2026,153305,Marconi galego,None,0,"0,1",0," R$  0,10 ","0,00%","100,00%","0,00%",MTT,-1
11/05/2026,153487,vamboragaroto,None,0,0,0, R$  -   ,,,,NLH,0
11/05/2026,154739,Zé piqueno,None,0,0,0, R$  -   ,,,,NLH,0
11/05/2026,158183,vitinn,None,0,0,0, R$  -   ,,,,NLH,0
11/05/2026,158728,pix158728,None,0,0,0, R$  -   ,,,,NLH,0
11/05/2026,160013,pluh,None,0,"0,6",0," R$  0,60 ","0,00%","100,00%","0,00%",MTT,"-4,76"
11/05/2026,160339,eduardo aguiar,None,0,"0,3",0," R$  0,30 ","0,00%","100,00%","0,00%",MTT,-3
11/05/2026,160495,gmorett,None,0,"0,2",0," R$  0,20 ","0,00%","100,00%","0,00%",MTT,"-1,1"
11/05/2026,161533,pix161533,None,0,0,0, R$  -   ,,,,NLH,0
11/05/2026,161737,ABSOLUT,None,0,"0,2",0," R$  0,20 ","0,00%","100,00%","0,00%",MTT,"4,72"
11/05/2026,162710,poker aí,None,0,0,0, R$  -   ,,,,NLH,"7,89"
11/05/2026,164390,John82,None,0,"1,9",0," R$  1,90 ","0,00%","100,00%","0,00%",MTT,"15,31"
11/05/2026,166767,calleri?,None,0,"0,3",0," R$  0,30 ","0,00%","100,00%","0,00%",MTT,"-2,4"
11/05/2026,166793,AA+JJ+36,None,0,0,0, R$  -   ,,,,NLH,0
11/05/2026,166985,Campeão,None,0,0,0, R$  -   ,,,,NLH,0
11/05/2026,167984,leidegaga,None,0,0,0, R$  -   ,,,,NLH,0
11/05/2026,169830,pix169830,None,0,0,0, R$  -   ,,,,NLH,0
11/05/2026,170216,tia naia,None,0,"0,1",0," R$  0,10 ","0,00%","100,00%","0,00%",MTT,"0,35"
11/05/2026,170218,chicoo,None,0,"0,1",0," R$  0,10 ","0,00%","100,00%","0,00%",MTT,"1,54"
11/05/2026,171016,Piudelaxxx,None,0,0,0, R$  -   ,,,,NLH,0
11/05/2026,171876,pedro123321,None,0,0,0, R$  -   ,,,,NLH,0
11/05/2026,172444,app manipulado,None,0,0,0, R$  -   ,,,,NLH,0
11/05/2026,172445,Goza e dormi,None,0,0,0, R$  -   ,,,,NLH,0
11/05/2026,172447,O donoo,None,0,"0,2",0," R$  0,20 ","0,00%","100,00%","0,00%",MTT,"0,83"
11/05/2026,176164,1 centavo,None,0,0,"0,18"," R$  0,18 ","0,00%","0,00%","100,00%",PLO6,"-2,56"
11/05/2026,179836,Regispacajus,None,0,0,0, R$  -   ,,,,NLH,0
11/05/2026,181043,Foldei mane,None,0,"0,7",0," R$  0,70 ","0,00%","100,00%","0,00%",MTT,"-5,4"
11/05/2026,182817,CreisoN25,None,0,"1,5",0," R$  1,50 ","0,00%","100,00%","0,00%",MTT,"-11,39"
11/05/2026,183246,detona pato,None,0,0,0, R$  -   ,,,,NLH,0
11/05/2026,188325,pix188325,None,0,0,0, R$  -   ,,,,NLH,0
11/05/2026,188637,pix188637,None,0,0,0, R$  -   ,,,,NLH,0
11/05/2026,192079,Gleristontnt,None,0,"0,2",0," R$  0,20 ","0,00%","100,00%","0,00%",MTT,"-0,51"
11/05/2026,194433,pix194433,None,0,0,"226,74"," R$  226,74 ","0,00%","0,00%","100,00%",PLO6,"-220,86"
11/05/2026,194772,pix194772,None,0,0,0, R$  -   ,,,,NLH,"1,29"
11/05/2026,195080,cassiov7,None,0,0,0, R$  -   ,,,,NLH,"3,61"
11/05/2026,195262,dona estressada,None,0,0,0, R$  -   ,,,,NLH,0
11/05/2026,195263,dramática,None,0,0,0, R$  -   ,,,,NLH,0
11/05/2026,195270,Advogado catão,None,"0,68","0,1","1,94"," R$  2,72 ","25,00%","3,68%","71,32%",PLO6,"-3,23"
11/05/2026,195271,Mardoni PT,None,0,0,0, R$  -   ,,,,NLH,0
11/05/2026,195272,Super Catao,None,0,0,0, R$  -   ,,,,NLH,0
11/05/2026,195273,Neymagro,None,0,0,0, R$  -   ,,,,NLH,0
11/05/2026,195274,Jabulani,None,"0,41","0,2","0,8"," R$  1,41 ","29,08%","14,18%","56,74%",PLO6,0
11/05/2026,195362,pix195362,None,0,"0,1",0," R$  0,10 ","0,00%","100,00%","0,00%",MTT,"-0,25"
11/05/2026,195363,pix195363,None,0,0,0, R$  -   ,,,,NLH,0
11/05/2026,195802,starplatinum,None,0,"0,1",0," R$  0,10 ","0,00%","100,00%","0,00%",MTT,"0,08"
11/05/2026,195832,CFreire,None,0,0,0, R$  -   ,,,,NLH,0
11/05/2026,195856,pix195856,None,0,"0,3",0," R$  0,30 ","0,00%","100,00%","0,00%",MTT,"0,67"
11/05/2026,195857,pix195857,None,0,0,0, R$  -   ,,,,NLH,"0,93"
11/05/2026,195858,pix195858,None,0,"0,1",0," R$  0,10 ","0,00%","100,00%","0,00%",MTT,"0,15"
11/05/2026,195859,pix195859,None,0,"0,3",0," R$  0,30 ","0,00%","100,00%","0,00%",MTT,"-0,74"
11/05/2026,195860,pix195860,None,0,"0,1",0," R$  0,10 ","0,00%","100,00%","0,00%",MTT,"0,15"
11/05/2026,120868,pauloffmf,None,"6,19",2,"385,33"," R$  393,52 ","1,57%","0,51%","97,92%",PLO6,"863,92"
11/05/2026,180277,junin.,None,0,0,"5,47"," R$  5,47 ","0,00%","0,00%","100,00%",PLO6,-76
11/05/2026,195776,kinhomdrj,None,0,0,"748,52"," R$  748,52 ","0,00%","0,00%","100,00%",PLO6,"-158,89"
11/05/2026,195809,pix195809,None,"7,94",0,"293,78"," R$  301,72 ","2,63%","0,00%","97,37%",PLO6,"788,63"
11/05/2026,195927,pix195927,None,"1,58",0,"25,02"," R$  26,60 ","5,94%","0,00%","94,06%",PLO6,"-43,27"
11/05/2026,109677,rafaelsanntos,None,0,"27,1","777,26"," R$  804,36 ","0,00%","3,37%","96,63%",PLO6,"-3654,9"
11/05/2026,195934,ribeiropha,None,0,"5,6",0," R$  5,60 ","0,00%","100,00%","0,00%",MTT,"36,67"
11/05/2026,142781,joao8893,None,"1,81","0,4","2,05"," R$  4,26 ","42,49%","9,39%","48,12%",PLO6,"-11,84"
11/05/2026,147221,muvukinha,None,"6,46","74,5","0,59"," R$  81,55 ","7,92%","91,35%","0,72%",MTT,"-277,11"
11/05/2026,147769,éomanodu,None,"0,1",0,"0,07"," R$  0,17 ","58,82%","0,00%","41,18%",NLH,"7,54"
11/05/2026,102474,Nisha,None,"0,27",0,"0,3"," R$  0,57 ","47,37%","0,00%","52,63%",PLO6,-8
11/05/2026,108574,Nery,None,"38,14",0,"1,55"," R$  39,69 ","96,09%","0,00%","3,91%",NLH,"14,74"
11/05/2026,125113,cabeça,None,"2,67",0,"0,33"," R$  3,00 ","89,00%","0,00%","11,00%",NLH,-20
11/05/2026,129188,RRS14,None,0,0,"12,14"," R$  12,14 ","0,00%","0,00%","100,00%",PLO6,-20
11/05/2026,195849,gilmarbala,None,"8,33","2,7","230,22"," R$  241,25 ","3,45%","1,12%","95,43%",PLO6,"-144,45"
11/05/2026,121438,chavess,None,"2,3",0,"281,09"," R$  283,39 ","0,81%","0,00%","99,19%",PLO6,"-306,89"
11/05/2026,130313,RoqueSantos,None,"2,45","2,3","0,84"," R$  5,59 ","43,83%","41,14%","15,03%",NLH,-66
11/05/2026,158020,pix158020,None,"8,18",0,"27,58"," R$  35,76 ","22,87%","0,00%","77,13%",PLO6,-270
11/05/2026,173110,Jompa10,None,"25,14",1,"7,43"," R$  33,57 ","74,89%","2,98%","22,13%",NLH,-158
11/05/2026,183339,mugthebest,None,0,"0,4","23,95"," R$  24,35 ","0,00%","1,64%","98,36%",PLO6,"-36,26"
11/05/2026,195162,pix195162,None,"47,04","1,1","101,25"," R$  149,39 ","31,49%","0,74%","67,78%",PLO6,"-164,63"
11/05/2026,195661,trembala,None,0,0,"62,74"," R$  62,74 ","0,00%","0,00%","100,00%",PLO6,"-255,09"
11/05/2026,195952,pix195952,None,"3,49",0,"150,78"," R$  154,27 ","2,26%","0,00%","97,74%",PLO6,"-799,64"
11/05/2026,195959,pix195959,None,0,0,"7,25"," R$  7,25 ","0,00%","0,00%","100,00%",PLO6,-50
11/05/2026,195961,pix195961,None,"154,14",0,"1751,92"," R$  1.906,06 ","8,09%","0,00%","91,91%",PLO6,-2493
11/05/2026,115848,L.M?,None,0,0,"12,71"," R$  12,71 ","0,00%","0,00%","100,00%",PLO6,"-100,08"
11/05/2026,190091,joca 0 rey,None,0,0,"36,6"," R$  36,60 ","0,00%","0,00%","100,00%",PLO6,"-112,43"
11/05/2026,195884,GESSICAAA,None,"0,59",9,"69,63"," R$  79,22 ","0,74%","11,36%","87,89%",PLO6,-130
11/05/2026,195955,pix195955,None,"9,8",0,"774,94"," R$  784,74 ","1,25%","0,00%","98,75%",PLO6,"-1158,72"
11/05/2026,117192,pix117192,None,0,0,"0,81"," R$  0,81 ","0,00%","0,00%","100,00%",PLO6,-10
11/05/2026,174471,TINANAN,None,0,"0,1","1,64"," R$  1,74 ","0,00%","5,75%","94,25%",PLO6,"-1,59"
11/05/2026,100215,Gorete.BallCat,None,0,"73,8","2064,56"," R$  2.138,36 ","0,00%","3,45%","96,55%",PLO6,"3566,75"
11/05/2026,145299,Sir Unknow,None,0,0,"4527,78"," R$  4.527,78 ","0,00%","0,00%","100,00%",PLO6,"-13130,55"
11/05/2026,195723,pix195723,None,0,0,"678,52"," R$  678,52 ","0,00%","0,00%","100,00%",PLO6,"-899,91"
11/05/2026,138124,pix138124,None,0,"13,7","81,26"," R$  94,96 ","0,00%","14,43%","85,57%",PLO6,"374,11"
11/05/2026,194599,jppinça,None,0,0,"30,33"," R$  30,33 ","0,00%","0,00%","100,00%",PLO6,-202
11/05/2026,195893,pix195893,None,"28,71","0,5","163,03"," R$  192,24 ","14,93%","0,26%","84,81%",PLO6,55
11/05/2026,130203,Guimo,None,"6,41",0,0," R$  6,41 ","100,00%","0,00%","0,00%",NLH,"-9,06"
11/05/2026,195528,pix195528,None,"61,05",0,"1,95"," R$  63,00 ","96,90%","0,00%","3,10%",NLH,-179
11/05/2026,195620,vertmont,None,"2,82","0,1",0," R$  2,92 ","96,58%","3,42%","0,00%",NLH,"-30,58"
11/05/2026,147247,oficial,None,"54,05",0,"0,04"," R$  54,09 ","99,93%","0,00%","0,07%",NLH,"-21,86"
11/05/2026,170863,J.Monteiro,None,"9,39","2,54",0," R$  11,93 ","78,71%","21,29%","0,00%",NLH,"54,1"
11/05/2026,194267,Fenix777,None,"11,45",0,0," R$  11,45 ","100,00%","0,00%","0,00%",NLH,"18,71"
11/05/2026,195561,verissimo001,None,"4,28",0,0," R$  4,28 ","100,00%","0,00%","0,00%",NLH,-45
11/05/2026,195960,Holanda26,None,"1,98",0,0," R$  1,98 ","100,00%","0,00%","0,00%",NLH,-20
11/05/2026,143790,Bleff,None,0,"0,1",0," R$  0,10 ","0,00%","100,00%","0,00%",MTT,-1
11/05/2026,144081,Wender ws,None,0,"0,6",0," R$  0,60 ","0,00%","100,00%","0,00%",MTT,"-4,48"
11/05/2026,172448,Milgrau,None,0,"0,2",0," R$  0,20 ","0,00%","100,00%","0,00%",MTT,-2
11/05/2026,188904,pix188904,None,0,"0,1",0," R$  0,10 ","0,00%","100,00%","0,00%",MTT,"-0,4"
11/05/2026,188990,Jacke,None,0,"0,1",0," R$  0,10 ","0,00%","100,00%","0,00%",MTT,"0,12"
11/05/2026,195496,joao.gostosinho,None,0,"0,9",0," R$  0,90 ","0,00%","100,00%","0,00%",MTT,"-0,26"
11/05/2026,195642,Dioguinho123,None,"20,74","11,8",0," R$  32,54 ","63,74%","36,26%","0,00%",NLH,-88
11/05/2026,132945,k99999,None,"6,91","46,7","9,57"," R$  63,18 ","10,94%","73,92%","15,15%",MTT,"-58,94"
11/05/2026,151057,Beto $alada,None,0,"11,84",0," R$  11,84 ","0,00%","100,00%","0,00%",MTT,"-118,4"
11/05/2026,195657,vaqueirosm,None,0,1,"78,04"," R$  79,04 ","0,00%","1,27%","98,73%",PLO6,-382
11/05/2026,167656,Bigodinhopoker,None,"2,49","0,4",0," R$  2,89 ","86,16%","13,84%","0,00%",NLH,"15,55"
11/05/2026,195789,lucas021,None,"19,06",0,"1,8"," R$  20,86 ","91,37%","0,00%","8,63%",NLH,"-79,32"
11/05/2026,103255,pix103255,None,0,0,0, R$  -   ,,,,NLH,0
11/05/2026,110683,Muriele Vieira,None,0,0,0, R$  -   ,,,,NLH,0
11/05/2026,115802,Nauersiq,None,0,"0,9",0," R$  0,90 ","0,00%","100,00%","0,00%",MTT,"-7,4"
11/05/2026,120955,pix120955,None,0,0,0, R$  -   ,,,,NLH,0
11/05/2026,126244,pix126244,None,0,0,0, R$  -   ,,,,NLH,0
11/05/2026,126566,AApatrao,None,0,0,0, R$  -   ,,,,NLH,0
11/05/2026,126889,tetoroo,None,0,0,0, R$  -   ,,,,NLH,0
11/05/2026,128702,pix128702,None,0,0,0, R$  -   ,,,,NLH,"1,09"
11/05/2026,133051,Diegueira,None,0,0,0, R$  -   ,,,,NLH,"2,6"
11/05/2026,143782,celia184,None,0,0,0, R$  -   ,,,,NLH,0
11/05/2026,146711,MãoDeCemitério,None,0,0,0, R$  -   ,,,,NLH,0
11/05/2026,148154,rafagm2005,None,0,0,0, R$  -   ,,,,NLH,0
11/05/2026,148613,pix148613,None,0,0,0, R$  -   ,,,,NLH,0
11/05/2026,150638,Wanessa CAM,None,0,0,0, R$  -   ,,,,NLH,"1,11"
11/05/2026,155750,Jovem,None,0,0,0, R$  -   ,,,,NLH,"0,64"
11/05/2026,159745,pix159745,None,0,0,0, R$  -   ,,,,NLH,0
11/05/2026,164085,DrawingDead,None,0,0,0, R$  -   ,,,,NLH,0
11/05/2026,165742,dedinhacatia,None,0,0,0, R$  -   ,,,,NLH,0
11/05/2026,168077,Sarkozy77,None,0,"4,8",0," R$  4,80 ","0,00%","100,00%","0,00%",MTT,-48
11/05/2026,171052,pix171052,None,0,"1,2",0," R$  1,20 ","0,00%","100,00%","0,00%",MTT,-12
11/05/2026,172478,sir inga,None,0,0,0, R$  -   ,,,,NLH,0
11/05/2026,173106,pix173106,None,0,"0,1",0," R$  0,10 ","0,00%","100,00%","0,00%",MTT,-1
11/05/2026,173743,pix173743,None,0,0,0, R$  -   ,,,,NLH,0
11/05/2026,173780,pix173780,None,0,0,0, R$  -   ,,,,NLH,0
11/05/2026,174474,Antoin De Nestor,None,0,"0,1",0," R$  0,10 ","0,00%","100,00%","0,00%",MTT,"-0,36"
11/05/2026,175565,ébrio,None,0,0,0, R$  -   ,,,,NLH,"1,33"
11/05/2026,176151,nabira,None,0,0,0, R$  -   ,,,,NLH,0
11/05/2026,176165,garfield,None,0,"0,1",0," R$  0,10 ","0,00%","100,00%","0,00%",MTT,"0,88"
11/05/2026,176186,Açai vencido,None,"0,38","0,2",0," R$  0,58 ","65,52%","34,48%","0,00%",NLH,"-1,62"
11/05/2026,176187,meçi careka,None,0,"0,1",0," R$  0,10 ","0,00%","100,00%","0,00%",MTT,"0,11"
11/05/2026,176188,Kiku lombrado,None,0,0,0, R$  -   ,,,,NLH,0
11/05/2026,176525,KKing,None,0,0,0, R$  -   ,,,,NLH,0
11/05/2026,176827,Rudrigu,None,0,0,0, R$  -   ,,,,NLH,0
11/05/2026,177922,É o Galo ?,None,0,0,0, R$  -   ,,,,NLH,0
11/05/2026,178556,Sajaum,None,0,0,0, R$  -   ,,,,NLH,0
11/05/2026,182861,Nikolau ?,None,0,0,"0,61"," R$  0,61 ","0,00%","0,00%","100,00%",PLO6,"-3,4"
11/05/2026,185392,pix185392,None,0,0,0, R$  -   ,,,,NLH,"1,6"
11/05/2026,185700,BISAQUE,None,0,0,0, R$  -   ,,,,NLH,0
11/05/2026,185810,Silvio,None,0,0,0, R$  -   ,,,,NLH,0
11/05/2026,186055,xilitinho,None,0,0,0, R$  -   ,,,,NLH,0
11/05/2026,186748,Mulherdomeumarido33,None,0,0,0, R$  -   ,,,,NLH,0
11/05/2026,188795,pix188795,None,0,0,0, R$  -   ,,,,NLH,0
11/05/2026,190899,Ely19 ?,None,0,"0,1",0," R$  0,10 ","0,00%","100,00%","0,00%",MTT,"0,11"
11/05/2026,192188,Suzana25,None,0,0,0, R$  -   ,,,,NLH,0
11/05/2026,193740,pix193740,None,0,0,"1,3"," R$  1,30 ","0,00%","0,00%","100,00%",PLO6,"-0,96"
11/05/2026,194366,Buhaiov,None,0,0,0, R$  -   ,,,,NLH,0
11/05/2026,195227,pix195227,None,0,"0,1",0," R$  0,10 ","0,00%","100,00%","0,00%",MTT,"-0,36"
11/05/2026,195669,pix195669,None,0,0,0, R$  -   ,,,,NLH,0
11/05/2026,195930,GLENDASTONE,None,0,"0,6",0," R$  0,60 ","0,00%","100,00%","0,00%",MTT,"1,22"
11/05/2026,115715,malvadao96,None,0,"100,5",0," R$  100,50 ","0,00%","100,00%","0,00%",MTT,"144,14"
11/05/2026,102501,CassianoC,None,"0,29",0,0," R$  0,29 ","100,00%","0,00%","0,00%",NLH,-4
11/05/2026,118141,mozo,None,"18,16",0,0," R$  18,16 ","100,00%","0,00%","0,00%",NLH,"-36,85"
11/05/2026,193328,Japoneis,None,"0,84",0,0," R$  0,84 ","100,00%","0,00%","0,00%",NLH,-12
11/05/2026,106660,osj261067,None,0,"0,3",0," R$  0,30 ","0,00%","100,00%","0,00%",MTT,-3
11/05/2026,132364,El chapo33,None,0,"0,1",0," R$  0,10 ","0,00%","100,00%","0,00%",MTT,-1
11/05/2026,153636,Mussolini,None,0,"0,2","0,86"," R$  1,06 ","0,00%","18,87%","81,13%",PLO6,"-1,42"
11/05/2026,165386,pix165386,None,0,"0,5",0," R$  0,50 ","0,00%","100,00%","0,00%",MTT,"1,78"
11/05/2026,173018,pix173018,None,"0,17","0,2",0," R$  0,37 ","45,95%","54,05%","0,00%",MTT,"-0,88"
11/05/2026,101757,Colares9,None,"14,13","2,4",0," R$  16,53 ","85,48%","14,52%","0,00%",NLH,"57,42"
11/05/2026,195733,fredxota,None,"3,48",5,0," R$  8,48 ","41,04%","58,96%","0,00%",MTT,"-60,13"
11/05/2026,195939,pix195939,None,0,"1,8",0," R$  1,80 ","0,00%","100,00%","0,00%",MTT,-18
11/05/2026,194973,wolf777,None,0,0,"21,36"," R$  21,36 ","0,00%","0,00%","100,00%",PLO6,-214
11/05/2026,179589,Dhiwick,None,0,13,0," R$  13,00 ","0,00%","100,00%","0,00%",MTT,"-62,5"
11/05/2026,195954,pix195954,None,"0,31","7,9",0," R$  8,21 ","3,78%","96,22%","0,00%",MTT,"-77,42"
11/05/2026,195636,MatheusBorges061,None,"29,42","33,96",0," R$  63,38 ","46,42%","53,58%","0,00%",MTT,"-465,67"
11/05/2026,101709,pix101709,None,0,"0,1",0," R$  0,10 ","0,00%","100,00%","0,00%",MTT,-1
11/05/2026,111169,pix111169,None,0,"0,2",0," R$  0,20 ","0,00%","100,00%","0,00%",MTT,-2
11/05/2026,114522,GuerraPqd,None,0,"0,1",0," R$  0,10 ","0,00%","100,00%","0,00%",MTT,-1
11/05/2026,165324,Polegar,None,0,"0,2",0," R$  0,20 ","0,00%","100,00%","0,00%",MTT,"17,95"
11/05/2026,172462,melll577,None,0,"0,1",0," R$  0,10 ","0,00%","100,00%","0,00%",MTT,-1
11/05/2026,177691,pix177691,None,0,"0,1",0," R$  0,10 ","0,00%","100,00%","0,00%",MTT,-1
11/05/2026,179788,th200,None,0,"0,7","4,61"," R$  5,31 ","0,00%","13,18%","86,82%",PLO6,"1,97"
11/05/2026,180282,pixmaicon,None,0,"0,1",0," R$  0,10 ","0,00%","100,00%","0,00%",MTT,-1
11/05/2026,180523,psao7608,None,0,"0,3",0," R$  0,30 ","0,00%","100,00%","0,00%",MTT,"-1,53"
11/05/2026,188905,MTTTt,None,0,"0,1",0," R$  0,10 ","0,00%","100,00%","0,00%",MTT,-1
11/05/2026,195591,djenos,None,0,"0,1",0," R$  0,10 ","0,00%","100,00%","0,00%",MTT,"0,29"
11/05/2026,106843,pix106843,None,0,0,"36,03"," R$  36,03 ","0,00%","0,00%","100,00%",PLO6,-30
11/05/2026,115860,imbroxavel,None,0,0,"63,72"," R$  63,72 ","0,00%","0,00%","100,00%",PLO6,"129,04"
11/05/2026,137128,glagares,None,0,"4,7","3,09"," R$  7,79 ","0,00%","60,33%","39,67%",MTT,"55,44"
11/05/2026,152890,guilherm souto,None,0,"8,2","325,58"," R$  333,78 ","0,00%","2,46%","97,54%",PLO6,"48,03"
11/05/2026,182073,OPuto,None,0,0,"82,13"," R$  82,13 ","0,00%","0,00%","100,00%",PLO6,"-250,07"
11/05/2026,195852,pix195852,None,0,0,"8,18"," R$  8,18 ","0,00%","0,00%","100,00%",PLO6,-50
11/05/2026,195970,matheusollv,None,"2,92",0,"80,11"," R$  83,03 ","3,52%","0,00%","96,48%",PLO6,"77,86"
11/05/2026,195886,Bob Dealer,None,0,"4,35",0," R$  4,35 ","0,00%","100,00%","0,00%",MTT,"-43,5"
11/05/2026,102664,pix102664,None,0,0,0, R$  -   ,,,,NLH,"1,83"
11/05/2026,102785,Joaofilho,None,0,0,0, R$  -   ,,,,NLH,0
11/05/2026,102814,pix102814,None,0,0,0, R$  -   ,,,,NLH,0
11/05/2026,102820,dual core,None,0,0,0, R$  -   ,,,,NLH,0
11/05/2026,106460,caricatura02,None,0,0,0, R$  -   ,,,,NLH,0
11/05/2026,110402,BetoPz11,None,0,0,0, R$  -   ,,,,NLH,0
11/05/2026,114402,pix114402,None,0,0,0, R$  -   ,,,,NLH,0
11/05/2026,131141,Ags95,None,"1,9","12,5",0," R$  14,40 ","13,19%","86,81%","0,00%",MTT,-150
11/05/2026,134373,fio bao,None,0,0,0, R$  -   ,,,,NLH,"1,46"
11/05/2026,139439,Gus Hansen,None,0,0,0, R$  -   ,,,,NLH,0
11/05/2026,139820,pepino,None,0,0,0, R$  -   ,,,,NLH,0
11/05/2026,141774,pix141774,None,0,0,0, R$  -   ,,,,NLH,0
11/05/2026,141875,pix141875,None,0,0,0, R$  -   ,,,,NLH,0
11/05/2026,148829,pix148829,None,0,0,0, R$  -   ,,,,NLH,0
11/05/2026,154231,77tattoo,None,0,"0,7",0," R$  0,70 ","0,00%","100,00%","0,00%",MTT,"-6,28"
11/05/2026,157503,omthluz10,None,0,0,0, R$  -   ,,,,NLH,0
11/05/2026,158564,AKQJ10,None,0,0,0, R$  -   ,,,,NLH,"1,52"
11/05/2026,161121,pix161121,None,0,0,0, R$  -   ,,,,NLH,0
11/05/2026,169061,gbalasb,None,0,0,0, R$  -   ,,,,NLH,0
11/05/2026,169067,zoin22,None,0,0,0, R$  -   ,,,,NLH,0
11/05/2026,169526,soniamgfm2,None,0,0,0, R$  -   ,,,,NLH,0
11/05/2026,169796,pix169796,None,0,0,0, R$  -   ,,,,NLH,0
11/05/2026,170099,Alexandre fm,None,0,0,0, R$  -   ,,,,NLH,0
11/05/2026,171995,pix171995,None,0,0,0, R$  -   ,,,,NLH,0
11/05/2026,172016,pix172016,None,0,"0,1",0," R$  0,10 ","0,00%","100,00%","0,00%",MTT,"-0,27"
11/05/2026,172026,pix172026,None,0,0,0, R$  -   ,,,,NLH,0
11/05/2026,172697,pix172697,None,0,0,0, R$  -   ,,,,NLH,0
11/05/2026,173048,murillinho,None,0,0,0, R$  -   ,,,,NLH,0
11/05/2026,174582,pix174582,None,0,"4,1",0," R$  4,10 ","0,00%","100,00%","0,00%",MTT,-41
11/05/2026,180165,pix180165,None,0,0,0, R$  -   ,,,,NLH,0
11/05/2026,180519,renatorusso,None,0,"0,3","17,21"," R$  17,51 ","0,00%","1,71%","98,29%",PLO6,"74,34"
11/05/2026,182027,Capivara,None,0,0,0, R$  -   ,,,,NLH,0
11/05/2026,182997,pix182997,None,0,0,0, R$  -   ,,,,NLH,0
11/05/2026,184773,pix184773,None,0,0,0, R$  -   ,,,,NLH,0
11/05/2026,184776,Kilau,None,0,0,0, R$  -   ,,,,NLH,0
11/05/2026,184778,petrolina-Pe,None,0,0,0, R$  -   ,,,,NLH,0
11/05/2026,184953,chiquinho,None,0,"0,1",0," R$  0,10 ","0,00%","100,00%","0,00%",MTT,"-0,12"
11/05/2026,185013,Padrinho,None,0,0,0, R$  -   ,,,,NLH,0
11/05/2026,185429,PixpoKKer,None,0,0,0, R$  -   ,,,,NLH,0
11/05/2026,185697,levigbrl,None,0,0,0, R$  -   ,,,,NLH,0
11/05/2026,185699,petrolina,None,0,0,0, R$  -   ,,,,NLH,"0,77"
11/05/2026,185701,gato a jato,None,0,0,0, R$  -   ,,,,NLH,"2,49"
11/05/2026,187469,visaodecego,None,0,0,0, R$  -   ,,,,NLH,0
11/05/2026,187871,pix187871,None,0,"0,2",0," R$  0,20 ","0,00%","100,00%","0,00%",MTT,-2
11/05/2026,188950,Nectyzim,None,0,0,0, R$  -   ,,,,NLH,0
11/05/2026,189016,Cicinh0,None,0,0,0, R$  -   ,,,,NLH,0
11/05/2026,189357,Tiquinho,None,0,0,0, R$  -   ,,,,NLH,0
11/05/2026,189931,pix189931,None,0,0,0, R$  -   ,,,,NLH,0
11/05/2026,190573,pix190573,None,0,0,0, R$  -   ,,,,NLH,0
11/05/2026,190705,SAUANZIM,None,0,0,0, R$  -   ,,,,NLH,0
11/05/2026,190710,pix190710,None,0,"0,2",0," R$  0,20 ","0,00%","100,00%","0,00%",MTT,"0,4"
11/05/2026,190884,bezzera11,None,0,0,0, R$  -   ,,,,NLH,0
11/05/2026,191332,pix191332,None,0,0,0, R$  -   ,,,,NLH,0
11/05/2026,192149,pix192149,None,0,0,0, R$  -   ,,,,NLH,0
11/05/2026,192189,pix192189,None,0,0,0, R$  -   ,,,,NLH,0
11/05/2026,194679,Nicoletti$,None,0,"1,25",0," R$  1,25 ","0,00%","100,00%","0,00%",MTT,"15,13"
11/05/2026,194836,Ester2026,None,0,0,0, R$  -   ,,,,NLH,0
11/05/2026,194837,Gatuno,None,0,0,0, R$  -   ,,,,NLH,"0,51"
11/05/2026,195277,pix195277,None,0,0,0, R$  -   ,,,,NLH,"0,51"
11/05/2026,195492,JalinRABEI,None,0,0,0, R$  -   ,,,,NLH,0
11/05/2026,195803,pix195803,None,0,"0,1",0," R$  0,10 ","0,00%","100,00%","0,00%",MTT,"0,52"
11/05/2026,195963,pix195963,None,0,0,0, R$  -   ,,,,NLH,0
11/05/2026,103074,L4UR1,None,0,"28,5",0," R$  28,50 ","0,00%","100,00%","0,00%",MTT,"1853,85"
11/05/2026,175847,JoãodeQuinca,None,"1,63",0,0," R$  1,63 ","100,00%","0,00%","0,00%",NLH,"-0,45"
11/05/2026,195579,pix195579,None,"89,75",0,0," R$  89,75 ","100,00%","0,00%","0,00%",NLH,-148
11/05/2026,195827,pix195827,None,"0,8",0,"10,4"," R$  11,20 ","7,14%","0,00%","92,86%",PLO6,"30,45"
11/05/2026,195964,LuisLevy,None,"3,36",0,0," R$  3,36 ","100,00%","0,00%","0,00%",NLH,"-4,68"
11/05/2026,195890,Ronildo 2004,None,"2,78",0,"2,6"," R$  5,38 ","51,67%","0,00%","48,33%",NLH,-51
11/05/2026,143201,TR33,None,0,0,0, R$  -   ,,,,NLH,0
11/05/2026,170102,pix170102,None,0,0,0, R$  -   ,,,,NLH,0
11/05/2026,173019,pix173019,None,0,0,0, R$  -   ,,,,NLH,0
11/05/2026,174440,Cold4Bet,None,0,"15,42",0," R$  15,42 ","0,00%","100,00%","0,00%",MTT,"-86,88"
11/05/2026,176798,JanildodoAA,None,0,0,0, R$  -   ,,,,NLH,0
11/05/2026,177012,Como Tchê,None,0,"0,3",0," R$  0,30 ","0,00%","100,00%","0,00%",MTT,"0,46"
11/05/2026,177117,Cheque Reizé,None,0,"0,2",0," R$  0,20 ","0,00%","100,00%","0,00%",MTT,"0,45"
11/05/2026,179757,zorrokkk,None,0,0,0, R$  -   ,,,,NLH,0
11/05/2026,181687,Lampião ?,None,0,"0,3",0," R$  0,30 ","0,00%","100,00%","0,00%",MTT,"-1,44"
11/05/2026,181996,pix181996,None,0,0,0, R$  -   ,,,,NLH,0
11/05/2026,182860,Pesadoo,None,0,"0,3",0," R$  0,30 ","0,00%","100,00%","0,00%",MTT,"0,04"
11/05/2026,183527,pix183527,None,0,0,0, R$  -   ,,,,NLH,0
11/05/2026,183533,pix183533,None,0,0,0, R$  -   ,,,,NLH,0
11/05/2026,185424,pix185424,None,0,"0,1",0," R$  0,10 ","0,00%","100,00%","0,00%",MTT,"0,24"
11/05/2026,186871,MIKE BAGUNCINHA,None,0,0,0, R$  -   ,,,,NLH,"1,24"
11/05/2026,189042,juannito,None,0,0,0, R$  -   ,,,,NLH,0
11/05/2026,189512,pix189512,None,0,0,0, R$  -   ,,,,NLH,0
11/05/2026,189539,pix189539,None,0,0,0, R$  -   ,,,,NLH,0
11/05/2026,190974,pix190974,None,0,0,0, R$  -   ,,,,NLH,"1,03"
11/05/2026,190975,jully2915,None,0,0,0, R$  -   ,,,,NLH,0
11/05/2026,192148,pix192148,None,0,"0,3",0," R$  0,30 ","0,00%","100,00%","0,00%",MTT,"0,5"
11/05/2026,193281,novocel,None,0,0,0, R$  -   ,,,,NLH,0
11/05/2026,193451,IlhaPoker,None,0,0,0, R$  -   ,,,,NLH,0
11/05/2026,195966,TRUTA0086,None,"2,97","1,1",0," R$  4,07 ","72,97%","27,03%","0,00%",NLH,-51
11/05/2026,139127,Júnior Furtado,None,0,0,"5,52"," R$  5,52 ","0,00%","0,00%","100,00%",PLO6,0
11/05/2026,171274,kidbengala,None,0,0,"16,61"," R$  16,61 ","0,00%","0,00%","100,00%",PLO6,-100
11/05/2026,195473,MiguelCavalcanti,None,"9,18",2,"1,65"," R$  12,83 ","71,55%","15,59%","12,86%",NLH,"-54,07"
11/05/2026,195671,terroristadopoker,None,"65,42",1,0," R$  66,42 ","98,49%","1,51%","0,00%",NLH,-317
11/05/2026,195972,pix195972,None,"0,38",0,0," R$  0,38 ","100,00%","0,00%","0,00%",NLH,"-6,26"
11/05/2026,157010,JorgeSousa,None,0,0,"0,35"," R$  0,35 ","0,00%","0,00%","100,00%",PLO6,"-4,71"
11/05/2026,195971,Santander,None,"15,98",0,"0,46"," R$  16,44 ","97,20%","0,00%","2,80%",NLH,-58
11/05/2026,104119,pix104119,None,11,0,"14,93"," R$  25,93 ","42,42%","0,00%","57,58%",PLO6,-50
11/05/2026,178288,Manoeltevez,None,"2,63",0,0," R$  2,63 ","100,00%","0,00%","0,00%",NLH,-32
11/05/2026,184486,RAFAELDAVI,None,"6,83",0,"0,05"," R$  6,88 ","99,27%","0,00%","0,73%",NLH,"-49,88"
11/05/2026,187978,zoroo,None,"3,07",0,0," R$  3,07 ","100,00%","0,00%","0,00%",NLH,"24,1"
11/05/2026,195531,Sh4rk,None,"17,74",0,0," R$  17,74 ","100,00%","0,00%","0,00%",NLH,"-4,21"
11/05/2026,188016,pix188016,None,"25,67","22,6","11,72"," R$  59,99 ","42,79%","37,67%","19,54%",NLH,"-269,36"
11/05/2026,181970,3A5T0S,None,0,"0,3",0," R$  0,30 ","0,00%","100,00%","0,00%",MTT,-3
11/05/2026,184129,FurosLanches,None,0,"23,4","1863,19"," R$  1.886,59 ","0,00%","1,24%","98,76%",PLO6,355
11/05/2026,143211,pix143211,None,0,0,0, R$  -   ,,,,NLH,0
11/05/2026,149573,Saul do entrega,None,0,0,0, R$  -   ,,,,NLH,0
11/05/2026,153713,noia.38off,None,0,0,0, R$  -   ,,,,NLH,0
11/05/2026,155893,maguillah,None,0,"1,2",0," R$  1,20 ","0,00%","100,00%","0,00%",MTT,-12
11/05/2026,159736,FunEngine,None,"3,25",0,"17,97"," R$  21,22 ","15,32%","0,00%","84,68%",PLO6,"47,06"
11/05/2026,160298,HenzoGabriel,None,0,0,0, R$  -   ,,,,NLH,0
11/05/2026,162785,BlackRiver,None,0,0,0, R$  -   ,,,,NLH,"2,69"
11/05/2026,165365,Gabriel22k,None,0,"0,1",0," R$  0,10 ","0,00%","100,00%","0,00%",MTT,"0,6"
11/05/2026,165366,biel22k,None,0,0,0, R$  -   ,,,,NLH,0
11/05/2026,170387,valney,None,0,0,0, R$  -   ,,,,NLH,0
11/05/2026,172246,FoiNadaaa,None,0,0,0, R$  -   ,,,,NLH,0
11/05/2026,173515,pix173515,None,0,"0,1",0," R$  0,10 ","0,00%","100,00%","0,00%",MTT,"0,33"
11/05/2026,180375,LCS13BR,None,0,0,0, R$  -   ,,,,NLH,0
11/05/2026,185426,pix185426,None,0,0,0, R$  -   ,,,,NLH,0
11/05/2026,186056,pix186056,None,0,0,0, R$  -   ,,,,NLH,"1,79"
11/05/2026,186907,pix186907,None,0,0,0, R$  -   ,,,,NLH,0
11/05/2026,190490,pix190490,None,0,0,0, R$  -   ,,,,NLH,0
11/05/2026,190568,pix190568,None,0,0,0, R$  -   ,,,,NLH,0
11/05/2026,190818,lascado,None,0,0,0, R$  -   ,,,,NLH,0
11/05/2026,190903,pix190903,None,0,0,0, R$  -   ,,,,NLH,0
11/05/2026,191135,carlosvolt,None,0,0,0, R$  -   ,,,,NLH,0
11/05/2026,193022,pix193022,None,0,0,0, R$  -   ,,,,NLH,0
11/05/2026,193634,pix193634,None,0,0,0, R$  -   ,,,,NLH,0
11/05/2026,194757,Wellington Ramon,None,0,0,0, R$  -   ,,,,NLH,0
11/05/2026,194859,paulo haxixe,None,0,0,0, R$  -   ,,,,NLH,0
11/05/2026,195608,vick444,None,0,"0,4",0," R$  0,40 ","0,00%","100,00%","0,00%",MTT,"-1,94"
11/05/2026,195702,BatzNinja,None,"5,14","5,4",0," R$  10,54 ","48,77%","51,23%","0,00%",MTT,"-103,62"
11/05/2026,195810,pix195810,None,0,0,0, R$  -   ,,,,NLH,0
11/05/2026,195863,Sr.Dhe,None,0,0,0, R$  -   ,,,,NLH,0
11/05/2026,159659,T G,None,0,0,"1713,06"," R$  1.713,06 ","0,00%","0,00%","100,00%",PLO6,"-2251,77"
11/05/2026,133945,chicodoL,None,0,0,"225,26"," R$  225,26 ","0,00%","0,00%","100,00%",PLO6,-450
11/05/2026,136613,Sertão22,None,"11,15","1,5",0," R$  12,65 ","88,14%","11,86%","0,00%",NLH,"9,26"
11/05/2026,175460,pix175460,None,"0,59","0,1",0," R$  0,69 ","85,51%","14,49%","0,00%",NLH,"-0,01"
11/05/2026,195523,Ramonzito,None,"4,06","0,5",0," R$  4,56 ","89,04%","10,96%","0,00%",NLH,30
11/05/2026,187061,pix187061,None,"2,86",0,0," R$  2,86 ","100,00%","0,00%","0,00%",NLH,"-18,13"
11/05/2026,138571,orocha,None,0,1,0," R$  1,00 ","0,00%","100,00%","0,00%",MTT,-10
11/05/2026,130336,Renatocsaless,None,0,"15,8","4,9"," R$  20,70 ","0,00%","76,33%","23,67%",MTT,"-210,29"
11/05/2026,169225,grégoryy,None,0,1,0," R$  1,00 ","0,00%","100,00%","0,00%",MTT,-10
11/05/2026,107949,Gêê,None,0,"0,5",0," R$  0,50 ","0,00%","100,00%","0,00%",MTT,"0,34"
11/05/2026,169881,bugthebest,None,0,"0,1",0," R$  0,10 ","0,00%","100,00%","0,00%",MTT,-1
11/05/2026,193510,teslinha11,None,0,0,"5,09"," R$  5,09 ","0,00%","0,00%","100,00%",PLO6,-30
11/05/2026,107336,slawer,None,0,"0,1",0," R$  0,10 ","0,00%","100,00%","0,00%",MTT,"0,05"
11/05/2026,107383,eduardo deodato,None,0,0,0, R$  -   ,,,,NLH,0
11/05/2026,108056,GENERAL EDIVAL,None,0,0,0, R$  -   ,,,,NLH,0
11/05/2026,115711,IR ???,None,0,0,0, R$  -   ,,,,NLH,0
11/05/2026,125132,williannuts,None,0,0,0, R$  -   ,,,,NLH,0
11/05/2026,144033,pixLV,None,0,0,0, R$  -   ,,,,NLH,0
11/05/2026,144975,Bruno 007?,None,0,0,0, R$  -   ,,,,NLH,0
11/05/2026,146860,Major,None,0,0,0, R$  -   ,,,,NLH,"1,48"
11/05/2026,149121,Jucelio,None,0,0,0, R$  -   ,,,,NLH,0
11/05/2026,154310,COMECU,None,0,0,0, R$  -   ,,,,NLH,"0,72"
11/05/2026,160127,totohaole,None,0,0,0, R$  -   ,,,,NLH,0
11/05/2026,166613,pix166613,None,0,0,0, R$  -   ,,,,NLH,0
11/05/2026,173020,pix173020,None,0,0,0, R$  -   ,,,,NLH,0
11/05/2026,177013,Leiguinho,None,0,"0,1",0," R$  0,10 ","0,00%","100,00%","0,00%",MTT,"2,24"
11/05/2026,177983,Aelton,None,0,0,0, R$  -   ,,,,NLH,0
11/05/2026,178690,Synergye,None,0,0,0, R$  -   ,,,,NLH,"1,52"
11/05/2026,187062,chacal$74,None,0,0,0, R$  -   ,,,,NLH,"2,1"
11/05/2026,188969,Gylly CWB,None,0,0,0, R$  -   ,,,,NLH,0
11/05/2026,189082,luketa_,None,0,0,0, R$  -   ,,,,NLH,"0,4"
11/05/2026,189662,Kabulozo,None,0,0,0, R$  -   ,,,,NLH,0
11/05/2026,190234,pix190234,None,0,0,0, R$  -   ,,,,NLH,0
11/05/2026,191307,EHMM,None,0,"0,8",0," R$  0,80 ","0,00%","100,00%","0,00%",MTT,"-5,73"
11/05/2026,191714,svki,None,"1,48",0,0," R$  1,48 ","100,00%","0,00%","0,00%",NLH,"-5,68"
11/05/2026,191837,modelo,None,0,0,0, R$  -   ,,,,NLH,0
11/05/2026,193564,Alison pires,None,0,0,0, R$  -   ,,,,NLH,0
11/05/2026,194369,Sam9527,None,0,0,0, R$  -   ,,,,NLH,0
11/05/2026,194695,pix194695,None,0,0,0, R$  -   ,,,,NLH,0
11/05/2026,195543,lavx,None,0,0,0, R$  -   ,,,,NLH,0
11/05/2026,195668,FullHaxx,None,0,0,0, R$  -   ,,,,NLH,"0,88"
11/05/2026,195922,#equipevirabixo,None,"0,41",0,0," R$  0,41 ","100,00%","0,00%","0,00%",NLH,"1,64"
11/05/2026,195923,camila P,None,0,0,0, R$  -   ,,,,NLH,0
11/05/2026,112649,JomaMel,None,"9,85",0,"37,5"," R$  47,35 ","20,80%","0,00%","79,20%",PLO6,"824,12"
11/05/2026,162578,Ediel,None,"1,06",0,0," R$  1,06 ","100,00%","0,00%","0,00%",NLH,-8
11/05/2026,178133,DCP22,None,"1,08","0,8",0," R$  1,88 ","57,45%","42,55%","0,00%",NLH,-20
11/05/2026,119399,pix119399,None,"0,25",1,0," R$  1,25 ","20,00%","80,00%","0,00%",MTT,"2,07"
11/05/2026,132044,FASH1N4,None,0,0,0, R$  -   ,,,,NLH,0
11/05/2026,132049,B4NDID0,None,0,0,0, R$  -   ,,,,NLH,0
11/05/2026,132062,COM3D0R,None,0,0,0, R$  -   ,,,,NLH,0
11/05/2026,138629,baianinhodemaua_,None,0,0,0, R$  -   ,,,,NLH,"0,48"
11/05/2026,162091,Veronica bg,None,0,"0,8",0," R$  0,80 ","0,00%","100,00%","0,00%",MTT,-8
11/05/2026,162801,pix162801,None,0,0,0, R$  -   ,,,,NLH,0
11/05/2026,167737,vinijr7,None,0,0,0, R$  -   ,,,,NLH,"2,65"
11/05/2026,170202,realmadrid,None,0,0,0, R$  -   ,,,,NLH,0
11/05/2026,172160,Luizzzeraaa,None,0,0,0, R$  -   ,,,,NLH,0
11/05/2026,176694,veroniicabc,None,0,0,0, R$  -   ,,,,NLH,0
11/05/2026,177126,duhx7,None,0,0,0, R$  -   ,,,,NLH,0
11/05/2026,177358,Veronicaborges,None,0,0,0, R$  -   ,,,,NLH,0
11/05/2026,183315,pix183315,None,0,0,0, R$  -   ,,,,NLH,0
11/05/2026,191331,pix191331,None,0,"0,2",0," R$  0,20 ","0,00%","100,00%","0,00%",MTT,"0,83"
11/05/2026,194100,pix194100,None,0,0,0, R$  -   ,,,,NLH,0
11/05/2026,194102,pix194102,None,0,0,0, R$  -   ,,,,NLH,0
11/05/2026,195607,pix195607,None,0,0,0, R$  -   ,,,,NLH,0
11/05/2026,195851,pix195851,None,0,0,0, R$  -   ,,,,NLH,0
11/05/2026,191963,O rei das casas,None,0,0,"678,63"," R$  678,63 ","0,00%","0,00%","100,00%",PLO6,"-699,8"
11/05/2026,118130,Renanloc,None,"1,06",0,"24,13"," R$  25,19 ","4,21%","0,00%","95,79%",PLO6,-275
11/05/2026,142783,Dinhostar,None,0,"2,5",0," R$  2,50 ","0,00%","100,00%","0,00%",MTT,-25
11/05/2026,114345,Itaypava,None,0,0,"11,21"," R$  11,21 ","0,00%","0,00%","100,00%",PLO6,-30
11/05/2026,149137,pix149137,None,0,0,"1,42"," R$  1,42 ","0,00%","0,00%","100,00%",PLO6,-19
11/05/2026,195998,pix195998,None,0,1,"8,9"," R$  9,90 ","0,00%","10,10%","89,90%",PLO6,"5,08"
11/05/2026,195994,pix195994,None,"48,63","5,4",0," R$  54,03 ","90,01%","9,99%","0,00%",NLH,-270
11/05/2026,107851,dipsy.role,None,"1,53",0,0," R$  1,53 ","100,00%","0,00%","0,00%",NLH,-20
11/05/2026,195645,Paco_Sc,None,"11,7",0,"81,69"," R$  93,39 ","12,53%","0,00%","87,47%",PLO6,-155
11/05/2026,179233,pix179233,None,"11,85",0,0," R$  11,85 ","100,00%","0,00%","0,00%",NLH,-103
11/05/2026,196003,pix196003,None,"3,45",0,0," R$  3,45 ","100,00%","0,00%","0,00%",NLH,13
11/05/2026,174217,pix174217,None,"5,45",0,"0,52"," R$  5,97 ","91,29%","0,00%","8,71%",NLH,"1,37"
11/05/2026,192448,gbfrs,None,"1,33",0,0," R$  1,33 ","100,00%","0,00%","0,00%",NLH,-8
11/05/2026,184642,pix184642,None,"0,08",2,"3,58"," R$  5,66 ","1,41%","35,34%","63,25%",PLO6,"-85,24"
11/05/2026,150224,Jivago,None,"13,73","2,46","0,27"," R$  16,46 ","83,41%","14,95%","1,64%",NLH,43
11/05/2026,177177,pix177177,None,"0,8",0,0," R$  0,80 ","100,00%","0,00%","0,00%",NLH,"-0,81"
11/05/2026,190837,LOKOLOKO,None,0,"26,7",0," R$  26,70 ","0,00%","100,00%","0,00%",MTT,"-188,39"
11/05/2026,195830,pix195830,None,"1,68",0,0," R$  1,68 ","100,00%","0,00%","0,00%",NLH,"-9,08"
11/05/2026,195999,magodoallin,None,"7,44",0,0," R$  7,44 ","100,00%","0,00%","0,00%",NLH,43
11/05/2026,196004,pix196004,None,0,0,"45,9"," R$  45,90 ","0,00%","0,00%","100,00%",PLO6,-500
11/05/2026,177167,MrBabayaga,None,"0,41","1,5","0,02"," R$  1,93 ","21,24%","77,72%","1,04%",MTT,"-17,73"
11/05/2026,195490,Nelsoncaminhões,None,0,"5,5",0," R$  5,50 ","0,00%","100,00%","0,00%",MTT,-55
11/05/2026,150917,VIOLENTISSIMA,None,0,0,"2,47"," R$  2,47 ","0,00%","0,00%","100,00%",PLO6,-20
11/05/2026,195751,pix195751,None,"0,43",0,0," R$  0,43 ","100,00%","0,00%","0,00%",NLH,-4
11/05/2026,125929,Riih,None,0,0,0, R$  -   ,,,,NLH,0
11/05/2026,143654,BingaBinga,None,0,0,0, R$  -   ,,,,NLH,"0,61"
11/05/2026,146616,ESQUELETO,None,0,0,0, R$  -   ,,,,NLH,0
11/05/2026,146622,Silvio Santos poker,None,"0,14",0,0," R$  0,14 ","100,00%","0,00%","0,00%",NLH,"0,19"
11/05/2026,154646,Robben,None,0,"0,1",0," R$  0,10 ","0,00%","100,00%","0,00%",MTT,"-0,49"
11/05/2026,171451,Pigmeupoker,None,0,0,0, R$  -   ,,,,NLH,0
11/05/2026,173124,pix173124,None,0,0,0, R$  -   ,,,,NLH,0
11/05/2026,174039,pix174039,None,0,0,0, R$  -   ,,,,NLH,0
11/05/2026,176219,pix176219,None,0,0,0, R$  -   ,,,,NLH,0
11/05/2026,178561,Gi Genesini,None,0,0,0, R$  -   ,,,,NLH,0
11/05/2026,179417,pix179417,None,0,0,0, R$  -   ,,,,NLH,0
11/05/2026,181557,_L4jus_,None,0,0,0, R$  -   ,,,,NLH,0
11/05/2026,189597,pix189597,None,0,0,0, R$  -   ,,,,NLH,0
11/05/2026,191492,charles Thierry,None,0,0,0, R$  -   ,,,,NLH,0
11/05/2026,193767,pix193767,None,0,0,0, R$  -   ,,,,NLH,0
11/05/2026,194085,pix194085,None,0,0,0, R$  -   ,,,,NLH,0
11/05/2026,194835,Gladiador2026,None,0,0,0, R$  -   ,,,,NLH,0
11/05/2026,195079,Malves,None,0,0,0, R$  -   ,,,,NLH,0
11/05/2026,195537,pix195537,None,0,"0,1",0," R$  0,10 ","0,00%","100,00%","0,00%",MTT,"0,6"
11/05/2026,195983,cearense,None,0,0,0, R$  -   ,,,,NLH,0
11/05/2026,195984,tico tico,None,0,"0,1",0," R$  0,10 ","0,00%","100,00%","0,00%",MTT,"0,15"
11/05/2026,195985,xebiu,None,0,"0,1",0," R$  0,10 ","0,00%","100,00%","0,00%",MTT,"0,39"
11/05/2026,195986,carlos Johnson,None,0,0,0, R$  -   ,,,,NLH,"0,75"
11/05/2026,195987,primo do mardoni,None,0,0,0, R$  -   ,,,,NLH,"1,28"
11/05/2026,196001,pix196001,None,0,0,0, R$  -   ,,,,NLH,0
11/05/2026,196002,pix196002,None,0,0,0, R$  -   ,,,,NLH,0
11/05/2026,177777,AVIÃOsemASA,None,"14,2",0,"23,02"," R$  37,22 ","38,15%","0,00%","61,85%",PLO6,-151
11/05/2026,195582,pix195582,None,0,"11,8",0," R$  11,80 ","0,00%","100,00%","0,00%",MTT,"-86,74"
11/05/2026,192368,Dc07,None,0,"1,2","3,74"," R$  4,94 ","0,00%","24,29%","75,71%",PLO6,"-23,09"
11/05/2026,196008,MBruno18,None,"0,53",10,"117,25"," R$  127,78 ","0,41%","7,83%","91,76%",PLO6,"-286,7"
11/05/2026,116764,leandroSant,None,0,0,0, R$  -   ,,,,NLH,0
11/05/2026,131446,pix131446,None,0,0,0, R$  -   ,,,,NLH,0
11/05/2026,143199,Trobertom33,None,0,0,0, R$  -   ,,,,NLH,0
11/05/2026,146296,pix146296,None,0,0,0, R$  -   ,,,,NLH,0
11/05/2026,155592,ZecaPauGoriN,None,0,0,0, R$  -   ,,,,NLH,0
11/05/2026,156615,Tutubarão83,None,0,0,0, R$  -   ,,,,NLH,0
11/05/2026,161802,Thiagom33,None,0,0,0, R$  -   ,,,,NLH,0
11/05/2026,161804,ThiagoMR,None,0,0,0, R$  -   ,,,,NLH,0
11/05/2026,161805,pix161805,None,0,0,0, R$  -   ,,,,NLH,"0,75"
11/05/2026,163740,Caco,None,0,0,0, R$  -   ,,,,NLH,0
11/05/2026,164056,TR34,None,0,0,0, R$  -   ,,,,NLH,"6,14"
11/05/2026,176200,pix176200,None,0,0,0, R$  -   ,,,,NLH,0
11/05/2026,177176,pix177176,None,0,"0,1",0," R$  0,10 ","0,00%","100,00%","0,00%",MTT,-1
11/05/2026,177257,solovis,None,0,"0,1",0," R$  0,10 ","0,00%","100,00%","0,00%",MTT,"-0,25"
11/05/2026,177450,pix177450,None,0,0,0, R$  -   ,,,,NLH,"2,4"
11/05/2026,179715,joker777louco,None,0,0,0, R$  -   ,,,,NLH,0
11/05/2026,179716,51épingachoraporco,None,0,0,0, R$  -   ,,,,NLH,0
11/05/2026,180674,Lumesmo ?,None,0,0,0, R$  -   ,,,,NLH,0
11/05/2026,188902,pix188902,None,"0,56","0,2","0,44"," R$  1,20 ","46,67%","16,67%","36,67%",NLH,"0,91"
11/05/2026,196011,pix196011,None,"5,16",0,"7,61"," R$  12,77 ","40,41%","0,00%","59,59%",PLO6,-100
11/05/2026,147813,pix147813,None,"25,61",0,0," R$  25,61 ","100,00%","0,00%","0,00%",NLH,"-194,41"
11/05/2026,171808,pix171808,None,"164,83",0,0," R$  164,83 ","100,00%","0,00%","0,00%",NLH,"-64,68"
11/05/2026,195555,pix195555,None,"6,08",0,0," R$  6,08 ","100,00%","0,00%","0,00%",NLH,-50
11/05/2026,127240,Phil Ivey ??,None,0,0,"2,39"," R$  2,39 ","0,00%","0,00%","100,00%",PLO6,-15
11/05/2026,155480,pix155480,None,0,0,"42,4"," R$  42,40 ","0,00%","0,00%","100,00%",PLO6,-162
11/05/2026,167222,Dino do poker,None,0,0,"21,15"," R$  21,15 ","0,00%","0,00%","100,00%",PLO6,-40
11/05/2026,142453,juniorgera,None,"2,75",0,0," R$  2,75 ","100,00%","0,00%","0,00%",NLH,"2,62"
11/05/2026,153634,LuAK,None,"0,91",0,0," R$  0,91 ","100,00%","0,00%","0,00%",NLH,0
11/05/2026,171724,pix171724,None,"5,73",0,0," R$  5,73 ","100,00%","0,00%","0,00%",NLH,32
11/05/2026,194145,Caua bt,None,"16,83",0,0," R$  16,83 ","100,00%","0,00%","0,00%",NLH,54
11/05/2026,196007,pix196007,None,"0,67",0,0," R$  0,67 ","100,00%","0,00%","0,00%",NLH,-12
11/05/2026,196010,pix196010,None,"3,55","10,7","0,47"," R$  14,72 ","24,12%","72,69%","3,19%",MTT,-153
11/05/2026,149327,Lucas fjv,None,"8,61",0,0," R$  8,61 ","100,00%","0,00%","0,00%",NLH,-61
11/05/2026,162065,pix162065,None,"0,92",0,0," R$  0,92 ","100,00%","0,00%","0,00%",NLH,"-0,92"
11/05/2026,155207,Oliver_king,None,"1,58",0,0," R$  1,58 ","100,00%","0,00%","0,00%",NLH,"-15,32"
11/05/2026,116720,fAshinA,None,0,"0,1",0," R$  0,10 ","0,00%","100,00%","0,00%",MTT,-1
11/05/2026,124306,punicaoalimpers,None,0,0,0, R$  -   ,,,,NLH,"1,27"
11/05/2026,124391,veraluciafar,None,0,0,0, R$  -   ,,,,NLH,"1,05"
11/05/2026,124401,killthemall,None,0,0,0, R$  -   ,,,,NLH,0
11/05/2026,124444,jubileu333,None,0,0,0, R$  -   ,,,,NLH,0
11/05/2026,124630,fungonaunha,None,0,0,0, R$  -   ,,,,NLH,0
11/05/2026,125040,Mércia,None,0,0,0, R$  -   ,,,,NLH,0
11/05/2026,127631,M4LANDR0,None,0,0,0, R$  -   ,,,,NLH,0
11/05/2026,127633,GL4DIAD0R,None,0,0,0, R$  -   ,,,,NLH,0
11/05/2026,128754,C4BULOS0,None,0,0,0, R$  -   ,,,,NLH,0
11/05/2026,128755,PER1GOS0,None,0,0,0, R$  -   ,,,,NLH,0
11/05/2026,135400,Mercia09,None,"9,04",3,"1,24"," R$  13,28 ","68,07%","22,59%","9,34%",NLH,"-47,46"
11/05/2026,139105,M4TAD0R,None,0,0,0, R$  -   ,,,,NLH,0
11/05/2026,140920,Nunes06,None,"0,36",1,0," R$  1,36 ","26,47%","73,53%","0,00%",MTT,90
11/05/2026,146440,B0L4D0,None,0,0,0, R$  -   ,,,,NLH,0
11/05/2026,146443,C4LABRES0,None,0,0,0, R$  -   ,,,,NLH,0
11/05/2026,146447,PIRAT4,None,0,0,0, R$  -   ,,,,NLH,0
11/05/2026,147165,L4DRA0,None,0,0,0, R$  -   ,,,,NLH,0
11/05/2026,147679,ConstancyMode,None,0,0,0, R$  -   ,,,,NLH,0
11/05/2026,148477,eleitor do lula,None,0,"0,1",0," R$  0,10 ","0,00%","100,00%","0,00%",MTT,-1
11/05/2026,149942,Romulets,None,0,0,0, R$  -   ,,,,NLH,0
11/05/2026,150541,MaldsNeto,None,0,"1,9",0," R$  1,90 ","0,00%","100,00%","0,00%",MTT,-19
11/05/2026,158727,pix158727,None,0,0,0, R$  -   ,,,,NLH,0
11/05/2026,161561,GuZman$,None,0,0,0, R$  -   ,,,,NLH,0
11/05/2026,161570,cristianderson,None,0,0,0, R$  -   ,,,,NLH,"0,88"
11/05/2026,163624,BruxoDaTrinca,None,0,0,0, R$  -   ,,,,NLH,0
11/05/2026,165346,pix165346,None,0,0,0, R$  -   ,,,,NLH,0
11/05/2026,172984,SeuZé$,None,0,0,0, R$  -   ,,,,NLH,0
11/05/2026,173125,SANTOS21,None,0,0,0, R$  -   ,,,,NLH,0
11/05/2026,176309,Moabe10,None,0,0,0, R$  -   ,,,,NLH,0
11/05/2026,180211,pix180211,None,0,0,0, R$  -   ,,,,NLH,0
11/05/2026,180212,reidoflop,None,0,0,0, R$  -   ,,,,NLH,0
11/05/2026,188843,Aniquilador,None,0,0,0, R$  -   ,,,,NLH,0
11/05/2026,189146,pix189146,None,0,0,0, R$  -   ,,,,NLH,0
11/05/2026,189150,pix189150,None,0,0,0, R$  -   ,,,,NLH,0
11/05/2026,189154,pix189154,None,0,0,0, R$  -   ,,,,NLH,0
11/05/2026,189156,pix189156,None,0,0,0, R$  -   ,,,,NLH,0
11/05/2026,189158,pix189158,None,0,0,0, R$  -   ,,,,NLH,"0,51"
11/05/2026,190902,pix190902,None,0,0,0, R$  -   ,,,,NLH,0
11/05/2026,194860,FlushFlower,None,"0,05",0,0," R$  0,05 ","100,00%","0,00%","0,00%",NLH,"2,18"
11/05/2026,195403,pix195403,None,0,0,0, R$  -   ,,,,NLH,0
11/05/2026,195988,pix195988,None,"4,13","6,2",0," R$  10,33 ","39,98%","60,02%","0,00%",MTT,"-87,87"
11/05/2026,196006,pix196006,None,0,0,0, R$  -   ,,,,NLH,0
11/05/2026,123259,leleorei,None,0,0,"154,8"," R$  154,80 ","0,00%","0,00%","100,00%",PLO6,"550,09"
11/05/2026,179155,mineiro0893,None,0,8,0," R$  8,00 ","0,00%","100,00%","0,00%",MTT,-80
11/05/2026,161365,Peter Griffin,None,"1,19",0,0," R$  1,19 ","100,00%","0,00%","0,00%",NLH,"-12,78"
11/05/2026,174477,pix174477,None,"1,8","0,1",0," R$  1,90 ","94,74%","5,26%","0,00%",NLH,"-1,6"
11/05/2026,194345,gasparorcajo,None,0,89,0," R$  89,00 ","0,00%","100,00%","0,00%",MTT,"-485,66"
11/05/2026,145109,ZPpoker,None,0,9,0," R$  9,00 ","0,00%","100,00%","0,00%",MTT,-90
11/05/2026,146971,RF-SB1,None,0,4,"18,51"," R$  22,51 ","0,00%","17,77%","82,23%",PLO6,-135
11/05/2026,162831,FabioPirata,None,0,6,0," R$  6,00 ","0,00%","100,00%","0,00%",MTT,-60
11/05/2026,196009,fcanuto,None,0,7,2," R$  9,00 ","0,00%","77,78%","22,22%",MTT,-100
11/05/2026,114771,CRVGPOKER10,None,0,"0,1",0," R$  0,10 ","0,00%","100,00%","0,00%",MTT,-1
11/05/2026,103133,Lainzine,None,0,0,"0,33"," R$  0,33 ","0,00%","0,00%","100,00%",PLO6,"-5,86"
11/05/2026,104890,pix104890,None,0,0,0, R$  -   ,,,,NLH,0
11/05/2026,122649,Soneca36,None,0,0,0, R$  -   ,,,,NLH,0
11/05/2026,123058,pix123058,None,0,0,0, R$  -   ,,,,NLH,0
11/05/2026,142773,thaisgonçalves,None,0,0,0, R$  -   ,,,,NLH,0
11/05/2026,143064,pawerrangersrosa,None,0,0,0, R$  -   ,,,,NLH,0
11/05/2026,143066,mulher gato,None,0,0,0, R$  -   ,,,,NLH,0
11/05/2026,143190,Erivan01,None,0,0,0, R$  -   ,,,,NLH,0
11/05/2026,145268,malvadaopirata,None,0,0,0, R$  -   ,,,,NLH,0
11/05/2026,145320,pix145320,None,0,0,0, R$  -   ,,,,NLH,0
11/05/2026,146295,pix146295,None,0,0,0, R$  -   ,,,,NLH,0
11/05/2026,146426,Piu ?,None,0,0,0, R$  -   ,,,,NLH,"0,48"
11/05/2026,146651,eduardoacn96,None,0,0,0, R$  -   ,,,,NLH,0
11/05/2026,147269,paracetamol,None,0,0,0, R$  -   ,,,,NLH,0
11/05/2026,148356,pix148356,None,0,0,0, R$  -   ,,,,NLH,0
11/05/2026,149578,atrevido2,None,0,0,0, R$  -   ,,,,NLH,0
11/05/2026,156401,slcNcompensa,None,0,0,0, R$  -   ,,,,NLH,0
11/05/2026,156402,pix156402,None,0,0,0, R$  -   ,,,,NLH,"1,01"
11/05/2026,160408,pix160408,None,0,0,0, R$  -   ,,,,NLH,0
11/05/2026,160410,aquarela,None,0,0,0, R$  -   ,,,,NLH,0
11/05/2026,160412,pix160412,None,0,0,0, R$  -   ,,,,NLH,0
11/05/2026,165307,mulukulo,None,0,0,0, R$  -   ,,,,NLH,0
11/05/2026,171136,vainotrem,None,0,0,0, R$  -   ,,,,NLH,0
11/05/2026,172607,pix172607,None,0,0,0, R$  -   ,,,,NLH,0
11/05/2026,172698,pix172698,None,0,0,0, R$  -   ,,,,NLH,"0,7"
11/05/2026,174860,Sheika,None,0,0,0, R$  -   ,,,,NLH,0
11/05/2026,175155,douglasantos,None,0,0,0, R$  -   ,,,,NLH,0
11/05/2026,176462,markin valde,None,0,0,0, R$  -   ,,,,NLH,0
11/05/2026,180037,pix180037,None,0,0,0, R$  -   ,,,,NLH,0
11/05/2026,182906,pix182906,None,0,0,0, R$  -   ,,,,NLH,0
11/05/2026,183758,pix183758,None,0,0,0, R$  -   ,,,,NLH,0
11/05/2026,186053,manobronx,None,0,0,0, R$  -   ,,,,NLH,"0,58"
11/05/2026,187607,pix187607,None,0,0,0, R$  -   ,,,,NLH,0
11/05/2026,190020,pix190020,None,0,0,0, R$  -   ,,,,NLH,0
11/05/2026,192258,pix192258,None,0,0,0, R$  -   ,,,,NLH,0
11/05/2026,193297,pix193297,None,0,0,0, R$  -   ,,,,NLH,0
11/05/2026,195569,digueraxx,None,0,0,0, R$  -   ,,,,NLH,0
11/05/2026,195660,Matias44,None,0,0,0, R$  -   ,,,,NLH,0
11/05/2026,195836,pix195836,None,0,0,0, R$  -   ,,,,NLH,0
11/05/2026,196012,pix196012,None,0,0,0, R$  -   ,,,,NLH,"1,46"
11/05/2026,191076,Ares,None,"1,98",0,0," R$  1,98 ","100,00%","0,00%","0,00%",NLH,"-21,11"
11/05/2026,131513,RodrigoDiguinha,None,"0,28",0,0," R$  0,28 ","100,00%","0,00%","0,00%",NLH,-4
11/05/2026,132584,allwin,None,"0,89",0,0," R$  0,89 ","100,00%","0,00%","0,00%",NLH,-5
11/05/2026,136568,s_mpoker3715,None,"1,59","1,5",0," R$  3,09 ","51,46%","48,54%","0,00%",NLH,"-0,7"
11/05/2026,171194,pix171194,None,"6,02",0,0," R$  6,02 ","100,00%","0,00%","0,00%",NLH,"36,23"
11/05/2026,191420,bolao,None,"0,54","2,6",0," R$  3,14 ","17,20%","82,80%","0,00%",MTT,-34
11/05/2026,194610,pix194610,None,"10,27",0,0," R$  10,27 ","100,00%","0,00%","0,00%",NLH,"-55,69"
11/05/2026,196013,pix196013,None,"1,8",0,0," R$  1,80 ","100,00%","0,00%","0,00%",NLH,-15
11/05/2026,196020,REY DO RON,None,"52,86",0,"4,39"," R$  57,25 ","92,33%","0,00%","7,67%",NLH,"-89,89"
11/05/2026,178194,Vini_Baralhao,None,0,0,0, R$  -   ,,,,NLH,0
11/05/2026,193532,pix193532,None,0,0,0, R$  -   ,,,,NLH,0
11/05/2026,194307,pix194307,None,0,0,0, R$  -   ,,,,NLH,0
11/05/2026,194754,pix194754,None,0,0,0, R$  -   ,,,,NLH,0
11/05/2026,106058,Mnk,None,"0,25",0,"6,53"," R$  6,78 ","3,69%","0,00%","96,31%",PLO6,-53
11/05/2026,196031,inimigo da pepsi,None,0,0,"14,02"," R$  14,02 ","0,00%","0,00%","100,00%",PLO6,-100
11/05/2026,167867,felipelemos,None,0,0,"25,85"," R$  25,85 ","0,00%","0,00%","100,00%",PLO6,"-239,4"
11/05/2026,196018,pix196018,None,"14,94",0,"4,55"," R$  19,49 ","76,65%","0,00%","23,35%",NLH,-200
11/05/2026,196022,Picpay.,None,"0,16",0,0," R$  0,16 ","100,00%","0,00%","0,00%",NLH,"0,99"
11/05/2026,196036,pix196036,None,"0,21",0,0," R$  0,21 ","100,00%","0,00%","0,00%",NLH,"0,01"
11/05/2026,144356,pix144356,None,"5,57",0,0," R$  5,57 ","100,00%","0,00%","0,00%",NLH,"110,24"
11/05/2026,190249,K.F NUTZ,None,"2,14",0,0," R$  2,14 ","100,00%","0,00%","0,00%",NLH,-4
11/05/2026,142834,chris44,None,"5,13","4,5",0," R$  9,63 ","53,27%","46,73%","0,00%",NLH,"72,3"
11/05/2026,107807,Adriano Peixoto,None,"13,47",0,0," R$  13,47 ","100,00%","0,00%","0,00%",NLH,"-61,7"
11/05/2026,186613,Luizex,None,"0,59",0,0," R$  0,59 ","100,00%","0,00%","0,00%",NLH,-14
11/05/2026,195464,ZebranoPixPoker,None,0,0,"461,68"," R$  461,68 ","0,00%","0,00%","100,00%",PLO6,"-6435,28"
11/05/2026,154477,pix154477,None,0,0,"1,85"," R$  1,85 ","0,00%","0,00%","100,00%",PLO6,"-18,13"
11/05/2026,145204,Cebola do sertão,None,0,0,0, R$  -   ,,,,NLH,0
11/05/2026,146696,cachaça51,None,0,0,0, R$  -   ,,,,NLH,0
11/05/2026,176746,Mark Ivey,None,0,0,0, R$  -   ,,,,NLH,0
11/05/2026,178557,Grazi Mourão ?,None,0,0,0, R$  -   ,,,,NLH,0
11/05/2026,178559,Agnes Nunes,None,0,0,0, R$  -   ,,,,NLH,0
11/05/2026,188028,partiu MA,None,0,0,0, R$  -   ,,,,NLH,0
11/05/2026,188029,pix188029,None,0,0,0, R$  -   ,,,,NLH,0
11/05/2026,188577,pix188577,None,0,0,0, R$  -   ,,,,NLH,0
11/05/2026,196021,pililiu da resenh4,None,0,0,0, R$  -   ,,,,NLH,"0,94"
11/05/2026,196023,lulinha 9,None,0,0,0, R$  -   ,,,,NLH,"2,3"
11/05/2026,196024,Sereka,None,0,0,0, R$  -   ,,,,NLH,"2,26"
11/05/2026,196025,ovão,None,0,0,0, R$  -   ,,,,NLH,"0,94"
11/05/2026,196026,pix196026,None,0,0,0, R$  -   ,,,,NLH,0
11/05/2026,196032,Chapadinho,None,0,0,0, R$  -   ,,,,NLH,"1,88"
11/05/2026,196033,pix196033,None,0,0,0, R$  -   ,,,,NLH,"2,99"
11/05/2026,196034,pix196034,None,0,0,0, R$  -   ,,,,NLH,0
11/05/2026,196035,pix196035,None,0,0,0, R$  -   ,,,,NLH,0
11/05/2026,196037,pix196037,None,0,0,0, R$  -   ,,,,NLH,0
11/05/2026,196038,pix196038,None,0,0,0, R$  -   ,,,,NLH,0
11/05/2026,196041,pix196041,None,0,0,0, R$  -   ,,,,NLH,0
11/05/2026,168627,thiagoAA,None,"5,39",0,0," R$  5,39 ","100,00%","0,00%","0,00%",NLH,-70
11/05/2026,196014,pix196014,None,"30,56",0,"657,49"," R$  688,05 ","4,44%","0,00%","95,56%",PLO6,"-993,15"
11/05/2026,195993,pix195993,None,0,0,"21,76"," R$  21,76 ","0,00%","0,00%","100,00%",PLO6,-150
11/05/2026,182466,pix182466,None,0,"4,8","0,33"," R$  5,13 ","0,00%","93,57%","6,43%",MTT,-52
11/05/2026,118252,Polarizado,None,"80,94",1,0," R$  81,94 ","98,78%","1,22%","0,00%",NLH,"56,36"
11/05/2026,156727,Pepeu__12,None,"2,99",0,"5,59"," R$  8,58 ","34,85%","0,00%","65,15%",PLO6,-100
11/05/2026,169213,matiasf,None,"2,44",0,0," R$  2,44 ","100,00%","0,00%","0,00%",NLH,-20
11/05/2026,171504,miguellito33,None,"1,98",5,"2,1"," R$  9,08 ","21,81%","55,07%","23,13%",MTT,-100
11/05/2026,196048,pix196048,None,"3,19","0,5",0," R$  3,69 ","86,45%","13,55%","0,00%",NLH,"-18,02"
11/05/2026,159026,Marcio Bolt,None,0,"0,1",0," R$  0,10 ","0,00%","100,00%","0,00%",MTT,-1
11/05/2026,181574,Caroline 01,None,0,0,0, R$  -   ,,,,NLH,0
11/05/2026,190634,pix190634,None,0,0,0, R$  -   ,,,,NLH,0
11/05/2026,194706,jojodemel,None,0,0,0, R$  -   ,,,,NLH,0
11/05/2026,111910,MTZiim,None,0,0,"11,79"," R$  11,79 ","0,00%","0,00%","100,00%",PLO6,-30
11/05/2026,183072,pix183072,None,"1,13",0,"110,75"," R$  111,88 ","1,01%","0,00%","98,99%",PLO6,"620,84"
11/05/2026,158723,antoniocarlos48,None,"1,19",0,0," R$  1,19 ","100,00%","0,00%","0,00%",NLH,"-0,72"
11/05/2026,170380,peidão,None,"1,91",0,0," R$  1,91 ","100,00%","0,00%","0,00%",NLH,"-2,61"
11/05/2026,172110,JACAREZINHO,None,"0,47",0,0," R$  0,47 ","100,00%","0,00%","0,00%",NLH,-6
11/05/2026,191484,Fumacinha,None,"1,49",0,0," R$  1,49 ","100,00%","0,00%","0,00%",NLH,"-8,29"
11/05/2026,196052,pix196052,None,0,0,"2,03"," R$  2,03 ","0,00%","0,00%","100,00%",PLO6,-6
11/05/2026,195950,pix195950,None,"11,11",0,0," R$  11,11 ","100,00%","0,00%","0,00%",NLH,-100
11/05/2026,129753,FabioAlpha,None,0,"6,2",0," R$  6,20 ","0,00%","100,00%","0,00%",MTT,"71,17"
11/05/2026,152009,NsMM,None,"1,58",0,0," R$  1,58 ","100,00%","0,00%","0,00%",NLH,"0,22"
11/05/2026,129000,pix129000,None,0,20,0," R$  20,00 ","0,00%","100,00%","0,00%",MTT,-155
11/05/2026,185949,pix185949,None,"2,61",0,"68,02"," R$  70,63 ","3,70%","0,00%","96,30%",PLO6,"-691,06"
11/05/2026,154364,TAV19,None,0,1,0," R$  1,00 ","0,00%","100,00%","0,00%",MTT,-10
11/05/2026,171217,xLordRandall,None,0,"1,5",0," R$  1,50 ","0,00%","100,00%","0,00%",MTT,-15
11/05/2026,195665,Mendes26,None,"0,35",0,0," R$  0,35 ","100,00%","0,00%","0,00%",NLH,"1,48"
11/05/2026,193218,box405,None,0,0,"7,01"," R$  7,01 ","0,00%","0,00%","100,00%",PLO6,-120
11/05/2026,136167,Art99,None,"20,74",0,0," R$  20,74 ","100,00%","0,00%","0,00%",NLH,"105,66"
11/05/2026,106675,AllissonB,None,"1,55",0,0," R$  1,55 ","100,00%","0,00%","0,00%",NLH,-7
11/05/2026,174035,Itavalcy,None,"1,57",0,0," R$  1,57 ","100,00%","0,00%","0,00%",NLH,"2,47"
11/05/2026,175778,Bitity A9,None,"3,52",0,"0,72"," R$  4,24 ","83,02%","0,00%","16,98%",NLH,-15
11/05/2026,195578,gessica,None,"9,12",0,0," R$  9,12 ","100,00%","0,00%","0,00%",NLH,90
11/05/2026,106526,Malandro,None,"1,31",0,0," R$  1,31 ","100,00%","0,00%","0,00%",NLH,-12
11/05/2026,146458,pix146458,None,"0,42",0,0," R$  0,42 ","100,00%","0,00%","0,00%",NLH,"6,68"
11/05/2026,155908,pix155908,None,"6,16",0,"0,23"," R$  6,39 ","96,40%","0,00%","3,60%",NLH,"38,26"
11/05/2026,160725,sepulvidia,None,"3,11",0,0," R$  3,11 ","100,00%","0,00%","0,00%",NLH,-20
11/05/2026,168866,pix168866,None,0,"0,3",0," R$  0,30 ","0,00%","100,00%","0,00%",MTT,-3
11/05/2026,193994,moído,None,0,2,0," R$  2,00 ","0,00%","100,00%","0,00%",MTT,"52,72"
11/05/2026,108709,SheenaK3,None,0,0,"17,79"," R$  17,79 ","0,00%","0,00%","100,00%",PLO6,"-75,01"
11/05/2026,196061,pix196061,None,0,0,"16,14"," R$  16,14 ","0,00%","0,00%","100,00%",PLO6,-100
11/05/2026,155639,Runner72,None,0,"1,6","36,57"," R$  38,17 ","0,00%","4,19%","95,81%",PLO6,"230,75"
11/05/2026,196059,pix196059,None,0,0,"1,09"," R$  1,09 ","0,00%","0,00%","100,00%",PLO6,-12
11/05/2026,111725,marinho_oliveira,None,"14,39",0,"46,61"," R$  61,00 ","23,59%","0,00%","76,41%",PLO6,"-249,39"
11/05/2026,196060,pix196060,None,"34,7",0,0," R$  34,70 ","100,00%","0,00%","0,00%",NLH,-170
11/05/2026,195847,marioaratani,None,0,"9,8",0," R$  9,80 ","0,00%","100,00%","0,00%",MTT,-98
11/05/2026,195978,Ibarra_sb,None,0,100,0," R$  100,00 ","0,00%","100,00%","0,00%",MTT,-910
11/05/2026,134786,pandinha28,None,0,"10,5",0," R$  10,50 ","0,00%","100,00%","0,00%",MTT,"-39,49"
11/05/2026,150260,Stifler91,None,0,4,0," R$  4,00 ","0,00%","100,00%","0,00%",MTT,-40
11/05/2026,195844,pix195844,None,0,12,0," R$  12,00 ","0,00%","100,00%","0,00%",MTT,-120
11/05/2026,150865,Aciole,None,0,8,0," R$  8,00 ","0,00%","100,00%","0,00%",MTT,0
11/05/2026,154087,123?,None,0,8,0," R$  8,00 ","0,00%","100,00%","0,00%",MTT,0
11/05/2026,155404,vinhodiesel,None,0,"3,5",0," R$  3,50 ","0,00%","100,00%","0,00%",MTT,-35
11/05/2026,147781,Pirekao!,AF - ISAC,0,"67,52",0," R$  67,52 ","0,00%","100,00%","0,00%",MTT,"-324,37"
11/05/2026,151398,dagun,AF - ISAC,0,"61,6","855,29"," R$  916,89 ","0,00%","6,72%","93,28%",PLO6,-647
11/05/2026,170517,Maxwell Vinicius,AF - ISAC,"25,16","32,36",0," R$  57,52 ","43,74%","56,26%","0,00%",MTT,"-120,73"
11/05/2026,155185,fogonabomba?,AF - ISAC,0,"49,38",0," R$  49,38 ","0,00%","100,00%","0,00%",MTT,"144,62"
11/05/2026,185342,Zanatta01,AF - ISAC,"5,3","55,94",0," R$  61,24 ","8,65%","91,35%","0,00%",MTT,"25,99"
11/05/2026,183322,liviozada,AF - ISAC,"0,27",0,0," R$  0,27 ","100,00%","0,00%","0,00%",NLH,"-2,18"
11/05/2026,186309,B?MB?L@D?,AF - ISAC,"37,25","25,87",0," R$  63,12 ","59,01%","40,99%","0,00%",NLH,-193
11/05/2026,160870,robson22,AF - ISAC,"6,77","1,1",0," R$  7,87 ","86,02%","13,98%","0,00%",NLH,-23
11/05/2026,170330,Sarochim10,AF - ISAC,"82,48","24,1",0," R$  106,58 ","77,39%","22,61%","0,00%",NLH,"102,47"
11/05/2026,192840,Vitori,AF - ISAC,"9,82","66,8","1,87"," R$  78,49 ","12,51%","85,11%","2,38%",MTT,"-641,73"
11/05/2026,134315,cobrao45,AF - ISAC,0,0,0, R$  -   ,,,,NLH,"10,19"
11/05/2026,138188,Orafa,AF - ISAC,0,"0,4",0," R$  0,40 ","0,00%","100,00%","0,00%",MTT,"-2,71"
11/05/2026,139827,Eddyoliveira,AF - ISAC,0,0,0, R$  -   ,,,,NLH,0
11/05/2026,145591,Dobrodracy,AF - ISAC,"0,24","0,1",0," R$  0,34 ","70,59%","29,41%","0,00%",NLH,-5
11/05/2026,148579,AAllin?,AF - ISAC,0,"0,7",0," R$  0,70 ","0,00%","100,00%","0,00%",MTT,"-5,71"
11/05/2026,149973,VI$AO,AF - ISAC,"14,94","0,4","4,02"," R$  19,36 ","77,17%","2,07%","20,76%",NLH,-8
11/05/2026,154740,Papai Smurf,AF - ISAC,0,0,0, R$  -   ,,,,NLH,"1,03"
11/05/2026,165708,Jocker,AF - ISAC,"3,95",0,"3,79"," R$  7,74 ","51,03%","0,00%","48,97%",NLH,-39
11/05/2026,166672,Professor!,AF - ISAC,0,0,0, R$  -   ,,,,NLH,"1,08"
11/05/2026,172200,vituu,AF - ISAC,0,0,"0,61"," R$  0,61 ","0,00%","0,00%","100,00%",PLO6,"-2,32"
11/05/2026,178427,Rudii01,AF - ISAC,0,0,0, R$  -   ,,,,NLH,0
11/05/2026,178711,JapaPoker,AF - ISAC,0,0,0, R$  -   ,,,,NLH,0
11/05/2026,180038,Chico gia,AF - ISAC,"22,63",0,0," R$  22,63 ","100,00%","0,00%","0,00%",NLH,-49
11/05/2026,184013,ALLinFOLD,AF - ISAC,"17,3","31,14",0," R$  48,44 ","35,71%","64,29%","0,00%",MTT,"305,65"
11/05/2026,184381,MANDA_PRA_CÁ,AF - ISAC,0,0,0, R$  -   ,,,,NLH,"15,2"
11/05/2026,102273,MARCONDES,AF - ISAC,"21,28","264,65","5,64"," R$  291,57 ","7,30%","90,77%","1,93%",MTT,"-1789,06"
11/05/2026,108346,chicleteiro ??,AF - ISAC,0,0,"3,94"," R$  3,94 ","0,00%","0,00%","100,00%",PLO6,-40
11/05/2026,146489,popeye,AF - ISAC,0,"69,3","28,27"," R$  97,57 ","0,00%","71,03%","28,97%",MTT,-158
11/05/2026,153216,Brazeo,AF - ISAC,0,"32,9","118,37"," R$  151,27 ","0,00%","21,75%","78,25%",PLO6,"-288,32"
11/05/2026,172191,Pru Pru,AF - ISAC,0,0,"45,82"," R$  45,82 ","0,00%","0,00%","100,00%",PLO6,"231,67"
11/05/2026,182480,Sabor Poker,AF - ISAC,0,"120,2","548,24"," R$  668,44 ","0,00%","17,98%","82,02%",PLO6,"-3041,65"
11/05/2026,157300,mago.bet,AF - ISAC,"11,63","110,5",0," R$  122,13 ","9,52%","90,48%","0,00%",MTT,"398,19"
11/05/2026,179075,Mendes_,AF - ISAC,0,"48,3",0," R$  48,30 ","0,00%","100,00%","0,00%",MTT,"146,52"
11/05/2026,143623,vish_777,AF - ISAC,"7,42",0,"164,13"," R$  171,55 ","4,33%","0,00%","95,67%",PLO6,"-264,61"
11/05/2026,193482,skylerpescador,AF - ISAC,"58,94",0,"222,53"," R$  281,47 ","20,94%","0,00%","79,06%",PLO6,"-471,91"
11/05/2026,134625,GILMRZ7,AF - ISAC,"10,2","2,1","7,48"," R$  19,78 ","51,57%","10,62%","37,82%",NLH,"125,2"
11/05/2026,127918,JC12,AF - ISAC,0,4,"54,22"," R$  58,22 ","0,00%","6,87%","93,13%",PLO6,-236
11/05/2026,134166,LincolnLau,AF - ISAC,0,"2,6","15,36"," R$  17,96 ","0,00%","14,48%","85,52%",PLO6,"155,78"
11/05/2026,150540,semgalantia,AF - ISAC,"2,35","41,2","20,22"," R$  63,77 ","3,69%","64,61%","31,71%",MTT,"-357,57"
11/05/2026,173648,Iphones,AF - ISAC,"16,65","7,2","24,39"," R$  48,24 ","34,51%","14,93%","50,56%",PLO6,"-102,23"
11/05/2026,180131,Sabor Ganhar,AF - ISAC,0,0,"33,7"," R$  33,70 ","0,00%","0,00%","100,00%",PLO6,-267
11/05/2026,180525,mari3455,AF - ISAC,0,"0,3","2,32"," R$  2,62 ","0,00%","11,45%","88,55%",PLO6,"-3,83"
11/05/2026,159265,BANKER,AF - ISAC,"40,66",0,"1088,18"," R$  1.128,84 ","3,60%","0,00%","96,40%",PLO6,"-1792,91"
11/05/2026,160321,GameOver,AF - ISAC,0,0,"755,25"," R$  755,25 ","0,00%","0,00%","100,00%",PLO6,"-4494,81"
11/05/2026,171794,Streetpokerr,AF - ISAC,0,0,"190,32"," R$  190,32 ","0,00%","0,00%","100,00%",PLO6,-1426
11/05/2026,135383,thxmx,AF - ISAC,0,"1,5","27,42"," R$  28,92 ","0,00%","5,19%","94,81%",PLO6,"170,55"
11/05/2026,136655,IAAUUUUUU,AF - ISAC,0,"71,4",183," R$  254,40 ","0,00%","28,07%","71,93%",PLO6,"-35,72"
11/05/2026,193540,Tony.S,AF - ISAC,0,"17,9","600,01"," R$  617,91 ","0,00%","2,90%","97,10%",PLO6,"745,36"
11/05/2026,138562,BPOTY,AF - ISAC,0,"5,1","80,47"," R$  85,57 ","0,00%","5,96%","94,04%",PLO6,275
11/05/2026,168605,PlayBorges,AF - ISAC,"1,8",0,"0,85"," R$  2,65 ","67,92%","0,00%","32,08%",NLH,-18
11/05/2026,172079,JPSaless,AF - ISAC,"1,63",1,"435,09"," R$  437,72 ","0,37%","0,23%","99,40%",PLO6,"-1191,75"
11/05/2026,147375,opsicologo,AF - ISAC,"7,2","3,9",0," R$  11,10 ","64,86%","35,14%","0,00%",NLH,"27,04"
11/05/2026,156590,DimKenney,AF - ISAC,0,6,0," R$  6,00 ","0,00%","100,00%","0,00%",MTT,"-58,73"
11/05/2026,115734,RiverRat??,AF - ISAC,0,"8,1",0," R$  8,10 ","0,00%","100,00%","0,00%",MTT,"-18,72"
11/05/2026,145247,vem devagar,AF - ISAC,"2,63","0,2",0," R$  2,83 ","92,93%","7,07%","0,00%",NLH,"-4,14"
11/05/2026,160219,andrerl,AF - ISAC,0,"10,3","23,13"," R$  33,43 ","0,00%","30,81%","69,19%",PLO6,"-188,21"
11/05/2026,165725,DouglasAlmeida,AF - ISAC,0,"0,1",0," R$  0,10 ","0,00%","100,00%","0,00%",MTT,"0,27"
11/05/2026,168507,Jhonnata Do Riverr,AF - ISAC,"11,56","15,5","45,6"," R$  72,66 ","15,91%","21,33%","62,76%",PLO6,"87,29"
11/05/2026,173010,ludjan,AF - ISAC,0,"0,1",0," R$  0,10 ","0,00%","100,00%","0,00%",MTT,"0,11"
11/05/2026,175007,SANTOS28,AF - ISAC,0,"0,3",0," R$  0,30 ","0,00%","100,00%","0,00%",MTT,"-2,4"
11/05/2026,181583,faguirre,AF - ISAC,0,"2,3",0," R$  2,30 ","0,00%","100,00%","0,00%",MTT,"15,9"
11/05/2026,183094,azogo10,AF - ISAC,"1,73",0,0," R$  1,73 ","100,00%","0,00%","0,00%",NLH,-13
11/05/2026,183511,dafuga,AF - ISAC,"19,82",0,"0,04"," R$  19,86 ","99,80%","0,00%","0,20%",NLH,-70
11/05/2026,193487,B10poker,AF - ISAC,0,"1,4",0," R$  1,40 ","0,00%","100,00%","0,00%",MTT,-14
11/05/2026,182585,Carneiro?,AF - ISAC,0,"68,5",0," R$  68,50 ","0,00%","100,00%","0,00%",MTT,-685
11/05/2026,138239,Anna Trovão 17,AF - ISAC,0,"0,1",0," R$  0,10 ","0,00%","100,00%","0,00%",MTT,-1
11/05/2026,151293,rogbl,AF - ISAC,0,"0,1",0," R$  0,10 ","0,00%","100,00%","0,00%",MTT,-1
11/05/2026,177740,guguzn,AF - ISAC,0,2,0," R$  2,00 ","0,00%","100,00%","0,00%",MTT,"-2,75"
11/05/2026,175494,Pescador ?,AF - ISAC,"38,06",0,0," R$  38,06 ","100,00%","0,00%","0,00%",NLH,"255,97"
11/05/2026,185102,Gabriel M,AF - ISAC,"0,3","0,1",0," R$  0,40 ","75,00%","25,00%","0,00%",NLH,-5
11/05/2026,165123,Fr0?D,AF - ISAC,"4,91","3,85",0," R$  8,76 ","56,05%","43,95%","0,00%",NLH,-26
11/05/2026,102532,BabaYaga,AF - ISAC,0,"0,1",0," R$  0,10 ","0,00%","100,00%","0,00%",MTT,-1
11/05/2026,159806,ÓBITO,AF - ISAC,"1,33","0,5","1,12"," R$  2,95 ","45,08%","16,95%","37,97%",NLH,"-28,55"
11/05/2026,179753,bb204kk,AF - ISAC,0,"0,4",0," R$  0,40 ","0,00%","100,00%","0,00%",MTT,"-0,91"
11/05/2026,179760,repanga73,AF - ISAC,0,"0,3","0,44"," R$  0,74 ","0,00%","40,54%","59,46%",PLO6,"-0,68"
11/05/2026,186415,YuriAAlberto,AF - ISAC,0,8,"96,39"," R$  104,39 ","0,00%","7,66%","92,34%",PLO6,-397
11/05/2026,146021,AraujoBR,AF - ISAC,0,"9,2",0," R$  9,20 ","0,00%","100,00%","0,00%",MTT,"-65,11"
11/05/2026,175290,L10,AF - ISAC,0,"28,7",0," R$  28,70 ","0,00%","100,00%","0,00%",MTT,"-92,1"
11/05/2026,169004,zoin___bala,AF - ISAC,0,0,0, R$  -   ,,,,NLH,0
11/05/2026,169007,BrankinhoVidaLoka,AF - ISAC,0,0,0, R$  -   ,,,,NLH,0
11/05/2026,175781,xonobruAK,AF - ISAC,0,0,0, R$  -   ,,,,NLH,"0,61"
11/05/2026,180007,pix180007,AF - ISAC,0,0,0, R$  -   ,,,,NLH,0
11/05/2026,183598,DSoares,AF - ISAC,"0,49","0,1",0," R$  0,59 ","83,05%","16,95%","0,00%",NLH,"-4,3"
11/05/2026,177964,Dvzn,AF - ISAC,0,"15,5",0," R$  15,50 ","0,00%","100,00%","0,00%",MTT,"-106,96"
11/05/2026,188333,Magaly,AF - ISAC,"1,61","17,55","6,05"," R$  25,21 ","6,39%","69,62%","24,00%",MTT,"117,6"
11/05/2026,160496,joker?,AF - ISAC,"0,83",0,0," R$  0,83 ","100,00%","0,00%","0,00%",NLH,-14
11/05/2026,172820,Blefandovoce,AF - ISAC,"3,23","2,84","0,28"," R$  6,35 ","50,87%","44,72%","4,41%",NLH,"109,18"
11/05/2026,181112,dafugaa,AF - ISAC,"27,93",0,0," R$  27,93 ","100,00%","0,00%","0,00%",NLH,-23
11/05/2026,153492,Anna11,AF - ISAC,0,0,0, R$  -   ,,,,NLH,0
11/05/2026,173754,TTrincA,AF - ISAC,0,"0,6",0," R$  0,60 ","0,00%","100,00%","0,00%",MTT,"13,05"
11/05/2026,175841,Lacerd1nha flush,AF - ISAC,0,0,0, R$  -   ,,,,NLH,0
11/05/2026,179751,devil may cry,AF - ISAC,0,0,0, R$  -   ,,,,NLH,"2,99"
11/05/2026,179756,vampirão,AF - ISAC,0,"1,5","9,25"," R$  10,75 ","0,00%","13,95%","86,05%",PLO6,30
11/05/2026,179759,fredykrueger,AF - ISAC,0,0,0, R$  -   ,,,,NLH,0
11/05/2026,168720,MestiMiang?,AF - ISAC,"0,36","4,6","325,53"," R$  330,49 ","0,11%","1,39%","98,50%",PLO6,"139,08"
11/05/2026,162837,LucasSilva,AF - ISAC,0,"14,4","8,46"," R$  22,86 ","0,00%","62,99%","37,01%",MTT,-93
11/05/2026,193803,blefamuito,AF - ISAC,"2,49",0,"4,55"," R$  7,04 ","35,37%","0,00%","64,63%",PLO6,"-28,14"
11/05/2026,178296,Hawk,AF - ISAC,"0,85",2,"0,85"," R$  3,70 ","22,97%","54,05%","22,97%",MTT,"33,83"
11/05/2026,193623,Jgabriel,AF - ISAC,"20,13",0,0," R$  20,13 ","100,00%","0,00%","0,00%",NLH,114
11/05/2026,150707,Cobra ?,AF - ISAC,0,"3,4","197,98"," R$  201,38 ","0,00%","1,69%","98,31%",PLO6,-264
11/05/2026,125837,DNerdguy,AF - ISAC,"12,29","3,6",0," R$  15,89 ","77,34%","22,66%","0,00%",NLH,"-22,97"
11/05/2026,160088,DANGER,AF - ISAC,"23,31",40,"672,42"," R$  735,73 ","3,17%","5,44%","91,39%",PLO6,"2231,75"
11/05/2026,153278,Amanhã,AF - ISAC,0,"0,5","15,24"," R$  15,74 ","0,00%","3,18%","96,82%",PLO6,"116,7"
11/05/2026,164419,TchauBozo,AF - ISAC,0,0,0, R$  -   ,,,,NLH,0
11/05/2026,195641,ReiDaCallErrada,AF - ISAC,0,"0,1",0," R$  0,10 ","0,00%","100,00%","0,00%",MTT,"26,8"
11/05/2026,145975,Maverick81,AF - ISAC,0,"13,4",0," R$  13,40 ","0,00%","100,00%","0,00%",MTT,"-40,67"
11/05/2026,175064,oCalvoDoPoker,AF - ISAC,0,"28,5",0," R$  28,50 ","0,00%","100,00%","0,00%",MTT,"-233,25"
11/05/2026,153375,MrDemite,AF - ISAC,0,"7,9",0," R$  7,90 ","0,00%","100,00%","0,00%",MTT,"-73,3"
11/05/2026,131627,Lucas Davi,AF - ISAC,"0,12","0,5",0," R$  0,62 ","19,35%","80,65%","0,00%",MTT,"-6,32"
11/05/2026,180867,Bocao,AF - ISAC,0,0,0, R$  -   ,,,,NLH,0
11/05/2026,194858,unrealgio,AF - ISAC,"27,78",0,"0,02"," R$  27,80 ","99,93%","0,00%","0,07%",NLH,"-75,02"
11/05/2026,127627,Cristiano Ronaldo.,AF - ISAC,0,0,0, R$  -   ,,,,NLH,0
11/05/2026,132058,DELICI0,AF - ISAC,0,0,0, R$  -   ,,,,NLH,0
11/05/2026,146742,Andrè P,AF - ISAC,0,0,"131,02"," R$  131,02 ","0,00%","0,00%","100,00%",PLO6,"-40,26"
11/05/2026,120885,&&&&,AF - ISAC,0,"10,5",0," R$  10,50 ","0,00%","100,00%","0,00%",MTT,-105
11/05/2026,181684,AMORIIM,AF - ISAC,"1,11",0,"0,88"," R$  1,99 ","55,78%","0,00%","44,22%",NLH,-19
11/05/2026,144320,Fluxo.FX,AF - ISAC,"190,52",0,"59,28"," R$  249,80 ","76,27%","0,00%","23,73%",NLH,"-137,63"
11/05/2026,148138,Xurisbela,AF - ISAC,0,0,0, R$  -   ,,,,NLH,"2,1"
11/05/2026,192048,kauaaugustto,AF - ISAC,0,0,0, R$  -   ,,,,NLH,0
11/05/2026,136890,barakaplayer,AF - ISAC,0,0,"2,44"," R$  2,44 ","0,00%","0,00%","100,00%",PLO6,-20
11/05/2026,176196,carolll,AF - ISAC,0,0,0, R$  -   ,,,,NLH,0
11/05/2026,177361,carolinajj,AF - ISAC,0,0,0, R$  -   ,,,,NLH,0
11/05/2026,165543,isaqueramos@,AF - ISAC,0,0,"23,47"," R$  23,47 ","0,00%","0,00%","100,00%",PLO6,"-3,69"
11/05/2026,153056,f3lliP1,AF - ISAC,"10,93",0,"1,46"," R$  12,39 ","88,22%","0,00%","11,78%",NLH,-69
11/05/2026,159013,robusto?,AF - ISAC,"0,76",4,0," R$  4,76 ","15,97%","84,03%","0,00%",MTT,-50
11/05/2026,156057,Skyler,AF - ISAC,"0,22","3,74",0," R$  3,96 ","5,56%","94,44%","0,00%",MTT,"-42,89"
11/05/2026,113629,ernesto94,AF - ISAC,0,0,0, R$  -   ,,,,NLH,0
11/05/2026,122562,Richelly,AF - ISAC,0,0,0, R$  -   ,,,,NLH,0
11/05/2026,124313,philippebarone,AF - ISAC,0,0,0, R$  -   ,,,,NLH,0
11/05/2026,127634,BROC4D0R,AF - ISAC,0,0,0, R$  -   ,,,,NLH,0
11/05/2026,146445,S4FADA0,AF - ISAC,0,0,0, R$  -   ,,,,NLH,0
11/05/2026,163631,INSTAFOLD,AF - ISAC,0,0,0, R$  -   ,,,,NLH,0
11/05/2026,187404,Alex Poatan ??,AF - ISAC,0,0,0, R$  -   ,,,,NLH,0
11/05/2026,192125,ReiDoFree,AF - ISAC,0,0,0, R$  -   ,,,,NLH,0
11/05/2026,195693,all in pre flop,AF - ISAC,0,0,0, R$  -   ,,,,NLH,0
11/05/2026,195991,CAP_MAIA,AF - ISAC,0,"13,5",0," R$  13,50 ","0,00%","100,00%","0,00%",MTT,"-92,81"
11/05/2026,158223,POPEYE1996,AF - ISAC,0,5,0," R$  5,00 ","0,00%","100,00%","0,00%",MTT,-50
11/05/2026,159078,Hallz,AF - ISAC,0,"0,1",0," R$  0,10 ","0,00%","100,00%","0,00%",MTT,-1
11/05/2026,149747,Tunai Campos,AF - ISAC,0,0,0, R$  -   ,,,,NLH,0
11/05/2026,172597,Corvo,AF - ISAC,0,0,0, R$  -   ,,,,NLH,0
11/05/2026,191993,wallygarage,AF - ISAC,0,"0,5",0," R$  0,50 ","0,00%","100,00%","0,00%",MTT,-5
11/05/2026,195968,pix195968,AF - ISAC,0,1,0," R$  1,00 ","0,00%","100,00%","0,00%",MTT,-10
11/05/2026,138224,Moabe Soares,AF - ISAC,"0,33","0,5",0," R$  0,83 ","39,76%","60,24%","0,00%",MTT,-5
11/05/2026,167568,Cearazin,AF - ISAC,0,0,0, R$  -   ,,,,NLH,0
11/05/2026,147053,? Halloween ?,AF - ISAC,0,"1,8",0," R$  1,80 ","0,00%","100,00%","0,00%",MTT,-18
11/05/2026,136921,JokerBluff9,AF - ISAC,0,3,"51,32"," R$  54,32 ","0,00%","5,52%","94,48%",PLO6,-117
11/05/2026,136024,EL GATURNO,AF - ISAC,0,0,0, R$  -   ,,,,NLH,0
11/05/2026,138027,annaalice17,AF - ISAC,0,0,0, R$  -   ,,,,NLH,0
11/05/2026,156750,calango,AF - ISAC,0,0,0, R$  -   ,,,,NLH,0
11/05/2026,157767,のちモ匕モ2,AF - ISAC,0,0,0, R$  -   ,,,,NLH,0
11/05/2026,172709,Almir Martins,AF - ISAC,0,0,0, R$  -   ,,,,NLH,"3,29"
11/05/2026,195297,pix195297,AF - ISAC,"2,18",0,"1,01"," R$  3,19 ","68,34%","0,00%","31,66%",NLH,"-14,88"
11/05/2026,148644,TalesGimenez,AF - ISAC,0,0,0, R$  -   ,,,,NLH,0
11/05/2026,148930,Luanzeta Tips,AF - ISAC,0,"6,9","2,61"," R$  9,51 ","0,00%","72,56%","27,44%",MTT,"-104,72"
11/05/2026,170991,Tfbounce,AF - ISAC,0,4,0," R$  4,00 ","0,00%","100,00%","0,00%",MTT,-40
11/05/2026,118511,PizzariaFP,AF - ISAC,0,0,"1,92"," R$  1,92 ","0,00%","0,00%","100,00%",PLO6,"-30,34"
11/05/2026,150716,Choi Mu-jin,AF - ARTHUR CABRAL,"26,93","113,1","4,33"," R$  144,36 ","18,65%","78,35%","3,00%",MTT,"20,02"
11/05/2026,125345,BR071,AF - ARTHUR CABRAL,0,"8,6",0," R$  8,60 ","0,00%","100,00%","0,00%",MTT,"248,74"
11/05/2026,125296,FoldNutts,AF - ARTHUR CABRAL,"177,31","4,5","922,18"," R$  1.103,99 ","16,06%","0,41%","83,53%",PLO6,"-533,33"
11/05/2026,151781,doadorAA,AF - ARTHUR CABRAL,"1,3",0,0," R$  1,30 ","100,00%","0,00%","0,00%",NLH,-17
11/05/2026,187825,rutra,AF - ARTHUR CABRAL,0,"3,7","27,7"," R$  31,40 ","0,00%","11,78%","88,22%",PLO6,148
11/05/2026,112648,maniaco da praça,AF - ARTHUR CABRAL,"10,12","1,1","11,1"," R$  22,32 ","45,34%","4,93%","49,73%",PLO6,"-174,4"
11/05/2026,173040,Careca1kGrau,AF - ARTHUR CABRAL,0,0,0, R$  -   ,,,,NLH,"2,82"
11/05/2026,123791,Jota1010,AF - ARTHUR CABRAL,0,0,"437,86"," R$  437,86 ","0,00%","0,00%","100,00%",PLO6,"-1135,94"
11/05/2026,183813,modaskk,AF - ARTHUR CABRAL,0,15,"426,29"," R$  441,29 ","0,00%","3,40%","96,60%",PLO6,"-695,6"
11/05/2026,195717,-MVMV-,AF - ARTHUR CABRAL,0,0,"296,43"," R$  296,43 ","0,00%","0,00%","100,00%",PLO6,-604
11/05/2026,160421,S777,AF - ARTHUR CABRAL,"17,36","77,8",0," R$  95,16 ","18,24%","81,76%","0,00%",MTT,"-479,94"
11/05/2026,194632,SHEIN,AF - ARTHUR CABRAL,0,0,"865,86"," R$  865,86 ","0,00%","0,00%","100,00%",PLO6,"-1549,95"
11/05/2026,145461,ficha no pano,AF - ARTHUR CABRAL,0,0,"38,24"," R$  38,24 ","0,00%","0,00%","100,00%",PLO6,-246
11/05/2026,172353,GARRUDA27??,AF - ARTHUR CABRAL,0,"3,5","68,93"," R$  72,43 ","0,00%","4,83%","95,17%",PLO6,"99,44"
11/05/2026,187576,Power Rangers,AF - ARTHUR CABRAL,"7,22","0,5","167,91"," R$  175,63 ","4,11%","0,28%","95,60%",PLO6,-62
11/05/2026,134710,Pretaothug,AF - ARTHUR CABRAL,0,"60,5","889,28"," R$  949,78 ","0,00%","6,37%","93,63%",PLO6,"2173,5"
11/05/2026,174221,XANDINHO,AF - ARTHUR CABRAL,"49,91","1,5","486,18"," R$  537,59 ","9,28%","0,28%","90,44%",PLO6,"-815,33"
11/05/2026,104400,Brenin10,AF - ARTHUR CABRAL,0,0,"677,16"," R$  677,16 ","0,00%","0,00%","100,00%",PLO6,"194,45"
11/05/2026,105506,Tetopoker,AF - ARTHUR CABRAL,"21,72","0,6","247,22"," R$  269,54 ","8,06%","0,22%","91,72%",PLO6,448
11/05/2026,177717,regularizando,AF - ARTHUR CABRAL,"179,53","14,5","45,61"," R$  239,64 ","74,92%","6,05%","19,03%",NLH,-627
11/05/2026,170645,JAHPARAIBA,AF - ARTHUR CABRAL,0,0,"0,93"," R$  0,93 ","0,00%","0,00%","100,00%",PLO6,-4
11/05/2026,143629,Lascou-se,AF - ARTHUR CABRAL,0,0,"2260,04"," R$  2.260,04 ","0,00%","0,00%","100,00%",PLO6,"-7158,19"
11/05/2026,170941,PagodaO-,AF - ARTHUR CABRAL,"24,11",0,"123,08"," R$  147,19 ","16,38%","0,00%","83,62%",PLO6,"-646,07"
11/05/2026,177979,Ôh CheFe,AF - ARTHUR CABRAL,"21,4",0,"615,48"," R$  636,88 ","3,36%","0,00%","96,64%",PLO6,"-380,6"
11/05/2026,180496,Supremo359,AF - ARTHUR CABRAL,0,0,"996,66"," R$  996,66 ","0,00%","0,00%","100,00%",PLO6,"-1691,3"
11/05/2026,147268,DOM P,AF - ARTHUR CABRAL,"24,12",0,"217,99"," R$  242,11 ","9,96%","0,00%","90,04%",PLO6,-1099
11/05/2026,162392,deminho,AF - ARTHUR CABRAL,0,"1,6","24,19"," R$  25,79 ","0,00%","6,20%","93,80%",PLO6,"-96,5"
11/05/2026,179903,pix179903,AF - ARTHUR CABRAL,"77,17",3,"103,8"," R$  183,97 ","41,95%","1,63%","56,42%",PLO6,"-1004,03"
11/05/2026,141996,zacatec,AF - ARTHUR CABRAL,0,"0,5",0," R$  0,50 ","0,00%","100,00%","0,00%",MTT,-5
11/05/2026,148405,ferraro7416,AF - ARTHUR CABRAL,"0,7","2,5",0," R$  3,20 ","21,88%","78,13%","0,00%",MTT,-45
11/05/2026,106802,??Sued??,AF - ARTHUR CABRAL,"161,62",3,"2,51"," R$  167,13 ","96,70%","1,80%","1,50%",NLH,"-353,56"
11/05/2026,114323,do agro?,AF - ARTHUR CABRAL,0,0,0, R$  -   ,,,,NLH,0
11/05/2026,159834,SoLamento,AF - ARTHUR CABRAL,"4,73","0,1",0," R$  4,83 ","97,93%","2,07%","0,00%",NLH,"-8,3"
11/05/2026,172412,GRT9,AF - ARTHUR CABRAL,"15,75",0,0," R$  15,75 ","100,00%","0,00%","0,00%",NLH,"77,5"
11/05/2026,159377,papaléguas?,AF - ARTHUR CABRAL,"116,78",0,0," R$  116,78 ","100,00%","0,00%","0,00%",NLH,"-439,05"
11/05/2026,115718,Gladiador+,AF - ARTHUR CABRAL,0,"165,5",0," R$  165,50 ","0,00%","100,00%","0,00%",MTT,"1495,47"
11/05/2026,127787,Cupisco,AF - ARTHUR CABRAL,0,"0,1",0," R$  0,10 ","0,00%","100,00%","0,00%",MTT,-1
11/05/2026,145384,Rufles,AF - ARTHUR CABRAL,0,"0,1",0," R$  0,10 ","0,00%","100,00%","0,00%",MTT,"1,14"
11/05/2026,150523,Reinoriver,AF - ARTHUR CABRAL,0,"6,1",0," R$  6,10 ","0,00%","100,00%","0,00%",MTT,-61
11/05/2026,187153,SóVouNuts,AF - ARTHUR CABRAL,"1,22",0,"10,89"," R$  12,11 ","10,07%","0,00%","89,93%",PLO6,-25
11/05/2026,167813,Edivaldo ??,AF - ARTHUR CABRAL,"31,26",3,0," R$  34,26 ","91,24%","8,76%","0,00%",NLH,-110
11/05/2026,173038,JaxT???,AF - ARTHUR CABRAL,"419,42",22,0," R$  441,42 ","95,02%","4,98%","0,00%",NLH,"-573,47"
11/05/2026,186161,Samengo,AF - ARTHUR CABRAL,"3,82","8,2","12,26"," R$  24,28 ","15,73%","33,77%","50,49%",PLO6,"-271,68"
11/05/2026,110272,BELLICARD,AF - ARTHUR CABRAL,0,2,0," R$  2,00 ","0,00%","100,00%","0,00%",MTT,"-18,73"
11/05/2026,172476,willasmir poker,AF - ARTHUR CABRAL,"1,72",0,0," R$  1,72 ","100,00%","0,00%","0,00%",NLH,-1
11/05/2026,158421,BOLSONARO??,AF - ARTHUR CABRAL,0,"3,2",0," R$  3,20 ","0,00%","100,00%","0,00%",MTT,"43,16"
11/05/2026,150078,Shaco ?,AF - ARTHUR CABRAL,"23,1","9,1",0," R$  32,20 ","71,74%","28,26%","0,00%",NLH,-119
11/05/2026,182855,Teo pixpoker,AF - ARTHUR CABRAL,"0,82","0,1",0," R$  0,92 ","89,13%","10,87%","0,00%",NLH,"-1,34"
11/05/2026,148618,Rei do bleff,AF - ARTHUR CABRAL,"0,4","0,3","2,56"," R$  3,26 ","12,27%","9,20%","78,53%",PLO6,-6
11/05/2026,178476,FiscaldeFlop,AF - ARTHUR CABRAL,"126,5","3,7","5,57"," R$  135,77 ","93,17%","2,73%","4,10%",NLH,"-214,92"
11/05/2026,132297,Lucenaobrabo,AF - ARTHUR CABRAL,"5,96",0,0," R$  5,96 ","100,00%","0,00%","0,00%",NLH,-84
11/05/2026,143900,Caralh0,AF - ARTHUR CABRAL,"5,56",0,0," R$  5,56 ","100,00%","0,00%","0,00%",NLH,-50
11/05/2026,112389,luis.angelim,AF - ARTHUR CABRAL,0,"20,9","3,08"," R$  23,98 ","0,00%","87,16%","12,84%",MTT,"-249,98"
11/05/2026,190995,Jhon Arias,AF - ARTHUR CABRAL,0,0,0, R$  -   ,,,,NLH,"4,41"
11/05/2026,155888,Salamanca,AF - ARTHUR CABRAL,0,0,"1,06"," R$  1,06 ","0,00%","0,00%","100,00%",PLO6,"4,64"
11/05/2026,151971,Neto Sinuca Ipuense,AF - ARTHUR CABRAL,"3,04",0,0," R$  3,04 ","100,00%","0,00%","0,00%",NLH,"24,02"
11/05/2026,193500,peteco peteco,AF - ARTHUR CABRAL,0,"0,5","35,13"," R$  35,63 ","0,00%","1,40%","98,60%",PLO6,"334,24"
11/05/2026,113118,OLD MONEY,AF - ARTHUR CABRAL,0,3,"31,79"," R$  34,79 ","0,00%","8,62%","91,38%",PLO6,81
11/05/2026,120690,myegss,AF - ARTHUR CABRAL,0,0,"26,61"," R$  26,61 ","0,00%","0,00%","100,00%",PLO6,"283,41"
11/05/2026,154992,Laiho.W.F,AF - ARTHUR CABRAL,"3,4",0,"13,29"," R$  16,69 ","20,37%","0,00%","79,63%",PLO6,"81,99"
11/05/2026,159522,?BM?,AF - ARTHUR CABRAL,0,"13,1","2,43"," R$  15,53 ","0,00%","84,35%","15,65%",MTT,"5,06"
11/05/2026,159448,sem noção,AF - ARTHUR CABRAL,"50,89",0,0," R$  50,89 ","100,00%","0,00%","0,00%",NLH,-480
11/05/2026,150117,corujaNI,AF - ARTHUR CABRAL,0,70,0," R$  70,00 ","0,00%","100,00%","0,00%",MTT,-610
11/05/2026,100230,#NJR#,AF - ARTHUR CABRAL,"0,81",0,"7,39"," R$  8,20 ","9,88%","0,00%","90,12%",PLO6,-13
11/05/2026,100473,FlaPix,AF - ARTHUR CABRAL,"9,61","7,5","24,69"," R$  41,80 ","22,99%","17,94%","59,07%",PLO6,"-100,19"
11/05/2026,182371,JF IMPORTS ?,AF - ARTHUR CABRAL,"4,67","14,4",0," R$  19,07 ","24,49%","75,51%","0,00%",MTT,"-152,75"
11/05/2026,160830,LeandroFloriani,AF - ARTHUR CABRAL,"6,93",3,0," R$  9,93 ","69,79%","30,21%","0,00%",NLH,-63
11/05/2026,131359,tpguei,AF - ARTHUR CABRAL,0,"11,5","118,26"," R$  129,76 ","0,00%","8,86%","91,14%",PLO6,"529,26"
11/05/2026,145323,PhelipeMatheus_,AF - ARTHUR CABRAL,0,"0,5","1,17"," R$  1,67 ","0,00%","29,94%","70,06%",PLO6,"-20,74"
11/05/2026,100357,QuaQua,AF - ARTHUR CABRAL,0,3,0," R$  3,00 ","0,00%","100,00%","0,00%",MTT,-30
11/05/2026,113798,sorvetex,AF - ARTHUR CABRAL,0,"7,5",0," R$  7,50 ","0,00%","100,00%","0,00%",MTT,105
11/05/2026,145206,José Isaac,AF - ARTHUR CABRAL,"1,4",2,0," R$  3,40 ","41,18%","58,82%","0,00%",MTT,"4,49"
11/05/2026,182616,urubu do pixe,AF - ARTHUR CABRAL,0,1,"2,61"," R$  3,61 ","0,00%","27,70%","72,30%",PLO6,-50
11/05/2026,163452,pix163452,AF - ARTHUR CABRAL,0,0,"3,91"," R$  3,91 ","0,00%","0,00%","100,00%",PLO6,"-26,85"
11/05/2026,159155,Fortunato.137,AF - ARTHUR CABRAL,0,0,"5,62"," R$  5,62 ","0,00%","0,00%","100,00%",PLO6,"-30,97"
11/05/2026,178732,LUIZ INACIL,AF - ARTHUR CABRAL,0,"35,7","8,57"," R$  44,27 ","0,00%","80,64%","19,36%",MTT,-452
11/05/2026,138398,chama a carta,AF - ARTHUR CABRAL,0,0,0, R$  -   ,,,,NLH,0
11/05/2026,119176,BELÉM,AF - ARTHUR CABRAL,"23,6",0,0," R$  23,60 ","100,00%","0,00%","0,00%",NLH,-50
11/05/2026,161115,pix161115,AF - ARTHUR CABRAL,"1,1",23,"20,72"," R$  44,82 ","2,45%","51,32%","46,23%",MTT,"403,02"
11/05/2026,159168,pix159168,AF - ARTHUR CABRAL,0,"1,6",0," R$  1,60 ","0,00%","100,00%","0,00%",MTT,"21,09"
11/05/2026,150232,pix150232,AF - ARTHUR CABRAL,0,23,0," R$  23,00 ","0,00%","100,00%","0,00%",MTT,-230
11/05/2026,152944,ths_IAV,AF - +EV,"8,32","56,11",0," R$  64,43 ","12,91%","87,09%","0,00%",MTT,"36,86"
11/05/2026,135967,MisterJohnny,AF - +EV,0,"1,8","3,31"," R$  5,11 ","0,00%","35,23%","64,77%",PLO6,"-13,39"
11/05/2026,141008,sommelier,AF - +EV,0,"0,7",0," R$  0,70 ","0,00%","100,00%","0,00%",MTT,"-0,14"
11/05/2026,153763,pix153763,AF - +EV,0,0,"318,58"," R$  318,58 ","0,00%","0,00%","100,00%",PLO6,"-44,82"
11/05/2026,151739,mariozinho,AF - +EV,"1,21","6,2",0," R$  7,41 ","16,33%","83,67%","0,00%",MTT,-82
11/05/2026,139340,rehcorreiaa2,AF - +EV,0,"0,9",0," R$  0,90 ","0,00%","100,00%","0,00%",MTT,"-6,28"
11/05/2026,147879,GUIRRS,AF - +EV,0,"17,6",0," R$  17,60 ","0,00%","100,00%","0,00%",MTT,"173,52"
11/05/2026,170568,Raul.Gold,AF - +EV,0,0,"0,88"," R$  0,88 ","0,00%","0,00%","100,00%",PLO6,"872,5"
11/05/2026,153743,Gerson Aviador,AF - +EV,0,8,0," R$  8,00 ","0,00%","100,00%","0,00%",MTT,-80
11/05/2026,135997,SkywalkerLuke,AF - +EV,0,"7,4",0," R$  7,40 ","0,00%","100,00%","0,00%",MTT,-74
11/05/2026,146339,Ator,AF - +EV,0,"0,84",0," R$  0,84 ","0,00%","100,00%","0,00%",MTT,"65,4"
11/05/2026,145466,cleberb,AF - +EV,0,10,0," R$  10,00 ","0,00%","100,00%","0,00%",MTT,"195,32"
11/05/2026,173807,pix palmeiras @,AF - RYAN CARVALHO,0,"100,22","246,48"," R$  346,70 ","0,00%","28,91%","71,09%",PLO6,"128,97"
11/05/2026,182977,Playboy,AF - RYAN CARVALHO,"28,05","268,71","83,66"," R$  380,42 ","7,37%","70,64%","21,99%",MTT,"-1036,02"
11/05/2026,180056,TILT????,AF - RYAN CARVALHO,0,"63,9","19,54"," R$  83,44 ","0,00%","76,58%","23,42%",MTT,"-303,67"
11/05/2026,179249,@Bobbyzii_,AF - RYAN CARVALHO,"2,97","131,2",0," R$  134,17 ","2,21%","97,79%","0,00%",MTT,"898,46"
11/05/2026,180389,VivianSaliba??,AF - RYAN CARVALHO,"117,92",12,0," R$  129,92 ","90,76%","9,24%","0,00%",NLH,-771
11/05/2026,181833,Cozinheiro Hemp,AF - RYAN CARVALHO,0,"23,4","21,54"," R$  44,94 ","0,00%","52,07%","47,93%",MTT,"23,3"
11/05/2026,153425,R daylove,AF - RYAN CARVALHO,"33,08","12,1",0," R$  45,18 ","73,22%","26,78%","0,00%",NLH,"-103,93"
11/05/2026,103225,olisee,AF - RYAN CARVALHO,"6,78",0,0," R$  6,78 ","100,00%","0,00%","0,00%",NLH,"-50,72"
11/05/2026,160167,Tapana2,AF - RYAN CARVALHO,0,1,0," R$  1,00 ","0,00%","100,00%","0,00%",MTT,-10
11/05/2026,173878,Romário Barreto,AF - RYAN CARVALHO,0,"2,5",0," R$  2,50 ","0,00%","100,00%","0,00%",MTT,"-5,68"
11/05/2026,188903,savio14,AF - RYAN CARVALHO,0,"0,1",0," R$  0,10 ","0,00%","100,00%","0,00%",MTT,-1
11/05/2026,194445,michaelLeonny,AF - RYAN CARVALHO,0,"27,4",0," R$  27,40 ","0,00%","100,00%","0,00%",MTT,"144,22"
11/05/2026,181523,Espelho,AF - RYAN CARVALHO,0,0,"3,99"," R$  3,99 ","0,00%","0,00%","100,00%",PLO6,"-5,9"
11/05/2026,181853,jiraiadeteo,AF - RYAN CARVALHO,0,"0,4",0," R$  0,40 ","0,00%","100,00%","0,00%",MTT,"-1,69"
11/05/2026,181198,vitferrazpina,AF - RYAN CARVALHO,"31,53","17,4","1,16"," R$  50,09 ","62,95%","34,74%","2,32%",NLH,-193
11/05/2026,183010,STANLEY ????,AF - RYAN CARVALHO,0,"50,7",0," R$  50,70 ","0,00%","100,00%","0,00%",MTT,"141,25"
11/05/2026,124057,phmb06,AF - RYAN CARVALHO,"1,32",0,"14,65"," R$  15,97 ","8,27%","0,00%","91,73%",PLO6,-276
11/05/2026,168944,tropa do 7,AF - RYAN CARVALHO,0,0,0, R$  -   ,,,,NLH,0
11/05/2026,181917,Carlos Andrade,AF - RYAN CARVALHO,"5,35",163,"7,08"," R$  175,43 ","3,05%","92,91%","4,04%",MTT,"-1657,61"
11/05/2026,180237,aylla17,AF - RYAN CARVALHO,"9,39",0,"4,28"," R$  13,67 ","68,69%","0,00%","31,31%",NLH,"47,92"
11/05/2026,190899,Ely19 ?,AF - RYAN CARVALHO,0,0,0, R$  -   ,,,,NLH,"2,19"
11/05/2026,177343,vitindograu,AF - RYAN CARVALHO,0,"11,7",0," R$  11,70 ","0,00%","100,00%","0,00%",MTT,"33,88"
11/05/2026,183560,lampiao007,AF - RYAN CARVALHO,"3,16","58,6",0," R$  61,76 ","5,12%","94,88%","0,00%",MTT,"74,21"
11/05/2026,183220,lixodepoker,AF - RYAN CARVALHO,0,0,0, R$  -   ,,,,NLH,0
11/05/2026,186210,joaoboka,AF - RYAN CARVALHO,0,"0,1",0," R$  0,10 ","0,00%","100,00%","0,00%",MTT,"-0,16"
11/05/2026,196019,pix196019,AF - RYAN CARVALHO,0,"5,5","0,52"," R$  6,02 ","0,00%","91,36%","8,64%",MTT,-103
11/05/2026,195894,Victorpro,AF - RYAN CARVALHO,0,0,0, R$  -   ,,,,NLH,0
11/05/2026,180767,Salomao88,AF - RYAN CARVALHO,"309,7",0,0," R$  309,70 ","100,00%","0,00%","0,00%",NLH,"-186,37"
11/05/2026,177859,TARJA PRETA,AF - RYAN CARVALHO,0,"9,3",0," R$  9,30 ","0,00%","100,00%","0,00%",MTT,"80,59"
11/05/2026,176592,ruiperesdilsinho,AF - BRUNO FOSTER,"8,67","29,8",0," R$  38,47 ","22,54%","77,46%","0,00%",MTT,-258
11/05/2026,176764,hanikilador,AF - BRUNO FOSTER,0,"12,4","9,13"," R$  21,53 ","0,00%","57,59%","42,41%",MTT,-187
11/05/2026,179947,pix179947,AF - BRUNO FOSTER,"1,97","4,5","1,08"," R$  7,55 ","26,09%","59,60%","14,30%",MTT,"-52,56"
11/05/2026,175423,pix175423,AF - BRUNO FOSTER,0,"19,6","1,77"," R$  21,37 ","0,00%","91,72%","8,28%",MTT,"72,4"
11/05/2026,182891,Joz1ka,AF - BRUNO FOSTER,"3,21","7,3","665,48"," R$  675,99 ","0,47%","1,08%","98,45%",PLO6,"-508,97"
11/05/2026,176675,darkjoao33,AF - BRUNO FOSTER,"0,97","25,6","863,92"," R$  890,49 ","0,11%","2,87%","97,02%",PLO6,"8173,08"
11/05/2026,178483,Rï§øką,AF - BRUNO FOSTER,0,"0,3",0," R$  0,30 ","0,00%","100,00%","0,00%",MTT,-3
11/05/2026,177933,exe;,AF - BRUNO FOSTER,0,10,"390,66"," R$  400,66 ","0,00%","2,50%","97,50%",PLO6,-69
11/05/2026,183349,Vegeta San,AF - BRUNO FOSTER,0,"0,8",0," R$  0,80 ","0,00%","100,00%","0,00%",MTT,-8
11/05/2026,170907,MenteGelada,AF - BRUNO FOSTER,0,1,"79,2"," R$  80,20 ","0,00%","1,25%","98,75%",PLO6,"-164,13"
11/05/2026,175072,sovimsacar,AF - BRUNO FOSTER,0,1,"151,21"," R$  152,21 ","0,00%","0,66%","99,34%",PLO6,"582,88"
11/05/2026,175098,K7PAU,AF - BRUNO FOSTER,"42,81","0,5","6,22"," R$  49,53 ","86,43%","1,01%","12,56%",NLH,-310
11/05/2026,186550,VT10,AF - BRUNO FOSTER,"101,12","1,4","9,35"," R$  111,87 ","90,39%","1,25%","8,36%",NLH,"191,47"
11/05/2026,138369,pedropaulo,AF - BRUNO FOSTER,"4,26",0,"9,87"," R$  14,13 ","30,15%","0,00%","69,85%",PLO6,-140
11/05/2026,175804,MANDIBULLA,AF - BRUNO FOSTER,0,0,0, R$  -   ,,,,NLH,0
11/05/2026,185924,Tio wlack,AF - BRUNO FOSTER,0,0,0, R$  -   ,,,,NLH,0
11/05/2026,189825,Gladiador$,AF - BRUNO FOSTER,0,0,"1575,97"," R$  1.575,97 ","0,00%","0,00%","100,00%",PLO6,"-13597,17"
11/05/2026,178692,pix178692,AF - BRUNO FOSTER,0,"0,5",0," R$  0,50 ","0,00%","100,00%","0,00%",MTT,-5
11/05/2026,179067,ekdidk,AF - BRUNO FOSTER,"1,68",0,0," R$  1,68 ","100,00%","0,00%","0,00%",NLH,"7,51"
11/05/2026,145168,Fagundes,AF - BRUNO FOSTER,0,2,0," R$  2,00 ","0,00%","100,00%","0,00%",MTT,"127,61"
11/05/2026,159748,Fagundes..,AF - BRUNO FOSTER,0,"0,1",0," R$  0,10 ","0,00%","100,00%","0,00%",MTT,"0,27"
11/05/2026,176921,Pe572dro,AF - BRUNO FOSTER,"25,46","3,7",0," R$  29,16 ","87,31%","12,69%","0,00%",NLH,"13,11"
11/05/2026,180421,CASSINHO 1821,AF - BRUNO FOSTER,0,0,0, R$  -   ,,,,NLH,"0,72"
11/05/2026,180535,JOTA poker,AF - BRUNO FOSTER,0,0,0, R$  -   ,,,,NLH,0
11/05/2026,184830,Filma $$,AF - BRUNO FOSTER,0,"9,3",0," R$  9,30 ","0,00%","100,00%","0,00%",MTT,-93
11/05/2026,176862,pix176862,AF - BRUNO FOSTER,0,0,"4,25"," R$  4,25 ","0,00%","0,00%","100,00%",PLO6,-56
11/05/2026,182205,Thompsonsoares,AF - BRUNO FOSTER,0,0,0, R$  -   ,,,,NLH,0
11/05/2026,157566,Maximus ??,AF - BRUNO FOSTER,0,"0,8","96,19"," R$  96,99 ","0,00%","0,82%","99,18%",PLO6,72
11/05/2026,153086,Nick_Wallyson,AF - BRUNO FOSTER,"16,34","3,5","37,63"," R$  57,47 ","28,43%","6,09%","65,48%",PLO6,-47
11/05/2026,176021,Viníciusdao@,AF - BRUNO FOSTER,0,0,0, R$  -   ,,,,NLH,0
11/05/2026,176214,Cardoso22,AF - BRUNO FOSTER,0,0,0, R$  -   ,,,,NLH,"0,73"
11/05/2026,186212,pix186212,AF - BRUNO FOSTER,0,"1,2",0," R$  1,20 ","0,00%","100,00%","0,00%",MTT,-12
11/05/2026,177628,papacman,AF - BRUNO FOSTER,0,"5,2","71,22"," R$  76,42 ","0,00%","6,80%","93,20%",PLO6,-219
11/05/2026,176077,TOTO,AF - BRUNO FOSTER,"4,3",0,0," R$  4,30 ","100,00%","0,00%","0,00%",NLH,"-49,28"
11/05/2026,183660,FaelCompany,AF - BRUNO FOSTER,"5,26","0,6",0," R$  5,86 ","89,76%","10,24%","0,00%",NLH,"-26,3"
11/05/2026,185503,mmmaschio,AF - BRUNO FOSTER,0,0,0, R$  -   ,,,,NLH,0
11/05/2026,178109,kawehzin,AF - BRUNO FOSTER,0,0,"11,58"," R$  11,58 ","0,00%","0,00%","100,00%",PLO6,-42
11/05/2026,175736,jokerlouco777,AF - BRUNO FOSTER,0,"0,1",0," R$  0,10 ","0,00%","100,00%","0,00%",MTT,-1
11/05/2026,176359,dendele 2,AF - BRUNO FOSTER,0,0,0, R$  -   ,,,,NLH,0
11/05/2026,177054,Trafalgar Law,AF - BRUNO FOSTER,0,2,0," R$  2,00 ","0,00%","100,00%","0,00%",MTT,-20
11/05/2026,135561,Modetec,AF - BRUNO FOSTER,0,0,0, R$  -   ,,,,NLH,0
11/05/2026,184733,pix184733,AF - BRUNO FOSTER,0,0,0, R$  -   ,,,,NLH,0
11/05/2026,182597,pix182597,AF - BRUNO FOSTER,"0,69",0,"1,12"," R$  1,81 ","38,12%","0,00%","61,88%",PLO6,-35
11/05/2026,145871,Aposentado ??,AF - BRUNO FOSTER,0,32,0," R$  32,00 ","0,00%","100,00%","0,00%",MTT,-240
11/05/2026,193379,pix193379,AF - TRAF. BRUNO F.,0,"2,4",0," R$  2,40 ","0,00%","100,00%","0,00%",MTT,-24
11/05/2026,192934,pix192934,AF - TRAF. BRUNO F.,0,0,0, R$  -   ,,,,NLH,0
11/05/2026,192961,pix192961,AF - TRAF. BRUNO F.,0,"2,5","400,11"," R$  402,61 ","0,00%","0,62%","99,38%",PLO6,17
11/05/2026,189242,LekoTR,AF - TRAF. BRUNO F.,0,0,"3,79"," R$  3,79 ","0,00%","0,00%","100,00%",PLO6,-40
11/05/2026,193479,pix193479,AF - TRAF. BRUNO F.,"1,21","1,2",0," R$  2,41 ","50,21%","49,79%","0,00%",NLH,"-4,03"
11/05/2026,191465,MynssenAA,AF - TRAF. BRUNO F.,0,0,0, R$  -   ,,,,NLH,0
11/05/2026,187927,herdeiro,AF - TRAF. BRUNO F.,"0,67",0,0," R$  0,67 ","100,00%","0,00%","0,00%",NLH,-12
11/05/2026,194094,pix194094,AF - TRAF. BRUNO F.,0,1,0," R$  1,00 ","0,00%","100,00%","0,00%",MTT,0
11/05/2026,192441,Guuuh1000,AF - TRAF. BRUNO F.,"22,9","41,7","91,32"," R$  155,92 ","14,69%","26,74%","58,57%",PLO6,"-271,71"
11/05/2026,192191,Jilozera,AF - TRAF. BRUNO F.,"1,56","0,5",0," R$  2,06 ","75,73%","24,27%","0,00%",NLH,"24,58"
11/05/2026,192354,CHORA.bb,AF - TRAF. BRUNO F.,"9,07",0,0," R$  9,07 ","100,00%","0,00%","0,00%",NLH,-81
11/05/2026,188027,meu bilu-bilu,AF - TRAF. BRUNO F.,0,0,0, R$  -   ,,,,NLH,0
11/05/2026,193596,passamai,AF - TRAF. BRUNO F.,"9,3","4,4",0," R$  13,70 ","67,88%","32,12%","0,00%",NLH,"-5,18"
11/05/2026,130726,Douglas Pablo,AF - TRAF. BRUNO F.,0,0,"2,07"," R$  2,07 ","0,00%","0,00%","100,00%",PLO6,"-15,68"
11/05/2026,193642,pix193642,AF - TRAF. BRUNO F.,"3,69",0,0," R$  3,69 ","100,00%","0,00%","0,00%",NLH,"44,58"
11/05/2026,188916,g.ferreira,AF - TRAF. BRUNO F.,0,0,0, R$  -   ,,,,NLH,0
11/05/2026,192178,As7,AF - TRAF. BRUNO F.,3,0,0," R$  3,00 ","100,00%","0,00%","0,00%",NLH,-10
11/05/2026,193548,Ma2ponto0,AF - TRAF. BRUNO F.,0,0,0, R$  -   ,,,,NLH,0
11/05/2026,172458,radar55,AF - TRAF. BRUNO F.,0,0,"3,93"," R$  3,93 ","0,00%","0,00%","100,00%",PLO6,-15
11/05/2026,188742,JALVESPOKER,AF - TRAF. BRUNO F.,0,"0,8",0," R$  0,80 ","0,00%","100,00%","0,00%",MTT,-8
11/05/2026,124365,??cuidado??,AF - NHONHO,0,0,"487,57"," R$  487,57 ","0,00%","0,00%","100,00%",PLO6,"-218,54"
11/05/2026,123480,SapongaFC,AF - NHONHO,0,0,0, R$  -   ,,,,NLH,0
11/05/2026,147619,Luffygear4,AF - NHONHO,0,0,"271,05"," R$  271,05 ","0,00%","0,00%","100,00%",PLO6,"-74,58"
11/05/2026,120841,NHONHOj6,AF - NHONHO,0,20,"1536,66"," R$  1.556,66 ","0,00%","1,28%","98,72%",PLO6,"-1346,98"
11/05/2026,128731,SPIGA,AF - NHONHO,0,0,"254,42"," R$  254,42 ","0,00%","0,00%","100,00%",PLO6,"-1230,21"
11/05/2026,122587,pix122587,AF - NHONHO,0,0,"327,29"," R$  327,29 ","0,00%","0,00%","100,00%",PLO6,"-978,66"
11/05/2026,106868,Mounnjaro,AF - NHONHO,0,"5,85","451,4"," R$  457,25 ","0,00%","1,28%","98,72%",PLO6,"3167,13"
11/05/2026,147208,pix147208,AF - NHONHO,0,0,0, R$  -   ,,,,NLH,0
11/05/2026,137589,MH22,AF - BOLEIROS BRAS,"13,43","10,8",0," R$  24,23 ","55,43%","44,57%","0,00%",NLH,"-227,54"
11/05/2026,110584,black,AF - BOLEIROS BRAS,0,0,"565,89"," R$  565,89 ","0,00%","0,00%","100,00%",PLO6,"568,3"
11/05/2026,140297,TOIC?,AF - ENIO,"85,74","2,3","14,92"," R$  102,96 ","83,28%","2,23%","14,49%",NLH,-372
11/05/2026,102200,Odete Roitman ?,AF - ENIO,0,20,"3,35"," R$  23,35 ","0,00%","85,65%","14,35%",MTT,-271
11/05/2026,158679,Medeiros CPA,AF - ENIO,0,"0,3",0," R$  0,30 ","0,00%","100,00%","0,00%",MTT,"-1,4"
11/05/2026,120989,X-Flame,AF - ENIO,"21,55",0,0," R$  21,55 ","100,00%","0,00%","0,00%",NLH,"-157,15"
11/05/2026,116070,Bergkamp,AF - ENIO,0,"6,4",0," R$  6,40 ","0,00%","100,00%","0,00%",MTT,"87,95"
11/05/2026,137597,Rurouni_Kenshin,AF - ENIO,0,0,"66,3"," R$  66,30 ","0,00%","0,00%","100,00%",PLO6,"-316,42"
11/05/2026,111006,pix111006,AF - ENIO,"0,29",0,0," R$  0,29 ","100,00%","0,00%","0,00%",NLH,-4
11/05/2026,145008,CAPS,AF - AMOR DE PESSOA,"692,13",60,"4,48"," R$  756,61 ","91,48%","7,93%","0,59%",NLH,"-2080,78"
11/05/2026,126476,o gaiato!,AF - AMOR DE PESSOA,0,"110,9","13,63"," R$  124,53 ","0,00%","89,05%","10,95%",MTT,"-1369,86"
11/05/2026,140316,pocoyogay,AF - AMOR DE PESSOA,0,"1,2","35,73"," R$  36,93 ","0,00%","3,25%","96,75%",PLO6,"106,83"
11/05/2026,120038,pix120038,AF - AMOR DE PESSOA,0,0,"325,9"," R$  325,90 ","0,00%","0,00%","100,00%",PLO6,"788,07"
11/05/2026,127823,pix127823,AF - AMOR DE PESSOA,0,0,0, R$  -   ,,,,NLH,0
11/05/2026,164324,NerdSilva,AF - BRENO BIGNARD,"6,01",0,0," R$  6,01 ","100,00%","0,00%","0,00%",NLH,"-121,03"
11/05/2026,179068,chicogolinha,AF - BRENO BIGNARD,"94,55","21,45","0,61"," R$  116,61 ","81,08%","18,39%","0,52%",NLH,-29
11/05/2026,183300,gbala380,AF - BRENO BIGNARD,"2,94",0,0," R$  2,94 ","100,00%","0,00%","0,00%",NLH,"-19,72"
11/05/2026,162915,Marinheiro??,AF - BRENO BIGNARD,"18,77",0,0," R$  18,77 ","100,00%","0,00%","0,00%",NLH,"-7,51"
11/05/2026,164244,neguinho do gás,AF - BRENO BIGNARD,"110,68",0,"2,38"," R$  113,06 ","97,89%","0,00%","2,11%",NLH,"-369,89"
11/05/2026,171258,Washigton Salles,AF - BRENO BIGNARD,"66,75","13,5",0," R$  80,25 ","83,18%","16,82%","0,00%",NLH,"528,16"
11/05/2026,190294,harrypotter,AF - BRENO BIGNARD,0,"64,9",0," R$  64,90 ","0,00%","100,00%","0,00%",MTT,"-431,96"
11/05/2026,171202,jhony@AK,AF - BRENO BIGNARD,0,0,"161,94"," R$  161,94 ","0,00%","0,00%","100,00%",PLO6,-1500
11/05/2026,111575,TH4N0S,AF - BRENO BIGNARD,"454,96",97,"27,3"," R$  579,26 ","78,54%","16,75%","4,71%",NLH,"60,46"
11/05/2026,164986,Jacaré va pra casa,AF - BRENO BIGNARD,0,0,"65,86"," R$  65,86 ","0,00%","0,00%","100,00%",PLO6,-304
11/05/2026,194954,AA?,AF - BRENO BIGNARD,"72,48","0,1","180,79"," R$  253,37 ","28,61%","0,04%","71,35%",PLO6,"-1236,18"
11/05/2026,174130,pix00001,AF - BRENO BIGNARD,"237,98","1,1",0," R$  239,08 ","99,54%","0,46%","0,00%",NLH,"986,49"
11/05/2026,158010,bazucaaa,AF - BRENO BIGNARD,"32,09",0,"6,77"," R$  38,86 ","82,58%","0,00%","17,42%",NLH,-50
11/05/2026,171469,PX 1986RN,AF - BRENO BIGNARD,"162,41",0,0," R$  162,41 ","100,00%","0,00%","0,00%",NLH,"686,78"
11/05/2026,192998,pix192998,AF - BRENO BIGNARD,"155,95",0,0," R$  155,95 ","100,00%","0,00%","0,00%",NLH,"-403,95"
11/05/2026,180225,deus e bom,AF - BRENO BIGNARD,"29,39","25,7","13,94"," R$  69,03 ","42,58%","37,23%","20,19%",NLH,-336
11/05/2026,149811,bezerro,AF - BRENO BIGNARD,"64,3",0,"5,5"," R$  69,80 ","92,12%","0,00%","7,88%",NLH,"-482,52"
11/05/2026,170702,Depay,AF - BRENO BIGNARD,0,"0,6",0," R$  0,60 ","0,00%","100,00%","0,00%",MTT,"27,25"
11/05/2026,135743,piotr,AF - BRENO BIGNARD,"12,83","23,6",0," R$  36,43 ","35,22%","64,78%","0,00%",MTT,-126
11/05/2026,151380,Zinedine,AF - BRENO BIGNARD,0,1,0," R$  1,00 ","0,00%","100,00%","0,00%",MTT,0
11/05/2026,172367,flaviobolsonaroooooo,AF - BRENO BIGNARD,"1,3","23,84",0," R$  25,14 ","5,17%","94,83%","0,00%",MTT,"-149,95"
11/05/2026,160617,pix160617,AF - BRENO BIGNARD,"91,89",0,0," R$  91,89 ","100,00%","0,00%","0,00%",NLH,"-119,43"
11/05/2026,178930,Beto Barbosa,AF - BRENO BIGNARD,"7,06",0,"0,25"," R$  7,31 ","96,58%","0,00%","3,42%",NLH,-4
11/05/2026,133213,Rafael2,AF - BRENO BIGNARD,0,"0,1",0," R$  0,10 ","0,00%","100,00%","0,00%",MTT,"-0,23"
11/05/2026,182244,TiiBilu1010,AF - BRENO BIGNARD,"20,34","2,5","324,99"," R$  347,83 ","5,85%","0,72%","93,43%",PLO6,"136,09"
11/05/2026,182598,allanzinho91,AF - BRENO BIGNARD,"115,15","48,06",0," R$  163,21 ","70,55%","29,45%","0,00%",NLH,"496,21"
11/05/2026,165289,WilkerUzl,AF - BRENO BIGNARD,0,0,"187,36"," R$  187,36 ","0,00%","0,00%","100,00%",PLO6,"-557,27"
11/05/2026,131569,Gilsão,AF - BRENO BIGNARD,0,"23,6",0," R$  23,60 ","0,00%","100,00%","0,00%",MTT,-236
11/05/2026,172891,tecomeu,AF - BRENO BIGNARD,0,75,"9,95"," R$  84,95 ","0,00%","88,29%","11,71%",MTT,"-660,84"
11/05/2026,179880,raymene,AF - BRENO BIGNARD,47,"6,25","2,22"," R$  55,47 ","84,73%","11,27%","4,00%",NLH,"15,14"
11/05/2026,178308,nicolauuu,AF - BRENO BIGNARD,"5,52",0,0," R$  5,52 ","100,00%","0,00%","0,00%",NLH,-92
11/05/2026,173765,tartaruga ?,AF - BRENO BIGNARD,"9,57",0,0," R$  9,57 ","100,00%","0,00%","0,00%",NLH,37
11/05/2026,171011,NETOGRAVACOES,AF - BRENO BIGNARD,"16,15",0,0," R$  16,15 ","100,00%","0,00%","0,00%",NLH,"64,63"
11/05/2026,162860,pix162860,AF - BRENO BIGNARD,0,0,"1,4"," R$  1,40 ","0,00%","0,00%","100,00%",PLO6,-10
11/05/2026,188467,TheNerdXama,AF - BRENO BIGNARD,"39,36",13,0," R$  52,36 ","75,17%","24,83%","0,00%",NLH,"-139,33"
11/05/2026,162179,pedro.,AF - BRENO BIGNARD,"3,12",0,"6,49"," R$  9,61 ","32,47%","0,00%","67,53%",PLO6,"-17,83"
11/05/2026,192162,pix192162,AF - BRENO BIGNARD,"0,14",0,0," R$  0,14 ","100,00%","0,00%","0,00%",NLH,"-2,28"
11/05/2026,170609,Abrantesuzl,AF - BRENO BIGNARD,"0,52",0,0," R$  0,52 ","100,00%","0,00%","0,00%",NLH,-8
11/05/2026,148236,BlackPhanton??,AF - ENRICO,0,"0,8",0," R$  0,80 ","0,00%","100,00%","0,00%",MTT,-8
11/05/2026,149252,kjmc-AL,AF - ENRICO,0,"6,4",0," R$  6,40 ","0,00%","100,00%","0,00%",MTT,"108,4"
11/05/2026,153916,Xandovysk,AF - FABIO MURAKAMI,0,2,0," R$  2,00 ","0,00%","100,00%","0,00%",MTT,"-14,4"
11/05/2026,172138,Russia,AF - FABIO MURAKAMI,"77,33",0,0," R$  77,33 ","100,00%","0,00%","0,00%",NLH,"411,79"
11/05/2026,163679,Leo 73,AF - FABIO MURAKAMI,0,"0,3",0," R$  0,30 ","0,00%","100,00%","0,00%",MTT,"14,23"
11/05/2026,148598,aabb,AF - FABIO MURAKAMI,0,"15,4","14,01"," R$  29,41 ","0,00%","52,36%","47,64%",MTT,"-180,8"
11/05/2026,147416,aqui acabou apokao,AF - FABIO MURAKAMI,0,"80,7","167,68"," R$  248,38 ","0,00%","32,49%","67,51%",PLO6,"-652,83"
11/05/2026,144307,AANTONIOE,AF - FABIO MURAKAMI,"0,21","11,4",0," R$  11,61 ","1,81%","98,19%","0,00%",MTT,"-112,2"
11/05/2026,158904,SHARON??,AF - FABIO MURAKAMI,0,"92,84","36,5"," R$  129,34 ","0,00%","71,78%","28,22%",MTT,"510,69"
11/05/2026,130042,FabioK9,AF - FABIO MURAKAMI,0,"14,8","49,28"," R$  64,08 ","0,00%","23,10%","76,90%",PLO6,"215,98"
11/05/2026,160733,TheKing92,AF - FABIO MURAKAMI,0,"46,7",0," R$  46,70 ","0,00%","100,00%","0,00%",MTT,"36,67"
11/05/2026,163793,SHEIIK,AF - FABIO MURAKAMI,0,3,0," R$  3,00 ","0,00%","100,00%","0,00%",MTT,"-18,39"
11/05/2026,144953,Oliveir 46,AF - FABIO MURAKAMI,0,"0,7",0," R$  0,70 ","0,00%","100,00%","0,00%",MTT,-7
11/05/2026,182047,joventralha1,AF - FABIO MURAKAMI,0,5,0," R$  5,00 ","0,00%","100,00%","0,00%",MTT,-50
11/05/2026,146545,Patativover,AF - FABIO MURAKAMI,0,"36,2",0," R$  36,20 ","0,00%","100,00%","0,00%",MTT,-392
11/05/2026,127292,ErroPotte,AF - FABIO MURAKAMI,0,73,0," R$  73,00 ","0,00%","100,00%","0,00%",MTT,"142,88"
11/05/2026,158714,JohnWickk,AF - FABIO MURAKAMI,0,"0,5",0," R$  0,50 ","0,00%","100,00%","0,00%",MTT,-5
11/05/2026,135647,Bulldogs,AF - FABIO MURAKAMI,0,"28,1",0," R$  28,10 ","0,00%","100,00%","0,00%",MTT,-281
11/05/2026,157957,Diogo posture,AF - MARKETING,"0,45","1,6",0," R$  2,05 ","21,95%","78,05%","0,00%",MTT,-24
11/05/2026,155555,Alustau,AF - MARKETING,0,0,"0,22"," R$  0,22 ","0,00%","0,00%","100,00%",PLO6,-4
11/05/2026,176410,GJCruz,AF - MARKETING,0,0,0, R$  -   ,,,,NLH,0
11/05/2026,186297,Joda,AF - MARKETING,0,"4,2",0," R$  4,20 ","0,00%","100,00%","0,00%",MTT,"-36,73"
11/05/2026,157560,cachorro,AF - MARKETING,"14,74",0,"297,81"," R$  312,55 ","4,72%","0,00%","95,28%",PLO6,"-492,8"
11/05/2026,171907,zeus?,AF - MARKETING,0,0,"246,71"," R$  246,71 ","0,00%","0,00%","100,00%",PLO6,-641
11/05/2026,156346,kxa28,AF - MARKETING,0,"83,95",0," R$  83,95 ","0,00%","100,00%","0,00%",MTT,"156,39"
11/05/2026,100240,Abacatudo,AF - MARKETING,0,"2,8","91,23"," R$  94,03 ","0,00%","2,98%","97,02%",PLO6,"-198,81"
11/05/2026,156809,AL ?,AF - MARKETING,0,0,"7,62"," R$  7,62 ","0,00%","0,00%","100,00%",PLO6,-12
11/05/2026,160843,DaColombia??,AF - MARKETING,0,"1,6","1,52"," R$  3,12 ","0,00%","51,28%","48,72%",MTT,0
11/05/2026,169786,Aluci,AF - MARKETING,0,"12,8","60,79"," R$  73,59 ","0,00%","17,39%","82,61%",PLO6,"28,4"
11/05/2026,170934,Monstro sagrado,AF - MARKETING,"8,8","13,35","6,57"," R$  28,72 ","30,64%","46,48%","22,88%",MTT,"270,45"
11/05/2026,156209,calvin88,AF - MARKETING,0,40,"139,64"," R$  179,64 ","0,00%","22,27%","77,73%",PLO6,-810
11/05/2026,179178,akazin27,AF - MARKETING,0,0,"237,89"," R$  237,89 ","0,00%","0,00%","100,00%",PLO6,"-537,26"
11/05/2026,174963,Haycar,AF - MARKETING,0,0,"47,62"," R$  47,62 ","0,00%","0,00%","100,00%",PLO6,"102,24"
11/05/2026,166745,Joaosnow,AF - MARKETING,0,"10,1",0," R$  10,10 ","0,00%","100,00%","0,00%",MTT,-101
11/05/2026,124675,tsousa,AF - MARKETING,0,1,0," R$  1,00 ","0,00%","100,00%","0,00%",MTT,0
11/05/2026,174738,the best,AF - MARKETING,0,0,"193,25"," R$  193,25 ","0,00%","0,00%","100,00%",PLO6,"556,09"
11/05/2026,102930,pix102930,AF - MARKETING,0,"265,1",0," R$  265,10 ","0,00%","100,00%","0,00%",MTT,"408,23"
11/05/2026,144175,DexterM,AF - MARKETING,0,0,0, R$  -   ,,,,NLH,0
11/05/2026,171090,Gu_Abrahão,AF - MARKETING,0,"2,4",0," R$  2,40 ","0,00%","100,00%","0,00%",MTT,-24
11/05/2026,157052,winnikes,AF - MARKETING,0,"77,2",0," R$  77,20 ","0,00%","100,00%","0,00%",MTT,"-15,27"
11/05/2026,157442,bolacha,AF - MARKETING,0,"39,3",0," R$  39,30 ","0,00%","100,00%","0,00%",MTT,"33,04"
11/05/2026,172775,pix172775,AF - MARKETING,"989,87",0,"410,93"," R$  1.400,80 ","70,66%","0,00%","29,34%",NLH,"198,32"
11/05/2026,100709,DITOX,AF - MARKETING,0,"221,8",0," R$  221,80 ","0,00%","100,00%","0,00%",MTT,"-197,94"
11/05/2026,185326,SBRN,AF - MARKETING,0,"4,5",0," R$  4,50 ","0,00%","100,00%","0,00%",MTT,-45
11/05/2026,179579,Linopraxedes,AF - MARKETING,0,42,0," R$  42,00 ","0,00%","100,00%","0,00%",MTT,-420
11/05/2026,157465,Pikitin,AF - MARKETING,0,"5,8",0," R$  5,80 ","0,00%","100,00%","0,00%",MTT,-58
11/05/2026,102483,Ronier V,AF - MARKETING,0,0,"1,75"," R$  1,75 ","0,00%","0,00%","100,00%",PLO6,-13
11/05/2026,146204,Mia colute,AF - MARKETING,0,0,"107,1"," R$  107,10 ","0,00%","0,00%","100,00%",PLO6,129
11/05/2026,171197,luandersonjac,AF - MARKETING,0,0,"5,82"," R$  5,82 ","0,00%","0,00%","100,00%",PLO6,-47
11/05/2026,130211,udacmota,AF - MARKETING,0,"32,5",0," R$  32,50 ","0,00%","100,00%","0,00%",MTT,-325
11/05/2026,145442,bayma,AF - MARKETING,0,0,"72,22"," R$  72,22 ","0,00%","0,00%","100,00%",PLO6,"-254,56"
11/05/2026,116027,Marinho07,AF - MARKETING,0,0,0, R$  -   ,,,,NLH,0
11/05/2026,162931,coroa da lancha,AF - MARKETING,0,"9,6",0," R$  9,60 ","0,00%","100,00%","0,00%",MTT,-96
11/05/2026,133124,I.Oliveira,AF - MARKETING,0,1,"14,33"," R$  15,33 ","0,00%","6,52%","93,48%",PLO6,-56
11/05/2026,162122,K.Luna,AF - MARKETING,0,"3,2",0," R$  3,20 ","0,00%","100,00%","0,00%",MTT,-32
11/05/2026,131753,egoísta,AF - MARKETING,0,"33,85",0," R$  33,85 ","0,00%","100,00%","0,00%",MTT,"-110,75"
11/05/2026,153229,bencinha,AF - MARKETING,0,0,"175,01"," R$  175,01 ","0,00%","0,00%","100,00%",PLO6,"-1258,05"
11/05/2026,167530,pfson,AF - MARKETING,"2,13","15,1",0," R$  17,23 ","12,36%","87,64%","0,00%",MTT,"-80,28"
11/05/2026,157694,guitaborda88,AF - MARKETING,0,0,0, R$  -   ,,,,NLH,"2,31"
11/05/2026,168163,Micael Rafles,AF - MARKETING,0,"3,74",0," R$  3,74 ","0,00%","100,00%","0,00%",MTT,"116,23"
11/05/2026,155342,dudubzr,AF - MARKETING,0,0,"160,55"," R$  160,55 ","0,00%","0,00%","100,00%",PLO6,"113,07"
11/05/2026,144889,NaMalda.,AF - MARKETING,0,"3,5",0," R$  3,50 ","0,00%","100,00%","0,00%",MTT,-35
11/05/2026,159041,silverio,AF - MARKETING,0,0,"1,95"," R$  1,95 ","0,00%","0,00%","100,00%",PLO6,-20
11/05/2026,144330,????,AF - MARKETING,"0,07",0,"27,02"," R$  27,09 ","0,26%","0,00%","99,74%",PLO6,-124
11/05/2026,195995,pix195995,AF - MARKETING,0,0,"1271,18"," R$  1.271,18 ","0,00%","0,00%","100,00%",PLO6,"1330,07"
11/05/2026,170437,JumpeR,AF - MARKETING,"11,21","1,2",0," R$  12,41 ","90,33%","9,67%","0,00%",NLH,"-49,23"
11/05/2026,172857,julioAA,AF - MARKETING,"12,92",0,"0,28"," R$  13,20 ","97,88%","0,00%","2,12%",NLH,-34
11/05/2026,173885,TCHATCHA,AF - MARKETING,0,"19,2",0," R$  19,20 ","0,00%","100,00%","0,00%",MTT,-182
11/05/2026,142266,backclbo,AF - MARKETING,0,"48,7",0," R$  48,70 ","0,00%","100,00%","0,00%",MTT,"-405,64"
11/05/2026,157049,frango666,AF - MARKETING,0,"21,2",0," R$  21,20 ","0,00%","100,00%","0,00%",MTT,-204
11/05/2026,172165,samuelsales,AF - MARKETING,0,0,"76,97"," R$  76,97 ","0,00%","0,00%","100,00%",PLO6,"703,33"
11/05/2026,141690,jjuniorlira,AF - MARKETING,0,0,"13,89"," R$  13,89 ","0,00%","0,00%","100,00%",PLO6,-210
11/05/2026,101923,Jake,AF - MARKETING,"6,75","5,9",0," R$  12,65 ","53,36%","46,64%","0,00%",NLH,-94
11/05/2026,169327,GeMare,AF - MARKETING,0,"1,2",0," R$  1,20 ","0,00%","100,00%","0,00%",MTT,"-25,76"
11/05/2026,129552,MeuMAAlvado,AF - MARKETING,0,"82,5",0," R$  82,50 ","0,00%","100,00%","0,00%",MTT,90
11/05/2026,172040,layon12,AF - MARKETING,0,0,"57,47"," R$  57,47 ","0,00%","0,00%","100,00%",PLO6,-369
11/05/2026,175198,SOATEREZA,AF - MARKETING,0,52,0," R$  52,00 ","0,00%","100,00%","0,00%",MTT,81
11/05/2026,195997,pestebranca,AF - MARKETING,0,52,0," R$  52,00 ","0,00%","100,00%","0,00%",MTT,27
11/05/2026,174022,S.P.Clube,AF - MARKETING,0,19,0," R$  19,00 ","0,00%","100,00%","0,00%",MTT,-190
11/05/2026,171183,véio do pocker,AF - MARKETING,"5,45",0,"10,27"," R$  15,72 ","34,67%","0,00%","65,33%",PLO6,-25
11/05/2026,175876,BATMAN HONEY HONEY,AF - MARKETING,0,0,"5,96"," R$  5,96 ","0,00%","0,00%","100,00%",PLO6,-30
11/05/2026,132148,star??,AF - MARKETING,0,30,"1953,01"," R$  1.983,01 ","0,00%","1,51%","98,49%",PLO6,"55,81"
11/05/2026,178010,BruxOscar,AF - MARKETING,0,0,"19,37"," R$  19,37 ","0,00%","0,00%","100,00%",PLO6,-220
11/05/2026,100537,Zebrano,AF - MARKETING,0,40,"69,96"," R$  109,96 ","0,00%","36,38%","63,62%",PLO6,-1501
11/05/2026,193262,cafezito,AF - RAFAEL MENEZES,"21,07",3,0," R$  24,07 ","87,54%","12,46%","0,00%",NLH,-112
11/05/2026,180730,Wanessa,AF - RAFAEL MENEZES,0,"2,4",0," R$  2,40 ","0,00%","100,00%","0,00%",MTT,"-10,11"
11/05/2026,127736,LAPAPODS,AF - RAFAEL MENEZES,0,"2,5","353,93"," R$  356,43 ","0,00%","0,70%","99,30%",PLO6,"-661,88"
11/05/2026,185010,ISAACcc,AF - RAFAEL MENEZES,0,"70,39","28,94"," R$  99,33 ","0,00%","70,86%","29,14%",MTT,"-91,74"
11/05/2026,174141,55 é nuts,AF - RAFAEL MENEZES,0,"37,5","44,23"," R$  81,73 ","0,00%","45,88%","54,12%",PLO6,"-302,18"
11/05/2026,124326,Kabula_13,AF - RAFAEL MENEZES,"14,53",0,"8,82"," R$  23,35 ","62,23%","0,00%","37,77%",NLH,"128,27"
11/05/2026,146449,Sem flertar AA,AF - RAFAEL MENEZES,"42,84","23,16","51,86"," R$  117,86 ","36,35%","19,65%","44,00%",PLO6,-244
11/05/2026,125347,Padre Gato,AF - RAFAEL MENEZES,0,0,"228,38"," R$  228,38 ","0,00%","0,00%","100,00%",PLO6,"-228,86"
11/05/2026,194046,JM AA,AF - RAFAEL MENEZES,0,0,"6,62"," R$  6,62 ","0,00%","0,00%","100,00%",PLO6,-32
11/05/2026,111960,adivinha,AF - RAFAEL MENEZES,0,"31,1","77,52"," R$  108,62 ","0,00%","28,63%","71,37%",PLO6,"110,91"
11/05/2026,159869,Lá e Loa ?,AF - RAFAEL MENEZES,"4,98","41,6",0," R$  46,58 ","10,69%","89,31%","0,00%",MTT,"-57,51"
11/05/2026,174154,Pé palmado,AF - RAFAEL MENEZES,0,"0,5","1,97"," R$  2,47 ","0,00%","20,24%","79,76%",PLO6,-34
11/05/2026,134454,1%deitm,AF - RAFAEL MENEZES,"4,51","19,2","10,2"," R$  33,91 ","13,30%","56,62%","30,08%",MTT,-204
11/05/2026,113106,Ademar,AF - RAFAEL MENEZES,"297,62","10,1","14,92"," R$  322,64 ","92,25%","3,13%","4,62%",NLH,"-156,24"
11/05/2026,127609,Andreza Marques,AF - RAFAEL MENEZES,"26,08",5,"7,6"," R$  38,68 ","67,43%","12,93%","19,65%",NLH,"-240,17"
11/05/2026,144311,Robson#@,AF - RAFAEL MENEZES,"1,54","13,44",0," R$  14,98 ","10,28%","89,72%","0,00%",MTT,"-93,04"
11/05/2026,158491,ALAZÃO GOL G5,AF - RAFAEL MENEZES,"10,79","172,9","8,53"," R$  192,22 ","5,61%","89,95%","4,44%",MTT,602
11/05/2026,132226,mirassol.fc,AF - RAFAEL MENEZES,"0,72","2,2","13,17"," R$  16,09 ","4,47%","13,67%","81,85%",PLO6,30
11/05/2026,181789,Epson Júnior,AF - RAFAEL MENEZES,0,0,0, R$  -   ,,,,NLH,0
11/05/2026,132222,Xp zero02,AF - RAFAEL MENEZES,0,"23,6",0," R$  23,60 ","0,00%","100,00%","0,00%",MTT,"275,33"
11/05/2026,104627,?MeninoNeyNaCopa,AF - RAFAEL MENEZES,0,"35,8",0," R$  35,80 ","0,00%","100,00%","0,00%",MTT,"51,99"
11/05/2026,164248,D1EG0,AF - RAFAEL MENEZES,0,"8,9",0," R$  8,90 ","0,00%","100,00%","0,00%",MTT,-89
11/05/2026,184999,Balovisk,AF - RAFAEL MENEZES,0,"6,4",0," R$  6,40 ","0,00%","100,00%","0,00%",MTT,"43,39"
11/05/2026,109128,tomeeei,AF - RAFAEL MENEZES,"1,11","32,4","61,03"," R$  94,54 ","1,17%","34,27%","64,55%",PLO6,-626
11/05/2026,164687,PatrickCWB,AF - RAFAEL MENEZES,0,0,0, R$  -   ,,,,NLH,0
11/05/2026,157702,HomerLimpsonn,AF - RAFAEL MENEZES,0,"4,7",0," R$  4,70 ","0,00%","100,00%","0,00%",MTT,-47
11/05/2026,151946,Maracajá,AF - RAFAEL MENEZES,"14,65",0,0," R$  14,65 ","100,00%","0,00%","0,00%",NLH,"-61,98"
11/05/2026,151458,PontoCego,AF - RAFAEL MENEZES,0,"34,24",0," R$  34,24 ","0,00%","100,00%","0,00%",MTT,"406,84"
11/05/2026,134797,FoldarPraQ,AF - RAFAEL MENEZES,0,0,"7,62"," R$  7,62 ","0,00%","0,00%","100,00%",PLO6,-100
11/05/2026,146614,Zunim zoião,AF - RAFAEL MENEZES,0,0,0, R$  -   ,,,,NLH,0
11/05/2026,179215,ChavesCWB,AF - RAFAEL MENEZES,0,0,0, R$  -   ,,,,NLH,0
11/05/2026,104665,Lima2115,AF - RAFAEL MENEZES,0,0,"2,76"," R$  2,76 ","0,00%","0,00%","100,00%",PLO6,"-14,6"
11/05/2026,151678,guijucca,AF - RAFAEL MENEZES,0,"1,6","54,62"," R$  56,22 ","0,00%","2,85%","97,15%",PLO6,-49
11/05/2026,136124,JOG??,AF - RAFAEL MENEZES,"4,27",0,0," R$  4,27 ","100,00%","0,00%","0,00%",NLH,-20
11/05/2026,141530,MADDA,AF - RAFAEL MENEZES,0,0,"24,94"," R$  24,94 ","0,00%","0,00%","100,00%",PLO6,"-3,66"
11/05/2026,168914,Laranjão,AF - RAFAEL MENEZES,"1,82",0,0," R$  1,82 ","100,00%","0,00%","0,00%",NLH,"30,07"
11/05/2026,183209,manjuba 09,AF - DAYVISSOM,0,0,"132,36"," R$  132,36 ","0,00%","0,00%","100,00%",PLO6,"-507,53"
11/05/2026,100508,luizinhodoido,AF - DAYVISSOM,0,0,"311,45"," R$  311,45 ","0,00%","0,00%","100,00%",PLO6,"-526,24"
11/05/2026,170065,MacielBet,AF - DAYVISSOM,0,"48,3","234,69"," R$  282,99 ","0,00%","17,07%","82,93%",PLO6,"-724,06"
11/05/2026,102150,pix102150,AF - DAYVISSOM,"2,3","0,5","4,96"," R$  7,76 ","29,64%","6,44%","63,92%",PLO6,-40
11/05/2026,100624,Reybingo,AF - DAYVISSOM,0,"236,4","54,71"," R$  291,11 ","0,00%","81,21%","18,79%",MTT,"-377,8"
11/05/2026,100435,pix100435,AF - DAYVISSOM,0,"6,4","109,34"," R$  115,74 ","0,00%","5,53%","94,47%",PLO6,"-532,33"
11/05/2026,151434,J H P,AF - DAYVISSOM,"23,83",0,"22,38"," R$  46,21 ","51,57%","0,00%","48,43%",NLH,"-117,58"
11/05/2026,104604,cleyton,AF - DAYVISSOM,0,0,"14,05"," R$  14,05 ","0,00%","0,00%","100,00%",PLO6,-80
11/05/2026,165655,pix165655,AF - DAYVISSOM,"4,36",0,"3,09"," R$  7,45 ","58,52%","0,00%","41,48%",NLH,"-37,82"
11/05/2026,151879,badbeat,CAMPANHA 1,"17,04","8,9","88,28"," R$  114,22 ","14,92%","7,79%","77,29%",PLO6,292
11/05/2026,169382,ÉoPessa,CAMPANHA 1,"1,61","2,2",0," R$  3,81 ","42,26%","57,74%","0,00%",MTT,"-34,79"
11/05/2026,162174,AAMAA,CAMPANHA 1,"5,91","0,1",0," R$  6,01 ","98,34%","1,66%","0,00%",NLH,"-36,48"
11/05/2026,163069,Fserra,CAMPANHA 1,"0,29",0,0," R$  0,29 ","100,00%","0,00%","0,00%",NLH,-4
11/05/2026,167342,Dantas.96,CAMPANHA 1,"0,91","2,4","21,19"," R$  24,50 ","3,71%","9,80%","86,49%",PLO6,"-105,73"
11/05/2026,167526,mandiocagaucha,CAMPANHA 1,0,"0,1","0,39"," R$  0,49 ","0,00%","20,41%","79,59%",PLO6,"2,09"
11/05/2026,185612,pix185612,CAMPANHA 1,0,1,"539,69"," R$  540,69 ","0,00%","0,18%","99,82%",PLO6,"-336,74"
11/05/2026,173626,pix173626,CAMPANHA 1,0,0,"519,97"," R$  519,97 ","0,00%","0,00%","100,00%",PLO6,-2640
11/05/2026,161754,Akhenatom,CAMPANHA 1,"1,48","3,8","48,62"," R$  53,90 ","2,75%","7,05%","90,20%",PLO6,"-78,07"
11/05/2026,162008,pix162008,CAMPANHA 1,"1,53",0,"1653,26"," R$  1.654,79 ","0,09%","0,00%","99,91%",PLO6,-9
11/05/2026,130461,8ito,CAMPANHA 1,"0,72","1,5",0," R$  2,22 ","32,43%","67,57%","0,00%",MTT,-23
11/05/2026,104971,0 maS be$tA,CAMPANHA 1,0,0,0, R$  -   ,,,,NLH,"0,73"
11/05/2026,145394,erlygameAA,CAMPANHA 1,"2,65","0,1",0," R$  2,75 ","96,36%","3,64%","0,00%",NLH,"-35,17"
11/05/2026,161295,dadopoker,CAMPANHA 1,0,0,0, R$  -   ,,,,NLH,0
11/05/2026,164351,pix164351,CAMPANHA 1,0,0,0, R$  -   ,,,,NLH,0
11/05/2026,177513,kaballah,CAMPANHA 1,"26,8",1,"3,76"," R$  31,56 ","84,92%","3,17%","11,91%",NLH,-200
11/05/2026,180921,vitoorx,CAMPANHA 1,0,"3,3",0," R$  3,30 ","0,00%","100,00%","0,00%",MTT,-33
11/05/2026,122839,willismael,CAMPANHA 1,0,0,0, R$  -   ,,,,NLH,0
11/05/2026,152970,ASOUTERROR,CAMPANHA 1,0,0,0, R$  -   ,,,,NLH,0
11/05/2026,166221,SR.MAATHEUS,CAMPANHA 1,0,0,0, R$  -   ,,,,NLH,0
11/05/2026,166567,KevinDe9,CAMPANHA 1,0,0,0, R$  -   ,,,,NLH,0
11/05/2026,174170,Costela_07,CAMPANHA 1,0,0,0, R$  -   ,,,,NLH,0
11/05/2026,174775,pix174775,CAMPANHA 1,0,0,0, R$  -   ,,,,NLH,0
11/05/2026,175644,Tilas-Key,CAMPANHA 1,0,0,0, R$  -   ,,,,NLH,0
11/05/2026,184940,Allex066,CAMPANHA 1,0,0,0, R$  -   ,,,,NLH,0
11/05/2026,191062,claytonpi,CAMPANHA 1,0,0,0, R$  -   ,,,,NLH,0
11/05/2026,192361,pix192361,CAMPANHA 1,0,0,0, R$  -   ,,,,NLH,0
11/05/2026,167918,Miltinho,CAMPANHA 1,0,0,0, R$  -   ,,,,NLH,"0,4"
11/05/2026,173723,JJon,CAMPANHA 1,0,25,"24,09"," R$  49,09 ","0,00%","50,93%","49,07%",MTT,-330
11/05/2026,186891,Andre f 16,CAMPANHA 1,0,"13,5","68,99"," R$  82,49 ","0,00%","16,37%","83,63%",PLO6,"-148,58"
11/05/2026,161716,supoker,CAMPANHA 1,0,0,0, R$  -   ,,,,NLH,0
11/05/2026,162219,virusTHC,CAMPANHA 1,0,"0,8",0," R$  0,80 ","0,00%","100,00%","0,00%",MTT,-8
11/05/2026,167263,zoyoz,CAMPANHA 1,0,0,0, R$  -   ,,,,NLH,0
11/05/2026,179192,Vemquetemembu,CAMPANHA 1,"0,89",0,0," R$  0,89 ","100,00%","0,00%","0,00%",NLH,-12
11/05/2026,179799,JUJUBA25,CAMPANHA 1,0,0,0, R$  -   ,,,,NLH,0
11/05/2026,176514,roots,CAMPANHA 1,0,"0,8",0," R$  0,80 ","0,00%","100,00%","0,00%",MTT,-8
11/05/2026,160919,Ana85,CAMPANHA 1,0,0,0, R$  -   ,,,,NLH,0
11/05/2026,192683,Faceless,CAMPANHA 1,0,0,"0,29"," R$  0,29 ","0,00%","0,00%","100,00%",PLO6,-4
11/05/2026,164709,vinicinho,CAMPANHA 1,0,0,0, R$  -   ,,,,NLH,0
11/05/2026,176871,ViniBaralhão,CAMPANHA 1,0,"0,1",0," R$  0,10 ","0,00%","100,00%","0,00%",MTT,-1
11/05/2026,163140,JOKER CRAZY,CAMPANHA 1,"2,72",0,"1,95"," R$  4,67 ","58,24%","0,00%","41,76%",NLH,22
11/05/2026,184190,RaufoJr.KJ,CAMPANHA 1,0,0,0, R$  -   ,,,,NLH,0
11/05/2026,195448,thiagotng,AF - RICARDO SEHNEM,"287,31",0,0," R$  287,31 ","100,00%","0,00%","0,00%",NLH,"-534,82"
11/05/2026,195694,CriadoPix,AF - RICARDO SEHNEM,"2,94",0,0," R$  2,94 ","100,00%","0,00%","0,00%",NLH,-50
11/05/2026,195527,Mestre723,AF - RICARDO SEHNEM,0,"0,5",0," R$  0,50 ","0,00%","100,00%","0,00%",MTT,-30
11/05/2026,144139,Underground.Noctis,AF - AX POKER CLUB,"0,35","2,7","34,91"," R$  37,96 ","0,92%","7,11%","91,97%",PLO6,"-278,7"
11/05/2026,137496,messi??,AF - AX POKER CLUB,"15,04","11,5",0," R$  26,54 ","56,67%","43,33%","0,00%",NLH,"63,59"
11/05/2026,152520,Jeronimooo,AF - AX POKER CLUB,0,1,0," R$  1,00 ","0,00%","100,00%","0,00%",MTT,"-8,48"
11/05/2026,154689,Carl Johnson,AF - AX POKER CLUB,0,0,0, R$  -   ,,,,NLH,0
11/05/2026,179681,offzz07,AF - AX POKER CLUB,0,0,0, R$  -   ,,,,NLH,0
11/05/2026,171613,CaboFela,AF - AX POKER CLUB,"0,01",0,"23,83"," R$  23,84 ","0,04%","0,00%","99,96%",PLO6,"-30,31"
11/05/2026,148660,bbs_wj,AF - AX POKER CLUB,"43,83","0,1",0," R$  43,93 ","99,77%","0,23%","0,00%",NLH,"-101,08"
11/05/2026,165456,Aruu,AF - AX POKER CLUB,0,0,0, R$  -   ,,,,NLH,0
11/05/2026,155964,rodttneto,AF - AX POKER CLUB,0,0,0, R$  -   ,,,,NLH,0
11/05/2026,144720,PSaraiva,AF - AX POKER CLUB,"1,19",1,"6,79"," R$  8,98 ","13,25%","11,14%","75,61%",PLO6,-76
11/05/2026,108106,carlinhosfec,AF - AX POKER CLUB,0,0,0, R$  -   ,,,,NLH,0
11/05/2026,179859,goec.math,AF - AX POKER CLUB,0,"1,5",0," R$  1,50 ","0,00%","100,00%","0,00%",MTT,-15
11/05/2026,153833,Guila38,AF - AX POKER CLUB,0,0,0, R$  -   ,,,,NLH,"1,33"
11/05/2026,148235,ElonNuts,AF - AX POKER CLUB,"7,46","4,5","2,34"," R$  14,30 ","52,17%","31,47%","16,36%",NLH,"-77,61"
11/05/2026,135299,s_mpoker,AF - AX POKER CLUB,0,0,0, R$  -   ,,,,NLH,"10,72"
11/05/2026,178685,Cruz.21,AF - AX POKER CLUB,"1,18",0,"2,58"," R$  3,76 ","31,38%","0,00%","68,62%",PLO6,"-100,54"
11/05/2026,194090,pix194090,AF - AX POKER CLUB,"12,17",0,0," R$  12,17 ","100,00%","0,00%","0,00%",NLH,"-79,67"
11/05/2026,135540,ELISEU,AF - AX POKER CLUB,"2,63","5,7",0," R$  8,33 ","31,57%","68,43%","0,00%",MTT,"40,39"
11/05/2026,140825,jonhalex,AF - AX POKER CLUB,0,44,0," R$  44,00 ","0,00%","100,00%","0,00%",MTT,-440
11/05/2026,179546,Raul Benevinuto,AF - AX POKER CLUB,0,8,0," R$  8,00 ","0,00%","100,00%","0,00%",MTT,-80
11/05/2026,149672,SACO DE BOI,AF - FERNANDO M.,0,"23,1",0," R$  23,10 ","0,00%","100,00%","0,00%",MTT,"109,39"
11/05/2026,148451,Serimac,AF - FERNANDO M.,0,0,"937,11"," R$  937,11 ","0,00%","0,00%","100,00%",PLO6,"-909,11"
11/05/2026,161423,BASSOA,AF - FERNANDO M.,0,0,0, R$  -   ,,,,NLH,0
11/05/2026,148432,Alexson,AF - FERNANDO M.,0,30,0," R$  30,00 ","0,00%","100,00%","0,00%",MTT,-67
11/05/2026,149498,pix149498,AF - FERNANDO M.,0,10,0," R$  10,00 ","0,00%","100,00%","0,00%",MTT,"-21,25"
11/05/2026,170717,litlle nerd,AF - FERNANDO M.,0,0,0, R$  -   ,,,,NLH,0
11/05/2026,148848,meno K,AF - FERNANDO M.,0,"14,1","336,21"," R$  350,31 ","0,00%","4,03%","95,97%",PLO6,"-743,7"
11/05/2026,147900,MHConline,AF - FERNANDO M.,"4,98",0,0," R$  4,98 ","100,00%","0,00%","0,00%",NLH,"-7,94"
11/05/2026,143105,Xoxonho,AF - FERNANDO M.,0,"33,5",0," R$  33,50 ","0,00%","100,00%","0,00%",MTT,"325,91"
11/05/2026,155748,MaxFarias,AF - GABRIEL BENEVOL,0,"134,27",0," R$  134,27 ","0,00%","100,00%","0,00%",MTT,"-161,25"
11/05/2026,140440,Rafiusky,AF - GABRIEL BENEVOL,0,"0,6","8,04"," R$  8,64 ","0,00%","6,94%","93,06%",PLO6,-81
11/05/2026,137005,ddzao,AF - GABRIEL BENEVOL,"2,8","1,5",0," R$  4,30 ","65,12%","34,88%","0,00%",NLH,"54,72"
11/05/2026,152510,BruceWayne,AF - GABRIEL BENEVOL,"7,27","0,1",0," R$  7,37 ","98,64%","1,36%","0,00%",NLH,-25
11/05/2026,107574,galega,AF - GABRIEL BENEVOL,0,0,"35,99"," R$  35,99 ","0,00%","0,00%","100,00%",PLO6,"682,59"
11/05/2026,136771,curupira,AF - GABRIEL BENEVOL,0,"6,5",0," R$  6,50 ","0,00%","100,00%","0,00%",MTT,"151,15"
11/05/2026,152791,Karintó,AF - GABRIEL BENEVOL,"62,14",0,"408,73"," R$  470,87 ","13,20%","0,00%","86,80%",PLO6,"232,23"
11/05/2026,110023,083JP.,AF - GABRIEL BENEVOL,0,0,"5,5"," R$  5,50 ","0,00%","0,00%","100,00%",PLO6,-72
11/05/2026,177786,Sortudorj,AF - MILENA MAGRINI,"2,79","1,5",0," R$  4,29 ","65,03%","34,97%","0,00%",NLH,"22,64"
11/05/2026,185939,GigaBananaCCPro,AF - MILENA MAGRINI,0,"8,2","6,18"," R$  14,38 ","0,00%","57,02%","42,98%",MTT,"-59,51"
11/05/2026,181009,juanbrsp,AF - MILENA MAGRINI,0,0,0, R$  -   ,,,,NLH,0
11/05/2026,184560,Vitão,AF - MILENA MAGRINI,0,0,0, R$  -   ,,,,NLH,0
11/05/2026,186523,sou profissional,AF - MILENA MAGRINI,0,16,0," R$  16,00 ","0,00%","100,00%","0,00%",MTT,"-323,42"
11/05/2026,183097,Ribis,AF - MILENA MAGRINI,"0,1",0,"2,84"," R$  2,94 ","3,40%","0,00%","96,60%",PLO6,"21,84"
11/05/2026,100533,Boqueirão PB?,AF - BERNARDO,0,0,"0,77"," R$  0,77 ","0,00%","0,00%","100,00%",PLO6,1
11/05/2026,120745,Doutorzin,AF - BERNARDO,0,0,"341,97"," R$  341,97 ","0,00%","0,00%","100,00%",PLO6,"-36,29"
11/05/2026,146754,ricardo ribeiro,AF - BERNARDO,0,"20,5","98,95"," R$  119,45 ","0,00%","17,16%","82,84%",PLO6,"908,4"
11/05/2026,148812,Arthur Morgan,AF - BERNARDO,0,0,"71,57"," R$  71,57 ","0,00%","0,00%","100,00%",PLO6,230
11/05/2026,159243,JL0211,AF - BERNARDO,0,"15,5","67,4"," R$  82,90 ","0,00%","18,70%","81,30%",PLO6,"450,37"
11/05/2026,106837,ALANN,AF - ELOY,0,"0,4","0,96"," R$  1,36 ","0,00%","29,41%","70,59%",PLO6,"0,1"
11/05/2026,145619,Fofura,AF - ELOY,0,30,"329,68"," R$  359,68 ","0,00%","8,34%","91,66%",PLO6,"-1219,09"
11/05/2026,158228,kkapone42,AF - ELOY,0,0,"64,09"," R$  64,09 ","0,00%","0,00%","100,00%",PLO6,-200
11/05/2026,139145,bbbb,AF - ELOY,60,0,"1,45"," R$  61,45 ","97,64%","0,00%","2,36%",NLH,"-83,8"
11/05/2026,139402,Nogueirinha,AF - ELOY,0,"39,5",0," R$  39,50 ","0,00%","100,00%","0,00%",MTT,-345
11/05/2026,145637,Srº Mentira 81,AF - ELOY,0,"0,4",0," R$  0,40 ","0,00%","100,00%","0,00%",MTT,-4
11/05/2026,132355,GolDGodoy,AF - ELOY,0,"0,4","0,27"," R$  0,67 ","0,00%","59,70%","40,30%",MTT,-33
11/05/2026,142062,CACH0LÃ0,AF - ELOY,0,"98,8","135,91"," R$  234,71 ","0,00%","42,09%","57,91%",PLO6,"-217,48"
11/05/2026,127129,ZecaPokerPE,AF - ELOY,0,0,0, R$  -   ,,,,NLH,0
11/05/2026,139529,Abcfamilia2015,AF - ELOY,0,"14,3",0," R$  14,30 ","0,00%","100,00%","0,00%",MTT,"-88,15"
11/05/2026,134839,T-Rex,AF - ELOY,0,0,0, R$  -   ,,,,NLH,"1,6"
11/05/2026,127500,SiuoL bluff,AF - ELOY,0,"3,5",0," R$  3,50 ","0,00%","100,00%","0,00%",MTT,"112,58"
11/05/2026,134826,ValaSeteJ7,AF - ELOY,0,"11,5",0," R$  11,50 ","0,00%","100,00%","0,00%",MTT,"126,54"
11/05/2026,135877,PedroBatera,AF - ELOY,"0,8",0,0," R$  0,80 ","100,00%","0,00%","0,00%",NLH,-24
11/05/2026,141831,SdEstevam,AF - ELOY,"23,64",0,0," R$  23,64 ","100,00%","0,00%","0,00%",NLH,-200
11/05/2026,139508,FLOPINHONUTS,AF - ELOY,0,3,0," R$  3,00 ","0,00%","100,00%","0,00%",MTT,38
11/05/2026,102954,usujaDR,AF - ELOY,0,10,0," R$  10,00 ","0,00%","100,00%","0,00%",MTT,-100
11/05/2026,123470,PIX123470,AF - ELOY,0,32,0," R$  32,00 ","0,00%","100,00%","0,00%",MTT,-320
11/05/2026,145942,Luiz Filipy,AF - ELOY,0,20,0," R$  20,00 ","0,00%","100,00%","0,00%",MTT,-200
11/05/2026,126204,djoker,AF - RR,"5,72",2,"45,27"," R$  52,99 ","10,79%","3,77%","85,43%",PLO6,-8
11/05/2026,166945,Noia?,AF - RR,"4,53","1,4",0," R$  5,93 ","76,39%","23,61%","0,00%",NLH,"21,36"
11/05/2026,100451,zumbi da noite,AF - RR,0,0,"118,25"," R$  118,25 ","0,00%","0,00%","100,00%",PLO6,-372
11/05/2026,146025,BrunnoAdv,AF - RR,"2,26","4,8","30,35"," R$  37,41 ","6,04%","12,83%","81,13%",PLO6,"-246,59"
11/05/2026,145909,Amite,AF - RR,0,0,0, R$  -   ,,,,NLH,"1,6"
11/05/2026,126584,K13b50n007,AF - RR,0,0,0, R$  -   ,,,,NLH,"1,24"
11/05/2026,119842,1314tg,AF - RR,0,3,0," R$  3,00 ","0,00%","100,00%","0,00%",MTT,-30
11/05/2026,144230,ChefeAlex,AF - RR,"15,98","7,1","101,81"," R$  124,89 ","12,80%","5,69%","81,52%",PLO6,"164,78"
11/05/2026,145948,ernandesjose,AF - RR,0,8,0," R$  8,00 ","0,00%","100,00%","0,00%",MTT,-80
11/05/2026,100442,pixbet,AF - RR,0,8,0," R$  8,00 ","0,00%","100,00%","0,00%",MTT,0
11/05/2026,123011,balachocabalachoca,AF - RR,0,8,0," R$  8,00 ","0,00%","100,00%","0,00%",MTT,0
11/05/2026,146076,zipplockk,AF - RR,0,8,0," R$  8,00 ","0,00%","100,00%","0,00%",MTT,0
11/05/2026,137607,netoredley,AF - EDUARDO FRANÇA,"2,84",0,"4,28"," R$  7,12 ","39,89%","0,00%","60,11%",PLO6,25
11/05/2026,141352,RuiBR,AF - EDUARDO FRANÇA,0,11,"98,52"," R$  109,52 ","0,00%","10,04%","89,96%",PLO6,"-52,98"
11/05/2026,148112,Jean22,AF - EDUARDO FRANÇA,0,0,0, R$  -   ,,,,NLH,0
11/05/2026,194850,pix194850,AF - EDUARDO FRANÇA,0,"52,8","43,8"," R$  96,60 ","0,00%","54,66%","45,34%",MTT,"-796,08"
11/05/2026,135331,rsmjunior91,AF - EDUARDO FRANÇA,0,0,"1,41"," R$  1,41 ","0,00%","0,00%","100,00%",PLO6,-18
11/05/2026,143740,Hidalgo,AF - EDUARDO FRANÇA,"54,34","1,5",0," R$  55,84 ","97,31%","2,69%","0,00%",NLH,-160
11/05/2026,180290,Espankacu,AF - EDUARDO FRANÇA,0,0,0, R$  -   ,,,,NLH,"0,93"
11/05/2026,130369,Padeiro,AF - EDUARDO FRANÇA,0,28,0," R$  28,00 ","0,00%","100,00%","0,00%",MTT,-280
11/05/2026,135146,BRshelby,AF - EDUARDO FRANÇA,0,"21,1",0," R$  21,10 ","0,00%","100,00%","0,00%",MTT,"-179,13"
11/05/2026,143671,zaha337,AF - EDUARDO FRANÇA,0,10,0," R$  10,00 ","0,00%","100,00%","0,00%",MTT,"408,95"
11/05/2026,134624,Vladpoker,AF - EDUARDO FRANÇA,0,"23,8",0," R$  23,80 ","0,00%","100,00%","0,00%",MTT,-238
11/05/2026,147903,PanteradeSá,AF - CLUB DO POKER,0,0,0, R$  -   ,,,,NLH,0
11/05/2026,154847,Patrickodev,AF - CLUB DO POKER,"0,31",0,"0,91"," R$  1,22 ","25,41%","0,00%","74,59%",PLO6,"7,53"
11/05/2026,146111,stez,AF - CLUB DO POKER,0,"13,5",0," R$  13,50 ","0,00%","100,00%","0,00%",MTT,"-105,94"
11/05/2026,146290,BruxoDeSá,AF - CLUB DO POKER,0,9,0," R$  9,00 ","0,00%","100,00%","0,00%",MTT,-90
11/05/2026,146444,Beni,AF - CLUB DO POKER,0,15,0," R$  15,00 ","0,00%","100,00%","0,00%",MTT,-150
11/05/2026,147065,MeuBombom,AF - CLUB DO POKER,0,9,0," R$  9,00 ","0,00%","100,00%","0,00%",MTT,-90
11/05/2026,177593,FelipeKR14,AF - CLUB DO POKER,0,7,0," R$  7,00 ","0,00%","100,00%","0,00%",MTT,-70
11/05/2026,190285,BalaDelas01,AF - TRAF. MILENA M.,0,0,0, R$  -   ,,,,NLH,0
11/05/2026,191820,aline,AF - TRAF. MILENA M.,0,"0,5",0," R$  0,50 ","0,00%","100,00%","0,00%",MTT,-5
11/05/2026,188335,Urubu Perneta1,AF - TRAF. MILENA M.,0,0,0, R$  -   ,,,,NLH,0
11/05/2026,100478,balashinekov,AF - SILVINHO,0,0,"50,12"," R$  50,12 ","0,00%","0,00%","100,00%",PLO6,-13
11/05/2026,170927,Dan07,AF - SILVINHO,"18,65",0,"743,19"," R$  761,84 ","2,45%","0,00%","97,55%",PLO6,"-1797,05"
11/05/2026,137593,pix137593,AF - CATHOLÃO,0,5,"441,64"," R$  446,64 ","0,00%","1,12%","98,88%",PLO6,"-487,05"
11/05/2026,133386,mastsy,AF - CATHOLÃO,"4,14","2,6","389,43"," R$  396,17 ","1,05%","0,66%","98,30%",PLO6,"114,36"
11/05/2026,150374,?????,AF - CATHOLÃO,0,"388,1","11,78"," R$  399,88 ","0,00%","97,05%","2,95%",MTT,"-157,43"
11/05/2026,139707,ABBED,AF - CATHOLÃO,0,10,"35,78"," R$  45,78 ","0,00%","21,84%","78,16%",PLO6,"-284,49"
11/05/2026,115288,vicluz10,AF - CATHOLÃO,"174,73",51,0," R$  225,73 ","77,41%","22,59%","0,00%",NLH,"1078,02"
11/05/2026,150819,HugoDaniel,AF - CATHOLÃO,0,0,"3,05"," R$  3,05 ","0,00%","0,00%","100,00%",PLO6,-34
11/05/2026,131072,TIGRlNHO,AF - CATHOLÃO,0,0,"107,54"," R$  107,54 ","0,00%","0,00%","100,00%",PLO6,"150,02"
11/05/2026,149509,pix149509,AF - CATHOLÃO,0,0,0, R$  -   ,,,,NLH,0
11/05/2026,165527,LIÃO,AF - CATHOLÃO,"3,59",0,"20,62"," R$  24,21 ","14,83%","0,00%","85,17%",PLO6,10
11/05/2026,144391,Easy peasy,AF - CATHOLÃO,"74,65",0,0," R$  74,65 ","100,00%","0,00%","0,00%",NLH,-360
11/05/2026,107390,complicado,AF - CATHOLÃO,0,0,"12,67"," R$  12,67 ","0,00%","0,00%","100,00%",PLO6,"96,46"
11/05/2026,142091,pau e choque,AF - JAPA,"0,53",0,"823,65"," R$  824,18 ","0,06%","0,00%","99,94%",PLO6,-2317
11/05/2026,172370,ShoShoNilDo,AF - JAPA,0,0,"4943,77"," R$  4.943,77 ","0,00%","0,00%","100,00%",PLO6,"14783,27"
11/05/2026,100267,Digamaisnd,AF - JAPA,0,0,"5,81"," R$  5,81 ","0,00%","0,00%","100,00%",PLO6,"-50,09"
11/05/2026,172369,Di Pace,AF - JAPA,0,"35,7",0," R$  35,70 ","0,00%","100,00%","0,00%",MTT,-357
11/05/2026,187490,De Arrascaeta,AF - JAPA,0,87,0," R$  87,00 ","0,00%","100,00%","0,00%",MTT,"379,64"
11/05/2026,169126,sai moleza,AF - JAPA,0,13,"521,47"," R$  534,47 ","0,00%","2,43%","97,57%",PLO6,"4053,49"
11/05/2026,147885,freshfrozen,AF - JAPA,0,"73,5",0," R$  73,50 ","0,00%","100,00%","0,00%",MTT,"3169,51"
11/05/2026,180537,Max leite,AF - JAPA,0,"67,7",0," R$  67,70 ","0,00%","100,00%","0,00%",MTT,"56,28"
11/05/2026,172533,Cravei ?,AF - PHYETRO,0,"517,7","274,38"," R$  792,08 ","0,00%","65,36%","34,64%",MTT,"-1774,58"
11/05/2026,173287,FlipGrind,AF - PHYETRO,0,"391,7",0," R$  391,70 ","0,00%","100,00%","0,00%",MTT,"-30,78"
11/05/2026,102446,MD420,AF - PHYETRO,0,149,0," R$  149,00 ","0,00%","100,00%","0,00%",MTT,"-212,01"
11/05/2026,102551,Felipe Dylon,AF - PHYETRO,0,"125,5",0," R$  125,50 ","0,00%","100,00%","0,00%",MTT,"-1002,13"
11/05/2026,101831,Faz o K,AF - PHYETRO,0,"47,5",0," R$  47,50 ","0,00%","100,00%","0,00%",MTT,"-198,6"
11/05/2026,100333,OFF.,AF - PHYETRO,0,0,"158,67"," R$  158,67 ","0,00%","0,00%","100,00%",PLO6,-1290
11/05/2026,173802,TonyRedgrave,AF - PHYETRO,0,10,0," R$  10,00 ","0,00%","100,00%","0,00%",MTT,-100
11/05/2026,193827,KilllerThePote,AF - AZEDINHO,0,0,"85,31"," R$  85,31 ","0,00%","0,00%","100,00%",PLO6,"-9,84"
11/05/2026,100193,azedinho,AF - AZEDINHO,0,40,"1237,22"," R$  1.277,22 ","0,00%","3,13%","96,87%",PLO6,"-3048,7"
11/05/2026,100116,Fazendeiro,AF - PAÇOCA,0,50,"14991,74"," R$  15.041,74 ","0,00%","0,33%","99,67%",PLO6,"36507,8"
11/05/2026,194512,pix194512,AF - PAÇOCA,0,0,"1030,38"," R$  1.030,38 ","0,00%","0,00%","100,00%",PLO6,"3193,84"
11/05/2026,100198,发牌员亲儿子,AF - PAÇOCA,0,330,"4734,94"," R$  5.064,94 ","0,00%","6,52%","93,48%",PLO6,"5254,63"
11/05/2026,124064,Presley,AF - PAÇOCA,0,"110,9",0," R$  110,90 ","0,00%","100,00%","0,00%",MTT,"3689,16"
11/05/2026,100725,tiltei1,AF - PAÇOCA,0,0,"12,64"," R$  12,64 ","0,00%","0,00%","100,00%",PLO6,-80
11/05/2026,117702,abunadopacato,AF - HERCULES,0,55,"647,61"," R$  702,61 ","0,00%","7,83%","92,17%",PLO6,"-2969,35"
11/05/2026,132454,barbaxavier,AF - HERCULES,0,"52,56","1,4"," R$  53,96 ","0,00%","97,41%","2,59%",MTT,-440
11/05/2026,141776,SisenandoCalixto,AF - HERCULES,0,"32,35",0," R$  32,35 ","0,00%","100,00%","0,00%",MTT,"-323,5"
11/05/2026,143465,arthur.zx.086,AF - HERCULES,0,0,0, R$  -   ,,,,NLH,0
11/05/2026,175094,Vaimedoar,AF - HERCULES,0,0,"244,79"," R$  244,79 ","0,00%","0,00%","100,00%",PLO6,-701
11/05/2026,129768,NKSS,AF - HERCULES,0,"139,5",0," R$  139,50 ","0,00%","100,00%","0,00%",MTT,"-1004,98"
11/05/2026,129665,bigo,AF - HERCULES,0,60,0," R$  60,00 ","0,00%","100,00%","0,00%",MTT,-600
11/05/2026,139470,pix139470,AF - JOÃO MARCOS,0,0,"5351,09"," R$  5.351,09 ","0,00%","0,00%","100,00%",PLO6,"4947,91"
11/05/2026,140430,já ganhou,AF - JOÃO MARCOS,0,0,"891,16"," R$  891,16 ","0,00%","0,00%","100,00%",PLO6,"148,35"
11/05/2026,100203,ReidoFlip,AF - EMANUEL SOUZA,"25,12","107,4",0," R$  132,52 ","18,96%","81,04%","0,00%",MTT,"26,38"
11/05/2026,159633,TudodoJorgitoo,AF - EMANUEL SOUZA,0,0,"75,71"," R$  75,71 ","0,00%","0,00%","100,00%",PLO6,"-449,05"
11/05/2026,100195,pix100195,AF - EMANUEL SOUZA,"47,08","162,7",0," R$  209,78 ","22,44%","77,56%","0,00%",MTT,-510
11/05/2026,144244,pix 2399057,AF - KZAA CLUB,"3,87","56,9",0," R$  60,77 ","6,37%","93,63%","0,00%",MTT,"690,44"
11/05/2026,121187,x.poker,AF - KZAA CLUB,"9,1",0,"296,32"," R$  305,42 ","2,98%","0,00%","97,02%",PLO6,"-196,23"
11/05/2026,107169,danilo10,AF - KZAA CLUB,0,0,"483,27"," R$  483,27 ","0,00%","0,00%","100,00%",PLO6,"-1680,91"
11/05/2026,100265,BreckPK,AF - KZAA CLUB,0,"5,7","27,62"," R$  33,32 ","0,00%","17,11%","82,89%",PLO6,26
11/05/2026,123623,pix123623,AF - KZAA CLUB,0,0,"520,34"," R$  520,34 ","0,00%","0,00%","100,00%",PLO6,"68,89"
11/05/2026,131074,pix270576,AF - KZAA CLUB,0,"13,8","228,84"," R$  242,64 ","0,00%","5,69%","94,31%",PLO6,483
11/05/2026,171708,pix171708,AF - KZAA CLUB,0,0,"181,55"," R$  181,55 ","0,00%","0,00%","100,00%",PLO6,"599,59"
11/05/2026,130918,pix130918,AF - KZAA CLUB,0,0,"5480,06"," R$  5.480,06 ","0,00%","0,00%","100,00%",PLO6,"3635,24"
11/05/2026,100154,pixbad,AF - KZAA CLUB,0,42,"69,4"," R$  111,40 ","0,00%","37,70%","62,30%",PLO6,-240
11/05/2026,107490,Josanny,AF - KZAA CLUB,0,0,"196,35"," R$  196,35 ","0,00%","0,00%","100,00%",PLO6,-975
11/05/2026,157331,TIO GILNETO,AF - KZAA CLUB,0,"0,5","439,79"," R$  440,29 ","0,00%","0,11%","99,89%",PLO6,"-220,28"
11/05/2026,150122,MXavier13,AF - KZAA CLUB,"17,37",0,0," R$  17,37 ","100,00%","0,00%","0,00%",NLH,"55,76"
11/05/2026,115616,pix559079,AF - KZAA CLUB,"3,89",43,"153,38"," R$  200,27 ","1,94%","21,47%","76,59%",PLO6,-1489
11/05/2026,100796,PixPlay,AF - KZAA CLUB,"0,65",0,0," R$  0,65 ","100,00%","0,00%","0,00%",NLH,"-5,5"
11/05/2026,100208,ojuara*,AF - KZAA CLUB,0,"2,2","8,27"," R$  10,47 ","0,00%","21,01%","78,99%",PLO6,"80,17"
11/05/2026,100448,Paga,AF - KZAA CLUB,0,0,"226,23"," R$  226,23 ","0,00%","0,00%","100,00%",PLO6,"-240,94"
11/05/2026,169277,Kakaroto?,AF - KZAA CLUB,0,0,"27,65"," R$  27,65 ","0,00%","0,00%","100,00%",PLO6,48
11/05/2026,100140,Diego Manga,AF - KZAA CLUB,0,0,"2209,99"," R$  2.209,99 ","0,00%","0,00%","100,00%",PLO6,-11451
11/05/2026,123154,Greey,AF - KZAA CLUB,0,0,"188,9"," R$  188,90 ","0,00%","0,00%","100,00%",PLO6,"-949,33"
11/05/2026,102125,Bolsonaroo22,AF - KZAA CLUB,0,0,"33,23"," R$  33,23 ","0,00%","0,00%","100,00%",PLO6,-285
11/05/2026,144100,Jogador69,AF - KZAA CLUB,0,0,"312,01"," R$  312,01 ","0,00%","0,00%","100,00%",PLO6,-1610
11/05/2026,100259,Josenildo,AF - KZAA CLUB,0,0,0, R$  -   ,,,,NLH,0
11/05/2026,110893,EVANDRODODENDE,AF - KZAA CLUB,0,0,"324,9"," R$  324,90 ","0,00%","0,00%","100,00%",PLO6,"-300,74"
11/05/2026,163887,leonan,AF - KZAA CLUB,0,70,"161,99"," R$  231,99 ","0,00%","30,17%","69,83%",PLO6,"-521,31"
11/05/2026,100136,AllInSemDó,AF - KZAA CLUB,0,0,"835,49"," R$  835,49 ","0,00%","0,00%","100,00%",PLO6,"576,76"
11/05/2026,158702,CHAPOLIN COLORADO,AF - KZAA CLUB,"4,83",0,0," R$  4,83 ","100,00%","0,00%","0,00%",NLH,-65
11/05/2026,111633,Presidente,AF - KZAA CLUB,0,0,"2,97"," R$  2,97 ","0,00%","0,00%","100,00%",PLO6,-40
11/05/2026,100337,Deus ??,AF - KZAA CLUB,0,0,"26,72"," R$  26,72 ","0,00%","0,00%","100,00%",PLO6,-120
11/05/2026,100397,Professor,AF - KZAA CLUB,0,19,0," R$  19,00 ","0,00%","100,00%","0,00%",MTT,-190
11/05/2026,127997,wagne,AF - KZAA CLUB,0,0,"34,85"," R$  34,85 ","0,00%","0,00%","100,00%",PLO6,-350
11/05/2026,100883,theblack,AF - BIGBLINDS,0,"96,7","236,67"," R$  333,37 ","0,00%","29,01%","70,99%",PLO6,"1221,93"
11/05/2026,100383,DestroyeD,AF - BIGBLINDS,0,2,"16,02"," R$  18,02 ","0,00%","11,10%","88,90%",PLO6,-142
11/05/2026,100434,pix100434,AF - BIGBLINDS,0,0,"261,23"," R$  261,23 ","0,00%","0,00%","100,00%",PLO6,"63,54"
11/05/2026,195408,Queyrooz,AF - BIGBLINDS,0,"277,2",0," R$  277,20 ","0,00%","100,00%","0,00%",MTT,"-369,8"
11/05/2026,175465,gringo 57,AF - BIGBLINDS,0,"0,1",0," R$  0,10 ","0,00%","100,00%","0,00%",MTT,-1
11/05/2026,100939,Watchmen,AF - BIGBLINDS,0,30,0," R$  30,00 ","0,00%","100,00%","0,00%",MTT,"565,14"
11/05/2026,117450,relógio quebrado,AF - BIGBLINDS,0,"128,5",0," R$  128,50 ","0,00%","100,00%","0,00%",MTT,"-168,84"
11/05/2026,146112,HAPPYFEET,AF - BIGBLINDS,0,"33,5",0," R$  33,50 ","0,00%","100,00%","0,00%",MTT,-335
11/05/2026,154909,MilhoVerde,AF - BIGBLINDS,"1,47",74,0," R$  75,47 ","1,95%","98,05%","0,00%",MTT,"2114,81"
11/05/2026,100780,LIGHT,AF - BIGBLINDS,0,86,0," R$  86,00 ","0,00%","100,00%","0,00%",MTT,"-191,86"
11/05/2026,100425,Estenislaw,AF - BIGBLINDS,0,18,0," R$  18,00 ","0,00%","100,00%","0,00%",MTT,"-174,78"
11/05/2026,100386,lavagemdedinheiro,AF - BIGBLINDS,0,0,"24,59"," R$  24,59 ","0,00%","0,00%","100,00%",PLO6,-150
11/05/2026,100183,Magnus.,AF - BIGBLINDS,0,107,0," R$  107,00 ","0,00%","100,00%","0,00%",MTT,"-635,11"
11/05/2026,100414,LovisK,AF - BIGBLINDS,0,"326,9",0," R$  326,90 ","0,00%","100,00%","0,00%",MTT,"3464,53"
11/05/2026,149326,Coca-Cola Zero,AF - BIGBLINDS,0,"33,5",0," R$  33,50 ","0,00%","100,00%","0,00%",MTT,"345,05"
11/05/2026,101603,PapaiNoel,AF - BIGBLINDS,0,0,"17,09"," R$  17,09 ","0,00%","0,00%","100,00%",PLO6,-160
11/05/2026,102024,zerocAAll,AF - BIGBLINDS,0,"38,5",0," R$  38,50 ","0,00%","100,00%","0,00%",MTT,"141,05"
11/05/2026,100706,Ricellys,AF - BIGBLINDS,0,8,0," R$  8,00 ","0,00%","100,00%","0,00%",MTT,-80
11/05/2026,101096,9noriver,AF - BIGBLINDS,0,20,0," R$  20,00 ","0,00%","100,00%","0,00%",MTT,-200
11/05/2026,152301,Chuck,AF - JEFFERSON P.,0,0,"162,45"," R$  162,45 ","0,00%","0,00%","100,00%",PLO6,"16,14"
11/05/2026,148157,PokerOsasco.com.br,AF - JEFFERSON P.,0,60,"8020,36"," R$  8.080,36 ","0,00%","0,74%","99,26%",PLO6,"-21908,84"
11/05/2026,175326,julio40,AF - JEFFERSON P.,0,0,"4505,32"," R$  4.505,32 ","0,00%","0,00%","100,00%",PLO6,"-9999,88"
11/05/2026,133575,PHBarros021,AF - JEFFERSON P.,0,"2,6","53,53"," R$  56,13 ","0,00%","4,63%","95,37%",PLO6,"-40,92"
11/05/2026,144451,Oiregor81,AF - JEFFERSON P.,0,0,"392,49"," R$  392,49 ","0,00%","0,00%","100,00%",PLO6,"-349,66"
11/05/2026,173301,JowB99,AF - JEFFERSON P.,0,"13,52","153,12"," R$  166,64 ","0,00%","8,11%","91,89%",PLO6,"381,02"
11/05/2026,150319,BWT1,AF - JEFFERSON P.,"14,2","1,9","304,38"," R$  320,48 ","4,43%","0,59%","94,98%",PLO6,"575,08"
11/05/2026,149123,AAKKratos,AF - JEFFERSON P.,0,"17,6",0," R$  17,60 ","0,00%","100,00%","0,00%",MTT,"1297,56"
11/05/2026,144097,mahirt,AF - JEFFERSON P.,0,0,"65,68"," R$  65,68 ","0,00%","0,00%","100,00%",PLO6,-350
11/05/2026,177226,CeasaCamp,AF - JEFFERSON P.,0,"15,2",0," R$  15,20 ","0,00%","100,00%","0,00%",MTT,"42,64"
11/05/2026,150259,pix 192988,AF - OZÉIAS,0,0,"129,88"," R$  129,88 ","0,00%","0,00%","100,00%",PLO6,"187,99"
11/05/2026,102792,CGAP-.,AF - BOLINHA,0,0,"2,13"," R$  2,13 ","0,00%","0,00%","100,00%",PLO6,-10
11/05/2026,116298,Pernalonga,AF - PEUEUA,0,0,"245,73"," R$  245,73 ","0,00%","0,00%","100,00%",PLO6,348
11/05/2026,129313,Falcão FTS,AF - PEUEUA,"0,81",0,"545,58"," R$  546,39 ","0,15%","0,00%","99,85%",PLO6,"514,3"
11/05/2026,116289,Duuuuur,AF - PEUEUA,0,"514,94",0," R$  514,94 ","0,00%","100,00%","0,00%",MTT,"392,99"
11/05/2026,126650,sgtpastel,AF - PEUEUA,0,150,0," R$  150,00 ","0,00%","100,00%","0,00%",MTT,-1500
11/05/2026,158934,Gato_Preto,AF - PEUEUA,"11,51",10,"298,47"," R$  319,98 ","3,60%","3,13%","93,28%",PLO6,"99,41"
11/05/2026,133599,Netto,AF - PEUEUA,0,"72,1",0," R$  72,10 ","0,00%","100,00%","0,00%",MTT,"-598,5"
11/05/2026,116296,pix116296,AF - PEUEUA,0,2,"2,78"," R$  4,78 ","0,00%","41,84%","58,16%",PLO6,"-40,91"
11/05/2026,129710,ABCfc,AF - PEUEUA,0,"12,5","1,07"," R$  13,57 ","0,00%","92,11%","7,89%",MTT,"-146,92"
11/05/2026,112891,CHICO DE ARARA,AF - PEUEUA,0,0,0, R$  -   ,,,,NLH,0
11/05/2026,101865,MacacodoAA,AF - PEUEUA,0,20,"46,7"," R$  66,70 ","0,00%","29,99%","70,01%",PLO6,"-386,58"
11/05/2026,152675,Semacordo,AF - RPSOP,0,"2,4","98,51"," R$  100,91 ","0,00%","2,38%","97,62%",PLO6,"-119,4"
11/05/2026,144512,Zé Costa,AF - RPSOP,0,0,"332,14"," R$  332,14 ","0,00%","0,00%","100,00%",PLO6,-49
11/05/2026,147338,MemphisBetei,AF - RPSOP,0,0,"12,49"," R$  12,49 ","0,00%","0,00%","100,00%",PLO6,-200
11/05/2026,150635,Pixsolidario,AF - RPSOP,"146,35",0,0," R$  146,35 ","100,00%","0,00%","0,00%",NLH,"-168,34"
11/05/2026,149126,Leonardo Alves,AF - RPSOP,0,3,"50,33"," R$  53,33 ","0,00%","5,63%","94,37%",PLO6,"501,51"
11/05/2026,149078,Purga,AF - RPSOP,0,"4,4",0," R$  4,40 ","0,00%","100,00%","0,00%",MTT,"16,94"
11/05/2026,149046,pix149046,AF - RPSOP,0,16,"75,97"," R$  91,97 ","0,00%","17,40%","82,60%",PLO6,-240
11/05/2026,148596,landreazzi,AF - RPSOP,0,4,0," R$  4,00 ","0,00%","100,00%","0,00%",MTT,0
11/05/2026,160095,Dipiu,AF - RPSOP,0,20,0," R$  20,00 ","0,00%","100,00%","0,00%",MTT,-200
11/05/2026,180233,Therok,AF - RPSOP,0,20,0," R$  20,00 ","0,00%","100,00%","0,00%",MTT,164
11/05/2026,185617,pix185617,AF - NILDINHO,0,"1,2",88," R$  89,20 ","0,00%","1,35%","98,65%",PLO6,-111
11/05/2026,161316,fh0217,AF - NILDINHO,0,"1,8","66,88"," R$  68,68 ","0,00%","2,62%","97,38%",PLO6,20
11/05/2026,167892,francimar,AF - NILDINHO,"7,5","24,7","0,25"," R$  32,45 ","23,11%","76,12%","0,77%",MTT,"-227,48"
11/05/2026,167393,Tudo_Na_Telaaa,AF - NILDINHO,0,0,"1683,16"," R$  1.683,16 ","0,00%","0,00%","100,00%",PLO6,"-1299,92"
11/05/2026,177375,VeniVidiVici,AF - NILDINHO,"2,23",0,0," R$  2,23 ","100,00%","0,00%","0,00%",NLH,"30,53"
11/05/2026,134889,Júnior Picolé,AF - NILDINHO,0,30,"45,8"," R$  75,80 ","0,00%","39,58%","60,42%",PLO6,"-438,83"
11/05/2026,157681,Boiruna,AF - NILDINHO,0,0,0, R$  -   ,,,,NLH,0
11/05/2026,183282,ricardin,AF - RAPHAEL A.,0,0,"69,58"," R$  69,58 ","0,00%","0,00%","100,00%",PLO6,-311
11/05/2026,145480,parDeKK,AF - RAPHAEL A.,0,10,"543,19"," R$  553,19 ","0,00%","1,81%","98,19%",PLO6,1703
11/05/2026,193309,LLL3,AF - RAPHAEL A.,0,0,0, R$  -   ,,,,NLH,0
11/05/2026,194024,chama na bota,AF - RAPHAEL A.,0,0,"446,36"," R$  446,36 ","0,00%","0,00%","100,00%",PLO6,"151,06"
11/05/2026,186000,Arapuca.armada,AF - RAPHAEL A.,0,0,"24,93"," R$  24,93 ","0,00%","0,00%","100,00%",PLO6,-243
11/05/2026,102379,pix102379,AF - RAPHAEL A.,0,0,0, R$  -   ,,,,NLH,0
11/05/2026,100220,Martin Kabrhel,AF - RAPHAEL A.,0,0,"244,17"," R$  244,17 ","0,00%","0,00%","100,00%",PLO6,"299,81"
11/05/2026,193650,Dog$,AF - MATHEUS HENRIQU,"13,04","43,4","421,54"," R$  477,98 ","2,73%","9,08%","88,19%",PLO6,"1242,91"
11/05/2026,111265,henry.22,AF - MATHEUS HENRIQU,"0,84",0,"122,76"," R$  123,60 ","0,68%","0,00%","99,32%",PLO6,"196,68"
11/05/2026,194363,meydson,AF - MATHEUS HENRIQU,"5,69",0,0," R$  5,69 ","100,00%","0,00%","0,00%",NLH,-18
11/05/2026,160485,Frogz,AF - BOIN,"3,62",0,"13,58"," R$  17,20 ","21,05%","0,00%","78,95%",PLO6,"-78,58"
11/05/2026,155365,pix000000000,AF - BOIN,"3,83",16,"139,5"," R$  159,33 ","2,40%","10,04%","87,55%",PLO6,"-74,98"
11/05/2026,100204,Desconhecido,AF - DINHO,0,0,"756,9"," R$  756,90 ","0,00%","0,00%","100,00%",PLO6,"130,29"
11/05/2026,120498,macabuco,AF - JEFERSONMARTINS,0,122,"722,23"," R$  844,23 ","0,00%","14,45%","85,55%",PLO6,"436,39"
11/05/2026,161131,PokerStar,AF - YAMADA,0,60,"2048,78"," R$  2.108,78 ","0,00%","2,85%","97,15%",PLO6,"1225,19"
11/05/2026,195160,5ªserie,AF - YAMADA,0,0,"631,68"," R$  631,68 ","0,00%","0,00%","100,00%",PLO6,"-5575,12"
11/05/2026,139505,pix139505,AF - RAILSON,0,0,"695,26"," R$  695,26 ","0,00%","0,00%","100,00%",PLO6,"155,1"
11/05/2026,161958,pix161958,AF - LEONARDO DUARTE,0,0,"744,34"," R$  744,34 ","0,00%","0,00%","100,00%",PLO6,"351,36"
11/05/2026,187369,FelipeJoia24,AF - LEONARDO DUARTE,0,"33,9",0," R$  33,90 ","0,00%","100,00%","0,00%",MTT,-339
11/05/2026,161604,pix161604,AF - LEONARDO DUARTE,0,0,"239,13"," R$  239,13 ","0,00%","0,00%","100,00%",PLO6,"-2000,11"
11/05/2026,186673,GamblerAlencar,AF - LEONARDO DUARTE,0,10,"1,58"," R$  11,58 ","0,00%","86,36%","13,64%",MTT,"-100,14"
11/05/2026,163664,Matuê do poker,AF - LEONARDO DUARTE,0,0,"132,58"," R$  132,58 ","0,00%","0,00%","100,00%",PLO6,"26,99"
11/05/2026,167387,pix167387,AF - LEONARDO DUARTE,0,0,"1008,22"," R$  1.008,22 ","0,00%","0,00%","100,00%",PLO6,"-1707,19"
11/05/2026,141799,Malboro,AF - LEONARDO DUARTE,0,0,"4,56"," R$  4,56 ","0,00%","0,00%","100,00%",PLO6,"-62,61"
11/05/2026,109252,Kakarotoo,AF - LEONARDO DUARTE,0,0,"108,99"," R$  108,99 ","0,00%","0,00%","100,00%",PLO6,"-194,01"
11/05/2026,187732,ursofera,AF - LEONARDO DUARTE,0,0,"0,92"," R$  0,92 ","0,00%","0,00%","100,00%",PLO6,-25
11/05/2026,131348,AADVOGADO-AM,AF - FAMTH,0,0,"405,09"," R$  405,09 ","0,00%","0,00%","100,00%",PLO6,"-1066,72"
11/05/2026,194170,xwillx,AF - FAMTH,0,"66,1",0," R$  66,10 ","0,00%","100,00%","0,00%",MTT,"173,23"
11/05/2026,193099,John_Stewart,AF - FAMTH,0,"24,2","32,5"," R$  56,70 ","0,00%","42,68%","57,32%",PLO6,"-358,07"
11/05/2026,132478,amosjrbr.,AF - FAMTH,0,32,0," R$  32,00 ","0,00%","100,00%","0,00%",MTT,-640
11/05/2026,194171,...NANAI...,AF - FAMTH,0,"20,1",0," R$  20,10 ","0,00%","100,00%","0,00%",MTT,"339,2"
11/05/2026,103179,RicardinhoMotAA,AF - FAMTH,0,84,0," R$  84,00 ","0,00%","100,00%","0,00%",MTT,-1480
11/05/2026,107420,manaus_jj,AF - FAMTH,0,48,0," R$  48,00 ","0,00%","100,00%","0,00%",MTT,-960
11/05/2026,154368,ice Berg,AF - FAMTH,0,32,0," R$  32,00 ","0,00%","100,00%","0,00%",MTT,29360
11/05/2026,181904,zudobr,AF - FAMTH,0,16,0," R$  16,00 ","0,00%","100,00%","0,00%",MTT,-320
11/05/2026,193064,pokerbare,AF - FAMTH,0,32,0," R$  32,00 ","0,00%","100,00%","0,00%",MTT,-640
11/05/2026,193180,SAMURAI-JCB,AF - FAMTH,0,32,0," R$  32,00 ","0,00%","100,00%","0,00%",MTT,29360
11/05/2026,193242,Benhurjuda,AF - FAMTH,0,112,0," R$  112,00 ","0,00%","100,00%","0,00%",MTT,-2240
11/05/2026,194312,concas88,AF - FAMTH,0,64,0," R$  64,00 ","0,00%","100,00%","0,00%",MTT,28720
11/05/2026,195973,avcj88,AF - FAMTH,0,32,0," R$  32,00 ","0,00%","100,00%","0,00%",MTT,-640
11/05/2026,190487,juniorpix,AF - FAMTH,0,16,"2,76"," R$  18,76 ","0,00%","85,29%","14,71%",MTT,-356
11/05/2026,140071,Marquinhoam,AF - FAMTH,0,32,0," R$  32,00 ","0,00%","100,00%","0,00%",MTT,-640
11/05/2026,183684,Black bolt777,AF - FAMTH,0,16,0," R$  16,00 ","0,00%","100,00%","0,00%",MTT,-320
11/05/2026,193098,dedebadbeat,AF - FAMTH,0,176,0," R$  176,00 ","0,00%","100,00%","0,00%",MTT,-3520
11/05/2026,195602,Dudu_bet10,AF - FAMTH,0,16,0," R$  16,00 ","0,00%","100,00%","0,00%",MTT,-320
11/05/2026,173768,Nascimentoimob,AF - FAMTH,0,"1,2",0," R$  1,20 ","0,00%","100,00%","0,00%",MTT,-12
11/05/2026,193106,AmazonPro,AF - FAMTH,0,47,"267,93"," R$  314,93 ","0,00%","14,92%","85,08%",PLO6,-2710
11/05/2026,193217,Luiz Fernando,AF - FAMTH,0,16,0," R$  16,00 ","0,00%","100,00%","0,00%",MTT,-320
11/05/2026,194420,ildemar88,AF - FAMTH,0,16,0," R$  16,00 ","0,00%","100,00%","0,00%",MTT,-320
11/05/2026,194431,Victor Andreoletti,AF - FAMTH,0,16,0," R$  16,00 ","0,00%","100,00%","0,00%",MTT,-320
11/05/2026,195559,alc_oliveira,AF - FAMTH,0,16,0," R$  16,00 ","0,00%","100,00%","0,00%",MTT,-320
11/05/2026,160225,Zekinhaflush,AF - TELES,0,0,"36,98"," R$  36,98 ","0,00%","0,00%","100,00%",PLO6,"-725,38"
11/05/2026,189721,bananudo,AF - FRED AGUIAR,"49,77",0,0," R$  49,77 ","100,00%","0,00%","0,00%",NLH,"-97,64"
11/05/2026,194450,Luiss,AF - FRED AGUIAR,0,0,"3,37"," R$  3,37 ","0,00%","0,00%","100,00%",PLO6,-84
11/05/2026,162906,pix162906,AF - FRED AGUIAR,"25,83",10,0," R$  35,83 ","72,09%","27,91%","0,00%",NLH,"-292,39"
11/05/2026,137719,Noslimeda,AF - FRED AGUIAR,0,0,0, R$  -   ,,,,NLH,0
11/05/2026,163050,Andrersann,AF - FRED AGUIAR,"2,59",0,0," R$  2,59 ","100,00%","0,00%","0,00%",NLH,-15
11/05/2026,139668,jasontatum#0,AF - RENAN COELHO,0,0,0, R$  -   ,,,,NLH,0
11/05/2026,139670,bocapreta,AF - RENAN COELHO,0,0,0, R$  -   ,,,,NLH,0
11/05/2026,138637,pix138637,AF - RENAN COELHO,0,0,0, R$  -   ,,,,NLH,0
11/05/2026,160697,???,AF - RACHA PIX,0,"0,7",0," R$  0,70 ","0,00%","100,00%","0,00%",MTT,-7
11/05/2026,160711,Dejota_,AF - RACHA PIX,"5,57","5,9","9,2"," R$  20,67 ","26,95%","28,54%","44,51%",PLO6,-145
11/05/2026,190498,CHORA MAIS LEK,AF - TRAF. AMOR P.,0,"0,5",0," R$  0,50 ","0,00%","100,00%","0,00%",MTT,-5
11/05/2026,190489,Zé Baray 4:20,AF - TRAF. AMOR P.,0,0,0, R$  -   ,,,,NLH,0
11/05/2026,165566,pix165566,AF - ENZO VIEC,"28,01",0,0," R$  28,01 ","100,00%","0,00%","0,00%",NLH,"-42,48"
11/05/2026,155390,pix1032556,AF - ENZO VIEC,"73,74",0,0," R$  73,74 ","100,00%","0,00%","0,00%",NLH,"74,52"
11/05/2026,154436,bombazero,AF - CCTH,0,"0,6",0," R$  0,60 ","0,00%","100,00%","0,00%",MTT,-6
11/05/2026,157816,pix157816,AF - FULL HOUSE A.,0,316,0," R$  316,00 ","0,00%","100,00%","0,00%",MTT,"-2843,88"
11/05/2026,173237,neto carneiro,AF - FULL HOUSE A.,"1,89",0,0," R$  1,89 ","100,00%","0,00%","0,00%",NLH,-13
11/05/2026,149092,NF_#1,AF - FULL HOUSE A.,0,4,"1950,24"," R$  1.954,24 ","0,00%","0,20%","99,80%",PLO6,"-2640,17"
11/05/2026,170539,AliBabá40Ladrao,AF - FULL HOUSE A.,"15,78",12,0," R$  27,78 ","56,80%","43,20%","0,00%",NLH,"-141,93"
11/05/2026,140124,Thiago Amós,AF - FULL HOUSE A.,0,32,0," R$  32,00 ","0,00%","100,00%","0,00%",MTT,-320
11/05/2026,136566,Papitolegal,AF - RAFAEL HASS,0,"72,8",0," R$  72,80 ","0,00%","100,00%","0,00%",MTT,"-600,17"
11/05/2026,102063,BETVIP,AF - MESSI,0,0,"254,11"," R$  254,11 ","0,00%","0,00%","100,00%",PLO6,"-117,76"
11/05/2026,100134,VaiVolta,GESTOR - ENZO,0,0,"4664,85"," R$  4.664,85 ","0,00%","0,00%","100,00%",PLO6,"-16873,39"
11/05/2026,136659,Galação,AF - JOANDERSON L.,0,28,"28,94"," R$  56,94 ","0,00%","49,17%","50,83%",PLO6,"-229,8"
11/05/2026,194595,LICO,AF - BRENER VICENTE,0,55,0," R$  55,00 ","0,00%","100,00%","0,00%",MTT,"-184,44"
11/05/2026,119992,LULA 91,AF - MARCIO MIRANDA,"3,96",1,"1,25"," R$  6,21 ","63,77%","16,10%","20,13%",NLH,-54
11/05/2026,188005,jefelima81,AF - TRAF. RAMON P.,"0,4","6,95","96,23"," R$  103,58 ","0,39%","6,71%","92,90%",PLO6,-186
11/05/2026,189476,SAMUKA YOSHI,AF - TRAF. RAMON P.,"13,23","1,1",0," R$  14,33 ","92,32%","7,68%","0,00%",NLH,"41,69"
11/05/2026,135257,littlegirl,AF - POKER BSB,0,0,0, R$  -   ,,,,NLH,0
11/05/2026,130508,Roblove,AF - POKER BSB,0,0,"13,17"," R$  13,17 ","0,00%","0,00%","100,00%",PLO6,"-50,76"
11/05/2026,147381,JHerminio ?,AF - HERMINIO C,0,80,"7,49"," R$  87,49 ","0,00%","91,44%","8,56%",MTT,"-876,64"
11/05/2026,174211,Anirrakell,AF - HERMINIO C,"29,03",0,"250,99"," R$  280,02 ","10,37%","0,00%","89,63%",PLO6,"302,89"
11/05/2026,183412,Bianchi,AF - HERMINIO C,0,1,0," R$  1,00 ","0,00%","100,00%","0,00%",MTT,-10
11/05/2026,113639,guilermecosta,AF - RILDO,0,0,"294,8"," R$  294,80 ","0,00%","0,00%","100,00%",PLO6,"3157,3"
11/05/2026,130123,Pinguim$,AF - RILDO,0,0,"508,55"," R$  508,55 ","0,00%","0,00%","100,00%",PLO6,"1602,31"
11/05/2026,102214,Daniel Dias,AF - DANIEL RJ,0,20,0," R$  20,00 ","0,00%","100,00%","0,00%",MTT,-200
11/05/2026,170610,specter?,AF - ALEXSANDRO S.,0,0,"17,75"," R$  17,75 ","0,00%","0,00%","100,00%",PLO6,"-241,03"
11/05/2026,172849,pix172849,AF - HOUSTON CLUB,0,0,0, R$  -   ,,,,NLH,0
11/05/2026,100249,niccole,AF - NATTAN CARINHA,0,"3,1","2,7"," R$  5,80 ","0,00%","53,45%","46,55%",MTT,-69
11/05/2026,154403,dealer082,AF - NATTAN CARINHA,0,0,"15,55"," R$  15,55 ","0,00%","0,00%","100,00%",PLO6,"22,44"
11/05/2026,128838,joguinhodele,AF - PALISSON M,0,3,"0,76"," R$  3,76 ","0,00%","79,79%","20,21%",MTT,"-30,2"
11/05/2026,115741,joaovictorlv,AF - FABYAN,0,20,0," R$  20,00 ","0,00%","100,00%","0,00%",MTT,"820,19"