Data,ID do jogador,Apelido,Agente,NLH,MTT,PLO6,Total,NLH,MTT,PLO6,Jogo_Fav,PROFIT/LOSS
01/06/2026,107817,Luiz Eduardo,AF - ELOY,0,"17,7",0," R$  17,70 ","0,00%","100,00%","0,00%",MTT,"132,94"
01/06/2026,158228,kkapone42,AF - ELOY,0,"9,5","73,77"," R$  83,27 ","0,00%","11,41%","88,59%",PLO6,"-396,51"
01/06/2026,106837,ALANN,AF - ELOY,0,0,0, R$  -   ,,,,NLH,"1,03"
01/06/2026,145619,Fofura,AF - ELOY,0,20,"138,87"," R$  158,87 ","0,00%","12,59%","87,41%",PLO6,"-833,77"
01/06/2026,139145,bbbb,AF - ELOY,"120,93",0,0," R$  120,93 ","100,00%","0,00%","0,00%",NLH,"-92,79"
01/06/2026,145637,Srº Mentira 81,AF - ELOY,0,0,0, R$  -   ,,,,NLH,0
01/06/2026,128081,pix128081,AF - ELOY,0,0,"327,55"," R$  327,55 ","0,00%","0,00%","100,00%",PLO6,"175,79"
01/06/2026,134826,ValaSeteJ7,AF - ELOY,"1,03","7,2",0," R$  8,23 ","12,52%","87,48%","0,00%",MTT,-84
01/06/2026,142062,CACH0LÃ0,AF - ELOY,0,8,0," R$  8,00 ","0,00%","100,00%","0,00%",MTT,-80
01/06/2026,139402,Nogueirinha,AF - ELOY,0,20,"1,73"," R$  21,73 ","0,00%","92,04%","7,96%",MTT,-204
01/06/2026,102954,usujaDR,AF - ELOY,"55,48",26,"8,72"," R$  90,20 ","61,51%","28,82%","9,67%",NLH,"586,12"
01/06/2026,139529,Abcfamilia2015,AF - ELOY,0,"9,8",0," R$  9,80 ","0,00%","100,00%","0,00%",MTT,-98
01/06/2026,108030,Pitbull Enraivado,PIXPOKER,"0,22","19,6","94,33"," R$  114,15 ","0,19%","17,17%","82,64%",PLO6,"-317,81"
01/06/2026,128228,bobssdi,PIXPOKER,"0,55","11,8","34,58"," R$  46,93 ","1,17%","25,14%","73,68%",PLO6,"-211,94"
01/06/2026,130831,SnAAcK,PIXPOKER,0,"16,3",0," R$  16,30 ","0,00%","100,00%","0,00%",MTT,-53
01/06/2026,149703,azarado,PIXPOKER,0,"31,7",0," R$  31,70 ","0,00%","100,00%","0,00%",MTT,"32,39"
01/06/2026,150826,thpericlesbjj,PIXPOKER,0,"7,9",0," R$  7,90 ","0,00%","100,00%","0,00%",MTT,-79
01/06/2026,155081,Bradesco $@,PIXPOKER,"40,17","22,8",52," R$  114,97 ","34,94%","19,83%","45,23%",PLO6,"110,61"
01/06/2026,157461,Hellen_?,PIXPOKER,"80,72","106,16","15,52"," R$  202,40 ","39,88%","52,45%","7,67%",MTT,"-839,95"
01/06/2026,158093,Diegote86,PIXPOKER,"35,63","15,16","20,08"," R$  70,87 ","50,28%","21,39%","28,33%",NLH,"-215,07"
01/06/2026,171835,TheRock99,PIXPOKER,"8,42","31,19",0," R$  39,61 ","21,26%","78,74%","0,00%",MTT,"16,52"
01/06/2026,179909,Trilheiro???,PIXPOKER,"3,29","80,19",0," R$  83,48 ","3,94%","96,06%","0,00%",MTT,"-624,64"
01/06/2026,189235,pix189235,PIXPOKER,0,"14,24",0," R$  14,24 ","0,00%","100,00%","0,00%",MTT,"-0,38"
01/06/2026,193941,joaofurtado,PIXPOKER,"15,84","8,9",0," R$  24,74 ","64,03%","35,97%","0,00%",NLH,"16,57"
01/06/2026,101534,sem perdão,PIXPOKER,0,"15,7","107,18"," R$  122,88 ","0,00%","12,78%","87,22%",PLO6,"36,93"
01/06/2026,116648,viltonsales,PIXPOKER,0,0,"746,07"," R$  746,07 ","0,00%","0,00%","100,00%",PLO6,1464
01/06/2026,119997,brunobfb,PIXPOKER,0,1,"81,09"," R$  82,09 ","0,00%","1,22%","98,78%",PLO6,"-171,47"
01/06/2026,135262,F3lp1s,PIXPOKER,"0,98","0,7","21,36"," R$  23,04 ","4,25%","3,04%","92,71%",PLO6,"-77,53"
01/06/2026,145959,Adibe Jr 02,PIXPOKER,"19,7",0,"1354,87"," R$  1.374,57 ","1,43%","0,00%","98,57%",PLO6,"-1812,79"
01/06/2026,147799,sabonete22,PIXPOKER,0,0,"352,3"," R$  352,30 ","0,00%","0,00%","100,00%",PLO6,"-1032,05"
01/06/2026,149545,pix149545,PIXPOKER,0,0,"444,23"," R$  444,23 ","0,00%","0,00%","100,00%",PLO6,"-247,3"
01/06/2026,153384,NutS,PIXPOKER,0,30,"240,32"," R$  270,32 ","0,00%","11,10%","88,90%",PLO6,-496
01/06/2026,155671,abj0610 jj,PIXPOKER,"4,67",0,"326,98"," R$  331,65 ","1,41%","0,00%","98,59%",PLO6,"-101,66"
01/06/2026,156606,#****#,PIXPOKER,0,0,"416,55"," R$  416,55 ","0,00%","0,00%","100,00%",PLO6,"-376,23"
01/06/2026,158143,tudo35,PIXPOKER,0,0,"42,55"," R$  42,55 ","0,00%","0,00%","100,00%",PLO6,"-125,08"
01/06/2026,169890,Simone,PIXPOKER,0,0,1," R$  1,00 ","0,00%","0,00%","100,00%",PLO6,"1,48"
01/06/2026,179590,lucas082,PIXPOKER,"6,81","3,9","54,78"," R$  65,49 ","10,40%","5,96%","83,65%",PLO6,"98,1"
01/06/2026,182112,22222222,PIXPOKER,0,"0,8","814,96"," R$  815,76 ","0,00%","0,10%","99,90%",PLO6,"223,24"
01/06/2026,183216,preta02,PIXPOKER,0,0,"396,67"," R$  396,67 ","0,00%","0,00%","100,00%",PLO6,"-309,22"
01/06/2026,185542,Gomess,PIXPOKER,"2,87","2,4","33,49"," R$  38,76 ","7,40%","6,19%","86,40%",PLO6,"-147,16"
01/06/2026,187173,pix187173,PIXPOKER,"2,39","1,6","103,23"," R$  107,22 ","2,23%","1,49%","96,28%",PLO6,"128,09"
01/06/2026,187664,Dwbliu,PIXPOKER,0,0,"11,93"," R$  11,93 ","0,00%","0,00%","100,00%",PLO6,-62
01/06/2026,188702,Aécio2064,PIXPOKER,0,0,"71,12"," R$  71,12 ","0,00%","0,00%","100,00%",PLO6,"-328,08"
01/06/2026,193467,Mercado livre,PIXPOKER,0,0,"433,63"," R$  433,63 ","0,00%","0,00%","100,00%",PLO6,"367,96"
01/06/2026,194654,Mr Pet,PIXPOKER,0,"128,4","59,09"," R$  187,49 ","0,00%","68,48%","31,52%",MTT,"19,51"
01/06/2026,195083,AAÉFOLD,PIXPOKER,0,0,"157,73"," R$  157,73 ","0,00%","0,00%","100,00%",PLO6,"-27,2"
01/06/2026,110016,? Fantasma ?,PIXPOKER,0,0,"10,58"," R$  10,58 ","0,00%","0,00%","100,00%",PLO6,"-68,62"
01/06/2026,151375,Jamal,PIXPOKER,"7,06",1,"328,1"," R$  336,16 ","2,10%","0,30%","97,60%",PLO6,"-296,46"
01/06/2026,120789,Mágico,PIXPOKER,0,"0,8",0," R$  0,80 ","0,00%","100,00%","0,00%",MTT,-8
01/06/2026,193280,GODZZILLA,PIXPOKER,"3,94","5,8",0," R$  9,74 ","40,45%","59,55%","0,00%",MTT,"-7,65"
01/06/2026,100346,DeinhAA,PIXPOKER,0,0,"120,25"," R$  120,25 ","0,00%","0,00%","100,00%",PLO6,"-115,63"
01/06/2026,100628,TheBest.,PIXPOKER,0,1,"0,03"," R$  1,03 ","0,00%","97,09%","2,91%",MTT,"127,62"
01/06/2026,102898,shark,PIXPOKER,0,0,"0,22"," R$  0,22 ","0,00%","0,00%","100,00%",PLO6,"0,12"
01/06/2026,102916,Elthigas,PIXPOKER,0,0,"0,38"," R$  0,38 ","0,00%","0,00%","100,00%",PLO6,-5
01/06/2026,113348,Pedro Otávio,PIXPOKER,"5,79",0,"1,5"," R$  7,29 ","79,42%","0,00%","20,58%",NLH,-1
01/06/2026,129800,NASA?,PIXPOKER,0,"24,5","24,35"," R$  48,85 ","0,00%","50,15%","49,85%",MTT,"-232,04"
01/06/2026,143580,Avanti Palestra,PIXPOKER,0,0,"114,31"," R$  114,31 ","0,00%","0,00%","100,00%",PLO6,"-147,82"
01/06/2026,147160,VASCOPORRA,PIXPOKER,0,0,"196,63"," R$  196,63 ","0,00%","0,00%","100,00%",PLO6,"-79,68"
01/06/2026,154421,Batt rico,PIXPOKER,0,0,"35,14"," R$  35,14 ","0,00%","0,00%","100,00%",PLO6,"82,73"
01/06/2026,155175,LyncolnK2,PIXPOKER,"4,29",0,"2,45"," R$  6,74 ","63,65%","0,00%","36,35%",NLH,"-25,28"
01/06/2026,160003,Ioribr (777),PIXPOKER,"4,35",0,"19,51"," R$  23,86 ","18,23%","0,00%","81,77%",PLO6,-13
01/06/2026,163330,RN????,PIXPOKER,0,0,"109,03"," R$  109,03 ","0,00%","0,00%","100,00%",PLO6,"-99,59"
01/06/2026,164927,cafécleite,PIXPOKER,0,"5,9","111,38"," R$  117,28 ","0,00%","5,03%","94,97%",PLO6,"-15,09"
01/06/2026,169703,Chicken Little,PIXPOKER,"6,49",0,"24,32"," R$  30,81 ","21,06%","0,00%","78,94%",PLO6,-155
01/06/2026,176306,HLDR,PIXPOKER,0,"38,5","108,19"," R$  146,69 ","0,00%","26,25%","73,75%",PLO6,"983,46"
01/06/2026,185894,pejota23,PIXPOKER,"27,51","15,1","724,91"," R$  767,52 ","3,58%","1,97%","94,45%",PLO6,-1115
01/06/2026,188349,cheira madeira,PIXPOKER,"19,05",0,"4,38"," R$  23,43 ","81,31%","0,00%","18,69%",NLH,-31
01/06/2026,190191,THªNOS,PIXPOKER,"130,95",0,"6,9"," R$  137,85 ","94,99%","0,00%","5,01%",NLH,575
01/06/2026,190673,pix190673,PIXPOKER,"0,18","76,3","64,11"," R$  140,59 ","0,13%","54,27%","45,60%",MTT,-715
01/06/2026,193561,Iperes,PIXPOKER,"0,04","74,9","24,75"," R$  99,69 ","0,04%","75,13%","24,83%",MTT,"616,04"
01/06/2026,107109,pix107109,PIXPOKER,"3,66",0,"121,84"," R$  125,50 ","2,92%","0,00%","97,08%",PLO6,-739
01/06/2026,109150,vitinpe,PIXPOKER,0,0,"2,96"," R$  2,96 ","0,00%","0,00%","100,00%",PLO6,-41
01/06/2026,112533,xLove,PIXPOKER,0,0,"1,28"," R$  1,28 ","0,00%","0,00%","100,00%",PLO6,-12
01/06/2026,114698,Bodevoador,PIXPOKER,0,0,"1,19"," R$  1,19 ","0,00%","0,00%","100,00%",PLO6,-53
01/06/2026,122502,thocu,PIXPOKER,0,0,"368,02"," R$  368,02 ","0,00%","0,00%","100,00%",PLO6,-713
01/06/2026,128079,italoko,PIXPOKER,0,"2,2","72,27"," R$  74,47 ","0,00%","2,95%","97,05%",PLO6,-560
01/06/2026,147553,ChicoCeza,PIXPOKER,0,0,"61,06"," R$  61,06 ","0,00%","0,00%","100,00%",PLO6,-199
01/06/2026,152039,BrOLy,PIXPOKER,0,0,"10,38"," R$  10,38 ","0,00%","0,00%","100,00%",PLO6,78
01/06/2026,154395,Maurinho Amaro,PIXPOKER,"1,6",0,"23,2"," R$  24,80 ","6,45%","0,00%","93,55%",PLO6,"-163,44"
01/06/2026,155367,pix155367,PIXPOKER,0,15,"634,67"," R$  649,67 ","0,00%","2,31%","97,69%",PLO6,"2202,89"
01/06/2026,161139,Elio Oliveira,PIXPOKER,"46,35","7,4","4,52"," R$  58,27 ","79,54%","12,70%","7,76%",NLH,"251,59"
01/06/2026,189811,Kushlemon,PIXPOKER,"15,04",1,"19,41"," R$  35,45 ","42,43%","2,82%","54,75%",PLO6,5
01/06/2026,193915,Carreirinha,PIXPOKER,"0,16",0,"67,47"," R$  67,63 ","0,24%","0,00%","99,76%",PLO6,"44,09"
01/06/2026,102657,Edson ?,PIXPOKER,"34,81","1,7","143,55"," R$  180,06 ","19,33%","0,94%","79,72%",PLO6,"570,79"
01/06/2026,102854,mrsflush,PIXPOKER,0,0,"0,28"," R$  0,28 ","0,00%","0,00%","100,00%",PLO6,"-0,63"
01/06/2026,102869,shogun,PIXPOKER,0,"0,3",0," R$  0,30 ","0,00%","100,00%","0,00%",MTT,"-0,14"
01/06/2026,103301,gika,PIXPOKER,0,0,"1,06"," R$  1,06 ","0,00%","0,00%","100,00%",PLO6,"1,08"
01/06/2026,104131,all inn,PIXPOKER,"1,39","0,1",0," R$  1,49 ","93,29%","6,71%","0,00%",NLH,"-11,29"
01/06/2026,105921,verdao,PIXPOKER,0,0,0, R$  -   ,,,,NLH,"0,77"
01/06/2026,106910,alexmast223,PIXPOKER,0,0,0, R$  -   ,,,,NLH,"2,36"
01/06/2026,116811,joka,PIXPOKER,0,0,0, R$  -   ,,,,NLH,"1,08"
01/06/2026,117575,Let’s Go,PIXPOKER,0,"12,1",0," R$  12,10 ","0,00%","100,00%","0,00%",MTT,"-113,5"
01/06/2026,125825,pica-pau,PIXPOKER,0,0,"286,44"," R$  286,44 ","0,00%","0,00%","100,00%",PLO6,-1293
01/06/2026,128921,pix128921,PIXPOKER,0,2,"0,96"," R$  2,96 ","0,00%","67,57%","32,43%",MTT,-30
01/06/2026,129186,???Pato,PIXPOKER,0,0,0, R$  -   ,,,,NLH,"7,34"
01/06/2026,133382,martinsScc,PIXPOKER,"62,56",1,"13,77"," R$  77,33 ","80,90%","1,29%","17,81%",NLH,"-130,16"
01/06/2026,136090,pixxx,PIXPOKER,0,0,0, R$  -   ,,,,NLH,0
01/06/2026,140055,jr oião motos,PIXPOKER,0,0,0, R$  -   ,,,,NLH,0
01/06/2026,152279,Palmer,PIXPOKER,"1,17","2,6",0," R$  3,77 ","31,03%","68,97%","0,00%",MTT,"-33,84"
01/06/2026,153195,ZackEfr0n,PIXPOKER,0,0,0, R$  -   ,,,,NLH,"3,53"
01/06/2026,159057,MatosPoker,PIXPOKER,0,0,0, R$  -   ,,,,NLH,0
01/06/2026,169201,danigodoy,PIXPOKER,0,0,0, R$  -   ,,,,NLH,0
01/06/2026,170685,Pitheolico,PIXPOKER,0,0,0, R$  -   ,,,,NLH,"1,5"
01/06/2026,170943,claytim,PIXPOKER,0,0,0, R$  -   ,,,,NLH,0
01/06/2026,172670,pix172670,PIXPOKER,"6,2",0,"5,98"," R$  12,18 ","50,90%","0,00%","49,10%",NLH,"-0,23"
01/06/2026,173555,pix173555,PIXPOKER,0,"0,8",0," R$  0,80 ","0,00%","100,00%","0,00%",MTT,"-0,71"
01/06/2026,174229,treiss77,PIXPOKER,0,0,0, R$  -   ,,,,NLH,0
01/06/2026,174658,Luka Magic,PIXPOKER,0,0,"0,84"," R$  0,84 ","0,00%","0,00%","100,00%",PLO6,"-2,26"
01/06/2026,178675,LEODEDIN,PIXPOKER,0,"2,2","12,9"," R$  15,10 ","0,00%","14,57%","85,43%",PLO6,"-134,2"
01/06/2026,179838,pix179838,PIXPOKER,0,"0,1",0," R$  0,10 ","0,00%","100,00%","0,00%",MTT,"-0,28"
01/06/2026,180584,lagarto171,PIXPOKER,0,5,0," R$  5,00 ","0,00%","100,00%","0,00%",MTT,"-48,79"
01/06/2026,181098,pix181098,PIXPOKER,"0,35",0,0," R$  0,35 ","100,00%","0,00%","0,00%",NLH,"3,03"
01/06/2026,182576,Bundinha de neném,PIXPOKER,"0,18",0,0," R$  0,18 ","100,00%","0,00%","0,00%",NLH,"-1,89"
01/06/2026,182909,Johnny walkr,PIXPOKER,"0,66","9,7",0," R$  10,36 ","6,37%","93,63%","0,00%",MTT,"-94,89"
01/06/2026,185187,JJoNuTs,PIXPOKER,0,0,0, R$  -   ,,,,NLH,0
01/06/2026,185225,pix185225,PIXPOKER,0,0,"0,26"," R$  0,26 ","0,00%","0,00%","100,00%",PLO6,"-1,42"
01/06/2026,188365,pix188365,PIXPOKER,"11,15",1,0," R$  12,15 ","91,77%","8,23%","0,00%",NLH,"8,95"
01/06/2026,189882,pix189882,PIXPOKER,0,0,"0,68"," R$  0,68 ","0,00%","0,00%","100,00%",PLO6,-80
01/06/2026,193010,Marcelo Silva,PIXPOKER,"13,57",14,"6,74"," R$  34,31 ","39,55%","40,80%","19,64%",MTT,"-244,78"
01/06/2026,193178,10 ANO,PIXPOKER,"141,75","31,8","2,03"," R$  175,58 ","80,73%","18,11%","1,16%",NLH,"-884,71"
01/06/2026,193366,pix193366,PIXPOKER,0,"0,7",0," R$  0,70 ","0,00%","100,00%","0,00%",MTT,-7
01/06/2026,193550,carl$kk,PIXPOKER,0,0,0, R$  -   ,,,,NLH,"0,86"
01/06/2026,193890,pix193890,PIXPOKER,"27,45","4,7","0,45"," R$  32,60 ","84,20%","14,42%","1,38%",NLH,"-20,45"
01/06/2026,194761,Malcher,PIXPOKER,0,0,0, R$  -   ,,,,NLH,"3,32"
01/06/2026,194996,fa.do.risi,PIXPOKER,0,0,0, R$  -   ,,,,NLH,0
01/06/2026,195114,Atena,PIXPOKER,0,0,0, R$  -   ,,,,NLH,"0,93"
01/06/2026,133097,URACAN,PIXPOKER,"4,29",0,"86,05"," R$  90,34 ","4,75%","0,00%","95,25%",PLO6,"-304,47"
01/06/2026,139726,bananinha,PIXPOKER,0,"400,4","754,14"," R$  1.154,54 ","0,00%","34,68%","65,32%",PLO6,"-3503,83"
01/06/2026,140015,NenTrindade,PIXPOKER,0,1,"380,99"," R$  381,99 ","0,00%","0,26%","99,74%",PLO6,"-301,55"
01/06/2026,162905,picanele,PIXPOKER,0,0,"63,89"," R$  63,89 ","0,00%","0,00%","100,00%",PLO6,"-63,83"
01/06/2026,186675,soninho,PIXPOKER,0,0,"290,97"," R$  290,97 ","0,00%","0,00%","100,00%",PLO6,-210
01/06/2026,187315,luanpg10,PIXPOKER,"1,13","4,44","57,4"," R$  62,97 ","1,79%","7,05%","91,15%",PLO6,-288
01/06/2026,188295,Blefudedor,PIXPOKER,0,0,"80,45"," R$  80,45 ","0,00%","0,00%","100,00%",PLO6,"-348,86"
01/06/2026,188964,…….,PIXPOKER,0,0,"46,6"," R$  46,60 ","0,00%","0,00%","100,00%",PLO6,-186
01/06/2026,191614,B.I.N.G.O,PIXPOKER,0,0,"59,06"," R$  59,06 ","0,00%","0,00%","100,00%",PLO6,"252,88"
01/06/2026,192836,guizin777,PIXPOKER,0,1,"42,4"," R$  43,40 ","0,00%","2,30%","97,70%",PLO6,-184
01/06/2026,193682,pix193682,PIXPOKER,0,0,"42,48"," R$  42,48 ","0,00%","0,00%","100,00%",PLO6,-515
01/06/2026,194597,Razec,PIXPOKER,0,0,"11,02"," R$  11,02 ","0,00%","0,00%","100,00%",PLO6,-44
01/06/2026,195232,pix195232,PIXPOKER,"30,51",0,"105,71"," R$  136,22 ","22,40%","0,00%","77,60%",PLO6,-343
01/06/2026,100486,Jr Holanda,PIXPOKER,0,"4,5","115,19"," R$  119,69 ","0,00%","3,76%","96,24%",PLO6,-464
01/06/2026,193637,BeNSharK?,PIXPOKER,"8,16","64,7",0," R$  72,86 ","11,20%","88,80%","0,00%",MTT,"-370,33"
01/06/2026,194473,segundopoker,PIXPOKER,"3,05","9,8",0," R$  12,85 ","23,74%","76,26%","0,00%",MTT,-110
01/06/2026,112136,VML$??,PIXPOKER,"36,22",0,"61,54"," R$  97,76 ","37,05%","0,00%","62,95%",PLO6,-93
01/06/2026,159370,pix159370,PIXPOKER,0,0,"2,02"," R$  2,02 ","0,00%","0,00%","100,00%",PLO6,-8
01/06/2026,161256,CÂMARA?,PIXPOKER,0,0,"2,75"," R$  2,75 ","0,00%","0,00%","100,00%",PLO6,-38
01/06/2026,162898,Arturlm11,PIXPOKER,"2,52",0,"49,14"," R$  51,66 ","4,88%","0,00%","95,12%",PLO6,-75
01/06/2026,171251,jhony@,PIXPOKER,"3,74",0,"30,72"," R$  34,46 ","10,85%","0,00%","89,15%",PLO6,"-229,1"
01/06/2026,188599,Chrys_Killer,PIXPOKER,"0,07",0,"76,16"," R$  76,23 ","0,09%","0,00%","99,91%",PLO6,"-246,2"
01/06/2026,190931,pix190931,PIXPOKER,0,0,"2,02"," R$  2,02 ","0,00%","0,00%","100,00%",PLO6,-27
01/06/2026,193709,100Sorte?,PIXPOKER,0,21,"267,19"," R$  288,19 ","0,00%","7,29%","92,71%",PLO6,"85,33"
01/06/2026,110951,SrAndrezito,PIXPOKER,"36,36","0,8",0," R$  37,16 ","97,85%","2,15%","0,00%",NLH,-233
01/06/2026,116030,Cordolla,PIXPOKER,"2,5",0,0," R$  2,50 ","100,00%","0,00%","0,00%",NLH,"28,06"
01/06/2026,144862,Brunno,PIXPOKER,"2,52",0,0," R$  2,52 ","100,00%","0,00%","0,00%",NLH,-15
01/06/2026,150186,el brocador,PIXPOKER,28,0,0," R$  28,00 ","100,00%","0,00%","0,00%",NLH,"-24,1"
01/06/2026,152397,RRMcg,PIXPOKER,"0,15",0,0," R$  0,15 ","100,00%","0,00%","0,00%",NLH,-4
01/06/2026,153129,Zedd,PIXPOKER,"95,12",0,0," R$  95,12 ","100,00%","0,00%","0,00%",NLH,"-133,69"
01/06/2026,154633,pix154633,PIXPOKER,"1,62",0,0," R$  1,62 ","100,00%","0,00%","0,00%",NLH,"-0,95"
01/06/2026,155420,tenhovalor,PIXPOKER,"37,14",0,0," R$  37,14 ","100,00%","0,00%","0,00%",NLH,-53
01/06/2026,157546,Donolt Trump?,PIXPOKER,"60,97","12,8",0," R$  73,77 ","82,65%","17,35%","0,00%",NLH,"224,7"
01/06/2026,158269,steve,PIXPOKER,"10,81",0,0," R$  10,81 ","100,00%","0,00%","0,00%",NLH,"-18,21"
01/06/2026,159245,Wick,PIXPOKER,"9,16",0,0," R$  9,16 ","100,00%","0,00%","0,00%",NLH,-82
01/06/2026,160558,lanelas,PIXPOKER,"43,34","1,4","1,52"," R$  46,26 ","93,69%","3,03%","3,29%",NLH,"83,67"
01/06/2026,162312,WeydsonL,PIXPOKER,"260,55",0,"23,15"," R$  283,70 ","91,84%","0,00%","8,16%",NLH,"-571,03"
01/06/2026,162897,Totó ?,PIXPOKER,"17,38",0,"57,9"," R$  75,28 ","23,09%","0,00%","76,91%",PLO6,-207
01/06/2026,165730,kara de Xibata,PIXPOKER,"15,8",52,0," R$  67,80 ","23,30%","76,70%","0,00%",MTT,"-574,91"
01/06/2026,174208,Negot,PIXPOKER,"6,24",0,"11,26"," R$  17,50 ","35,66%","0,00%","64,34%",PLO6,22
01/06/2026,175068,Urubudupix,PIXPOKER,"0,44",0,0," R$  0,44 ","100,00%","0,00%","0,00%",NLH,"-1,02"
01/06/2026,175113,chau,PIXPOKER,"0,8","1,3","10,91"," R$  13,01 ","6,15%","9,99%","83,86%",PLO6,"-51,78"
01/06/2026,187362,Higor00,PIXPOKER,"25,57",0,"2,66"," R$  28,23 ","90,58%","0,00%","9,42%",NLH,-87
01/06/2026,189425,NeutrófiloX,PIXPOKER,"5,22",0,0," R$  5,22 ","100,00%","0,00%","0,00%",NLH,"-34,66"
01/06/2026,191967,plmatadoreeporco,PIXPOKER,"15,85",0,"5,5"," R$  21,35 ","74,24%","0,00%","25,76%",NLH,-80
01/06/2026,194211,palaku,PIXPOKER,"1,8",0,"330,68"," R$  332,48 ","0,54%","0,00%","99,46%",PLO6,"198,21"
01/06/2026,194604,Aquiles77,PIXPOKER,"2,69","3,8","0,69"," R$  7,18 ","37,47%","52,92%","9,61%",MTT,-60
01/06/2026,195112,Betto,PIXPOKER,"6,83","126,6","24,31"," R$  157,74 ","4,33%","80,26%","15,41%",MTT,"-769,04"
01/06/2026,116753,Gabrrriel,PIXPOKER,0,0,"5,91"," R$  5,91 ","0,00%","0,00%","100,00%",PLO6,"4,73"
01/06/2026,159020,Zlatan11,PIXPOKER,0,0,"74,13"," R$  74,13 ","0,00%","0,00%","100,00%",PLO6,-125
01/06/2026,181267,Menor LK,PIXPOKER,0,0,"112,3"," R$  112,30 ","0,00%","0,00%","100,00%",PLO6,"-246,25"
01/06/2026,193183,pix193183,PIXPOKER,"0,84","0,5","0,35"," R$  1,69 ","49,70%","29,59%","20,71%",NLH,-17
01/06/2026,101162,Messi10?,PIXPOKER,0,0,"440,32"," R$  440,32 ","0,00%","0,00%","100,00%",PLO6,"1760,03"
01/06/2026,102576,kaos,PIXPOKER,0,0,"134,89"," R$  134,89 ","0,00%","0,00%","100,00%",PLO6,"-784,66"
01/06/2026,103345,Homer Simpson,PIXPOKER,"23,63","2,8","223,94"," R$  250,37 ","9,44%","1,12%","89,44%",PLO6,"-1984,72"
01/06/2026,121760,velinho8657,PIXPOKER,"17,01",0,"2369,42"," R$  2.386,43 ","0,71%","0,00%","99,29%",PLO6,-5945
01/06/2026,136600,pix136600,PIXPOKER,0,0,"393,57"," R$  393,57 ","0,00%","0,00%","100,00%",PLO6,"-1996,97"
01/06/2026,155309,Andre13,PIXPOKER,0,0,"779,67"," R$  779,67 ","0,00%","0,00%","100,00%",PLO6,"-2027,02"
01/06/2026,157192,kakaziinho,PIXPOKER,0,0,"172,88"," R$  172,88 ","0,00%","0,00%","100,00%",PLO6,"-209,08"
01/06/2026,158650,pix158650,PIXPOKER,0,0,"1133,5"," R$  1.133,50 ","0,00%","0,00%","100,00%",PLO6,"951,21"
01/06/2026,169302,pix169302,PIXPOKER,0,0,"1166,53"," R$  1.166,53 ","0,00%","0,00%","100,00%",PLO6,"-3204,91"
01/06/2026,189205,fazer 1000,PIXPOKER,0,0,"129,73"," R$  129,73 ","0,00%","0,00%","100,00%",PLO6,"-986,65"
01/06/2026,193434,CUIDAVAI,PIXPOKER,0,0,"748,52"," R$  748,52 ","0,00%","0,00%","100,00%",PLO6,"-7794,64"
01/06/2026,193549,pressao12/8,PIXPOKER,0,0,"6255,85"," R$  6.255,85 ","0,00%","0,00%","100,00%",PLO6,"-2105,83"
01/06/2026,100211,Patrik Estrela,PIXPOKER,0,0,"47,25"," R$  47,25 ","0,00%","0,00%","100,00%",PLO6,157
01/06/2026,112569,LNI23,PIXPOKER,0,1,"11,91"," R$  12,91 ","0,00%","7,75%","92,25%",PLO6,-71
01/06/2026,116975,bora bora,PIXPOKER,0,0,"330,7"," R$  330,70 ","0,00%","0,00%","100,00%",PLO6,"-750,02"
01/06/2026,117746,bocao10,PIXPOKER,0,0,"180,81"," R$  180,81 ","0,00%","0,00%","100,00%",PLO6,"851,95"
01/06/2026,120161,Forasteiro,PIXPOKER,0,0,"232,61"," R$  232,61 ","0,00%","0,00%","100,00%",PLO6,"637,64"
01/06/2026,121804,Descubra,PIXPOKER,0,"0,8","99,74"," R$  100,54 ","0,00%","0,80%","99,20%",PLO6,"-861,23"
01/06/2026,129250,dayvisonfranklin,PIXPOKER,0,0,"104,19"," R$  104,19 ","0,00%","0,00%","100,00%",PLO6,-185
01/06/2026,129537,REI DO POKKER AA,PIXPOKER,0,0,"36,14"," R$  36,14 ","0,00%","0,00%","100,00%",PLO6,"-35,52"
01/06/2026,130772,molico10,PIXPOKER,"5,62",0,"79,85"," R$  85,47 ","6,58%","0,00%","93,42%",PLO6,"-539,75"
01/06/2026,138160,Chicão 01,PIXPOKER,0,0,"398,14"," R$  398,14 ","0,00%","0,00%","100,00%",PLO6,65
01/06/2026,139234,Doom,PIXPOKER,"0,91",0,"8,07"," R$  8,98 ","10,13%","0,00%","89,87%",PLO6,"-9,09"
01/06/2026,149244,vem bambo não,PIXPOKER,0,0,"2,25"," R$  2,25 ","0,00%","0,00%","100,00%",PLO6,-30
01/06/2026,151543,jotinhafelipe,PIXPOKER,0,0,"144,09"," R$  144,09 ","0,00%","0,00%","100,00%",PLO6,"-813,91"
01/06/2026,155905,MC LGK9,PIXPOKER,0,0,"793,42"," R$  793,42 ","0,00%","0,00%","100,00%",PLO6,"-1245,48"
01/06/2026,156515,Miquelangela,PIXPOKER,0,"1,7","71,47"," R$  73,17 ","0,00%","2,32%","97,68%",PLO6,-203
01/06/2026,157471,ELBISTECON!!!,PIXPOKER,0,0,"1,89"," R$  1,89 ","0,00%","0,00%","100,00%",PLO6,-25
01/06/2026,165073,pix165073,PIXPOKER,0,0,"11,82"," R$  11,82 ","0,00%","0,00%","100,00%",PLO6,-41
01/06/2026,167950,pix167950,PIXPOKER,0,"7,6","845,53"," R$  853,13 ","0,00%","0,89%","99,11%",PLO6,"-1260,3"
01/06/2026,169232,bumbum guloso,PIXPOKER,"41,03",0,"137,45"," R$  178,48 ","22,99%","0,00%","77,01%",PLO6,-615
01/06/2026,173235,Estrutura,PIXPOKER,"9,37","255,9","60,73"," R$  326,00 ","2,87%","78,50%","18,63%",MTT,"545,27"
01/06/2026,176091,bananildo,PIXPOKER,0,0,"197,75"," R$  197,75 ","0,00%","0,00%","100,00%",PLO6,-251
01/06/2026,186146,adriel,PIXPOKER,"0,15",0,"61,22"," R$  61,37 ","0,24%","0,00%","99,76%",PLO6,-460
01/06/2026,186865,Tr_Chapinha,PIXPOKER,0,0,"114,62"," R$  114,62 ","0,00%","0,00%","100,00%",PLO6,"-252,56"
01/06/2026,188115,RivaxL,PIXPOKER,0,10,"215,8"," R$  225,80 ","0,00%","4,43%","95,57%",PLO6,"-628,7"
01/06/2026,189502,kid poker AA,PIXPOKER,"2,08",0,"128,11"," R$  130,19 ","1,60%","0,00%","98,40%",PLO6,"745,14"
01/06/2026,190927,pix190927,PIXPOKER,"0,01","3,3","38,35"," R$  41,66 ","0,02%","7,92%","92,05%",PLO6,"-58,71"
01/06/2026,194294,pix194294,PIXPOKER,"8,82",3,"6,03"," R$  17,85 ","49,41%","16,81%","33,78%",NLH,"-160,94"
01/06/2026,111754,pix111754,PIXPOKER,"196,5",0,"134,21"," R$  330,71 ","59,42%","0,00%","40,58%",NLH,"-452,84"
01/06/2026,144386,pix144386,PIXPOKER,0,0,"120,05"," R$  120,05 ","0,00%","0,00%","100,00%",PLO6,-450
01/06/2026,144439,jhtissimo30,PIXPOKER,"7,3",10,"172,05"," R$  189,35 ","3,86%","5,28%","90,86%",PLO6,"207,34"
01/06/2026,147410,Thiago27,PIXPOKER,0,10,"112,63"," R$  122,63 ","0,00%","8,15%","91,85%",PLO6,"-1176,5"
01/06/2026,149617,MQ17,PIXPOKER,0,0,"793,06"," R$  793,06 ","0,00%","0,00%","100,00%",PLO6,"654,25"
01/06/2026,154531,allinsemolhar,PIXPOKER,"6,08","149,5","32,85"," R$  188,43 ","3,23%","79,34%","17,43%",MTT,"1327,16"
01/06/2026,191481,binbalanagulha,PIXPOKER,0,0,"97,59"," R$  97,59 ","0,00%","0,00%","100,00%",PLO6,"-487,56"
01/06/2026,165694,jr?,PIXPOKER,"49,89",0,"98,92"," R$  148,81 ","33,53%","0,00%","66,47%",PLO6,"-249,2"
01/06/2026,187278,VICTOR GUERRA,PIXPOKER,"8,85",3,0," R$  11,85 ","74,68%","25,32%","0,00%",NLH,"-78,86"
01/06/2026,107241,Tibau,PIXPOKER,0,"8,3","64,72"," R$  73,02 ","0,00%","11,37%","88,63%",PLO6,"649,86"
01/06/2026,147593,pix147593,PIXPOKER,0,0,"1285,91"," R$  1.285,91 ","0,00%","0,00%","100,00%",PLO6,"450,86"
01/06/2026,100279,P1ATINI,PIXPOKER,0,"35,1",0," R$  35,10 ","0,00%","100,00%","0,00%",MTT,"-152,58"
01/06/2026,137423,Godoy,PIXPOKER,0,"373,45",0," R$  373,45 ","0,00%","100,00%","0,00%",MTT,"1692,43"
01/06/2026,107206,PriorPVH,PIXPOKER,0,0,"19,88"," R$  19,88 ","0,00%","0,00%","100,00%",PLO6,-200
01/06/2026,107423,Costa10,PIXPOKER,0,10,"24,78"," R$  34,78 ","0,00%","28,75%","71,25%",PLO6,-550
01/06/2026,133713,Thekid,PIXPOKER,0,"112,6","570,3"," R$  682,90 ","0,00%","16,49%","83,51%",PLO6,"7058,36"
01/06/2026,153998,pix153998,PIXPOKER,0,0,"6,82"," R$  6,82 ","0,00%","0,00%","100,00%",PLO6,-101
01/06/2026,195384,pix195384,PIXPOKER,0,5,"356,15"," R$  361,15 ","0,00%","1,38%","98,62%",PLO6,"-1557,98"
01/06/2026,159619,Rööäärrr,PIXPOKER,"8,67","12,7",0," R$  21,37 ","40,57%","59,43%","0,00%",MTT,"-153,4"
01/06/2026,111233,khhk,PIXPOKER,0,0,"0,8"," R$  0,80 ","0,00%","0,00%","100,00%",PLO6,-20
01/06/2026,159775,CarrimPorTras,PIXPOKER,0,0,"6,04"," R$  6,04 ","0,00%","0,00%","100,00%",PLO6,-100
01/06/2026,163367,oftheking,PIXPOKER,"4,84",0,"23,14"," R$  27,98 ","17,30%","0,00%","82,70%",PLO6,"-11,3"
01/06/2026,171369,pix171369,PIXPOKER,0,0,"54,27"," R$  54,27 ","0,00%","0,00%","100,00%",PLO6,"15,16"
01/06/2026,182921,MEUGRANDE,PIXPOKER,0,1,"30,59"," R$  31,59 ","0,00%","3,17%","96,83%",PLO6,-80
01/06/2026,118027,EUROFARMA,PIXPOKER,0,1,"178,82"," R$  179,82 ","0,00%","0,56%","99,44%",PLO6,-244
01/06/2026,159587,PesoPesadoVoltou,PIXPOKER,0,0,"1549,31"," R$  1.549,31 ","0,00%","0,00%","100,00%",PLO6,"1319,97"
01/06/2026,188494,Laele10x,PIXPOKER,0,1,"6,03"," R$  7,03 ","0,00%","14,22%","85,78%",PLO6,-46
01/06/2026,105853,toblefando,PIXPOKER,0,0,"8,31"," R$  8,31 ","0,00%","0,00%","100,00%",PLO6,-120
01/06/2026,106840,rostinho,PIXPOKER,"1,17",0,"18,13"," R$  19,30 ","6,06%","0,00%","93,94%",PLO6,"-89,97"
01/06/2026,119022,SKROTO,PIXPOKER,0,20,"40,82"," R$  60,82 ","0,00%","32,88%","67,12%",PLO6,"-243,64"
01/06/2026,132619,pix132619,PIXPOKER,0,0,"36,18"," R$  36,18 ","0,00%","0,00%","100,00%",PLO6,"154,12"
01/06/2026,135410,jvzim,PIXPOKER,"11,7",0,"55,36"," R$  67,06 ","17,45%","0,00%","82,55%",PLO6,-518
01/06/2026,153031,RUGAL0800,PIXPOKER,"1,25","18,5","36,14"," R$  55,89 ","2,24%","33,10%","64,66%",PLO6,-205
01/06/2026,156053,Doidera66,PIXPOKER,0,0,"16,83"," R$  16,83 ","0,00%","0,00%","100,00%",PLO6,-175
01/06/2026,156870,JPGA,PIXPOKER,"98,72",11,"28,22"," R$  137,94 ","71,57%","7,97%","20,46%",NLH,"-63,03"
01/06/2026,162136,pix162136,PIXPOKER,0,0,"124,5"," R$  124,50 ","0,00%","0,00%","100,00%",PLO6,-420
01/06/2026,187114,KL7-,PIXPOKER,"78,37",0,"240,07"," R$  318,44 ","24,61%","0,00%","75,39%",PLO6,185
01/06/2026,153505,Gabriel Almeida,PIXPOKER,"155,34",0,0," R$  155,34 ","100,00%","0,00%","0,00%",NLH,"-397,62"
01/06/2026,143424,eider junior,PIXPOKER,"0,23",0,"6,98"," R$  7,21 ","3,19%","0,00%","96,81%",PLO6,-90
01/06/2026,149427,JJsparrow,PIXPOKER,0,0,"25,17"," R$  25,17 ","0,00%","0,00%","100,00%",PLO6,-144
01/06/2026,102054,natan oficial,PIXPOKER,"0,61",0,"156,74"," R$  157,35 ","0,39%","0,00%","99,61%",PLO6,-76
01/06/2026,109291,shampooo,PIXPOKER,0,"36,1","55,23"," R$  91,33 ","0,00%","39,53%","60,47%",PLO6,267
01/06/2026,142465,crrc79,PIXPOKER,0,160,"231,69"," R$  391,69 ","0,00%","40,85%","59,15%",PLO6,"-1079,72"
01/06/2026,143847,dossantos 1000,PIXPOKER,"53,97",0,"17,47"," R$  71,44 ","75,55%","0,00%","24,45%",NLH,-278
01/06/2026,148116,joker ?,PIXPOKER,0,0,"135,64"," R$  135,64 ","0,00%","0,00%","100,00%",PLO6,"168,91"
01/06/2026,149559,Tata é  Fota,PIXPOKER,"10,52",0,"2071,88"," R$  2.082,40 ","0,51%","0,00%","99,49%",PLO6,"-974,49"
01/06/2026,150253,n3ymar,PIXPOKER,"8,72",0,"30,77"," R$  39,49 ","22,08%","0,00%","77,92%",PLO6,-495
01/06/2026,172030,ChaparralJr,PIXPOKER,0,25,"280,97"," R$  305,97 ","0,00%","8,17%","91,83%",PLO6,-1201
01/06/2026,104697,gb__,PIXPOKER,"2,32",3,0," R$  5,32 ","43,61%","56,39%","0,00%",MTT,"-41,42"
01/06/2026,107059,Bolinh@,PIXPOKER,"2,48",3,0," R$  5,48 ","45,26%","54,74%","0,00%",MTT,-47
01/06/2026,120035,ok então,PIXPOKER,"39,56","1,5",0," R$  41,06 ","96,35%","3,65%","0,00%",NLH,-100
01/06/2026,145086,Dani,PIXPOKER,0,"40,6",0," R$  40,60 ","0,00%","100,00%","0,00%",MTT,"-260,74"
01/06/2026,145184,Chepinha,PIXPOKER,0,"4,1","1,21"," R$  5,31 ","0,00%","77,21%","22,79%",MTT,"-58,81"
01/06/2026,157420,Gaamoraa,PIXPOKER,0,"51,9",0," R$  51,90 ","0,00%","100,00%","0,00%",MTT,"-413,07"
01/06/2026,158586,Naviuos,PIXPOKER,0,"111,44","10,04"," R$  121,48 ","0,00%","91,74%","8,26%",MTT,"-542,59"
01/06/2026,171706,gukm,PIXPOKER,0,0,"6,57"," R$  6,57 ","0,00%","0,00%","100,00%",PLO6,"21,04"
01/06/2026,100934,monts237,PIXPOKER,"3,06",0,0," R$  3,06 ","100,00%","0,00%","0,00%",NLH,-1
01/06/2026,103904,Cabuloso?,PIXPOKER,"127,71","14,1",0," R$  141,81 ","90,06%","9,94%","0,00%",NLH,"-206,22"
01/06/2026,153367,Gi.p,PIXPOKER,"1,06","19,2","15,07"," R$  35,33 ","3,00%","54,34%","42,65%",MTT,"-38,55"
01/06/2026,153919,Boiadeiro,PIXPOKER,"20,26",0,"19,21"," R$  39,47 ","51,33%","0,00%","48,67%",NLH,-86
01/06/2026,157549,mu97,PIXPOKER,"0,87",0,0," R$  0,87 ","100,00%","0,00%","0,00%",NLH,"-10,13"
01/06/2026,158848,cherameusovos,PIXPOKER,"11,9","18,9",0," R$  30,80 ","38,64%","61,36%","0,00%",MTT,"223,73"
01/06/2026,163863,kayblack,PIXPOKER,"0,85",0,0," R$  0,85 ","100,00%","0,00%","0,00%",NLH,"0,02"
01/06/2026,171242,pix171242,PIXPOKER,"0,76",1,0," R$  1,76 ","43,18%","56,82%","0,00%",MTT,-35
01/06/2026,173268,nacton silvq,PIXPOKER,"24,18",0,4," R$  28,18 ","85,81%","0,00%","14,19%",NLH,"-23,69"
01/06/2026,181613,tyago,PIXPOKER,"11,15",0,"4,24"," R$  15,39 ","72,45%","0,00%","27,55%",NLH,"-23,46"
01/06/2026,188277,Gogêpoker,PIXPOKER,"36,6","0,8","5,63"," R$  43,03 ","85,06%","1,86%","13,08%",NLH,"-12,92"
01/06/2026,188429,Flaviopoker77kg,PIXPOKER,"41,05",0,"2,23"," R$  43,28 ","94,85%","0,00%","5,15%",NLH,-19
01/06/2026,191293,jh Júnior,PIXPOKER,"87,02",24,"0,4"," R$  111,42 ","78,10%","21,54%","0,36%",NLH,"-631,22"
01/06/2026,191320,zobaa,PIXPOKER,"7,17",0,"2,16"," R$  9,33 ","76,85%","0,00%","23,15%",NLH,-67
01/06/2026,194270,Laurinha,PIXPOKER,"27,56",0,"4,43"," R$  31,99 ","86,15%","0,00%","13,85%",NLH,-98
01/06/2026,194304,Jujunaa,PIXPOKER,"0,29",0,0," R$  0,29 ","100,00%","0,00%","0,00%",NLH,-4
01/06/2026,139654,Ari,PIXPOKER,"82,37",0,"173,19"," R$  255,56 ","32,23%","0,00%","67,77%",PLO6,"-198,79"
01/06/2026,150634,Texurro,PIXPOKER,"151,11","47,26",0," R$  198,37 ","76,18%","23,82%","0,00%",NLH,"683,17"
01/06/2026,158399,ldcostta,PIXPOKER,"174,75",1,0," R$  175,75 ","99,43%","0,57%","0,00%",NLH,"413,13"
01/06/2026,101280,boanoitepessual,PIXPOKER,"155,4","10,5","443,38"," R$  609,28 ","25,51%","1,72%","72,77%",PLO6,"1973,78"
01/06/2026,110511,elchapo?,PIXPOKER,0,0,"5,96"," R$  5,96 ","0,00%","0,00%","100,00%",PLO6,"-51,29"
01/06/2026,119281,Juliocfh,PIXPOKER,0,1,"5,36"," R$  6,36 ","0,00%","15,72%","84,28%",PLO6,"163,84"
01/06/2026,141288,g777,PIXPOKER,"7,3",0,"14,27"," R$  21,57 ","33,84%","0,00%","66,16%",PLO6,-8
01/06/2026,159222,MC81,PIXPOKER,0,1,"71,84"," R$  72,84 ","0,00%","1,37%","98,63%",PLO6,38
01/06/2026,187618,RenannLima,PIXPOKER,"75,3",0,"25,65"," R$  100,95 ","74,59%","0,00%","25,41%",NLH,"-142,57"
01/06/2026,190898,RD LOGÍSTICA,PIXPOKER,0,0,"5,55"," R$  5,55 ","0,00%","0,00%","100,00%",PLO6,110
01/06/2026,193559,Gabriellopes,PIXPOKER,"1,3",0,"3,8"," R$  5,10 ","25,49%","0,00%","74,51%",PLO6,-50
01/06/2026,193970,Pimentax1,PIXPOKER,0,"230,75",0," R$  230,75 ","0,00%","100,00%","0,00%",MTT,"-848,09"
01/06/2026,133682,Disney,PIXPOKER,0,0,"18,24"," R$  18,24 ","0,00%","0,00%","100,00%",PLO6,46
01/06/2026,160319,cremobinn,PIXPOKER,"23,29","39,85","16,49"," R$  79,63 ","29,25%","50,04%","20,71%",MTT,"35,05"
01/06/2026,188178,RETROESCAVADEIRA,PIXPOKER,0,0,"0,94"," R$  0,94 ","0,00%","0,00%","100,00%",PLO6,-20
01/06/2026,105070,Lukspoki,PIXPOKER,"474,89","32,7",0," R$  507,59 ","93,56%","6,44%","0,00%",NLH,"-873,94"
01/06/2026,136776,Tiagonv,PIXPOKER,"59,74",0,0," R$  59,74 ","100,00%","0,00%","0,00%",NLH,"-182,06"
01/06/2026,112906,emociones,PIXPOKER,0,0,"448,44"," R$  448,44 ","0,00%","0,00%","100,00%",PLO6,"-2817,25"
01/06/2026,170172,eduucoosta,PIXPOKER,0,0,"79,61"," R$  79,61 ","0,00%","0,00%","100,00%",PLO6,-270
01/06/2026,171772,carlos.souza,PIXPOKER,0,0,"14,61"," R$  14,61 ","0,00%","0,00%","100,00%",PLO6,"-63,08"
01/06/2026,185688,Arc4njo,PIXPOKER,0,0,0, R$  -   ,,,,NLH,0
01/06/2026,149966,ajex,PIXPOKER,0,0,"15,83"," R$  15,83 ","0,00%","0,00%","100,00%",PLO6,"-150,78"
01/06/2026,138592,pix138592,PIXPOKER,"15,73",9,0," R$  24,73 ","63,61%","36,39%","0,00%",NLH,"90,74"
01/06/2026,145257,hoop shot,PIXPOKER,"6,57",0,"2,6"," R$  9,17 ","71,65%","0,00%","28,35%",NLH,"-7,73"
01/06/2026,155290,Alison.pn,PIXPOKER,"12,29",0,0," R$  12,29 ","100,00%","0,00%","0,00%",NLH,"-19,99"
01/06/2026,157266,GB-GB,PIXPOKER,"1,43",0,0," R$  1,43 ","100,00%","0,00%","0,00%",NLH,-20
01/06/2026,162289,Gabrielzm,PIXPOKER,"21,61",0,"1,08"," R$  22,69 ","95,24%","0,00%","4,76%",NLH,-148
01/06/2026,165296,pix165296,PIXPOKER,"10,38",0,"4,43"," R$  14,81 ","70,09%","0,00%","29,91%",NLH,"-35,55"
01/06/2026,170892,sonoblefe,PIXPOKER,"3,67",0,0," R$  3,67 ","100,00%","0,00%","0,00%",NLH,-36
01/06/2026,171921,Arthuralp,PIXPOKER,"267,92",0,0," R$  267,92 ","100,00%","0,00%","0,00%",NLH,"-428,05"
01/06/2026,172125,pix172125,PIXPOKER,"43,66",0,"5,63"," R$  49,29 ","88,58%","0,00%","11,42%",NLH,25
01/06/2026,178626,Vava13,PIXPOKER,"144,48",0,0," R$  144,48 ","100,00%","0,00%","0,00%",NLH,"-98,25"
01/06/2026,187654,Luiz Henrique,PIXPOKER,"14,03","0,8","9,6"," R$  24,43 ","57,43%","3,27%","39,30%",NLH,"-15,75"
01/06/2026,167868,jusadelas_,PIXPOKER,0,0,"34,7"," R$  34,70 ","0,00%","0,00%","100,00%",PLO6,"-293,51"
01/06/2026,192910,Tagler,PIXPOKER,0,0,"93,31"," R$  93,31 ","0,00%","0,00%","100,00%",PLO6,"-270,15"
01/06/2026,148535,amisraelchai??,PIXPOKER,0,"20,6",0," R$  20,60 ","0,00%","100,00%","0,00%",MTT,"-157,71"
01/06/2026,152480,gbsampaio,PIXPOKER,0,1,"53,25"," R$  54,25 ","0,00%","1,84%","98,16%",PLO6,-335
01/06/2026,157261,amv3ct,PIXPOKER,0,"5,4",0," R$  5,40 ","0,00%","100,00%","0,00%",MTT,"98,17"
01/06/2026,191416,Thomasl17,PIXPOKER,0,"3,7",0," R$  3,70 ","0,00%","100,00%","0,00%",MTT,-37
01/06/2026,189622,TIJUBINA ?,PIXPOKER,"21,76",0,0," R$  21,76 ","100,00%","0,00%","0,00%",NLH,"-58,33"
01/06/2026,131387,JoaoCbmpa,PIXPOKER,"35,24",0,0," R$  35,24 ","100,00%","0,00%","0,00%",NLH,-111
01/06/2026,147641,dieguinho08,PIXPOKER,7,0,0," R$  7,00 ","100,00%","0,00%","0,00%",NLH,-80
01/06/2026,147818,Feker,PIXPOKER,"40,18",0,0," R$  40,18 ","100,00%","0,00%","0,00%",NLH,18
01/06/2026,187443,CaioJr14,PIXPOKER,"13,64",0,0," R$  13,64 ","100,00%","0,00%","0,00%",NLH,"-55,36"
01/06/2026,134557,reidocongo,PIXPOKER,0,0,"2,65"," R$  2,65 ","0,00%","0,00%","100,00%",PLO6,-45
01/06/2026,149021,ANTONOW,PIXPOKER,0,0,"3,78"," R$  3,78 ","0,00%","0,00%","100,00%",PLO6,-27
01/06/2026,151112,SanMds,PIXPOKER,"5,37",0,"4,42"," R$  9,79 ","54,85%","0,00%","45,15%",NLH,"-39,8"
01/06/2026,170570,levy  osterno,PIXPOKER,"0,24",0,"7,79"," R$  8,03 ","2,99%","0,00%","97,01%",PLO6,"-107,01"
01/06/2026,171844,matarindo,PIXPOKER,"3,62",0,"19,14"," R$  22,76 ","15,91%","0,00%","84,09%",PLO6,-65
01/06/2026,174549,pix174549,PIXPOKER,"2,02",0,"11,85"," R$  13,87 ","14,56%","0,00%","85,44%",PLO6,-143
01/06/2026,186267,marion,PIXPOKER,0,0,"15,8"," R$  15,80 ","0,00%","0,00%","100,00%",PLO6,"9,96"
01/06/2026,132763,129131,PIXPOKER,0,"64,5","122,87"," R$  187,37 ","0,00%","34,42%","65,58%",PLO6,"1574,25"
01/06/2026,149960,11678,PIXPOKER,0,0,"7444,26"," R$  7.444,26 ","0,00%","0,00%","100,00%",PLO6,-23750
01/06/2026,129292,kinho$?,PIXPOKER,0,"1,2","86,57"," R$  87,77 ","0,00%","1,37%","98,63%",PLO6,13
01/06/2026,159054,malfoy,PIXPOKER,0,0,"7,89"," R$  7,89 ","0,00%","0,00%","100,00%",PLO6,"8,68"
01/06/2026,173441,Pão??,PIXPOKER,0,0,"5,18"," R$  5,18 ","0,00%","0,00%","100,00%",PLO6,-100
01/06/2026,186144,PORTAO10,PIXPOKER,0,0,"20,49"," R$  20,49 ","0,00%","0,00%","100,00%",PLO6,"-55,95"
01/06/2026,159197,zuzu,PIXPOKER,0,"9,5",0," R$  9,50 ","0,00%","100,00%","0,00%",MTT,"-93,73"
01/06/2026,193504,Pixpokerofc??,PIXPOKER,0,"16,1","57,78"," R$  73,88 ","0,00%","21,79%","78,21%",PLO6,-492
01/06/2026,101128,bateu,PIXPOKER,0,"4,8",0," R$  4,80 ","0,00%","100,00%","0,00%",MTT,-60
01/06/2026,151826,Jack.Palmer,PIXPOKER,"39,26","9,25",0," R$  48,51 ","80,93%","19,07%","0,00%",NLH,"-266,5"
01/06/2026,154882,SixSevenNuts,PIXPOKER,"85,5",3,"46,31"," R$  134,81 ","63,42%","2,23%","34,35%",NLH,"83,05"
01/06/2026,108144,Tudão Ap,PIXPOKER,0,"0,8","23,21"," R$  24,01 ","0,00%","3,33%","96,67%",PLO6,-189
01/06/2026,127489,BruSsani95,PIXPOKER,0,0,"385,53"," R$  385,53 ","0,00%","0,00%","100,00%",PLO6,"-838,53"
01/06/2026,146392,pix146392,PIXPOKER,0,0,"14,04"," R$  14,04 ","0,00%","0,00%","100,00%",PLO6,"-18,67"
01/06/2026,150043,gamby,PIXPOKER,0,"0,4","7,18"," R$  7,58 ","0,00%","5,28%","94,72%",PLO6,-135
01/06/2026,163752,LIANDROaposentado,PIXPOKER,0,0,"12,73"," R$  12,73 ","0,00%","0,00%","100,00%",PLO6,-132
01/06/2026,182509,pix182509,PIXPOKER,0,0,"3,39"," R$  3,39 ","0,00%","0,00%","100,00%",PLO6,-55
01/06/2026,190813,lapiada,PIXPOKER,0,0,"53,88"," R$  53,88 ","0,00%","0,00%","100,00%",PLO6,-287
01/06/2026,102512,Myster poker,PIXPOKER,"17,15","0,2",0," R$  17,35 ","98,85%","1,15%","0,00%",NLH,"25,22"
01/06/2026,112234,AMSFOGO,PIXPOKER,"1,49",0,0," R$  1,49 ","100,00%","0,00%","0,00%",NLH,-10
01/06/2026,145413,vgp011,PIXPOKER,"2,62","22,1",0," R$  24,72 ","10,60%","89,40%","0,00%",MTT,"-219,2"
01/06/2026,158734,escaledita,PIXPOKER,"1,97","2,3",0," R$  4,27 ","46,14%","53,86%","0,00%",MTT,45
01/06/2026,158820,Horus,PIXPOKER,"4,49",0,0," R$  4,49 ","100,00%","0,00%","0,00%",NLH,"-28,79"
01/06/2026,172194,gringo01,PIXPOKER,"1,6",0,0," R$  1,60 ","100,00%","0,00%","0,00%",NLH,-15
01/06/2026,179974,Bezim09,PIXPOKER,"5,67",0,0," R$  5,67 ","100,00%","0,00%","0,00%",NLH,-32
01/06/2026,182989,leovictormm,PIXPOKER,"4,15",0,"4,55"," R$  8,70 ","47,70%","0,00%","52,30%",PLO6,"-38,39"
01/06/2026,188354,#check,PIXPOKER,"23,74",0,0," R$  23,74 ","100,00%","0,00%","0,00%",NLH,-49
01/06/2026,194166,Daniboy,PIXPOKER,"54,52",0,0," R$  54,52 ","100,00%","0,00%","0,00%",NLH,-300
01/06/2026,194188,EliminadordeDonk,PIXPOKER,"0,17","2,2","0,29"," R$  2,66 ","6,39%","82,71%","10,90%",MTT,-27
01/06/2026,194463,JosepPoker,PIXPOKER,"8,07",0,0," R$  8,07 ","100,00%","0,00%","0,00%",NLH,-83
01/06/2026,194640,JoaoPoker_,PIXPOKER,"4,65",0,0," R$  4,65 ","100,00%","0,00%","0,00%",NLH,"-17,83"
01/06/2026,115245,zicadoo,PIXPOKER,0,0,"34,39"," R$  34,39 ","0,00%","0,00%","100,00%",PLO6,"746,31"
01/06/2026,156622,alvaromontoro,PIXPOKER,0,"47,9",0," R$  47,90 ","0,00%","100,00%","0,00%",MTT,"-197,25"
01/06/2026,180680,pix180680,PIXPOKER,0,"9,15",0," R$  9,15 ","0,00%","100,00%","0,00%",MTT,"-91,5"
01/06/2026,189226,Italokeppe,PIXPOKER,0,"25,6",0," R$  25,60 ","0,00%","100,00%","0,00%",MTT,-256
01/06/2026,190726,Spikeeee,PIXPOKER,0,"13,5","21,17"," R$  34,67 ","0,00%","38,94%","61,06%",PLO6,"68,35"
01/06/2026,191631,CAIXA-BAIXA,PIXPOKER,0,"18,6","4,95"," R$  23,55 ","0,00%","78,98%","21,02%",MTT,"34,96"
01/06/2026,178437,loucojoker777?,PIXPOKER,0,"7,2","19,41"," R$  26,61 ","0,00%","27,06%","72,94%",PLO6,"-147,11"
01/06/2026,123986,D10xxx,PIXPOKER,0,0,0, R$  -   ,,,,NLH,-25
01/06/2026,124196,mjr.,PIXPOKER,0,"30,2","33,2"," R$  63,40 ","0,00%","47,63%","52,37%",PLO6,"-300,92"
01/06/2026,161105,picanha,PIXPOKER,"1,32",11,"4,93"," R$  17,25 ","7,65%","63,77%","28,58%",MTT,"-115,69"
01/06/2026,173790,Eraldo,PIXPOKER,"2,57","59,8",0," R$  62,37 ","4,12%","95,88%","0,00%",MTT,"243,57"
01/06/2026,183808,LaCasita,PIXPOKER,0,0,"783,6"," R$  783,60 ","0,00%","0,00%","100,00%",PLO6,"-1944,97"
01/06/2026,194578,JacksonMcz,PIXPOKER,0,41,0," R$  41,00 ","0,00%","100,00%","0,00%",MTT,"287,01"
01/06/2026,149604,NoBru,PIXPOKER,"2,72",1,"12,23"," R$  15,95 ","17,05%","6,27%","76,68%",PLO6,"-51,97"
01/06/2026,117699,fodase,PIXPOKER,"0,95",0,"393,14"," R$  394,09 ","0,24%","0,00%","99,76%",PLO6,2073
01/06/2026,142293,KAMMIN,PIXPOKER,0,0,"114,81"," R$  114,81 ","0,00%","0,00%","100,00%",PLO6,-1172
01/06/2026,145213,pix145213,PIXPOKER,0,0,"629,41"," R$  629,41 ","0,00%","0,00%","100,00%",PLO6,"-1208,75"
01/06/2026,132740,ZeusPixpoker,PIXPOKER,0,0,"521,79"," R$  521,79 ","0,00%","0,00%","100,00%",PLO6,"204,61"
01/06/2026,157729,Mucurex ?,PIXPOKER,0,"1,5","76,82"," R$  78,32 ","0,00%","1,92%","98,08%",PLO6,"242,37"
01/06/2026,169412,PreDestinad0,PIXPOKER,"2,41",4,"66,98"," R$  73,39 ","3,28%","5,45%","91,27%",PLO6,"-272,6"
01/06/2026,171266,BALA 27,PIXPOKER,0,1,"85,69"," R$  86,69 ","0,00%","1,15%","98,85%",PLO6,"-73,48"
01/06/2026,127748,pytter.parke,PIXPOKER,0,0,"33,35"," R$  33,35 ","0,00%","0,00%","100,00%",PLO6,-174
01/06/2026,157703,2127,PIXPOKER,0,0,"107,56"," R$  107,56 ","0,00%","0,00%","100,00%",PLO6,-647
01/06/2026,167974,Cajueiro12,PIXPOKER,0,0,"35,73"," R$  35,73 ","0,00%","0,00%","100,00%",PLO6,-180
01/06/2026,192356,Escapancioo,PIXPOKER,0,0,"13,47"," R$  13,47 ","0,00%","0,00%","100,00%",PLO6,"-151,76"
01/06/2026,146307,Bartholomew Kuma,PIXPOKER,0,"0,5",0," R$  0,50 ","0,00%","100,00%","0,00%",MTT,-5
01/06/2026,194735,Ivan gráfica pai,PIXPOKER,0,"0,5",0," R$  0,50 ","0,00%","100,00%","0,00%",MTT,-5
01/06/2026,100221,El Magron,PIXPOKER,0,"0,1",0," R$  0,10 ","0,00%","100,00%","0,00%",MTT,"0,27"
01/06/2026,100300,Barboza?,PIXPOKER,0,0,0, R$  -   ,,,,NLH,0
01/06/2026,101185,dual,PIXPOKER,0,0,0, R$  -   ,,,,NLH,0
01/06/2026,101186,pix101186,PIXPOKER,0,0,0, R$  -   ,,,,NLH,"1,24"
01/06/2026,109059,GBALA,PIXPOKER,0,"0,1",0," R$  0,10 ","0,00%","100,00%","0,00%",MTT,-1
01/06/2026,125910,Dekixter,PIXPOKER,0,0,0, R$  -   ,,,,NLH,"0,6"
01/06/2026,126920,MisterBet,PIXPOKER,0,"0,6",0," R$  0,60 ","0,00%","100,00%","0,00%",MTT,-6
01/06/2026,155709,pix155709,PIXPOKER,0,0,0, R$  -   ,,,,NLH,0
01/06/2026,158902,minhocauhaha,PIXPOKER,0,0,0, R$  -   ,,,,NLH,"1,03"
01/06/2026,162039,deras,PIXPOKER,0,0,0, R$  -   ,,,,NLH,"2,72"
01/06/2026,168505,Bitenca,PIXPOKER,0,0,0, R$  -   ,,,,NLH,"1,08"
01/06/2026,169016,Creck,PIXPOKER,0,"0,1",0," R$  0,10 ","0,00%","100,00%","0,00%",MTT,"0,2"
01/06/2026,172242,Mike Wazowski,PIXPOKER,0,0,"0,54"," R$  0,54 ","0,00%","0,00%","100,00%",PLO6,0
01/06/2026,174952,tremdofullhouse33,PIXPOKER,"1,68",0,0," R$  1,68 ","100,00%","0,00%","0,00%",NLH,"6,73"
01/06/2026,189220,boasorte,PIXPOKER,0,0,0, R$  -   ,,,,NLH,"1,2"
01/06/2026,193356,pix193356,PIXPOKER,0,0,0, R$  -   ,,,,NLH,0
01/06/2026,194472,Micha fold,PIXPOKER,0,0,0, R$  -   ,,,,NLH,0
01/06/2026,194831,BillyBoy,PIXPOKER,0,"4,2",0," R$  4,20 ","0,00%","100,00%","0,00%",MTT,-42
01/06/2026,195241,stoex77,PIXPOKER,"1,02",0,0," R$  1,02 ","100,00%","0,00%","0,00%",NLH,-16
01/06/2026,195436,cochichola??,PIXPOKER,"0,05","20,6","0,18"," R$  20,83 ","0,24%","98,90%","0,86%",MTT,"198,1"
01/06/2026,173866,Matheusjopa,PIXPOKER,"0,35",0,0," R$  0,35 ","100,00%","0,00%","0,00%",NLH,-5
01/06/2026,159520,fritzlang,PIXPOKER,0,0,"30,42"," R$  30,42 ","0,00%","0,00%","100,00%",PLO6,142
01/06/2026,171909,bregas,PIXPOKER,"4,05","3,3","89,12"," R$  96,47 ","4,20%","3,42%","92,38%",PLO6,-116
01/06/2026,179744,pix179744,PIXPOKER,0,0,"18,35"," R$  18,35 ","0,00%","0,00%","100,00%",PLO6,-95
01/06/2026,152468,CADUMCC,PIXPOKER,"0,33","43,2",0," R$  43,53 ","0,76%","99,24%","0,00%",MTT,"96,09"
01/06/2026,146599,pix146599,PIXPOKER,0,0,"201,23"," R$  201,23 ","0,00%","0,00%","100,00%",PLO6,"192,34"
01/06/2026,153359,semreclamação,PIXPOKER,0,"79,95",0," R$  79,95 ","0,00%","100,00%","0,00%",MTT,"1033,66"
01/06/2026,100366,VENDE–SE SÍTIO,PIXPOKER,0,0,"4,29"," R$  4,29 ","0,00%","0,00%","100,00%",PLO6,-100
01/06/2026,113958,pix113958,PIXPOKER,0,0,"23,42"," R$  23,42 ","0,00%","0,00%","100,00%",PLO6,-102
01/06/2026,138179,Nathaan,PIXPOKER,0,0,"34,97"," R$  34,97 ","0,00%","0,00%","100,00%",PLO6,"-99,5"
01/06/2026,148445,gil pm,PIXPOKER,0,"47,36","525,54"," R$  572,90 ","0,00%","8,27%","91,73%",PLO6,660
01/06/2026,165419,pix165419,PIXPOKER,"0,02",0,"12,89"," R$  12,91 ","0,15%","0,00%","99,85%",PLO6,"-93,89"
01/06/2026,182877,pix182877,PIXPOKER,0,0,"66,07"," R$  66,07 ","0,00%","0,00%","100,00%",PLO6,-211
01/06/2026,190078,MauroKK,PIXPOKER,0,0,"290,87"," R$  290,87 ","0,00%","0,00%","100,00%",PLO6,-1545
01/06/2026,194400,Joao Bosco,PIXPOKER,0,"29,5",0," R$  29,50 ","0,00%","100,00%","0,00%",MTT,"4125,24"
01/06/2026,100847,Arthurjmarinho,PIXPOKER,"6,99","1,2",0," R$  8,19 ","85,35%","14,65%","0,00%",NLH,"-50,02"
01/06/2026,112552,Andinho1505,PIXPOKER,"10,09",0,0," R$  10,09 ","100,00%","0,00%","0,00%",NLH,-60
01/06/2026,144329,guga02,PIXPOKER,"155,45",0,0," R$  155,45 ","100,00%","0,00%","0,00%",NLH,-98
01/06/2026,160135,marciomelo,PIXPOKER,"54,84",0,0," R$  54,84 ","100,00%","0,00%","0,00%",NLH,-167
01/06/2026,164157,nenemotos,PIXPOKER,"8,84",0,0," R$  8,84 ","100,00%","0,00%","0,00%",NLH,"-57,7"
01/06/2026,190094,pix190094,PIXPOKER,"24,1",0,0," R$  24,10 ","100,00%","0,00%","0,00%",NLH,"54,54"
01/06/2026,193603,ahladrao,PIXPOKER,"104,81",0,"86,92"," R$  191,73 ","54,67%","0,00%","45,33%",NLH,"-204,87"
01/06/2026,156881,albertonet0,PIXPOKER,"1,73",0,0," R$  1,73 ","100,00%","0,00%","0,00%",NLH,-20
01/06/2026,100890,_xXx_,PIXPOKER,0,0,"0,32"," R$  0,32 ","0,00%","0,00%","100,00%",PLO6,-10
01/06/2026,109744,Paulão do flop,PIXPOKER,0,0,"2,57"," R$  2,57 ","0,00%","0,00%","100,00%",PLO6,20
01/06/2026,119847,ttAk,PIXPOKER,"0,82","11,1","17,39"," R$  29,31 ","2,80%","37,87%","59,33%",PLO6,-260
01/06/2026,129823,pix129823,PIXPOKER,0,0,"176,62"," R$  176,62 ","0,00%","0,00%","100,00%",PLO6,"-1332,04"
01/06/2026,136435,KIKO_CPB,PIXPOKER,"0,73",3,"111,85"," R$  115,58 ","0,63%","2,60%","96,77%",PLO6,331
01/06/2026,147415,ceezar,PIXPOKER,0,0,"13,33"," R$  13,33 ","0,00%","0,00%","100,00%",PLO6,"98,93"
01/06/2026,173467,carlosbar,PIXPOKER,0,0,"47,64"," R$  47,64 ","0,00%","0,00%","100,00%",PLO6,"-214,88"
01/06/2026,180838,Cuiúdão,PIXPOKER,0,0,"28,57"," R$  28,57 ","0,00%","0,00%","100,00%",PLO6,-108
01/06/2026,100384,AAgoniado,PIXPOKER,0,0,"58,65"," R$  58,65 ","0,00%","0,00%","100,00%",PLO6,"-211,09"
01/06/2026,151521,geobalaaa,PIXPOKER,0,0,"46,94"," R$  46,94 ","0,00%","0,00%","100,00%",PLO6,"141,71"
01/06/2026,141508,SerialKiller,PIXPOKER,"0,49",1,"12,45"," R$  13,94 ","3,52%","7,17%","89,31%",PLO6,-29
01/06/2026,141518,benito772,PIXPOKER,0,0,"7,59"," R$  7,59 ","0,00%","0,00%","100,00%",PLO6,"-50,4"
01/06/2026,152752,Rh1802,PIXPOKER,0,0,"8,37"," R$  8,37 ","0,00%","0,00%","100,00%",PLO6,"-36,71"
01/06/2026,139374,Algoz,PIXPOKER,0,0,"16,33"," R$  16,33 ","0,00%","0,00%","100,00%",PLO6,"-49,32"
01/06/2026,177526,XRafaBoassX,PIXPOKER,"49,25","14,1","54,37"," R$  117,72 ","41,84%","11,98%","46,19%",PLO6,"-545,82"
01/06/2026,100323,Foresths,PIXPOKER,0,0,0, R$  -   ,,,,NLH,"0,4"
01/06/2026,100576,Vitornspb,PIXPOKER,0,0,0, R$  -   ,,,,NLH,0
01/06/2026,109387,Bigode,PIXPOKER,0,0,0, R$  -   ,,,,NLH,"2,82"
01/06/2026,110865,akieoGC,PIXPOKER,0,0,0, R$  -   ,,,,NLH,0
01/06/2026,151216,Matador 2024,PIXPOKER,0,0,0, R$  -   ,,,,NLH,0
01/06/2026,154247,king81,PIXPOKER,0,"9,5",0," R$  9,50 ","0,00%","100,00%","0,00%",MTT,"-118,36"
01/06/2026,158851,Marques,PIXPOKER,"7,24","0,8",0," R$  8,04 ","90,05%","9,95%","0,00%",NLH,"45,62"
01/06/2026,168321,Breno Mendes,PIXPOKER,"0,93",0,"2,92"," R$  3,85 ","24,16%","0,00%","75,84%",PLO6,-21
01/06/2026,170386,pix170386,PIXPOKER,"0,71","4,2","3,05"," R$  7,96 ","8,92%","52,76%","38,32%",MTT,"-77,28"
01/06/2026,176326,Ragnarok_176326,PIXPOKER,0,"0,2",0," R$  0,20 ","0,00%","100,00%","0,00%",MTT,"-0,34"
01/06/2026,188288,Maicon Santos,PIXPOKER,0,"0,4",0," R$  0,40 ","0,00%","100,00%","0,00%",MTT,"0,52"
01/06/2026,123585,tudo nosso,PIXPOKER,0,0,"11,97"," R$  11,97 ","0,00%","0,00%","100,00%",PLO6,"-30,6"
01/06/2026,100233,BlefsonSilva,PIXPOKER,0,1,0," R$  1,00 ","0,00%","100,00%","0,00%",MTT,-10
01/06/2026,195449,Rutsonfc2K,PIXPOKER,"7,68","6,8",0," R$  14,48 ","53,04%","46,96%","0,00%",NLH,-104
01/06/2026,180358,AGRF,PIXPOKER,0,"2,4","275,32"," R$  277,72 ","0,00%","0,86%","99,14%",PLO6,"1701,79"
01/06/2026,157697,Papaipega,PIXPOKER,0,"8,6",0," R$  8,60 ","0,00%","100,00%","0,00%",MTT,-86
01/06/2026,115919,ZéCall,PIXPOKER,"2,22",0,0," R$  2,22 ","100,00%","0,00%","0,00%",NLH,-32
01/06/2026,108992,andrade rr,PIXPOKER,0,0,"16,61"," R$  16,61 ","0,00%","0,00%","100,00%",PLO6,"198,6"
01/06/2026,181102,pix181102,PIXPOKER,0,0,"98,48"," R$  98,48 ","0,00%","0,00%","100,00%",PLO6,"-102,49"
01/06/2026,195016,pix195016,PIXPOKER,0,0,"38,24"," R$  38,24 ","0,00%","0,00%","100,00%",PLO6,-229
01/06/2026,160141,Piaca2024,PIXPOKER,0,1,0," R$  1,00 ","0,00%","100,00%","0,00%",MTT,-10
01/06/2026,194580,rafah,PIXPOKER,"0,59",1,0," R$  1,59 ","37,11%","62,89%","0,00%",MTT,-14
01/06/2026,118703,kakatech30,PIXPOKER,0,0,"10,74"," R$  10,74 ","0,00%","0,00%","100,00%",PLO6,-30
01/06/2026,153018,Madara??,PIXPOKER,0,0,"19,75"," R$  19,75 ","0,00%","0,00%","100,00%",PLO6,"245,29"
01/06/2026,163350,px34256871976,PIXPOKER,"2,27",0,"188,41"," R$  190,68 ","1,19%","0,00%","98,81%",PLO6,592
01/06/2026,195351,show10,PIXPOKER,0,0,"22,97"," R$  22,97 ","0,00%","0,00%","100,00%",PLO6,"-104,54"
01/06/2026,137098,PMSC,PIXPOKER,"2,26",10,"213,2"," R$  225,46 ","1,00%","4,44%","94,56%",PLO6,"-792,86"
01/06/2026,189391,Shell271,PIXPOKER,0,2,"12,23"," R$  14,23 ","0,00%","14,05%","85,95%",PLO6,"-49,44"
01/06/2026,176073,marcusp159,PIXPOKER,0,8,0," R$  8,00 ","0,00%","100,00%","0,00%",MTT,"97,5"
01/06/2026,136797,@ Inter $,PIXPOKER,"4,53","0,8","843,47"," R$  848,80 ","0,53%","0,09%","99,37%",PLO6,"4075,29"
01/06/2026,193531,pix193531,PIXPOKER,0,"3,45","13,27"," R$  16,72 ","0,00%","20,63%","79,37%",PLO6,-234
01/06/2026,165522,Nicollas01poker,PIXPOKER,0,0,"49,27"," R$  49,27 ","0,00%","0,00%","100,00%",PLO6,-10
01/06/2026,172386,pix172386,PIXPOKER,"163,59",0,"380,09"," R$  543,68 ","30,09%","0,00%","69,91%",PLO6,1230
01/06/2026,174847,Nem fudendo,PIXPOKER,"6,22",0,"11,37"," R$  17,59 ","35,36%","0,00%","64,64%",PLO6,-96
01/06/2026,118893,eujhon,PIXPOKER,"1,27","0,1",0," R$  1,37 ","92,70%","7,30%","0,00%",NLH,"5,71"
01/06/2026,146006,VERDADEIROMITO,PIXPOKER,"148,23","11,5","0,81"," R$  160,54 ","92,33%","7,16%","0,50%",NLH,"163,26"
01/06/2026,116085,thief,PIXPOKER,0,0,"49,14"," R$  49,14 ","0,00%","0,00%","100,00%",PLO6,-100
01/06/2026,140135,lukinhas05,PIXPOKER,0,0,"25,42"," R$  25,42 ","0,00%","0,00%","100,00%",PLO6,"-205,52"
01/06/2026,193731,iangabriel,PIXPOKER,"2,15","2,4","75,9"," R$  80,45 ","2,67%","2,98%","94,34%",PLO6,"2,5"
01/06/2026,108133,M10CABRERA,PIXPOKER,0,"15,94",0," R$  15,94 ","0,00%","100,00%","0,00%",MTT,"-98,38"
01/06/2026,133995,capitaoxrm,PIXPOKER,0,"1,5",0," R$  1,50 ","0,00%","100,00%","0,00%",MTT,-15
01/06/2026,158767,LoboDeWallStreat,PIXPOKER,"6,48","12,35","0,37"," R$  19,20 ","33,75%","64,32%","1,93%",MTT,-143
01/06/2026,182051,Abacatudo ?,PIXPOKER,0,"3,5",0," R$  3,50 ","0,00%","100,00%","0,00%",MTT,-35
01/06/2026,100462,Babi,PIXPOKER,0,0,0, R$  -   ,,,,NLH,"0,84"
01/06/2026,100819,A:.L:.,PIXPOKER,0,"1,5",0," R$  1,50 ","0,00%","100,00%","0,00%",MTT,-15
01/06/2026,106309,AcademiaDePoker,PIXPOKER,0,0,0, R$  -   ,,,,NLH,0
01/06/2026,111444,amanga,PIXPOKER,0,0,"1,73"," R$  1,73 ","0,00%","0,00%","100,00%",PLO6,-15
01/06/2026,120987,Ricardo420,PIXPOKER,0,0,0, R$  -   ,,,,NLH,"1,01"
01/06/2026,136730,Pabin do gasolina,PIXPOKER,0,32,"265,37"," R$  297,37 ","0,00%","10,76%","89,24%",PLO6,"-285,17"
01/06/2026,139469,WKPE,PIXPOKER,"1,98","0,6",0," R$  2,58 ","76,74%","23,26%","0,00%",NLH,-22
01/06/2026,148623,RICKSAJSDI,PIXPOKER,0,"0,4",0," R$  0,40 ","0,00%","100,00%","0,00%",MTT,"-47,9"
01/06/2026,151377,Coisaruim,PIXPOKER,"21,63",0,0," R$  21,63 ","100,00%","0,00%","0,00%",NLH,"6,14"
01/06/2026,160844,Willian Yabiku,PIXPOKER,0,0,0, R$  -   ,,,,NLH,0
01/06/2026,162093,pix162093,PIXPOKER,0,0,0, R$  -   ,,,,NLH,0
01/06/2026,168753,mago?,PIXPOKER,0,0,0, R$  -   ,,,,NLH,0
01/06/2026,171589,kuskusiiiis,PIXPOKER,0,0,0, R$  -   ,,,,NLH,0
01/06/2026,172415,Arthurcrupi,PIXPOKER,"4,67","1,4","53,93"," R$  60,00 ","7,78%","2,33%","89,88%",PLO6,"96,49"
01/06/2026,173021,pix173021,PIXPOKER,0,0,0, R$  -   ,,,,NLH,0
01/06/2026,174513,LasVegas171,PIXPOKER,0,0,0, R$  -   ,,,,NLH,0
01/06/2026,175842,arthuzinho,PIXPOKER,0,0,0, R$  -   ,,,,NLH,0
01/06/2026,177692,pix177692,PIXPOKER,0,0,0, R$  -   ,,,,NLH,0
01/06/2026,177693,pix177693,PIXPOKER,0,0,0, R$  -   ,,,,NLH,0
01/06/2026,177942,pix177942,PIXPOKER,0,"0,2",0," R$  0,20 ","0,00%","100,00%","0,00%",MTT,"0,61"
01/06/2026,178968,pix178968,PIXPOKER,0,0,0, R$  -   ,,,,NLH,"0,7"
01/06/2026,180777,pix180777,PIXPOKER,0,0,0, R$  -   ,,,,NLH,0
01/06/2026,181845,pix181845,PIXPOKER,0,0,0, R$  -   ,,,,NLH,0
01/06/2026,183471,pix183471,PIXPOKER,0,0,0, R$  -   ,,,,NLH,"1,36"
01/06/2026,187132,ninguém,PIXPOKER,0,0,0, R$  -   ,,,,NLH,0
01/06/2026,191542,pix191542,PIXPOKER,0,0,0, R$  -   ,,,,NLH,0
01/06/2026,193238,pix193238,PIXPOKER,0,0,0, R$  -   ,,,,NLH,0
01/06/2026,193240,pix193240,PIXPOKER,0,0,0, R$  -   ,,,,NLH,"0,86"
01/06/2026,194911,popo-iwnl,PIXPOKER,0,0,0, R$  -   ,,,,NLH,"0,58"
01/06/2026,109887,cucuriti,PIXPOKER,"4,38",1,"56,34"," R$  61,72 ","7,10%","1,62%","91,28%",PLO6,8
01/06/2026,115700,pix115700,PIXPOKER,0,14,"102,27"," R$  116,27 ","0,00%","12,04%","87,96%",PLO6,325
01/06/2026,152826,pix152826,PIXPOKER,0,0,"7,34"," R$  7,34 ","0,00%","0,00%","100,00%",PLO6,-100
01/06/2026,164616,apilido,PIXPOKER,0,1,"32,24"," R$  33,24 ","0,00%","3,01%","96,99%",PLO6,-240
01/06/2026,112641,tatuipoker,PIXPOKER,0,"2,4",0," R$  2,40 ","0,00%","100,00%","0,00%",MTT,-24
01/06/2026,171411,?uturo?,PIXPOKER,0,"1,2",0," R$  1,20 ","0,00%","100,00%","0,00%",MTT,"132,45"
01/06/2026,107341,Luiz Carlos,PIXPOKER,0,0,"2,26"," R$  2,26 ","0,00%","0,00%","100,00%",PLO6,-25
01/06/2026,158810,Psicopoker,PIXPOKER,0,"4,96",0," R$  4,96 ","0,00%","100,00%","0,00%",MTT,"-49,6"
01/06/2026,106390,chca,PIXPOKER,0,0,"18,53"," R$  18,53 ","0,00%","0,00%","100,00%",PLO6,110
01/06/2026,171659,pix171659,PIXPOKER,"20,12",0,"147,1"," R$  167,22 ","12,03%","0,00%","87,97%",PLO6,83
01/06/2026,185295,David blefador,PIXPOKER,0,0,"41,87"," R$  41,87 ","0,00%","0,00%","100,00%",PLO6,-247
01/06/2026,100605,henrique,PIXPOKER,"10,7",0,"0,82"," R$  11,52 ","92,88%","0,00%","7,12%",NLH,-15
01/06/2026,147059,GBC.10,PIXPOKER,"0,05",58,"277,83"," R$  335,88 ","0,01%","17,27%","82,72%",PLO6,"899,44"
01/06/2026,186001,Heineken!,PIXPOKER,0,"14,4","64,33"," R$  78,73 ","0,00%","18,29%","81,71%",PLO6,"1829,61"
01/06/2026,104266,valdinho forró,PIXPOKER,0,1,0," R$  1,00 ","0,00%","100,00%","0,00%",MTT,-10
01/06/2026,117948,Billgats,PIXPOKER,"45,45",0,"10,84"," R$  56,29 ","80,74%","0,00%","19,26%",NLH,-40
01/06/2026,190835,Velhote,PIXPOKER,0,0,"2,75"," R$  2,75 ","0,00%","0,00%","100,00%",PLO6,"-2,25"
01/06/2026,112345,VictorM,PIXPOKER,0,0,"4,29"," R$  4,29 ","0,00%","0,00%","100,00%",PLO6,-24
01/06/2026,194489,piula,PIXPOKER,"0,7","3,5","28,94"," R$  33,14 ","2,11%","10,56%","87,33%",PLO6,-301
01/06/2026,172580,SK8R,PIXPOKER,"24,3",0,"4,15"," R$  28,45 ","85,41%","0,00%","14,59%",NLH,-80
01/06/2026,183918,magovk12,PIXPOKER,0,0,"2,87"," R$  2,87 ","0,00%","0,00%","100,00%",PLO6,-5
01/06/2026,175529,Leozim,PIXPOKER,0,0,"75,27"," R$  75,27 ","0,00%","0,00%","100,00%",PLO6,"105,73"
01/06/2026,171582,pix171582,PIXPOKER,0,1,0," R$  1,00 ","0,00%","100,00%","0,00%",MTT,-10
01/06/2026,132744,Edymar,PIXPOKER,"3,75",0,0," R$  3,75 ","100,00%","0,00%","0,00%",NLH,-49
01/06/2026,146573,CipriAA,PIXPOKER,"130,76",0,0," R$  130,76 ","100,00%","0,00%","0,00%",NLH,-65
01/06/2026,147665,dleitao,PIXPOKER,"30,37",0,0," R$  30,37 ","100,00%","0,00%","0,00%",NLH,"61,34"
01/06/2026,174760,Sansãodelas,PIXPOKER,"13,83",0,"0,47"," R$  14,30 ","96,71%","0,00%","3,29%",NLH,"-56,39"
01/06/2026,135274,usuario91,PIXPOKER,0,0,"46,47"," R$  46,47 ","0,00%","0,00%","100,00%",PLO6,-103
01/06/2026,171159,LestSGoGuys,PIXPOKER,0,0,"2,91"," R$  2,91 ","0,00%","0,00%","100,00%",PLO6,"-80,25"
01/06/2026,188526,Gabrielinstacall,PIXPOKER,0,0,"3,71"," R$  3,71 ","0,00%","0,00%","100,00%",PLO6,-50
01/06/2026,193817,pix193817,PIXPOKER,0,0,"261,97"," R$  261,97 ","0,00%","0,00%","100,00%",PLO6,"179,69"
01/06/2026,188457,tomate,PIXPOKER,0,"21,55",0," R$  21,55 ","0,00%","100,00%","0,00%",MTT,"-68,3"
01/06/2026,171895,BRR_magnificousSAGAZ,PIXPOKER,"0,46",0,"1,14"," R$  1,60 ","28,75%","0,00%","71,25%",PLO6,"-8,44"
01/06/2026,195091,só o básico_14,PIXPOKER,0,0,24," R$  24,00 ","0,00%","0,00%","100,00%",PLO6,60
01/06/2026,136022,R.Santos,PIXPOKER,"1,1",0,0," R$  1,10 ","100,00%","0,00%","0,00%",NLH,-15
01/06/2026,154977,pix154977,PIXPOKER,0,"38,5",0," R$  38,50 ","0,00%","100,00%","0,00%",MTT,"-283,75"
01/06/2026,194641,Rodrigoxl666,PIXPOKER,0,"3,5",0," R$  3,50 ","0,00%","100,00%","0,00%",MTT,"195,62"
01/06/2026,120485,RodrigOscar,PIXPOKER,"94,97",0,0," R$  94,97 ","100,00%","0,00%","0,00%",NLH,-191
01/06/2026,136595,Jefin6710,PIXPOKER,"24,84","30,8",0," R$  55,64 ","44,64%","55,36%","0,00%",MTT,"-379,24"
01/06/2026,166612,Emanuel Farias,PIXPOKER,"4,61",0,0," R$  4,61 ","100,00%","0,00%","0,00%",NLH,-29
01/06/2026,188123,pix188123,PIXPOKER,"10,11",0,0," R$  10,11 ","100,00%","0,00%","0,00%",NLH,-40
01/06/2026,194244,PH Goiano,PIXPOKER,"4,24",0,"0,94"," R$  5,18 ","81,85%","0,00%","18,15%",NLH,"-49,64"
01/06/2026,194476,pix194476,PIXPOKER,"38,93",0,"4,37"," R$  43,30 ","89,91%","0,00%","10,09%",NLH,"-43,33"
01/06/2026,101611,ADRIANA FURACÃO,PIXPOKER,0,0,"10,32"," R$  10,32 ","0,00%","0,00%","100,00%",PLO6,"124,28"
01/06/2026,130437,pedrin att,PIXPOKER,0,0,0, R$  -   ,,,,NLH,0
01/06/2026,135144,gabriel glerean,PIXPOKER,0,0,0, R$  -   ,,,,NLH,0
01/06/2026,136483,Alírio,PIXPOKER,0,0,0, R$  -   ,,,,NLH,"1,72"
01/06/2026,147069,cryyy,PIXPOKER,"6,08","10,4","12,57"," R$  29,05 ","20,93%","35,80%","43,27%",PLO6,"4,83"
01/06/2026,151483,Wollfman69,PIXPOKER,0,0,0, R$  -   ,,,,NLH,"1,01"
01/06/2026,151894,emersonTHE,PIXPOKER,0,0,0, R$  -   ,,,,NLH,0
01/06/2026,176070,ªLL-YÏññ17º,PIXPOKER,"3,14",0,0," R$  3,14 ","100,00%","0,00%","0,00%",NLH,-37
01/06/2026,177057,KAKASHI,PIXPOKER,0,0,0, R$  -   ,,,,NLH,"1,24"
01/06/2026,179387,Sansão.,PIXPOKER,0,0,0, R$  -   ,,,,NLH,0
01/06/2026,179691,Bielvn,PIXPOKER,0,"0,2",0," R$  0,20 ","0,00%","100,00%","0,00%",MTT,-2
01/06/2026,188674,Mancuso,PIXPOKER,0,"0,4",0," R$  0,40 ","0,00%","100,00%","0,00%",MTT,-4
01/06/2026,189508,Salmo23??,PIXPOKER,0,0,0, R$  -   ,,,,NLH,"1,98"
01/06/2026,190555,animeshuga,PIXPOKER,0,"2,4",0," R$  2,40 ","0,00%","100,00%","0,00%",MTT,-24
01/06/2026,116140,Márcio Lins,PIXPOKER,"3,89","4,8",0," R$  8,69 ","44,76%","55,24%","0,00%",MTT,"-69,25"
01/06/2026,152239,T.H.,PIXPOKER,"13,02",0,0," R$  13,02 ","100,00%","0,00%","0,00%",NLH,"-45,1"
01/06/2026,173580,bitulety,PIXPOKER,"4,02","1,3",0," R$  5,32 ","75,56%","24,44%","0,00%",NLH,-59
01/06/2026,192358,pix192358,PIXPOKER,"17,51",0,0," R$  17,51 ","100,00%","0,00%","0,00%",NLH,14
01/06/2026,193840,sougg,PIXPOKER,"1,39",0,0," R$  1,39 ","100,00%","0,00%","0,00%",NLH,"7,36"
01/06/2026,102535,Luizão LDS,PIXPOKER,0,0,"364,64"," R$  364,64 ","0,00%","0,00%","100,00%",PLO6,"-1500,04"
01/06/2026,149187,Kingx7,PIXPOKER,0,0,"5,15"," R$  5,15 ","0,00%","0,00%","100,00%",PLO6,"-9,64"
01/06/2026,132782,seankings,PIXPOKER,0,22,0," R$  22,00 ","0,00%","100,00%","0,00%",MTT,"-123,67"
01/06/2026,156597,Tuttuba,PIXPOKER,0,"24,2",0," R$  24,20 ","0,00%","100,00%","0,00%",MTT,"38,31"
01/06/2026,157737,raule de mel,PIXPOKER,"0,21",10,"66,08"," R$  76,29 ","0,28%","13,11%","86,62%",PLO6,121
01/06/2026,146086,roberto all in,PIXPOKER,"11,65",0,"11,19"," R$  22,84 ","51,01%","0,00%","48,99%",NLH,"477,55"
01/06/2026,154738,destruidor,PIXPOKER,0,0,"19,1"," R$  19,10 ","0,00%","0,00%","100,00%",PLO6,-200
01/06/2026,171257,xbadx,PIXPOKER,0,0,0, R$  -   ,,,,NLH,0
01/06/2026,174476,Dim Saraiva,PIXPOKER,0,0,0, R$  -   ,,,,NLH,0
01/06/2026,180464,rossini,PIXPOKER,0,0,0, R$  -   ,,,,NLH,0
01/06/2026,183952,behavio13,PIXPOKER,0,0,0, R$  -   ,,,,NLH,0
01/06/2026,188662,Dudu Trevoso,PIXPOKER,0,0,0, R$  -   ,,,,NLH,0
01/06/2026,191359,coldpaul,PIXPOKER,"0,9",1,0," R$  1,90 ","47,37%","52,63%","0,00%",MTT,-18
01/06/2026,192657,IgorM,PIXPOKER,0,"0,8",0," R$  0,80 ","0,00%","100,00%","0,00%",MTT,"-7,49"
01/06/2026,155033,zachs49,PIXPOKER,0,"7,4",0," R$  7,40 ","0,00%","100,00%","0,00%",MTT,-74
01/06/2026,157960,Glorioso,PIXPOKER,0,"3,5",0," R$  3,50 ","0,00%","100,00%","0,00%",MTT,-35
01/06/2026,160289,jimmysdi,PIXPOKER,0,"15,3",0," R$  15,30 ","0,00%","100,00%","0,00%",MTT,-228
01/06/2026,121506,Big big mecky,PIXPOKER,0,0,"62,11"," R$  62,11 ","0,00%","0,00%","100,00%",PLO6,"-86,49"
01/06/2026,190412,Pererestm,PIXPOKER,0,0,"38,77"," R$  38,77 ","0,00%","0,00%","100,00%",PLO6,"150,21"
01/06/2026,101374,bea19M,PIXPOKER,0,"0,2",0," R$  0,20 ","0,00%","100,00%","0,00%",MTT,"3,87"
01/06/2026,107607,JimmyResi,PIXPOKER,0,0,0, R$  -   ,,,,NLH,0
01/06/2026,120875,odonodogame,PIXPOKER,0,0,0, R$  -   ,,,,NLH,0
01/06/2026,124416,vaibrasil,PIXPOKER,"0,59",0,0," R$  0,59 ","100,00%","0,00%","0,00%",NLH,"-2,51"
01/06/2026,126452,Brunov86,PIXPOKER,0,0,0, R$  -   ,,,,NLH,0
01/06/2026,129538,LucGoncalves,PIXPOKER,0,0,0, R$  -   ,,,,NLH,0
01/06/2026,143543,Amorica do vrau,PIXPOKER,0,"0,1","2,02"," R$  2,12 ","0,00%","4,72%","95,28%",PLO6,"-8,47"
01/06/2026,146383,pix146383,PIXPOKER,0,0,0, R$  -   ,,,,NLH,"1,86"
01/06/2026,172208,? REI,PIXPOKER,0,0,0, R$  -   ,,,,NLH,0
01/06/2026,176138,otrembb??,PIXPOKER,0,0,0, R$  -   ,,,,NLH,0
01/06/2026,184668,gusorriso,PIXPOKER,0,0,0, R$  -   ,,,,NLH,0
01/06/2026,155980,pix155980,PIXPOKER,0,0,"69,68"," R$  69,68 ","0,00%","0,00%","100,00%",PLO6,-650
01/06/2026,121800,Baita,PIXPOKER,0,"1,8",0," R$  1,80 ","0,00%","100,00%","0,00%",MTT,"40,44"
01/06/2026,101888,pix101888,PIXPOKER,0,0,"2,97"," R$  2,97 ","0,00%","0,00%","100,00%",PLO6,-24
01/06/2026,119970,X2KK,PIXPOKER,"2,36","42,5","150,19"," R$  195,05 ","1,21%","21,79%","77,00%",PLO6,-494
01/06/2026,193871,pix193871,PIXPOKER,"10,05",0,"32,25"," R$  42,30 ","23,76%","0,00%","76,24%",PLO6,-215
01/06/2026,189179,JuuH,PIXPOKER,0,"1,4",0," R$  1,40 ","0,00%","100,00%","0,00%",MTT,-14
01/06/2026,133545,tudo,PIXPOKER,4,0,"4,79"," R$  8,79 ","45,51%","0,00%","54,49%",PLO6,-50
01/06/2026,193274,henriquecm_,PIXPOKER,0,0,"15,07"," R$  15,07 ","0,00%","0,00%","100,00%",PLO6,"124,2"
01/06/2026,150113,predador ?,PIXPOKER,0,0,"9,12"," R$  9,12 ","0,00%","0,00%","100,00%",PLO6,38
01/06/2026,168156,JhonBad,PIXPOKER,0,"61,2","4,94"," R$  66,14 ","0,00%","92,53%","7,47%",MTT,"-373,27"
01/06/2026,163235,Jumenta preta ?,PIXPOKER,"14,08","10,8",0," R$  24,88 ","56,59%","43,41%","0,00%",NLH,"17,37"
01/06/2026,172629,pix172629,PIXPOKER,"30,87",0,0," R$  30,87 ","100,00%","0,00%","0,00%",NLH,-60
01/06/2026,174804,Chriss77,PIXPOKER,"8,49",0,0," R$  8,49 ","100,00%","0,00%","0,00%",NLH,"90,25"
01/06/2026,179849,Marreta Show,PIXPOKER,"21,88",0,0," R$  21,88 ","100,00%","0,00%","0,00%",NLH,-30
01/06/2026,194497,Hungria,PIXPOKER,"38,79",0,0," R$  38,79 ","100,00%","0,00%","0,00%",NLH,"-3,62"
01/06/2026,134523,leaomem,PIXPOKER,0,1,0," R$  1,00 ","0,00%","100,00%","0,00%",MTT,-10
01/06/2026,164168,draga,PIXPOKER,0,0,"49,83"," R$  49,83 ","0,00%","0,00%","100,00%",PLO6,-50
01/06/2026,122961,davidtubas,PIXPOKER,2,0,"3,99"," R$  5,99 ","33,39%","0,00%","66,61%",PLO6,"33,38"
01/06/2026,170540,pix170540,PIXPOKER,0,0,"3,85"," R$  3,85 ","0,00%","0,00%","100,00%",PLO6,"-70,44"
01/06/2026,193306,Galego da Forra,PIXPOKER,0,0,"101,15"," R$  101,15 ","0,00%","0,00%","100,00%",PLO6,-540
01/06/2026,123060,Dayak,PIXPOKER,0,0,"243,43"," R$  243,43 ","0,00%","0,00%","100,00%",PLO6,"-500,29"
01/06/2026,153705,BubutiCheio??,PIXPOKER,0,"1,2","114,66"," R$  115,86 ","0,00%","1,04%","98,96%",PLO6,"458,2"
01/06/2026,141552,PULSOFIRME,PIXPOKER,"1,58",0,"73,54"," R$  75,12 ","2,10%","0,00%","97,90%",PLO6,"80,68"
01/06/2026,108596,Bença Show,PIXPOKER,0,0,"496,65"," R$  496,65 ","0,00%","0,00%","100,00%",PLO6,"-363,05"
01/06/2026,172229,dagataa,PIXPOKER,"7,31",0,"1,17"," R$  8,48 ","86,20%","0,00%","13,80%",NLH,"-11,31"
01/06/2026,173035,JeffCGPB.,PIXPOKER,"1,26",0,0," R$  1,26 ","100,00%","0,00%","0,00%",NLH,"2,02"
01/06/2026,176930,Lucas_padim,PIXPOKER,"1,64",0,0," R$  1,64 ","100,00%","0,00%","0,00%",NLH,-16
01/06/2026,187555,levyscmlo,PIXPOKER,"3,06",0,0," R$  3,06 ","100,00%","0,00%","0,00%",NLH,-14
01/06/2026,172631,pix172631,PIXPOKER,"13,56",0,0," R$  13,56 ","100,00%","0,00%","0,00%",NLH,"-5,46"
01/06/2026,183817,magnata71,PIXPOKER,"0,68",0,0," R$  0,68 ","100,00%","0,00%","0,00%",NLH,-6
01/06/2026,184304,fbarros,PIXPOKER,"0,4",0,0," R$  0,40 ","100,00%","0,00%","0,00%",NLH,-5
01/06/2026,100479,9Tnaipadin,PIXPOKER,0,"0,3","1,12"," R$  1,42 ","0,00%","21,13%","78,87%",PLO6,"11,67"
01/06/2026,112885,Polly,PIXPOKER,0,0,0, R$  -   ,,,,NLH,0
01/06/2026,152604,Chib4ta,PIXPOKER,0,0,0, R$  -   ,,,,NLH,0
01/06/2026,168955,pix168955,PIXPOKER,0,0,0, R$  -   ,,,,NLH,0
01/06/2026,191081,Olbis,PIXPOKER,0,0,0, R$  -   ,,,,NLH,"0,7"
01/06/2026,192635,jandao,PIXPOKER,0,0,0, R$  -   ,,,,NLH,0
01/06/2026,136352,DonaMaria,PIXPOKER,0,0,"32,71"," R$  32,71 ","0,00%","0,00%","100,00%",PLO6,"227,35"
01/06/2026,194997,wsantos10,PIXPOKER,0,0,"18,4"," R$  18,40 ","0,00%","0,00%","100,00%",PLO6,-235
01/06/2026,120111,pix120111,PIXPOKER,0,0,"21,23"," R$  21,23 ","0,00%","0,00%","100,00%",PLO6,72
01/06/2026,161583,Eddy10,PIXPOKER,0,5,0," R$  5,00 ","0,00%","100,00%","0,00%",MTT,"-49,36"
01/06/2026,108683,Rei das Bruxas,PIXPOKER,"1,97",0,0," R$  1,97 ","100,00%","0,00%","0,00%",NLH,-20
01/06/2026,145103,shazan,PIXPOKER,0,7,0," R$  7,00 ","0,00%","100,00%","0,00%",MTT,-70
01/06/2026,133117,daso AA,PIXPOKER,0,0,"228,91"," R$  228,91 ","0,00%","0,00%","100,00%",PLO6,-1562
01/06/2026,142288,Kauezoide,PIXPOKER,0,0,"15,11"," R$  15,11 ","0,00%","0,00%","100,00%",PLO6,52
01/06/2026,100469,TulioAraujo,PIXPOKER,0,0,0, R$  -   ,,,,NLH,0
01/06/2026,143585,JHOTA,PIXPOKER,0,0,0, R$  -   ,,,,NLH,0
01/06/2026,175785,Bobestouro,PIXPOKER,0,0,0, R$  -   ,,,,NLH,0
01/06/2026,174728,PrisionBreak,PIXPOKER,"4,22","9,3",0," R$  13,52 ","31,21%","68,79%","0,00%",MTT,"-106,37"
01/06/2026,161173,Alzir,PIXPOKER,0,"2,8",0," R$  2,80 ","0,00%","100,00%","0,00%",MTT,-28
01/06/2026,102699,LIONEL Gaúcho,PIXPOKER,"3,9",0,"6,3"," R$  10,20 ","38,24%","0,00%","61,76%",PLO6,-20
01/06/2026,155289,Taldo155289,PIXPOKER,"1,46",0,0," R$  1,46 ","100,00%","0,00%","0,00%",NLH,"12,28"
01/06/2026,172054,kevenbrs,PIXPOKER,"1,27",0,0," R$  1,27 ","100,00%","0,00%","0,00%",NLH,"6,36"
01/06/2026,132128,pix132128,PIXPOKER,0,0,"6,61"," R$  6,61 ","0,00%","0,00%","100,00%",PLO6,-100
01/06/2026,187273,ELITE_13,PIXPOKER,"0,32",0,0," R$  0,32 ","100,00%","0,00%","0,00%",NLH,-4
01/06/2026,191271,Anthony Jonsson,PIXPOKER,0,0,"0,39"," R$  0,39 ","0,00%","0,00%","100,00%",PLO6,"-6,01"
01/06/2026,102102,pix102102,PIXPOKER,0,0,"9,87"," R$  9,87 ","0,00%","0,00%","100,00%",PLO6,-25
01/06/2026,120235,Brandão 08,PIXPOKER,0,0,"28,72"," R$  28,72 ","0,00%","0,00%","100,00%",PLO6,63
01/06/2026,121494,apicemotel01,PIXPOKER,"112,08","7,5","659,41"," R$  778,99 ","14,39%","0,96%","84,65%",PLO6,"-681,83"
01/06/2026,154267,bil,PIXPOKER,"1,02",0,"23,04"," R$  24,06 ","4,24%","0,00%","95,76%",PLO6,-116
01/06/2026,158098,trem bala?,PIXPOKER,"17,16",0,"5,9"," R$  23,06 ","74,41%","0,00%","25,59%",NLH,-83
01/06/2026,172833,pix172833,PIXPOKER,"95,21","5,9","36,76"," R$  137,87 ","69,06%","4,28%","26,66%",NLH,-533
01/06/2026,100557,AMARILDOJR,PIXPOKER,"51,55",0,"6,36"," R$  57,91 ","89,02%","0,00%","10,98%",NLH,"136,44"
01/06/2026,144824,GleuMartins,PIXPOKER,"10,51",0,0," R$  10,51 ","100,00%","0,00%","0,00%",NLH,-50
01/06/2026,145865,pix145865,PIXPOKER,"5,1","2,4",0," R$  7,50 ","68,00%","32,00%","0,00%",NLH,-61
01/06/2026,186972,Jere do mel,PIXPOKER,"1,55",0,0," R$  1,55 ","100,00%","0,00%","0,00%",NLH,-20
01/06/2026,120916,Jaburu9,PIXPOKER,"27,49",0,"6,74"," R$  34,23 ","80,31%","0,00%","19,69%",NLH,-305
01/06/2026,107838,STAR 52,PIXPOKER,"11,25",67,0," R$  78,25 ","14,38%","85,62%","0,00%",MTT,"-599,04"
01/06/2026,147693,TC97,PIXPOKER,0,0,"12,39"," R$  12,39 ","0,00%","0,00%","100,00%",PLO6,"-108,16"
01/06/2026,152891,pix152891,PIXPOKER,0,0,"4,61"," R$  4,61 ","0,00%","0,00%","100,00%",PLO6,-100
01/06/2026,195066,joaofon,PIXPOKER,0,0,"112,54"," R$  112,54 ","0,00%","0,00%","100,00%",PLO6,"-1433,56"
01/06/2026,170257,pintao,PIXPOKER,"2,84",0,0," R$  2,84 ","100,00%","0,00%","0,00%",NLH,"15,18"
01/06/2026,173088,Bia777,PIXPOKER,"20,02",0,0," R$  20,02 ","100,00%","0,00%","0,00%",NLH,-62
01/06/2026,195459,tanouss,PIXPOKER,"0,91",0,0," R$  0,91 ","100,00%","0,00%","0,00%",NLH,-10
01/06/2026,195469,golias,PIXPOKER,"3,25",0,0," R$  3,25 ","100,00%","0,00%","0,00%",NLH,"-30,53"
01/06/2026,140832,VICIADA,PIXPOKER,0,0,"0,71"," R$  0,71 ","0,00%","0,00%","100,00%",PLO6,"-10,68"
01/06/2026,144289,gu já ug,PIXPOKER,0,0,"0,62"," R$  0,62 ","0,00%","0,00%","100,00%",PLO6,"-25,63"
01/06/2026,186438,pega noob,PIXPOKER,0,0,"0,08"," R$  0,08 ","0,00%","0,00%","100,00%",PLO6,-5
01/06/2026,155269,ghhz97,PIXPOKER,0,"4,8",0," R$  4,80 ","0,00%","100,00%","0,00%",MTT,"90,09"
01/06/2026,193889,torres00,PIXPOKER,0,3,0," R$  3,00 ","0,00%","100,00%","0,00%",MTT,-30
01/06/2026,193755,RAFABER??,PIXPOKER,"27,5","6,5",0," R$  34,00 ","80,88%","19,12%","0,00%",NLH,-169
01/06/2026,109714,Rjv7997,PIXPOKER,0,"3,8",0," R$  3,80 ","0,00%","100,00%","0,00%",MTT,-38
01/06/2026,189369,Manologomes,PIXPOKER,0,"3,8",0," R$  3,80 ","0,00%","100,00%","0,00%",MTT,"11,83"
01/06/2026,194592,papilim,PIXPOKER,0,0,"3,38"," R$  3,38 ","0,00%","0,00%","100,00%",PLO6,-45
01/06/2026,104631,vivode jogo,PIXPOKER,"0,08",0,"5,05"," R$  5,13 ","1,56%","0,00%","98,44%",PLO6,-70
01/06/2026,116936,clenilson,PIXPOKER,"58,57",0,0," R$  58,57 ","100,00%","0,00%","0,00%",NLH,"-88,91"
01/06/2026,124247,fragosinho789,PIXPOKER,"4,23",0,0," R$  4,23 ","100,00%","0,00%","0,00%",NLH,-2
01/06/2026,133756,Marinho 54,PIXPOKER,"6,44","7,75",0," R$  14,19 ","45,38%","54,62%","0,00%",MTT,"2,65"
01/06/2026,170266,dnss,PIXPOKER,"4,35","1,5","3,06"," R$  8,91 ","48,82%","16,84%","34,34%",NLH,-43
01/06/2026,112160,Njr034,PIXPOKER,"0,3",0,"3,34"," R$  3,64 ","8,24%","0,00%","91,76%",PLO6,-16
01/06/2026,102371,Sertão,PIXPOKER,0,0,"103,06"," R$  103,06 ","0,00%","0,00%","100,00%",PLO6,-950
01/06/2026,141374,hrios,PIXPOKER,0,0,"573,53"," R$  573,53 ","0,00%","0,00%","100,00%",PLO6,"695,61"
01/06/2026,172708,Mendess.v,PIXPOKER,0,"0,8",0," R$  0,80 ","0,00%","100,00%","0,00%",MTT,-8
01/06/2026,195419,Pretinha ?,PIXPOKER,"0,8",0,0," R$  0,80 ","100,00%","0,00%","0,00%",NLH,-10
01/06/2026,156686,gugu da catingueira,PIXPOKER,"1,93",0,0," R$  1,93 ","100,00%","0,00%","0,00%",NLH,"-4,59"
01/06/2026,101391,FernandesPb,PIXPOKER,0,0,0, R$  -   ,,,,NLH,0
01/06/2026,159669,mainardi,PIXPOKER,"0,07",0,"128,61"," R$  128,68 ","0,05%","0,00%","99,95%",PLO6,"-37,43"
01/06/2026,148134,pix148134,PIXPOKER,"4,59",0,0," R$  4,59 ","100,00%","0,00%","0,00%",NLH,"-5,83"
01/06/2026,147093,zé da moita,PIXPOKER,"8,39",0,"8,67"," R$  17,06 ","49,18%","0,00%","50,82%",PLO6,-90
01/06/2026,164867,Arrascaeta 10,PIXPOKER,"67,33",0,0," R$  67,33 ","100,00%","0,00%","0,00%",NLH,"-240,12"
01/06/2026,193293,gostoso123,PIXPOKER,"7,48",0,0," R$  7,48 ","100,00%","0,00%","0,00%",NLH,-100
01/06/2026,101715,pix101715,PIXPOKER,0,0,"13,42"," R$  13,42 ","0,00%","0,00%","100,00%",PLO6,"296,5"
01/06/2026,188835,Gincobilola,PIXPOKER,0,0,"6,06"," R$  6,06 ","0,00%","0,00%","100,00%",PLO6,-49
01/06/2026,188416,juliomoneymaker,PIXPOKER,"0,34","2,7",0," R$  3,04 ","11,18%","88,82%","0,00%",MTT,"-24,8"
01/06/2026,138973,Britador 77,PIXPOKER,0,0,"9,44"," R$  9,44 ","0,00%","0,00%","100,00%",PLO6,-120
01/06/2026,159308,canizo peixinho,PIXPOKER,0,0,"5,12"," R$  5,12 ","0,00%","0,00%","100,00%",PLO6,"-33,66"
01/06/2026,178447,pix178447,PIXPOKER,0,0,"37,52"," R$  37,52 ","0,00%","0,00%","100,00%",PLO6,-300
01/06/2026,121801,Renan Jr,PIXPOKER,0,"3,8",0," R$  3,80 ","0,00%","100,00%","0,00%",MTT,-38
01/06/2026,195386,vende4,PIXPOKER,0,1,0," R$  1,00 ","0,00%","100,00%","0,00%",MTT,-10
01/06/2026,145645,FichaF@cil,PIXPOKER,0,0,"9,24"," R$  9,24 ","0,00%","0,00%","100,00%",PLO6,32
01/06/2026,118366,choranoriver,PIXPOKER,0,6,0," R$  6,00 ","0,00%","100,00%","0,00%",MTT,-60
01/06/2026,172347,luccaspw,PIXPOKER,0,"0,6","1,62"," R$  2,22 ","0,00%","27,03%","72,97%",PLO6,-28
01/06/2026,110682,vai dar certo!!,PIXPOKER,0,0,"46,94"," R$  46,94 ","0,00%","0,00%","100,00%",PLO6,"-43,39"
01/06/2026,169264,pix169264,PIXPOKER,"1,64",0,0," R$  1,64 ","100,00%","0,00%","0,00%",NLH,-17
01/06/2026,171491,pix171491,PIXPOKER,0,0,"272,48"," R$  272,48 ","0,00%","0,00%","100,00%",PLO6,-896
01/06/2026,100234,Pacauu,PIXPOKER,0,0,"61,4"," R$  61,40 ","0,00%","0,00%","100,00%",PLO6,"-277,09"
01/06/2026,138930,Ljr?,PIXPOKER,0,0,"4,27"," R$  4,27 ","0,00%","0,00%","100,00%",PLO6,-48
01/06/2026,157565,Chupa|Engole,PIXPOKER,0,0,"1,72"," R$  1,72 ","0,00%","0,00%","100,00%",PLO6,"15,45"
01/06/2026,134522,ZEBEDEL,PIXPOKER,"6,01","0,5","5,84"," R$  12,35 ","48,66%","4,05%","47,29%",NLH,-50
01/06/2026,160169,MestreDosMauros,PIXPOKER,0,0,"104,19"," R$  104,19 ","0,00%","0,00%","100,00%",PLO6,"-815,94"
01/06/2026,183420,jheniffer,PIXPOKER,0,"18,2","6,53"," R$  24,73 ","0,00%","73,59%","26,41%",MTT,"-179,93"
01/06/2026,149784,paralepipedo,PIXPOKER,"16,63",0,0," R$  16,63 ","100,00%","0,00%","0,00%",NLH,-50
01/06/2026,193816,omago,PIXPOKER,0,3,0," R$  3,00 ","0,00%","100,00%","0,00%",MTT,-30
01/06/2026,175973,IFFC,PIXPOKER,"16,77",10,0," R$  26,77 ","62,64%","37,36%","0,00%",NLH,"131,83"
01/06/2026,172008,Ayrtonsenna,PIXPOKER,0,0,0, R$  -   ,,,,NLH,0
01/06/2026,178818,??BIRU??,PIXPOKER,0,0,0, R$  -   ,,,,NLH,0
01/06/2026,170993,EleJot4,PIXPOKER,"0,47",0,0," R$  0,47 ","100,00%","0,00%","0,00%",NLH,-5
01/06/2026,146343,Mika,PIXPOKER,0,3,0," R$  3,00 ","0,00%","100,00%","0,00%",MTT,-30
01/06/2026,147674,Diego merrim,PIXPOKER,0,"5,4",0," R$  5,40 ","0,00%","100,00%","0,00%",MTT,-54
01/06/2026,191216,ALL in AA?,PIXPOKER,0,"4,6",0," R$  4,60 ","0,00%","100,00%","0,00%",MTT,-46
01/06/2026,162546,pix162546,PIXPOKER,0,0,"127,02"," R$  127,02 ","0,00%","0,00%","100,00%",PLO6,"968,27"
01/06/2026,108544,Zé Cambalhota,PIXPOKER,0,60,0," R$  60,00 ","0,00%","100,00%","0,00%",MTT,-600
01/06/2026,128455,Chuck Norris,PIXPOKER,0,0,1," R$  1,00 ","0,00%","0,00%","100,00%",PLO6,"8,63"
01/06/2026,101817,Julião,PIXPOKER,0,0,"10,81"," R$  10,81 ","0,00%","0,00%","100,00%",PLO6,-129
01/06/2026,195392,pix195392,PIXPOKER,0,0,"9,53"," R$  9,53 ","0,00%","0,00%","100,00%",PLO6,"256,39"
01/06/2026,130921,100MENTE,PIXPOKER,0,0,0, R$  -   ,,,,NLH,"0,64"
01/06/2026,160570,neguin,PIXPOKER,0,0,0, R$  -   ,,,,NLH,0
01/06/2026,190448,andim,PIXPOKER,0,0,0, R$  -   ,,,,NLH,0
01/06/2026,102042,MatheusCarvalho,PIXPOKER,0,0,0, R$  -   ,,,,NLH,-25
01/06/2026,116289,Duuuuur,AF - PEUEUA,0,"429,56",0," R$  429,56 ","0,00%","100,00%","0,00%",MTT,"3049,87"
01/06/2026,116298,Pernalonga,AF - PEUEUA,0,4,"133,59"," R$  137,59 ","0,00%","2,91%","97,09%",PLO6,"-248,43"
01/06/2026,129313,Falcão FTS,AF - PEUEUA,"19,56",0,"308,89"," R$  328,45 ","5,96%","0,00%","94,04%",PLO6,"-191,37"
01/06/2026,126650,sgtpastel,AF - PEUEUA,0,"266,8",0," R$  266,80 ","0,00%","100,00%","0,00%",MTT,"-547,9"
01/06/2026,133599,Netto,AF - PEUEUA,0,"57,55",0," R$  57,55 ","0,00%","100,00%","0,00%",MTT,"-575,5"
01/06/2026,131193,Baiba,AF - PEUEUA,0,"3,9",0," R$  3,90 ","0,00%","100,00%","0,00%",MTT,-39
01/06/2026,152143,mateusinho,AF - PEUEUA,0,0,"4,41"," R$  4,41 ","0,00%","0,00%","100,00%",PLO6,-100
01/06/2026,119553,Kaka,AF - RAMON PESSOA,"10,54","256,9",0," R$  267,44 ","3,94%","96,06%","0,00%",MTT,"541,84"
01/06/2026,134840,Henrique Santos,AF - RAMON PESSOA,"1,2","72,79",0," R$  73,99 ","1,62%","98,38%","0,00%",MTT,"-641,86"
01/06/2026,109480,Checknorriss,AF - RAMON PESSOA,0,0,"17,88"," R$  17,88 ","0,00%","0,00%","100,00%",PLO6,-30
01/06/2026,149334,senhor do seu anel,AF - RAMON PESSOA,"1,55","5,6","71,71"," R$  78,86 ","1,97%","7,10%","90,93%",PLO6,-161
01/06/2026,153443,Paradise Danger,AF - RAMON PESSOA,0,0,"183,16"," R$  183,16 ","0,00%","0,00%","100,00%",PLO6,"-122,6"
01/06/2026,136598,Claudemir,AF - RAMON PESSOA,0,"48,33",0," R$  48,33 ","0,00%","100,00%","0,00%",MTT,"267,46"
01/06/2026,182636,bgpotes,AF - RAMON PESSOA,"13,89",0,"11,33"," R$  25,22 ","55,08%","0,00%","44,92%",NLH,"-34,21"
01/06/2026,129481,Seu Pai,AF - RAMON PESSOA,0,"73,5","106,79"," R$  180,29 ","0,00%","40,77%","59,23%",PLO6,"-1064,61"
01/06/2026,196043,pix196043,AF - RAMON PESSOA,0,0,"2335,98"," R$  2.335,98 ","0,00%","0,00%","100,00%",PLO6,"-3096,13"
01/06/2026,140814,Santiagorwas,AF - RAMON PESSOA,0,90,"498,62"," R$  588,62 ","0,00%","15,29%","84,71%",PLO6,-2161
01/06/2026,103040,Jr1307,AF - RAMON PESSOA,"36,79","236,7",0," R$  273,49 ","13,45%","86,55%","0,00%",MTT,"1559,5"
01/06/2026,108548,NutzOrBlefBR,AF - RAMON PESSOA,0,"21,6","3,65"," R$  25,25 ","0,00%","85,54%","14,46%",MTT,"-206,35"
01/06/2026,129831,POKERNAVEIASB,AF - RAMON PESSOA,0,6,"49,57"," R$  55,57 ","0,00%","10,80%","89,20%",PLO6,"148,99"
01/06/2026,191553,666_999,AF - RAMON PESSOA,"0,19",1,"103,59"," R$  104,78 ","0,18%","0,95%","98,86%",PLO6,"484,46"
01/06/2026,137242,henriq111,AF - RAMON PESSOA,0,"38,85","31,24"," R$  70,09 ","0,00%","55,43%","44,57%",MTT,"-461,71"
01/06/2026,102031,matadordereg,AF - RAMON PESSOA,"0,71","1,2","6,97"," R$  8,88 ","8,00%","13,51%","78,49%",PLO6,-104
01/06/2026,194105,ToliveOne$,AF - RAMON PESSOA,0,0,"70,02"," R$  70,02 ","0,00%","0,00%","100,00%",PLO6,-450
01/06/2026,171988,Chama&Cuida,AF - RAMON PESSOA,"0,72","20,5","9,08"," R$  30,30 ","2,38%","67,66%","29,97%",MTT,"144,65"
01/06/2026,143560,RITO CADILACO,AF - RAMON PESSOA,0,230,"1548,78"," R$  1.778,78 ","0,00%","12,93%","87,07%",PLO6,"2736,09"
01/06/2026,145676,fabregas ??,AF - RAMON PESSOA,"2,09",34,0," R$  36,09 ","5,79%","94,21%","0,00%",MTT,"-298,17"
01/06/2026,172744,VPoker,AF - RAMON PESSOA,"28,53","78,25",0," R$  106,78 ","26,72%","73,28%","0,00%",MTT,"-306,23"
01/06/2026,140364,TONINHO AVIP,AF - RAMON PESSOA,"17,19",3,"0,37"," R$  20,56 ","83,61%","14,59%","1,80%",NLH,"44,01"
01/06/2026,184017,kinho,AF - RAMON PESSOA,0,"2,9",0," R$  2,90 ","0,00%","100,00%","0,00%",MTT,"-63,56"
01/06/2026,195813,RamonnPessoa,AF - RAMON PESSOA,0,0,"205,95"," R$  205,95 ","0,00%","0,00%","100,00%",PLO6,"-2251,06"
01/06/2026,107194,Shaw-Moc,AF - RAMON PESSOA,0,0,0, R$  -   ,,,,NLH,0
01/06/2026,182336,É SO PAGAR PRA VER,AF - RAMON PESSOA,0,0,0, R$  -   ,,,,NLH,0
01/06/2026,109526,Fireboy,AF - RAMON PESSOA,0,0,"35,13"," R$  35,13 ","0,00%","0,00%","100,00%",PLO6,-162
01/06/2026,180405,Mavan15,AF - RAMON PESSOA,0,0,0, R$  -   ,,,,NLH,0
01/06/2026,174591,Luís França,AF - RAMON PESSOA,0,0,0, R$  -   ,,,,NLH,0
01/06/2026,131275,Coroné,AF - RAMON PESSOA,0,2,0," R$  2,00 ","0,00%","100,00%","0,00%",MTT,-20
01/06/2026,100592,kamen ryder,AF - RAMON PESSOA,0,0,0, R$  -   ,,,,NLH,0
01/06/2026,142836,AllinEuPago,AF - RAMON PESSOA,0,0,0, R$  -   ,,,,NLH,0
01/06/2026,142854,pix142854,AF - RAMON PESSOA,0,0,0, R$  -   ,,,,NLH,0
01/06/2026,195738,pix195738,AF - RAMON PESSOA,"0,8",0,"13,15"," R$  13,95 ","5,73%","0,00%","94,27%",PLO6,-29
01/06/2026,186323,Julianesss,AF - RAMON PESSOA,"2,2",0,0," R$  2,20 ","100,00%","0,00%","0,00%",NLH,"-26,99"
01/06/2026,193794,SkaterMan420,AF - RAMON PESSOA,0,5,0," R$  5,00 ","0,00%","100,00%","0,00%",MTT,"-16,25"
01/06/2026,137243,pix137243,AF - RAMON PESSOA,0,0,"159,42"," R$  159,42 ","0,00%","0,00%","100,00%",PLO6,"-1280,14"
01/06/2026,168863,Pietrovsb,AF - RAMON PESSOA,0,"10,9",0," R$  10,90 ","0,00%","100,00%","0,00%",MTT,-109
01/06/2026,182639,AarTaylorJoe063Now,AF - RAMON PESSOA,0,0,0, R$  -   ,,,,NLH,0
01/06/2026,123411,Jack Bauer,AF - RAMON PESSOA,0,0,"0,57"," R$  0,57 ","0,00%","0,00%","100,00%",PLO6,"-7,23"
01/06/2026,183669,Ekyamlopes,AF - RAMON PESSOA,"2,63",0,0," R$  2,63 ","100,00%","0,00%","0,00%",NLH,-50
01/06/2026,186402,ElBruxo,AF - RAMON PESSOA,0,20,0," R$  20,00 ","0,00%","100,00%","0,00%",MTT,-200
01/06/2026,127125,????,AF - MAURICIO,"105,52","13,89",0," R$  119,41 ","88,37%","11,63%","0,00%",NLH,"-494,55"
01/06/2026,106368,seu joao,AF - MAURICIO,0,0,"27,03"," R$  27,03 ","0,00%","0,00%","100,00%",PLO6,"-83,99"
01/06/2026,119793,Taícia,AF - MAURICIO,0,"0,3","21,41"," R$  21,71 ","0,00%","1,38%","98,62%",PLO6,"-40,68"
01/06/2026,119119,Welshowman,AF - MAURICIO,0,0,"11,29"," R$  11,29 ","0,00%","0,00%","100,00%",PLO6,-65
01/06/2026,125821,bacia,AF - MAURICIO,0,0,"2,08"," R$  2,08 ","0,00%","0,00%","100,00%",PLO6,-20
01/06/2026,162335,elPeruanoPB,AF - MAURICIO,"56,52","0,4","6,39"," R$  63,31 ","89,27%","0,63%","10,09%",NLH,"-102,62"
01/06/2026,108585,coveirodoriver,AF - MAURICIO,"9,81",0,"47,03"," R$  56,84 ","17,26%","0,00%","82,74%",PLO6,"-116,9"
01/06/2026,132085,Só blef..,AF - MAURICIO,"24,69",0,"37,74"," R$  62,43 ","39,55%","0,00%","60,45%",PLO6,"-216,53"
01/06/2026,137763,pix ad + le,AF - MAURICIO,"7,55","9,6","75,32"," R$  92,47 ","8,16%","10,38%","81,45%",PLO6,407
01/06/2026,177765,NicolásMaduro,AF - MAURICIO,"0,25",0,"3,93"," R$  4,18 ","5,98%","0,00%","94,02%",PLO6,-38
01/06/2026,185066,VitinPoker,AF - MAURICIO,0,"17,5","105,03"," R$  122,53 ","0,00%","14,28%","85,72%",PLO6,-761
01/06/2026,145547,pokerplayer,AF - MAURICIO,0,0,0, R$  -   ,,,,NLH,0
01/06/2026,171360,Jclever,AF - MAURICIO,"28,33",0,0," R$  28,33 ","100,00%","0,00%","0,00%",NLH,-46
01/06/2026,173857,Thogai,AF - MAURICIO,0,"0,1",0," R$  0,10 ","0,00%","100,00%","0,00%",MTT,-1
01/06/2026,118639,paulo Nunes,AF - MAURICIO,"5,63","42,4",0," R$  48,03 ","11,72%","88,28%","0,00%",MTT,"-250,04"
01/06/2026,159788,Heitor99,AF - MAURICIO,"392,85",2,"141,58"," R$  536,43 ","73,23%","0,37%","26,39%",NLH,"382,59"
01/06/2026,178503,Mateusbad,AF - MAURICIO,"7,38",0,0," R$  7,38 ","100,00%","0,00%","0,00%",NLH,"63,88"
01/06/2026,155080,Mike Ross,AF - MAURICIO,0,0,"0,67"," R$  0,67 ","0,00%","0,00%","100,00%",PLO6,-15
01/06/2026,108062,dodosc,AF - MAURICIO,0,0,"4,45"," R$  4,45 ","0,00%","0,00%","100,00%",PLO6,-120
01/06/2026,120599,CoronelCalazans7,AF - MAURICIO,0,0,"118,75"," R$  118,75 ","0,00%","0,00%","100,00%",PLO6,"-413,65"
01/06/2026,146218,pix146218baton,AF - MAURICIO,0,0,"109,83"," R$  109,83 ","0,00%","0,00%","100,00%",PLO6,"84,22"
01/06/2026,114516,SÓ AA,AF - MAURICIO,"1,53",0,0," R$  1,53 ","100,00%","0,00%","0,00%",NLH,"-11,82"
01/06/2026,180443,@mau.jr7,AF - MAURICIO,0,"65,2","32,74"," R$  97,94 ","0,00%","66,57%","33,43%",MTT,"-515,82"
01/06/2026,195034,Estreante,AF - MAURICIO,"0,85",40,0," R$  40,85 ","2,08%","97,92%","0,00%",MTT,"-362,61"
01/06/2026,116681,bigd1ck,AF - MAURICIO,0,0,"16,86"," R$  16,86 ","0,00%","0,00%","100,00%",PLO6,"-26,19"
01/06/2026,147319,MOSSORÓ084,AF - MAURICIO,0,"5,5","29,84"," R$  35,34 ","0,00%","15,56%","84,44%",PLO6,"-270,29"
01/06/2026,107225,?9??,AF - MAURICIO,"87,19",0,0," R$  87,19 ","100,00%","0,00%","0,00%",NLH,300
01/06/2026,108331,Serginho Balotelli,AF - MAURICIO,"6,51",0,0," R$  6,51 ","100,00%","0,00%","0,00%",NLH,"-56,07"
01/06/2026,109925,Ch blefe,AF - MAURICIO,"9,22",0,0," R$  9,22 ","100,00%","0,00%","0,00%",NLH,51
01/06/2026,170977,Alyssoni,AF - MAURICIO,"7,43",0,0," R$  7,43 ","100,00%","0,00%","0,00%",NLH,-62
01/06/2026,106444,TonySoprano,AF - MAURICIO,"95,74",0,0," R$  95,74 ","100,00%","0,00%","0,00%",NLH,"71,21"
01/06/2026,117569,arthurzindomel,AF - MAURICIO,"12,67","7,3",0," R$  19,97 ","63,45%","36,55%","0,00%",NLH,"-12,61"
01/06/2026,131354,Redhouse,AF - MAURICIO,0,"3,4",0," R$  3,40 ","0,00%","100,00%","0,00%",MTT,-34
01/06/2026,137659,JP duda,AF - MAURICIO,0,"8,45","1,53"," R$  9,98 ","0,00%","84,67%","15,33%",MTT,"-71,84"
01/06/2026,141801,DihBankai,AF - MAURICIO,"3,13",0,0," R$  3,13 ","100,00%","0,00%","0,00%",NLH,-17
01/06/2026,109162,ORIGINAL poker??,AF - MAURICIO,0,6,"39,87"," R$  45,87 ","0,00%","13,08%","86,92%",PLO6,130
01/06/2026,116798,Boca de Badalo,AF - MAURICIO,0,0,"14,61"," R$  14,61 ","0,00%","0,00%","100,00%",PLO6,9
01/06/2026,117017,xLAVISHx,AF - MAURICIO,0,0,0, R$  -   ,,,,NLH,0
01/06/2026,138771,GoldNomad,AF - MAURICIO,0,0,0, R$  -   ,,,,NLH,0
01/06/2026,139401,FreitasAAKK,AF - MAURICIO,0,0,0, R$  -   ,,,,NLH,0
01/06/2026,144408,CORINGA0101,AF - MAURICIO,0,"6,75",0," R$  6,75 ","0,00%","100,00%","0,00%",MTT,"-13,87"
01/06/2026,152588,Eumesmonao,AF - MAURICIO,0,0,0, R$  -   ,,,,NLH,0
01/06/2026,143477,SILVIO SANTOSS,AF - MAURICIO,"2,22",0,0," R$  2,22 ","100,00%","0,00%","0,00%",NLH,"-7,98"
01/06/2026,105568,Nirk,AF - MAURICIO,0,0,0, R$  -   ,,,,NLH,0
01/06/2026,145508,BRUMBRUM,AF - MAURICIO,0,16,"321,72"," R$  337,72 ","0,00%","4,74%","95,26%",PLO6,-801
01/06/2026,170156,Presidente GL,AF - MAURICIO,"0,21",0,0," R$  0,21 ","100,00%","0,00%","0,00%",NLH,0
01/06/2026,171527,Maverica,AF - MAURICIO,0,0,0, R$  -   ,,,,NLH,"0,48"
01/06/2026,116882,Queiroga,AF - MAURICIO,"1,61",0,0," R$  1,61 ","100,00%","0,00%","0,00%",NLH,-4
01/06/2026,102022,Me Chupa,AF - MAURICIO,"1,27",0,"41,79"," R$  43,06 ","2,95%","0,00%","97,05%",PLO6,-330
01/06/2026,134699,@griga,AF - MAURICIO,0,20,"123,31"," R$  143,31 ","0,00%","13,96%","86,04%",PLO6,-1027
01/06/2026,119612,DoeuAi??,AF - MAURICIO,"0,37",1,"19,04"," R$  20,41 ","1,81%","4,90%","93,29%",PLO6,"-88,69"
01/06/2026,150152,Trastezin Lima??,AF - MAURICIO,"1,35",0,0," R$  1,35 ","100,00%","0,00%","0,00%",NLH,"72,39"
01/06/2026,139417,Doidoo,AF - MAURICIO,0,0,0, R$  -   ,,,,NLH,"1,1"
01/06/2026,152705,Erick,AF - MAURICIO,0,0,0, R$  -   ,,,,NLH,0
01/06/2026,154779,Bruxo R10,AF - MAURICIO,0,0,0, R$  -   ,,,,NLH,0
01/06/2026,139597,Dr.Wender,AF - MAURICIO,"5,41",0,"67,45"," R$  72,86 ","7,43%","0,00%","92,57%",PLO6,"-48,57"
01/06/2026,178673,Ricco Marcondes,AF - MAURICIO,0,0,0, R$  -   ,,,,NLH,0
01/06/2026,184849,valmorena,AF - MAURICIO,0,0,0, R$  -   ,,,,NLH,0
01/06/2026,109489,Damião,AF - MAURICIO,0,2,0," R$  2,00 ","0,00%","100,00%","0,00%",MTT,-20
01/06/2026,181686,Inocram ?,AF - MAURICIO,0,0,0, R$  -   ,,,,NLH,1
01/06/2026,140234,josemaria,AF - MAURICIO,"7,07",0,0," R$  7,07 ","100,00%","0,00%","0,00%",NLH,"71,04"
01/06/2026,107313,?SORTUDO777?,AF - MAURICIO,0,0,"4,7"," R$  4,70 ","0,00%","0,00%","100,00%",PLO6,"-11,52"
01/06/2026,148557,bitnator,AF - MAURICIO,"1,18",0,0," R$  1,18 ","100,00%","0,00%","0,00%",NLH,-12
01/06/2026,181800,elias7,AF - MAURICIO,"8,32",0,0," R$  8,32 ","100,00%","0,00%","0,00%",NLH,-64
01/06/2026,188865,pix188865,AF - MAURICIO,0,"72,2",0," R$  72,20 ","0,00%","100,00%","0,00%",MTT,"-689,38"
01/06/2026,101589,SEGURAAA__,AF - MAURICIO,0,0,"20,37"," R$  20,37 ","0,00%","0,00%","100,00%",PLO6,-115
01/06/2026,126696,Pereiira,AF - MAURICIO,"0,95",0,0," R$  0,95 ","100,00%","0,00%","0,00%",NLH,-10
01/06/2026,147207,꧁༒ACES༒꧂,AF - MAURICIO,0,0,"78,98"," R$  78,98 ","0,00%","0,00%","100,00%",PLO6,"1127,02"
01/06/2026,171996,pagotudo,AF - MAURICIO,"12,99",0,0," R$  12,99 ","100,00%","0,00%","0,00%",NLH,-70
01/06/2026,112943,pedro909r,AF - MAURICIO,"1,18",0,0," R$  1,18 ","100,00%","0,00%","0,00%",NLH,"9,03"
01/06/2026,139113,@jrmaiag_poker,AF - MAURICIO,0,0,0, R$  -   ,,,,NLH,0
01/06/2026,146445,S4FADA0,AF - ISAC,0,"2,4",0," R$  2,40 ","0,00%","100,00%","0,00%",MTT,-24
01/06/2026,147781,Pirekao!,AF - ISAC,0,"18,4",0," R$  18,40 ","0,00%","100,00%","0,00%",MTT,-174
01/06/2026,155185,fogonabomba?,AF - ISAC,0,"80,54","1,23"," R$  81,77 ","0,00%","98,50%","1,50%",MTT,"306,05"
01/06/2026,157300,mago.bet,AF - ISAC,"43,21","166,8",0," R$  210,01 ","20,58%","79,42%","0,00%",MTT,"689,9"
01/06/2026,175290,L10,AF - ISAC,0,"4,74",0," R$  4,74 ","0,00%","100,00%","0,00%",MTT,"-47,4"
01/06/2026,195991,CAP_MAIA,AF - ISAC,0,"9,44",0," R$  9,44 ","0,00%","100,00%","0,00%",MTT,"10,6"
01/06/2026,165543,isaqueramos@,AF - ISAC,0,0,"1,24"," R$  1,24 ","0,00%","0,00%","100,00%",PLO6,"-13,88"
01/06/2026,188333,Magaly,AF - ISAC,"1,69","2,98","2,91"," R$  7,58 ","22,30%","39,31%","38,39%",MTT,-61
01/06/2026,134625,GILMRZ7,AF - ISAC,"3,99","1,7","4,67"," R$  10,36 ","38,51%","16,41%","45,08%",PLO6,"-34,03"
01/06/2026,136890,barakaplayer,AF - ISAC,0,0,"11,14"," R$  11,14 ","0,00%","0,00%","100,00%",PLO6,"62,92"
01/06/2026,162837,LucasSilva,AF - ISAC,0,0,"12,39"," R$  12,39 ","0,00%","0,00%","100,00%",PLO6,"89,81"
01/06/2026,179756,vampirão,AF - ISAC,0,"6,6","42,6"," R$  49,20 ","0,00%","13,41%","86,59%",PLO6,"-100,91"
01/06/2026,196198,pix196198,AF - ISAC,"5,76",0,"156,23"," R$  161,99 ","3,56%","0,00%","96,44%",PLO6,-518
01/06/2026,147375,opsicologo,AF - ISAC,"97,62","3,5","24,07"," R$  125,19 ","77,98%","2,80%","19,23%",NLH,"615,11"
01/06/2026,150707,Ramon Alencar,AF - ISAC,"2,77","3,3","297,88"," R$  303,95 ","0,91%","1,09%","98,00%",PLO6,-161
01/06/2026,110437,O Embaixador,AF - ISAC,0,0,0, R$  -   ,,,,NLH,"1,33"
01/06/2026,138028,Anna17,AF - ISAC,0,0,0, R$  -   ,,,,NLH,0
01/06/2026,145591,bratherPB,AF - ISAC,"0,15",0,0," R$  0,15 ","100,00%","0,00%","0,00%",NLH,"5,51"
01/06/2026,148644,TalesGimenez,AF - ISAC,0,0,0, R$  -   ,,,,NLH,0
01/06/2026,149973,VI$AO,AF - ISAC,"8,12",0,"0,51"," R$  8,63 ","94,09%","0,00%","5,91%",NLH,"-73,33"
01/06/2026,159806,ÓBITO,AF - ISAC,0,0,0, R$  -   ,,,,NLH,"1,46"
01/06/2026,162422,Lucas Arantes,AF - ISAC,0,"0,8",0," R$  0,80 ","0,00%","100,00%","0,00%",MTT,"20,81"
01/06/2026,169007,BrankinhoVidaLoka,AF - ISAC,0,0,0, R$  -   ,,,,NLH,"7,22"
01/06/2026,171025,Kauancria244,AF - ISAC,"6,27","3,3",0," R$  9,57 ","65,52%","34,48%","0,00%",NLH,"-61,26"
01/06/2026,172400,Xumaca,AF - ISAC,0,0,0, R$  -   ,,,,NLH,"1,47"
01/06/2026,173010,ludjan,AF - ISAC,"10,27",0,"11,28"," R$  21,55 ","47,66%","0,00%","52,34%",PLO6,"20,33"
01/06/2026,175494,Pescador ?,AF - ISAC,181,0,"0,64"," R$  181,64 ","99,65%","0,00%","0,35%",NLH,"482,04"
01/06/2026,178585,AlineHawk,AF - ISAC,0,0,0, R$  -   ,,,,NLH,0
01/06/2026,179075,Mendes_,AF - ISAC,"1,97","12,9",0," R$  14,87 ","13,25%","86,75%","0,00%",MTT,"-130,84"
01/06/2026,180038,Chico gia,AF - ISAC,0,0,0, R$  -   ,,,,NLH,0
01/06/2026,183598,DSoares,AF - ISAC,0,0,0, R$  -   ,,,,NLH,0
01/06/2026,186309,B?MB?L@D?,AF - ISAC,"8,17","3,5",0," R$  11,67 ","70,01%","29,99%","0,00%",NLH,"-31,95"
01/06/2026,187404,Alex Poatan ??,AF - ISAC,0,0,0, R$  -   ,,,,NLH,"0,4"
01/06/2026,192125,ReiDoFree,AF - ISAC,0,0,0, R$  -   ,,,,NLH,0
01/06/2026,182480,Sabor Poker,AF - ISAC,0,"128,7","146,24"," R$  274,94 ","0,00%","46,81%","53,19%",PLO6,"939,41"
01/06/2026,157767,のちモ匕モ2,AF - ISAC,"23,43","106,3",0," R$  129,73 ","18,06%","81,94%","0,00%",MTT,"961,57"
01/06/2026,174562,bafim de bode,AF - ISAC,"11,51",0,0," R$  11,51 ","100,00%","0,00%","0,00%",NLH,"-89,51"
01/06/2026,145247,vem devagar,AF - ISAC,"0,63",0,0," R$  0,63 ","100,00%","0,00%","0,00%",NLH,"-4,71"
01/06/2026,185342,ExterminadorDoFuturo,AF - ISAC,"7,12",0,0," R$  7,12 ","100,00%","0,00%","0,00%",NLH,-19
01/06/2026,151398,dagun,AF - ISAC,0,0,"149,79"," R$  149,79 ","0,00%","0,00%","100,00%",PLO6,"-934,64"
01/06/2026,118511,PizzariaFP,AF - ISAC,0,0,"131,58"," R$  131,58 ","0,00%","0,00%","100,00%",PLO6,"304,9"
01/06/2026,148886,AA007,AF - ISAC,0,0,"77,5"," R$  77,50 ","0,00%","0,00%","100,00%",PLO6,-100
01/06/2026,159265,BANKER,AF - ISAC,"21,93","50,8","135,51"," R$  208,24 ","10,53%","24,39%","65,07%",PLO6,"-217,73"
01/06/2026,127918,JC12,AF - ISAC,0,0,"25,45"," R$  25,45 ","0,00%","0,00%","100,00%",PLO6,"-79,21"
01/06/2026,172079,JPSaless,AF - ISAC,"7,03",1,"921,76"," R$  929,79 ","0,76%","0,11%","99,14%",PLO6,"506,75"
01/06/2026,146489,Visionário,AF - ISAC,0,"68,7","38,61"," R$  107,31 ","0,00%","64,02%","35,98%",MTT,"-132,69"
01/06/2026,160088,DANGER,AF - ISAC,0,"14,7","18,86"," R$  33,56 ","0,00%","43,80%","56,20%",PLO6,-350
01/06/2026,160321,GameOver,AF - ISAC,"46,98","201,9","189,58"," R$  438,46 ","10,71%","46,05%","43,24%",MTT,-2820
01/06/2026,171794,Streetpokerr,AF - ISAC,0,0,0, R$  -   ,,,,NLH,0
01/06/2026,144320,Fluxo.FX,AF - ISAC,"97,34",0,"14,38"," R$  111,72 ","87,13%","0,00%","12,87%",NLH,"-200,36"
01/06/2026,180131,Sabor Ganhar,AF - ISAC,"0,24",0,"135,4"," R$  135,64 ","0,18%","0,00%","99,82%",PLO6,-524
01/06/2026,172820,SapatoBranco,AF - ISAC,"2,24","8,6","0,3"," R$  11,14 ","20,11%","77,20%","2,69%",MTT,"214,48"
01/06/2026,182585,Carneiro?,AF - ISAC,0,"124,4",0," R$  124,40 ","0,00%","100,00%","0,00%",MTT,"-39,59"
01/06/2026,187086,usainfold,AF - ISAC,0,1,"2,47"," R$  3,47 ","0,00%","28,82%","71,18%",PLO6,-50
01/06/2026,164762,pix164762,AF - ISAC,"2,11","55,8","0,52"," R$  58,43 ","3,61%","95,50%","0,89%",MTT,"-429,99"
01/06/2026,183094,azogo10,AF - ISAC,"10,41",0,0," R$  10,41 ","100,00%","0,00%","0,00%",NLH,"-42,92"
01/06/2026,183511,dafuga,AF - ISAC,"15,4",0,"4,13"," R$  19,53 ","78,85%","0,00%","21,15%",NLH,-37
01/06/2026,160177,henrry,AF - ISAC,0,0,"0,23"," R$  0,23 ","0,00%","0,00%","100,00%",PLO6,-5
01/06/2026,149031,G Bala ??,AF - ISAC,"2,03",0,0," R$  2,03 ","100,00%","0,00%","0,00%",NLH,"-20,3"
01/06/2026,145975,Maverick81,AF - ISAC,0,"27,8",0," R$  27,80 ","0,00%","100,00%","0,00%",MTT,"-76,72"
01/06/2026,175064,oCalvoDoPoker,AF - ISAC,0,"66,3",0," R$  66,30 ","0,00%","100,00%","0,00%",MTT,"208,33"
01/06/2026,156590,DimKenney,AF - ISAC,0,"0,7",0," R$  0,70 ","0,00%","100,00%","0,00%",MTT,-7
01/06/2026,159721,SPLATY,AF - ISAC,"20,4","18,8",0," R$  39,20 ","52,04%","47,96%","0,00%",NLH,"-12,25"
01/06/2026,131627,Lucas Davi,AF - ISAC,"0,67",0,0," R$  0,67 ","100,00%","0,00%","0,00%",NLH,"-9,47"
01/06/2026,149857,Bignutela,AF - ISAC,"7,61",0,"0,58"," R$  8,19 ","92,92%","0,00%","7,08%",NLH,22
01/06/2026,170517,Maxwell Vinicius,AF - ISAC,"60,5","36,62",0," R$  97,12 ","62,29%","37,71%","0,00%",NLH,"85,15"
01/06/2026,184138,.??.,AF - ISAC,"1,03","4,8",0," R$  5,83 ","17,67%","82,33%","0,00%",MTT,-56
01/06/2026,160219,andrerl,AF - ISAC,0,"2,5","91,84"," R$  94,34 ","0,00%","2,65%","97,35%",PLO6,"-732,17"
01/06/2026,127627,Cristiano Ronaldo.,AF - ISAC,0,0,0, R$  -   ,,,,NLH,0
01/06/2026,134315,cobrao45,AF - ISAC,0,0,0, R$  -   ,,,,NLH,0
01/06/2026,148579,AAllin?,AF - ISAC,"0,64",0,0," R$  0,64 ","100,00%","0,00%","0,00%",NLH,"-4,17"
01/06/2026,166672,Professor!,AF - ISAC,"0,36",0,0," R$  0,36 ","100,00%","0,00%","0,00%",NLH,-5
01/06/2026,173754,TTrincA,AF - ISAC,0,"0,8",0," R$  0,80 ","0,00%","100,00%","0,00%",MTT,"-5,81"
01/06/2026,195968,Trakinas,AF - ISAC,0,0,0, R$  -   ,,,,NLH,0
01/06/2026,181112,dafugaa,AF - ISAC,"0,87",0,0," R$  0,87 ","100,00%","0,00%","0,00%",NLH,"-5,62"
01/06/2026,109124,Brunoovieir_,AF - ISAC,"3,84","26,6","2,02"," R$  32,46 ","11,83%","81,95%","6,22%",MTT,"-76,35"
01/06/2026,143623,vish_777,AF - ISAC,"25,56",0,"4,89"," R$  30,45 ","83,94%","0,00%","16,06%",NLH,-174
01/06/2026,153375,MrDemite,AF - ISAC,"0,47","20,4",0," R$  20,87 ","2,25%","97,75%","0,00%",MTT,"10,23"
01/06/2026,125837,pix827372,AF - ISAC,"45,08","3,6","13,8"," R$  62,48 ","72,15%","5,76%","22,09%",NLH,"372,63"
01/06/2026,111358,elzenga420,AF - ISAC,0,0,0, R$  -   ,,,,NLH,0
01/06/2026,113629,ernesto94,AF - ISAC,0,0,0, R$  -   ,,,,NLH,0
01/06/2026,115734,RiverRat??,AF - ISAC,0,0,0, R$  -   ,,,,NLH,0
01/06/2026,124313,philippebarone,AF - ISAC,0,0,0, R$  -   ,,,,NLH,"0,84"
01/06/2026,134166,LincolnLau,AF - ISAC,0,0,0, R$  -   ,,,,NLH,0
01/06/2026,138188,Orafa,AF - ISAC,0,0,0, R$  -   ,,,,NLH,0
01/06/2026,148138,Xurisbela,AF - ISAC,0,0,0, R$  -   ,,,,NLH,"18,66"
01/06/2026,151080,@thaleslima7,AF - ISAC,0,0,0, R$  -   ,,,,NLH,0
01/06/2026,153278,Amanhã,AF - ISAC,0,0,"2,72"," R$  2,72 ","0,00%","0,00%","100,00%",PLO6,0
01/06/2026,172110,JACAREZINHO,AF - ISAC,0,0,0, R$  -   ,,,,NLH,0
01/06/2026,178296,Hawk,AF - ISAC,"4,86",1,"0,71"," R$  6,57 ","73,97%","15,22%","10,81%",NLH,-30
01/06/2026,184381,MANDA_PRA_CÁ,AF - ISAC,"0,56",0,0," R$  0,56 ","100,00%","0,00%","0,00%",NLH,"1,47"
01/06/2026,185102,Gabriel M,AF - ISAC,"43,31",0,"16,63"," R$  59,94 ","72,26%","0,00%","27,74%",NLH,"-31,86"
01/06/2026,190586,JuniorHawk,AF - ISAC,0,0,0, R$  -   ,,,,NLH,0
01/06/2026,191993,wallygarage,AF - ISAC,0,0,0, R$  -   ,,,,NLH,0
01/06/2026,155732,gomezzz,AF - ISAC,0,0,"16,63"," R$  16,63 ","0,00%","0,00%","100,00%",PLO6,-70
01/06/2026,102273,MARCONDES,AF - ISAC,0,"67,25",0," R$  67,25 ","0,00%","100,00%","0,00%",MTT,"-587,5"
01/06/2026,136921,JokerBluff9,AF - ISAC,0,4,"40,22"," R$  44,22 ","0,00%","9,05%","90,95%",PLO6,-90
01/06/2026,158223,NORISKI ?,AF - ISAC,"2,31","160,54",0," R$  162,85 ","1,42%","98,58%","0,00%",MTT,"-185,77"
01/06/2026,172406,RyanPaleta,AF - ISAC,"8,7",0,0," R$  8,70 ","100,00%","0,00%","0,00%",NLH,"-20,8"
01/06/2026,147068,FRANK,AF - ISAC,0,0,"2,13"," R$  2,13 ","0,00%","0,00%","100,00%",PLO6,-30
01/06/2026,153056,f3lliP1,AF - ISAC,0,0,0, R$  -   ,,,,NLH,0
01/06/2026,160037,zaroi,AF - ISAC,0,0,0, R$  -   ,,,,NLH,0
01/06/2026,161775,Fabi,AF - ISAC,0,0,0, R$  -   ,,,,NLH,0
01/06/2026,163631,INSTAFOLD,AF - ISAC,0,0,0, R$  -   ,,,,NLH,0
01/06/2026,164419,TchauBozo,AF - ISAC,0,0,0, R$  -   ,,,,NLH,"0,84"
01/06/2026,165708,Jocker,AF - ISAC,2,0,"0,97"," R$  2,97 ","67,34%","0,00%","32,66%",NLH,-33
01/06/2026,168507,Jhonnata Do Riverr,AF - ISAC,"3,88","1,1",0," R$  4,98 ","77,91%","22,09%","0,00%",NLH,"-69,14"
01/06/2026,178427,Rudii01,AF - ISAC,"0,11","0,2","1,08"," R$  1,39 ","7,91%","14,39%","77,70%",PLO6,"5,07"
01/06/2026,192048,kauaaugustto,AF - ISAC,0,1,0," R$  1,00 ","0,00%","100,00%","0,00%",MTT,"-9,52"
01/06/2026,193487,B10poker,AF - ISAC,0,0,0, R$  -   ,,,,NLH,"0,88"
01/06/2026,195693,all in pre flop,AF - ISAC,0,0,0, R$  -   ,,,,NLH,0
01/06/2026,181666,marvinea,AF - ISAC,0,"9,5","8,06"," R$  17,56 ","0,00%","54,10%","45,90%",MTT,"-162,72"
01/06/2026,170330,Sarochim10,AF - ISAC,0,"25,4",0," R$  25,40 ","0,00%","100,00%","0,00%",MTT,"-20,98"
01/06/2026,148865,Kamila??,AF - ISAC,0,1,0," R$  1,00 ","0,00%","100,00%","0,00%",MTT,-10
01/06/2026,156750,calango,AF - ISAC,0,0,0, R$  -   ,,,,NLH,"1,33"
01/06/2026,181583,faguirre,AF - ISAC,0,0,0, R$  -   ,,,,NLH,0
01/06/2026,165123,Fr0?D,AF - ISAC,"6,59",0,0," R$  6,59 ","100,00%","0,00%","0,00%",NLH,-12
01/06/2026,178656,PH777,AF - ISAC,0,0,0, R$  -   ,,,,NLH,0
01/06/2026,180007,pix180007,AF - ISAC,0,0,0, R$  -   ,,,,NLH,0
01/06/2026,140875,Alex .Dias,AF - ISAC,0,0,0, R$  -   ,,,,NLH,0
01/06/2026,150356,PauloSouza,AF - ISAC,0,0,0, R$  -   ,,,,NLH,0
01/06/2026,139827,Eddyoliveira,AF - ISAC,0,0,0, R$  -   ,,,,NLH,"17,35"
01/06/2026,163593,Rouba_Rindo,AF - ISAC,0,0,0, R$  -   ,,,,NLH,0
01/06/2026,165725,DouglasAlmeida,AF - ISAC,0,0,0, R$  -   ,,,,NLH,0
01/06/2026,169656,@Rob,AF - ISAC,0,0,0, R$  -   ,,,,NLH,"1,01"
01/06/2026,180867,Bocao,AF - ISAC,0,0,0, R$  -   ,,,,NLH,0
01/06/2026,195297,pix195297,AF - ISAC,0,0,0, R$  -   ,,,,NLH,0
01/06/2026,159013,robusto?,AF - ISAC,"13,3",0,0," R$  13,30 ","100,00%","0,00%","0,00%",NLH,-50
01/06/2026,193540,Tony.S,AF - ISAC,"4,87",0,0," R$  4,87 ","100,00%","0,00%","0,00%",NLH,"67,78"
01/06/2026,172191,Pru Pru,AF - ISAC,"2,78",1,"21,32"," R$  25,10 ","11,08%","3,98%","84,94%",PLO6,"-109,11"
01/06/2026,103605,Eu_Amorim,AF - ISAC,0,"2,2",0," R$  2,20 ","0,00%","100,00%","0,00%",MTT,-22
01/06/2026,123646,TURBO S,AF - ISAC,"1,06",0,0," R$  1,06 ","100,00%","0,00%","0,00%",NLH,-8
01/06/2026,138239,Anna Trovão 17,AF - ISAC,0,0,0, R$  -   ,,,,NLH,"0,84"
01/06/2026,160050,symphony of death,AF - ISAC,0,0,0, R$  -   ,,,,NLH,0
01/06/2026,179751,devil may cry,AF - ISAC,0,0,0, R$  -   ,,,,NLH,0
01/06/2026,179753,bb204kk,AF - ISAC,0,0,0, R$  -   ,,,,NLH,0
01/06/2026,179759,fredykrueger,AF - ISAC,0,0,0, R$  -   ,,,,NLH,0
01/06/2026,179760,repanga73,AF - ISAC,0,0,0, R$  -   ,,,,NLH,0
01/06/2026,180525,mari3455,AF - ISAC,0,0,0, R$  -   ,,,,NLH,0
01/06/2026,160870,robson22,AF - ISAC,0,0,0, R$  -   ,,,,NLH,0
01/06/2026,177740,guguzn,AF - ISAC,"1,76",0,0," R$  1,76 ","100,00%","0,00%","0,00%",NLH,"-6,01"
01/06/2026,108346,chicleteiro ??,AF - ISAC,0,0,"1,34"," R$  1,34 ","0,00%","0,00%","100,00%",PLO6,-20
01/06/2026,146742,Andrè P,AF - ISAC,0,0,"193,65"," R$  193,65 ","0,00%","0,00%","100,00%",PLO6,-333
01/06/2026,148101,Ctenorio,AF - ISAC,"4,29",0,0," R$  4,29 ","100,00%","0,00%","0,00%",NLH,"-1,97"
01/06/2026,152070,PlinioMacedo,AF - ISAC,"1,5",0,"14,58"," R$  16,08 ","9,33%","0,00%","90,67%",PLO6,"-27,26"
01/06/2026,138562,BPOTY,AF - ISAC,0,1,"22,2"," R$  23,20 ","0,00%","4,31%","95,69%",PLO6,"29,19"
01/06/2026,153389,Mrperez,AF - ISAC,0,13,0," R$  13,00 ","0,00%","100,00%","0,00%",MTT,"141,44"
01/06/2026,149929,AlexPoker1337,AF - ISAC,"3,52",0,0," R$  3,52 ","100,00%","0,00%","0,00%",NLH,-36
01/06/2026,160496,joker?,AF - ISAC,"2,36",0,0," R$  2,36 ","100,00%","0,00%","0,00%",NLH,-8
01/06/2026,173648,Iphones,AF - ISAC,"15,48",0,"35,17"," R$  50,65 ","30,56%","0,00%","69,44%",PLO6,-555
01/06/2026,196086,Giglinithis,AF - ISAC,0,8,0," R$  8,00 ","0,00%","100,00%","0,00%",MTT,-80
01/06/2026,193803,upacai,AF - ISAC,0,0,"2,46"," R$  2,46 ","0,00%","0,00%","100,00%",PLO6,8
01/06/2026,153463,RyanGay,AF - ISAC,0,0,0, R$  -   ,,,,NLH,0
01/06/2026,177051,A2All-in,AF - ISAC,0,0,0, R$  -   ,,,,NLH,0
01/06/2026,147505,D??N,AF - CARLA JP,0,"85,3","1,07"," R$  86,37 ","0,00%","98,76%","1,24%",MTT,"92,41"
01/06/2026,170605,Lasmar,AF - CARLA JP,"16,99","85,62","4,6"," R$  107,21 ","15,85%","79,86%","4,29%",MTT,"320,87"
01/06/2026,115704,viper pb,AF - CARLA JP,0,0,"14,56"," R$  14,56 ","0,00%","0,00%","100,00%",PLO6,"-112,02"
01/06/2026,166288,General Igris,AF - CARLA JP,0,0,"202,68"," R$  202,68 ","0,00%","0,00%","100,00%",PLO6,"-722,86"
01/06/2026,184144,Light4i20,AF - CARLA JP,"14,08",0,"126,52"," R$  140,60 ","10,01%","0,00%","89,99%",PLO6,-492
01/06/2026,188011,jajanteii,AF - CARLA JP,0,0,"73,33"," R$  73,33 ","0,00%","0,00%","100,00%",PLO6,"-166,5"
01/06/2026,118105,Targino,AF - CARLA JP,0,"0,8","9,81"," R$  10,61 ","0,00%","7,54%","92,46%",PLO6,"-133,64"
01/06/2026,195741,Amo-Groot,AF - CARLA JP,0,"0,8","84,93"," R$  85,73 ","0,00%","0,93%","99,07%",PLO6,"-227,12"
01/06/2026,195735,Joaquim França,AF - CARLA JP,"8,98","56,75","0,28"," R$  66,01 ","13,60%","85,97%","0,42%",MTT,"-366,73"
01/06/2026,151310,arthurpix,AF - CARLA JP,0,2,"35,19"," R$  37,19 ","0,00%","5,38%","94,62%",PLO6,"739,93"
01/06/2026,141194,Chocolate,AF - CARLA JP,"1,38",0,0," R$  1,38 ","100,00%","0,00%","0,00%",NLH,-7
01/06/2026,143649,chibata83,AF - CARLA JP,0,150,"2733,32"," R$  2.883,32 ","0,00%","5,20%","94,80%",PLO6,"6197,3"
01/06/2026,117342,Carla Renna,AF - CARLA JP,0,"0,5","76,81"," R$  77,31 ","0,00%","0,65%","99,35%",PLO6,"-130,62"
01/06/2026,146758,jrdoido,AF - CARLA JP,0,0,"177,32"," R$  177,32 ","0,00%","0,00%","100,00%",PLO6,-480
01/06/2026,156724,MORANGUINHO OFICIAL,AF - CARLA JP,0,10,"769,5"," R$  779,50 ","0,00%","1,28%","98,72%",PLO6,"521,21"
01/06/2026,188878,Flopper,AF - CARLA JP,"20,3",0,0," R$  20,30 ","100,00%","0,00%","0,00%",NLH,"27,86"
01/06/2026,195550,pix195550,AF - CARLA JP,0,"59,6",0," R$  59,60 ","0,00%","100,00%","0,00%",MTT,"-377,6"
01/06/2026,196230,Neymar??,AF - CARLA JP,0,"77,1",0," R$  77,10 ","0,00%","100,00%","0,00%",MTT,"-742,88"
01/06/2026,178236,Ruisan1,AF - CARLA JP,0,"35,1",0," R$  35,10 ","0,00%","100,00%","0,00%",MTT,"204,21"
01/06/2026,147790,guzAApoker,AF - CARLA JP,0,"57,4",0," R$  57,40 ","0,00%","100,00%","0,00%",MTT,"-170,19"
01/06/2026,174895,Rudolf,AF - CARLA JP,0,"3,2",0," R$  3,20 ","0,00%","100,00%","0,00%",MTT,-40
01/06/2026,118251,bebelteam,AF - CARLA JP,0,0,"5,53"," R$  5,53 ","0,00%","0,00%","100,00%",PLO6,"59,02"
01/06/2026,165891,Emerson244,AF - CARLA JP,0,0,"5,54"," R$  5,54 ","0,00%","0,00%","100,00%",PLO6,-40
01/06/2026,170178,Zangetsu,AF - CARLA JP,0,0,"4,83"," R$  4,83 ","0,00%","0,00%","100,00%",PLO6,-90
01/06/2026,195670,ADias,AF - CARLA JP,"55,49",0,"0,3"," R$  55,79 ","99,46%","0,00%","0,54%",NLH,-152
01/06/2026,120712,Marçal01,AF - CARLA JP,"109,98","0,84","6,59"," R$  117,41 ","93,67%","0,72%","5,61%",NLH,"-219,4"
01/06/2026,153074,AzarDaMzrHomi,AF - CARLA JP,0,0,"0,18"," R$  0,18 ","0,00%","0,00%","100,00%",PLO6,-5
01/06/2026,154196,CoxinhaPoker,AF - CARLA JP,0,"19,6","59,74"," R$  79,34 ","0,00%","24,70%","75,30%",PLO6,"-107,45"
01/06/2026,191156,_007_,AF - CARLA JP,0,0,"222,76"," R$  222,76 ","0,00%","0,00%","100,00%",PLO6,384
01/06/2026,137052,pix137052,AF - CARLA JP,"83,49",0,"2,4"," R$  85,89 ","97,21%","0,00%","2,79%",NLH,"-105,13"
01/06/2026,136268,jobelis,AF - CARLA JP,0,0,"1,04"," R$  1,04 ","0,00%","0,00%","100,00%",PLO6,-4
01/06/2026,162087,o jovem,AF - CARLA JP,"13,78","21,7",0," R$  35,48 ","38,84%","61,16%","0,00%",MTT,"-38,8"
01/06/2026,193416,Santiago83,AF - CARLA JP,0,"5,2",0," R$  5,20 ","0,00%","100,00%","0,00%",MTT,-52
01/06/2026,177784,Sheep,AF - CARLA JP,0,"12,8","9,25"," R$  22,05 ","0,00%","58,05%","41,95%",MTT,"-141,16"
01/06/2026,176365,LincolnMendes,AF - CARLA JP,0,0,0, R$  -   ,,,,NLH,0
01/06/2026,188529,trempix69,AF - CARLA JP,0,0,0, R$  -   ,,,,NLH,0
01/06/2026,191677,bileut,AF - CARLA JP,0,0,0, R$  -   ,,,,NLH,0
01/06/2026,192033,stdomeinha,AF - CARLA JP,0,0,0, R$  -   ,,,,NLH,"2,57"
01/06/2026,194174,GalegoBC,AF - CARLA JP,0,0,0, R$  -   ,,,,NLH,"0,4"
01/06/2026,136477,cidoka,AF - CARLA JP,0,0,0, R$  -   ,,,,NLH,"14,93"
01/06/2026,180785,wayne vegas,AF - CARLA JP,"8,98","8,2","8,12"," R$  25,30 ","35,49%","32,41%","32,09%",NLH,"-90,52"
01/06/2026,117404,Cnhhh,AF - CARLA JP,0,0,"3,55"," R$  3,55 ","0,00%","0,00%","100,00%",PLO6,-22
01/06/2026,191044,Gulio081,AF - CARLA JP,"0,28","0,2",0," R$  0,48 ","58,33%","41,67%","0,00%",NLH,"-5,16"
01/06/2026,106934,mazetto83,AF - CARLA JP,0,0,"42,19"," R$  42,19 ","0,00%","0,00%","100,00%",PLO6,-220
01/06/2026,115863,Bruninho Olliver,AF - CARLA JP,0,0,0, R$  -   ,,,,NLH,0
01/06/2026,121370,TôlinnRabano,AF - CARLA JP,"6,3","6,4","12,38"," R$  25,08 ","25,12%","25,52%","49,36%",PLO6,-180
01/06/2026,180128,Hbrt,AF - CARLA JP,0,0,0, R$  -   ,,,,NLH,0
01/06/2026,187106,nego bidu2,AF - CARLA JP,0,0,0, R$  -   ,,,,NLH,0
01/06/2026,194108,nathant,AF - CARLA JP,0,0,0, R$  -   ,,,,NLH,0
01/06/2026,146188,trempagador,AF - CARLA JP,0,"1,5",0," R$  1,50 ","0,00%","100,00%","0,00%",MTT,-15
01/06/2026,146408,gggg,AF - CARLA JP,0,0,"8,91"," R$  8,91 ","0,00%","0,00%","100,00%",PLO6,-100
01/06/2026,160784,miltinhosensação,AF - CARLA JP,0,3,0," R$  3,00 ","0,00%","100,00%","0,00%",MTT,-30
01/06/2026,184734,tinhozzo,AF - CARLA JP,0,2,0," R$  2,00 ","0,00%","100,00%","0,00%",MTT,-20
01/06/2026,147005,bebinho,AF - CARLA JP,0,0,"28,92"," R$  28,92 ","0,00%","0,00%","100,00%",PLO6,-100
01/06/2026,117286,português,AF - CARLA JP,0,0,"11,05"," R$  11,05 ","0,00%","0,00%","100,00%",PLO6,"-30,25"
01/06/2026,174177,-Lokii—,AF - CARLA JP,0,"14,9","59,77"," R$  74,67 ","0,00%","19,95%","80,05%",PLO6,"193,1"
01/06/2026,152376,Charles L.,AF - CARLA JP,0,"3,5",0," R$  3,50 ","0,00%","100,00%","0,00%",MTT,-35
01/06/2026,167732,Gregory55,AF - CARLA JP,0,0,"0,71"," R$  0,71 ","0,00%","0,00%","100,00%",PLO6,-10
01/06/2026,173964,guga083,AF - CARLA JP,0,"2,4","3,28"," R$  5,68 ","0,00%","42,25%","57,75%",PLO6,-70
01/06/2026,151458,PontoCego,AF - RAFAEL MENEZES,0,"22,34",0," R$  22,34 ","0,00%","100,00%","0,00%",MTT,"254,25"
01/06/2026,158491,VJ E VJ,AF - RAFAEL MENEZES,0,"313,23",0," R$  313,23 ","0,00%","100,00%","0,00%",MTT,"1420,75"
01/06/2026,143733,Tertulino,AF - RAFAEL MENEZES,0,0,"49,29"," R$  49,29 ","0,00%","0,00%","100,00%",PLO6,"-74,99"
01/06/2026,174141,Fold fácil,AF - RAFAEL MENEZES,0,"30,8","48,46"," R$  79,26 ","0,00%","38,86%","61,14%",PLO6,"-286,58"
01/06/2026,164687,PatrickCWB,AF - RAFAEL MENEZES,0,0,0, R$  -   ,,,,NLH,"1,13"
01/06/2026,179215,ChavesCWB,AF - RAFAEL MENEZES,0,0,0, R$  -   ,,,,NLH,0
01/06/2026,180730,Wanessa,AF - RAFAEL MENEZES,"0,67","15,5",0," R$  16,17 ","4,14%","95,86%","0,00%",MTT,"-69,75"
01/06/2026,185010,ISAACcc,AF - RAFAEL MENEZES,0,"32,15","10,67"," R$  42,82 ","0,00%","75,08%","24,92%",MTT,"-219,41"
01/06/2026,159869,Lá e Loa ?,AF - RAFAEL MENEZES,0,"32,3",0," R$  32,30 ","0,00%","100,00%","0,00%",MTT,"-41,7"
01/06/2026,146449,Sem flertar AA,AF - RAFAEL MENEZES,"53,57","27,7","314,92"," R$  396,19 ","13,52%","6,99%","79,49%",PLO6,217
01/06/2026,127609,Andreza Marques,AF - RAFAEL MENEZES,"21,63","22,8","96,3"," R$  140,73 ","15,37%","16,20%","68,43%",PLO6,"-1124,43"
01/06/2026,127736,LAPAPODS,AF - RAFAEL MENEZES,0,0,"157,33"," R$  157,33 ","0,00%","0,00%","100,00%",PLO6,"79,16"
01/06/2026,109128,tomeeei,AF - RAFAEL MENEZES,0,"25,2","27,68"," R$  52,88 ","0,00%","47,66%","52,34%",PLO6,-415
01/06/2026,144311,Robson#@,AF - RAFAEL MENEZES,0,"56,87","0,62"," R$  57,49 ","0,00%","98,92%","1,08%",MTT,"-131,23"
01/06/2026,104627,?MeninoNeyNaCopa,AF - RAFAEL MENEZES,0,18,0," R$  18,00 ","0,00%","100,00%","0,00%",MTT,-180
01/06/2026,164248,D1EG0,AF - RAFAEL MENEZES,0,"6,5",0," R$  6,50 ","0,00%","100,00%","0,00%",MTT,-65
01/06/2026,167633,letsgo,AF - RAFAEL MENEZES,0,0,"319,49"," R$  319,49 ","0,00%","0,00%","100,00%",PLO6,"-846,65"
01/06/2026,125347,Padre Gato,AF - RAFAEL MENEZES,0,0,"408,1"," R$  408,10 ","0,00%","0,00%","100,00%",PLO6,"-778,3"
01/06/2026,151678,guijucca,AF - RAFAEL MENEZES,"0,29","2,8","18,84"," R$  21,93 ","1,32%","12,77%","85,91%",PLO6,52
01/06/2026,174154,Mallory.,AF - RAFAEL MENEZES,0,0,"3,02"," R$  3,02 ","0,00%","0,00%","100,00%",PLO6,"58,08"
01/06/2026,160186,Tulhare$7778,AF - RAFAEL MENEZES,"7,68",0,0," R$  7,68 ","100,00%","0,00%","0,00%",NLH,-50
01/06/2026,124326,Kabula_13,AF - RAFAEL MENEZES,"35,39",1,"3,31"," R$  39,70 ","89,14%","2,52%","8,34%",NLH,"32,02"
01/06/2026,132222,Xp zero02,AF - RAFAEL MENEZES,0,"29,2",0," R$  29,20 ","0,00%","100,00%","0,00%",MTT,"-166,49"
01/06/2026,181789,Epson Júnior,AF - RAFAEL MENEZES,0,0,0, R$  -   ,,,,NLH,0
01/06/2026,111960,adivinha,AF - RAFAEL MENEZES,0,3,0," R$  3,00 ","0,00%","100,00%","0,00%",MTT,0
01/06/2026,184999,TYGRAA7,AF - RAFAEL MENEZES,0,0,0, R$  -   ,,,,NLH,0
01/06/2026,132226,mirassol.fc,AF - RAFAEL MENEZES,0,"1,6","5,54"," R$  7,14 ","0,00%","22,41%","77,59%",PLO6,-30
01/06/2026,136002,luke,AF - RAFAEL MENEZES,0,0,"35,68"," R$  35,68 ","0,00%","0,00%","100,00%",PLO6,0
01/06/2026,104665,Lima2115,AF - RAFAEL MENEZES,0,0,"13,32"," R$  13,32 ","0,00%","0,00%","100,00%",PLO6,"28,91"
01/06/2026,194046,JM AA,AF - RAFAEL MENEZES,"7,93",0,0," R$  7,93 ","100,00%","0,00%","0,00%",NLH,-100
01/06/2026,146775,ruanzin77,AF - RAFAEL MENEZES,"4,96",0,0," R$  4,96 ","100,00%","0,00%","0,00%",NLH,-62
01/06/2026,193592,nossaaaa,AF - RAFAEL MENEZES,0,3,0," R$  3,00 ","0,00%","100,00%","0,00%",MTT,-30
01/06/2026,152944,ths_IAV,AF - +EV,0,"34,56",0," R$  34,56 ","0,00%","100,00%","0,00%",MTT,"156,87"
01/06/2026,153763,pix153763,AF - +EV,0,0,"442,72"," R$  442,72 ","0,00%","0,00%","100,00%",PLO6,"-831,47"
01/06/2026,141008,sommelier,AF - +EV,0,0,0, R$  -   ,,,,NLH,0
01/06/2026,170568,Raul.Gold,AF - +EV,0,"10,4","39,97"," R$  50,37 ","0,00%","20,65%","79,35%",PLO6,"-930,63"
01/06/2026,146339,Ator,AF - +EV,0,"7,2",0," R$  7,20 ","0,00%","100,00%","0,00%",MTT,-72
01/06/2026,135967,MisterJohnny,AF - +EV,0,0,0, R$  -   ,,,,NLH,0
01/06/2026,151739,mariozinho,AF - +EV,"0,89",1,0," R$  1,89 ","47,09%","52,91%","0,00%",MTT,-22
01/06/2026,160421,S777,AF - ARTHUR CABRAL,0,"128,7",0," R$  128,70 ","0,00%","100,00%","0,00%",MTT,"-42,45"
01/06/2026,182616,urubu do pixe,AF - ARTHUR CABRAL,"4,98","17,6","54,74"," R$  77,32 ","6,44%","22,76%","70,80%",PLO6,"86,98"
01/06/2026,172353,ZEDOPIXEL?,AF - ARTHUR CABRAL,"0,25",1,"38,48"," R$  39,73 ","0,63%","2,52%","96,85%",PLO6,-301
01/06/2026,196119,pix196119,AF - ARTHUR CABRAL,"25,52",0,"829,6"," R$  855,12 ","2,98%","0,00%","97,02%",PLO6,"-1831,82"
01/06/2026,159155,Fortunato.137,AF - ARTHUR CABRAL,"7,14",0,"6,01"," R$  13,15 ","54,30%","0,00%","45,70%",NLH,"-2,3"
01/06/2026,159522,?BM?,AF - ARTHUR CABRAL,4,"2,2","8,87"," R$  15,07 ","26,54%","14,60%","58,86%",PLO6,"-68,05"
01/06/2026,150078,Shaco ?,AF - ARTHUR CABRAL,"27,98","18,3","0,37"," R$  46,65 ","59,98%","39,23%","0,79%",NLH,-4
01/06/2026,172412,GRT9,AF - ARTHUR CABRAL,"98,6",4,"0,2"," R$  102,80 ","95,91%","3,89%","0,19%",NLH,"189,34"
01/06/2026,195717,Diamante,AF - ARTHUR CABRAL,0,0,"215,53"," R$  215,53 ","0,00%","0,00%","100,00%",PLO6,-121
01/06/2026,110272,BELLICARD,AF - ARTHUR CABRAL,0,0,0, R$  -   ,,,,NLH,"1,11"
01/06/2026,145461,ficha no pano,AF - ARTHUR CABRAL,0,0,"100,22"," R$  100,22 ","0,00%","0,00%","100,00%",PLO6,-425
01/06/2026,150716,BOB-MARLEY,AF - ARTHUR CABRAL,"0,58","34,3","1,74"," R$  36,62 ","1,58%","93,66%","4,75%",MTT,"-128,79"
01/06/2026,155888,Salamanca,AF - ARTHUR CABRAL,0,0,"1,06"," R$  1,06 ","0,00%","0,00%","100,00%",PLO6,"-6,6"
01/06/2026,182855,Teo pixpoker,AF - ARTHUR CABRAL,"0,17",0,0," R$  0,17 ","100,00%","0,00%","0,00%",NLH,"-2,15"
01/06/2026,115718,Gladiador+,AF - ARTHUR CABRAL,0,"255,7",0," R$  255,70 ","0,00%","100,00%","0,00%",MTT,"993,09"
01/06/2026,159448,sem noção,AF - ARTHUR CABRAL,"37,81",0,0," R$  37,81 ","100,00%","0,00%","0,00%",NLH,-218
01/06/2026,162667,dr. marcones,AF - ARTHUR CABRAL,"1,03",1,0," R$  2,03 ","50,74%","49,26%","0,00%",NLH,-20
01/06/2026,187576,Zumbi dos Palmares,AF - ARTHUR CABRAL,45,0,"158,61"," R$  203,61 ","22,10%","0,00%","77,90%",PLO6,"-1009,14"
01/06/2026,143629,Lascou-se,AF - ARTHUR CABRAL,0,10,"1024,28"," R$  1.034,28 ","0,00%","0,97%","99,03%",PLO6,"-5310,19"
01/06/2026,159377,papaléguas?,AF - ARTHUR CABRAL,"101,42",0,"47,71"," R$  149,13 ","68,01%","0,00%","31,99%",NLH,-916
01/06/2026,170941,PoTM,AF - ARTHUR CABRAL,0,0,"5710,72"," R$  5.710,72 ","0,00%","0,00%","100,00%",PLO6,"-27280,63"
01/06/2026,177979,Ôh CheFe,AF - ARTHUR CABRAL,0,"8,26","449,73"," R$  457,99 ","0,00%","1,80%","98,20%",PLO6,"-5242,73"
01/06/2026,125296,Morada,AF - ARTHUR CABRAL,"369,74",0,"1223,35"," R$  1.593,09 ","23,21%","0,00%","76,79%",PLO6,"1983,94"
01/06/2026,134710,Pretaothug,AF - ARTHUR CABRAL,"0,52",0,"2028,7"," R$  2.029,22 ","0,03%","0,00%","99,97%",PLO6,"885,53"
01/06/2026,123791,Jota1010,AF - ARTHUR CABRAL,0,0,"208,81"," R$  208,81 ","0,00%","0,00%","100,00%",PLO6,-658
01/06/2026,194632,SHEIN,AF - ARTHUR CABRAL,0,0,"1010,28"," R$  1.010,28 ","0,00%","0,00%","100,00%",PLO6,"-2180,89"
01/06/2026,179903,pix873671,AF - ARTHUR CABRAL,"1,13",0,"1036,89"," R$  1.038,02 ","0,11%","0,00%","99,89%",PLO6,"1930,03"
01/06/2026,195438,pix195438,AF - ARTHUR CABRAL,0,1,0," R$  1,00 ","0,00%","100,00%","0,00%",MTT,0
01/06/2026,177717,regularizando,AF - ARTHUR CABRAL,"39,28",3,"14,06"," R$  56,34 ","69,72%","5,32%","24,96%",NLH,-357
01/06/2026,168689,Duds00,AF - ARTHUR CABRAL,"11,62",0,"0,59"," R$  12,21 ","95,17%","0,00%","4,83%",NLH,47
01/06/2026,180496,Supremo359,AF - ARTHUR CABRAL,0,1,0," R$  1,00 ","0,00%","100,00%","0,00%",MTT,0
01/06/2026,145323,PhelipeMatheus_,AF - ARTHUR CABRAL,0,"15,6","1,69"," R$  17,29 ","0,00%","90,23%","9,77%",MTT,"-67,5"
01/06/2026,123425,Lisura,AF - ARTHUR CABRAL,0,0,"1277,1"," R$  1.277,10 ","0,00%","0,00%","100,00%",PLO6,"-908,96"
01/06/2026,183813,modaskk,AF - ARTHUR CABRAL,0,"11,4","58,23"," R$  69,63 ","0,00%","16,37%","83,63%",PLO6,-179
01/06/2026,187825,rutra,AF - ARTHUR CABRAL,0,2,"7,16"," R$  9,16 ","0,00%","21,83%","78,17%",PLO6,"-49,26"
01/06/2026,178476,FiscaldeFlop,AF - ARTHUR CABRAL,"128,55",0,0," R$  128,55 ","100,00%","0,00%","0,00%",NLH,"3,15"
01/06/2026,104793,pracima123,AF - ARTHUR CABRAL,0,"0,96","106,68"," R$  107,64 ","0,00%","0,89%","99,11%",PLO6,-186
01/06/2026,105506,Tetopoker,AF - ARTHUR CABRAL,0,0,"14,89"," R$  14,89 ","0,00%","0,00%","100,00%",PLO6,"-69,63"
01/06/2026,100473,FlaPix,AF - ARTHUR CABRAL,0,0,"18,09"," R$  18,09 ","0,00%","0,00%","100,00%",PLO6,-120
01/06/2026,172140,AdolfHitler,AF - ARTHUR CABRAL,0,0,0, R$  -   ,,,,NLH,"1,24"
01/06/2026,172476,willasmir poker,AF - ARTHUR CABRAL,0,0,0, R$  -   ,,,,NLH,0
01/06/2026,173040,Careca1kGrau,AF - ARTHUR CABRAL,0,0,0, R$  -   ,,,,NLH,0
01/06/2026,112389,luis.angelim,AF - ARTHUR CABRAL,0,36,"6,59"," R$  42,59 ","0,00%","84,53%","15,47%",MTT,"74,47"
01/06/2026,151971,Neto Sinuca Ipuense,AF - ARTHUR CABRAL,"4,11",0,0," R$  4,11 ","100,00%","0,00%","0,00%",NLH,"53,2"
01/06/2026,127787,Cupisco,AF - ARTHUR CABRAL,0,0,0, R$  -   ,,,,NLH,0
01/06/2026,178732,o jegue,AF - ARTHUR CABRAL,0,"8,6","2,24"," R$  10,84 ","0,00%","79,34%","20,66%",MTT,-98
01/06/2026,114323,do agro?,AF - ARTHUR CABRAL,0,0,0, R$  -   ,,,,NLH,0
01/06/2026,159834,SoLamento,AF - ARTHUR CABRAL,0,0,0, R$  -   ,,,,NLH,0
01/06/2026,163452,pix163452,AF - ARTHUR CABRAL,0,0,0, R$  -   ,,,,NLH,0
01/06/2026,190995,Jhon Arias,AF - ARTHUR CABRAL,0,0,0, R$  -   ,,,,NLH,0
01/06/2026,147170,N?T0744,AF - ARTHUR CABRAL,"0,31",0,0," R$  0,31 ","100,00%","0,00%","0,00%",NLH,-9
01/06/2026,143848,PrincipeDaMata?,AF - ARTHUR CABRAL,"34,07",0,"161,21"," R$  195,28 ","17,45%","0,00%","82,55%",PLO6,"540,86"
01/06/2026,182371,JF IMPORTS ?,AF - ARTHUR CABRAL,0,0,"104,51"," R$  104,51 ","0,00%","0,00%","100,00%",PLO6,"-65,32"
01/06/2026,151781,doadorAA,AF - ARTHUR CABRAL,"13,68",0,"3,15"," R$  16,83 ","81,28%","0,00%","18,72%",NLH,"13,16"
01/06/2026,113118,OLD MONEY,AF - ARTHUR CABRAL,0,0,"19,08"," R$  19,08 ","0,00%","0,00%","100,00%",PLO6,-160
01/06/2026,145206,José Isaac,AF - ARTHUR CABRAL,0,"8,2",0," R$  8,20 ","0,00%","100,00%","0,00%",MTT,-82
01/06/2026,112648,maniaco da praça,AF - ARTHUR CABRAL,0,0,"173,06"," R$  173,06 ","0,00%","0,00%","100,00%",PLO6,"-717,72"
01/06/2026,150117,corujaNI,AF - ARTHUR CABRAL,0,36,0," R$  36,00 ","0,00%","100,00%","0,00%",MTT,"-337,5"
01/06/2026,145384,Rufles,AF - ARTHUR CABRAL,0,0,0, R$  -   ,,,,NLH,0
01/06/2026,156396,Gonzagão Tiltado,AF - ARTHUR CABRAL,0,0,0, R$  -   ,,,,NLH,0
01/06/2026,106802,??Sued??,AF - ARTHUR CABRAL,"11,33",0,0," R$  11,33 ","100,00%","0,00%","0,00%",NLH,-152
01/06/2026,148618,Rei do bleff,AF - ARTHUR CABRAL,0,0,"0,18"," R$  0,18 ","0,00%","0,00%","100,00%",PLO6,"-4,64"
01/06/2026,151720,Merlin,AF - ARTHUR CABRAL,0,"2,5",0," R$  2,50 ","0,00%","100,00%","0,00%",MTT,-25
01/06/2026,173038,JaxT???,AF - ARTHUR CABRAL,"67,43",6,0," R$  73,43 ","91,83%","8,17%","0,00%",NLH,"456,72"
01/06/2026,182625,guisatiroo,AF - ARTHUR CABRAL,0,3,0," R$  3,00 ","0,00%","100,00%","0,00%",MTT,-30
01/06/2026,172429,igormikepr,AF - ARTHUR CABRAL,0,"11,3",0," R$  11,30 ","0,00%","100,00%","0,00%",MTT,-113
01/06/2026,154992,Laiho.W.F,AF - ARTHUR CABRAL,"4,3","2,6","0,81"," R$  7,71 ","55,77%","33,72%","10,51%",NLH,"-24,62"
01/06/2026,152896,juniorenaldo,AF - ARTHUR CABRAL,0,"70,3",0," R$  70,30 ","0,00%","100,00%","0,00%",MTT,"739,31"
01/06/2026,148056,?BRG1 ? JJ,AF - ARTHUR CABRAL,"1,57",0,0," R$  1,57 ","100,00%","0,00%","0,00%",NLH,-20
01/06/2026,167813,Edivaldo ??,AF - ARTHUR CABRAL,"0,29","3,5",0," R$  3,79 ","7,65%","92,35%","0,00%",MTT,"340,04"
01/06/2026,161607,Smoke,AF - ARTHUR CABRAL,2,"4,6","5,19"," R$  11,79 ","16,96%","39,02%","44,02%",PLO6,"86,4"
01/06/2026,128009,Lukinhamaluquinho,AF - ARTHUR CABRAL,0,0,"22,97"," R$  22,97 ","0,00%","0,00%","100,00%",PLO6,"-255,62"
01/06/2026,162392,deminho,AF - ARTHUR CABRAL,"10,39",0,0," R$  10,39 ","100,00%","0,00%","0,00%",NLH,"-100,38"
01/06/2026,132383,pix132383,AF - ARTHUR CABRAL,0,0,0, R$  -   ,,,,NLH,0
01/06/2026,159168,pix159168,AF - ARTHUR CABRAL,0,0,0, R$  -   ,,,,NLH,0
01/06/2026,177052,BadPix,AF - ARTHUR CABRAL,0,0,0, R$  -   ,,,,NLH,0
01/06/2026,173807,Th lost,AF - RYAN CARVALHO,0,"310,49","168,93"," R$  479,42 ","0,00%","64,76%","35,24%",MTT,"896,51"
01/06/2026,180056,BOLHA???,AF - RYAN CARVALHO,0,"37,64","8,32"," R$  45,96 ","0,00%","81,90%","18,10%",MTT,"57,81"
01/06/2026,194337,negodrey,AF - RYAN CARVALHO,"29,74","203,05",0," R$  232,79 ","12,78%","87,22%","0,00%",MTT,"459,74"
01/06/2026,194237,manicalmajor,AF - RYAN CARVALHO,"2,87","9,8","12,7"," R$  25,37 ","11,31%","38,63%","50,06%",PLO6,"-102,34"
01/06/2026,196258,mullersouz06,AF - RYAN CARVALHO,"0,22","2,4","20,6"," R$  23,22 ","0,95%","10,34%","88,72%",PLO6,"38,89"
01/06/2026,153425,R daylove,AF - RYAN CARVALHO,"0,82","2,4",0," R$  3,22 ","25,47%","74,53%","0,00%",MTT,"-21,16"
01/06/2026,173878,Romário Barreto,AF - RYAN CARVALHO,0,"41,3",0," R$  41,30 ","0,00%","100,00%","0,00%",MTT,"-270,4"
01/06/2026,181833,Bob Robson,AF - RYAN CARVALHO,0,"19,8","13,27"," R$  33,07 ","0,00%","59,87%","40,13%",MTT,"-260,72"
01/06/2026,190899,Ely19 ?,AF - RYAN CARVALHO,0,"0,5",0," R$  0,50 ","0,00%","100,00%","0,00%",MTT,"-0,72"
01/06/2026,124057,phmb06,AF - RYAN CARVALHO,"19,07",0,"150,98"," R$  170,05 ","11,21%","0,00%","88,79%",PLO6,"53,06"
01/06/2026,183560,lampiao007,AF - RYAN CARVALHO,"4,75","85,75","90,66"," R$  181,16 ","2,62%","47,33%","50,04%",PLO6,"-37,05"
01/06/2026,182977,Playboy,AF - RYAN CARVALHO,0,"39,21","16,35"," R$  55,56 ","0,00%","70,57%","29,43%",MTT,"-422,22"
01/06/2026,183010,STANLEY ????,AF - RYAN CARVALHO,"68,17","79,4",0," R$  147,57 ","46,20%","53,80%","0,00%",MTT,"713,69"
01/06/2026,196200,Brunson,AF - RYAN CARVALHO,"0,22",136,"15,68"," R$  151,90 ","0,14%","89,53%","10,32%",MTT,"1834,74"
01/06/2026,195935,All yng,AF - RYAN CARVALHO,"15,77","68,16",0," R$  83,93 ","18,79%","81,21%","0,00%",MTT,"-633,69"
01/06/2026,179249,@Bobbyzii_,AF - RYAN CARVALHO,"3,71","82,4",0," R$  86,11 ","4,31%","95,69%","0,00%",MTT,"617,14"
01/06/2026,180389,VivianSaliba??,AF - RYAN CARVALHO,"315,54",0,0," R$  315,54 ","100,00%","0,00%","0,00%",NLH,"-833,37"
01/06/2026,177859,ET01,AF - RYAN CARVALHO,0,"56,9","1,98"," R$  58,88 ","0,00%","96,64%","3,36%",MTT,"-70,79"
01/06/2026,196254,ramonalves,AF - RYAN CARVALHO,"3,63","0,2",0," R$  3,83 ","94,78%","5,22%","0,00%",NLH,"-25,41"
01/06/2026,180636,lampiao.•.,AF - RYAN CARVALHO,"30,21","4,2","34,33"," R$  68,74 ","43,95%","6,11%","49,94%",PLO6,48
01/06/2026,103225,olisee,AF - RYAN CARVALHO,0,"11,35","10,54"," R$  21,89 ","0,00%","51,85%","48,15%",MTT,-237
01/06/2026,194445,michaelLeonny,AF - RYAN CARVALHO,0,"7,1","0,91"," R$  8,01 ","0,00%","88,64%","11,36%",MTT,"-78,98"
01/06/2026,181198,vitferrazpina,AF - RYAN CARVALHO,"77,6","131,9",0," R$  209,50 ","37,04%","62,96%","0,00%",MTT,"821,8"
01/06/2026,196216,Carlo Ancelotti!,AF - RYAN CARVALHO,"23,11","259,09","129,66"," R$  411,86 ","5,61%","62,91%","31,48%",MTT,"3169,83"
01/06/2026,171052,pix171052,AF - RYAN CARVALHO,0,"2,5",0," R$  2,50 ","0,00%","100,00%","0,00%",MTT,-25
01/06/2026,183220,lixodepoker,AF - RYAN CARVALHO,0,0,0, R$  -   ,,,,NLH,"0,48"
01/06/2026,168634,Willdde,AF - RYAN CARVALHO,0,"5,6",0," R$  5,60 ","0,00%","100,00%","0,00%",MTT,-56
01/06/2026,182037,kaikyopressor77,AF - RYAN CARVALHO,0,18,0," R$  18,00 ","0,00%","100,00%","0,00%",MTT,-180
01/06/2026,195292,MaJinBOO,AF - RYAN CARVALHO,0,0,0, R$  -   ,,,,NLH,0
01/06/2026,186210,joaoboka,AF - RYAN CARVALHO,0,"0,2",0," R$  0,20 ","0,00%","100,00%","0,00%",MTT,"0,28"
01/06/2026,196085,velhinhorj,AF - RYAN CARVALHO,0,0,0, R$  -   ,,,,NLH,0
01/06/2026,195922,#equipevirabixo,AF - RYAN CARVALHO,0,0,0, R$  -   ,,,,NLH,0
01/06/2026,181917,Carlos Andrade,AF - RYAN CARVALHO,0,28,0," R$  28,00 ","0,00%","100,00%","0,00%",MTT,"-246,25"
01/06/2026,196355,andreyvbd,AF - RYAN CARVALHO,"20,25","23,5",0," R$  43,75 ","46,29%","53,71%","0,00%",MTT,-335
01/06/2026,196277,OffXandZzz,AF - RYAN CARVALHO,0,9,0," R$  9,00 ","0,00%","100,00%","0,00%",MTT,-90
01/06/2026,151326,LucaNegrean,AF - RYAN CARVALHO,"0,75","0,8",0," R$  1,55 ","48,39%","51,61%","0,00%",MTT,"-15,61"
01/06/2026,100217,Bino ??,AF - KZAA CLUB,0,0,"3,43"," R$  3,43 ","0,00%","0,00%","100,00%",PLO6,-37
01/06/2026,171708,pix171708,AF - KZAA CLUB,"0,29",0,"8,26"," R$  8,55 ","3,39%","0,00%","96,61%",PLO6,-59
01/06/2026,100796,PixPlay,AF - KZAA CLUB,0,0,0, R$  -   ,,,,NLH,0
01/06/2026,123623,pix123623,AF - KZAA CLUB,0,0,"581,26"," R$  581,26 ","0,00%","0,00%","100,00%",PLO6,"-876,76"
01/06/2026,115616,pix559079,AF - KZAA CLUB,"1,03",0,"1815,39"," R$  1.816,42 ","0,06%","0,00%","99,94%",PLO6,"-2558,83"
01/06/2026,144100,Jogador69,AF - KZAA CLUB,0,0,"464,99"," R$  464,99 ","0,00%","0,00%","100,00%",PLO6,"-2045,09"
01/06/2026,196285,Sandro Morais,AF - KZAA CLUB,"1,15",0,"2445,42"," R$  2.446,57 ","0,05%","0,00%","99,95%",PLO6,"-2727,75"
01/06/2026,107169,danilo10,AF - KZAA CLUB,0,20,"435,81"," R$  455,81 ","0,00%","4,39%","95,61%",PLO6,"2643,5"
01/06/2026,123154,Greey,AF - KZAA CLUB,0,0,"95,72"," R$  95,72 ","0,00%","0,00%","100,00%",PLO6,-695
01/06/2026,100337,Deus ??,AF - KZAA CLUB,0,0,"370,83"," R$  370,83 ","0,00%","0,00%","100,00%",PLO6,"-508,45"
01/06/2026,169277,Kakaroto?,AF - KZAA CLUB,0,0,"205,99"," R$  205,99 ","0,00%","0,00%","100,00%",PLO6,793
01/06/2026,138948,Un77,AF - KZAA CLUB,0,0,"120,63"," R$  120,63 ","0,00%","0,00%","100,00%",PLO6,"-30,34"
01/06/2026,100266,BerôPB,AF - KZAA CLUB,0,0,"22,17"," R$  22,17 ","0,00%","0,00%","100,00%",PLO6,-150
01/06/2026,110893,EVANDRODODENDE,AF - KZAA CLUB,0,0,"230,08"," R$  230,08 ","0,00%","0,00%","100,00%",PLO6,"-495,98"
01/06/2026,100397,Professor,AF - KZAA CLUB,0,20,0," R$  20,00 ","0,00%","100,00%","0,00%",MTT,-200
01/06/2026,157331,TIO GILNETO,AF - KZAA CLUB,0,8,"180,5"," R$  188,50 ","0,00%","4,24%","95,76%",PLO6,"-909,79"
01/06/2026,100140,Diego Manga,AF - KZAA CLUB,0,0,"1434,14"," R$  1.434,14 ","0,00%","0,00%","100,00%",PLO6,"-9184,84"
01/06/2026,130918,pix130918,AF - KZAA CLUB,0,0,2955," R$  2.955,00 ","0,00%","0,00%","100,00%",PLO6,"-8667,54"
01/06/2026,100208,ojuara*,AF - KZAA CLUB,0,"2,2","373,58"," R$  375,78 ","0,00%","0,59%","99,41%",PLO6,"-1450,21"
01/06/2026,121187,x.poker,AF - KZAA CLUB,"2,58",0,"59,09"," R$  61,67 ","4,18%","0,00%","95,82%",PLO6,-40
01/06/2026,100265,BreckPK,AF - KZAA CLUB,0,0,"3,66"," R$  3,66 ","0,00%","0,00%","100,00%",PLO6,"133,94"
01/06/2026,102125,Bolsonaroo22,AF - KZAA CLUB,0,0,"6,13"," R$  6,13 ","0,00%","0,00%","100,00%",PLO6,-70
01/06/2026,108963,Heltinho,AF - KZAA CLUB,0,0,"481,72"," R$  481,72 ","0,00%","0,00%","100,00%",PLO6,"-2999,9"
01/06/2026,100247,Guto Holanda,AF - KZAA CLUB,0,"2,4","0,13"," R$  2,53 ","0,00%","94,86%","5,14%",MTT,-34
01/06/2026,100136,AllInSemDó,AF - KZAA CLUB,0,"2,4","484,15"," R$  486,55 ","0,00%","0,49%","99,51%",PLO6,"-2447,13"
01/06/2026,100418,Stonerax,AF - KZAA CLUB,0,0,"23,11"," R$  23,11 ","0,00%","0,00%","100,00%",PLO6,-108
01/06/2026,100448,Paga,AF - KZAA CLUB,0,0,"119,36"," R$  119,36 ","0,00%","0,00%","100,00%",PLO6,"-813,78"
01/06/2026,150122,MXavier13,AF - KZAA CLUB,"5,75",0,0," R$  5,75 ","100,00%","0,00%","0,00%",NLH,"25,13"
01/06/2026,131074,pix270576,AF - KZAA CLUB,0,0,"87,68"," R$  87,68 ","0,00%","0,00%","100,00%",PLO6,1100
01/06/2026,104648,nilsonsergio15,AF - KZAA CLUB,0,0,"1416,36"," R$  1.416,36 ","0,00%","0,00%","100,00%",PLO6,-5500
01/06/2026,109532,alienígena,AF - KZAA CLUB,"9,24",0,0," R$  9,24 ","100,00%","0,00%","0,00%",NLH,"97,42"
01/06/2026,100332,ARROZ,AF - KZAA CLUB,"13,07",1,0," R$  14,07 ","92,89%","7,11%","0,00%",NLH,38
01/06/2026,100259,Josenildo,AF - KZAA CLUB,0,0,0, R$  -   ,,,,NLH,0
01/06/2026,127997,wagne,AF - KZAA CLUB,"11,73",0,"103,04"," R$  114,77 ","10,22%","0,00%","89,78%",PLO6,"327,62"
01/06/2026,128423,kelynha,AF - KZAA CLUB,0,"22,2","3,64"," R$  25,84 ","0,00%","85,91%","14,09%",MTT,-76
01/06/2026,107490,Josanny,AF - KZAA CLUB,0,0,"21,36"," R$  21,36 ","0,00%","0,00%","100,00%",PLO6,"201,71"
01/06/2026,100451,zumbi da noite,AF - RR,"56,77",0,"104,21"," R$  160,98 ","35,27%","0,00%","64,73%",PLO6,"45,41"
01/06/2026,166945,Noia?,AF - RR,0,0,0, R$  -   ,,,,NLH,0
01/06/2026,145018,HUGUINHO,AF - RR,0,0,"276,48"," R$  276,48 ","0,00%","0,00%","100,00%",PLO6,"-551,99"
01/06/2026,167413,Akarie,AF - RR,0,"0,84","5,3"," R$  6,14 ","0,00%","13,68%","86,32%",PLO6,-276
01/06/2026,143258,WARNING,AF - RR,0,10,0," R$  10,00 ","0,00%","100,00%","0,00%",MTT,"-66,25"
01/06/2026,106956,IgorStone,AF - RR,0,0,"50,01"," R$  50,01 ","0,00%","0,00%","100,00%",PLO6,276
01/06/2026,126204,djoker,AF - RR,0,0,"0,16"," R$  0,16 ","0,00%","0,00%","100,00%",PLO6,"-2,87"
01/06/2026,146025,BrunnoAdv,AF - RR,0,"11,6","1,99"," R$  13,59 ","0,00%","85,36%","14,64%",MTT,-140
01/06/2026,144230,ChefeAlex,AF - RR,0,8,"4,69"," R$  12,69 ","0,00%","63,04%","36,96%",MTT,"256,08"
01/06/2026,141775,televisao123,AF - RR,0,0,"12,54"," R$  12,54 ","0,00%","0,00%","100,00%",PLO6,-30
01/06/2026,111865,pix111865,AF - RR,8,0,"388,52"," R$  396,52 ","2,02%","0,00%","97,98%",PLO6,"-3188,84"
01/06/2026,112367,Reis86,None,0,0,"27,39"," R$  27,39 ","0,00%","0,00%","100,00%",PLO6,"7,12"
01/06/2026,134068,Thiago gogo,None,"1,85","1,6","7,45"," R$  10,90 ","16,97%","14,68%","68,35%",PLO6,"-20,2"
01/06/2026,148674,hagestedt,None,0,0,0, R$  -   ,,,,NLH,0
01/06/2026,164086,Edigarjr,None,"25,02",0,"2,51"," R$  27,53 ","90,88%","0,00%","9,12%",NLH,"-155,17"
01/06/2026,157010,JorgeSousa,None,"0,07","16,2",0," R$  16,27 ","0,43%","99,57%","0,00%",MTT,"-163,06"
01/06/2026,159211,luxys,None,0,"0,8",0," R$  0,80 ","0,00%","100,00%","0,00%",MTT,-8
01/06/2026,154432,pix154432,None,"5,12",0,"30,65"," R$  35,77 ","14,31%","0,00%","85,69%",PLO6,-27
01/06/2026,184129,FurosLanches,None,0,0,"287,56"," R$  287,56 ","0,00%","0,00%","100,00%",PLO6,"-427,44"
01/06/2026,195473,MiguelCavalcanti,None,"13,13","0,2","1,71"," R$  15,04 ","87,30%","1,33%","11,37%",NLH,"-0,78"
01/06/2026,195849,gilmarbala,None,"8,1","1,1","29,59"," R$  38,79 ","20,88%","2,84%","76,28%",PLO6,"-179,58"
01/06/2026,195961,freco1928,None,"0,31",0,"254,99"," R$  255,30 ","0,12%","0,00%","99,88%",PLO6,-266
01/06/2026,196008,MBruno18,None,0,0,"65,03"," R$  65,03 ","0,00%","0,00%","100,00%",PLO6,"-538,91"
01/06/2026,196168,Ruin de quita,None,"254,88",0,"80,21"," R$  335,09 ","76,06%","0,00%","23,94%",NLH,"-872,78"
01/06/2026,196192,pix196192,None,"34,86",0,"1302,81"," R$  1.337,67 ","2,61%","0,00%","97,39%",PLO6,"-1251,33"
01/06/2026,104290,DEMALLE,None,0,0,"4,75"," R$  4,75 ","0,00%","0,00%","100,00%",PLO6,"-33,69"
01/06/2026,120868,pauloffmf,None,0,0,"22,78"," R$  22,78 ","0,00%","0,00%","100,00%",PLO6,"-209,42"
01/06/2026,142781,joao8893,None,"0,98",0,"4,22"," R$  5,20 ","18,85%","0,00%","81,15%",PLO6,"-25,23"
01/06/2026,194757,Wellington Ramon,None,0,0,"22,23"," R$  22,23 ","0,00%","0,00%","100,00%",PLO6,"-157,57"
01/06/2026,196178,policiaBOPE,None,"4,12","52,5","80,71"," R$  137,33 ","3,00%","38,23%","58,77%",PLO6,"-954,13"
01/06/2026,100154,pixbad,None,0,72,"30,36"," R$  102,36 ","0,00%","70,34%","29,66%",MTT,"608,02"
01/06/2026,106148,migué,None,0,0,0, R$  -   ,,,,NLH,"1,24"
01/06/2026,128702,pix128702,None,0,0,0, R$  -   ,,,,NLH,"14,61"
01/06/2026,146711,MãoDeCemitério,None,0,0,0, R$  -   ,,,,NLH,0
01/06/2026,150224,Jivago,None,0,0,0, R$  -   ,,,,NLH,0
01/06/2026,153634,LuAK,None,"1,12",0,0," R$  1,12 ","100,00%","0,00%","0,00%",NLH,-2
01/06/2026,153636,Mussolini,None,"0,19",0,0," R$  0,19 ","100,00%","0,00%","0,00%",NLH,"-1,7"
01/06/2026,154231,77tattoo,None,0,0,0, R$  -   ,,,,NLH,0
01/06/2026,154310,COMECU,None,0,0,0, R$  -   ,,,,NLH,21
01/06/2026,160339,eduardo aguiar,None,0,0,0, R$  -   ,,,,NLH,0
01/06/2026,161737,ABSOLUT,None,0,0,0, R$  -   ,,,,NLH,0
01/06/2026,162710,poker aí,None,0,0,0, R$  -   ,,,,NLH,"0,72"
01/06/2026,163654,zanalice,None,0,0,0, R$  -   ,,,,NLH,0
01/06/2026,164390,John82,None,0,0,0, R$  -   ,,,,NLH,"0,6"
01/06/2026,166767,calleri?,None,"1,56","1,7",0," R$  3,26 ","47,85%","52,15%","0,00%",MTT,"-5,1"
01/06/2026,169526,soniamgfm2,None,0,0,0, R$  -   ,,,,NLH,"2,31"
01/06/2026,170099,Alexandre fm,None,0,0,0, R$  -   ,,,,NLH,0
01/06/2026,170102,pix170102,None,0,0,0, R$  -   ,,,,NLH,0
01/06/2026,170216,tia naia,None,0,0,0, R$  -   ,,,,NLH,0
01/06/2026,170218,chicoo,None,0,0,0, R$  -   ,,,,NLH,"0,9"
01/06/2026,171818,Kauansv244,None,0,0,0, R$  -   ,,,,NLH,0
01/06/2026,171829,kauan244,None,0,0,0, R$  -   ,,,,NLH,0
01/06/2026,171876,pedro123321,None,0,"0,1",0," R$  0,10 ","0,00%","100,00%","0,00%",MTT,"-0,3"
01/06/2026,171995,pix171995,None,0,0,0, R$  -   ,,,,NLH,0
01/06/2026,172026,pix172026,None,0,0,0, R$  -   ,,,,NLH,0
01/06/2026,172402,JonJones,None,0,0,0, R$  -   ,,,,NLH,0
01/06/2026,172407,CanindeCearaBrasil,None,0,0,0, R$  -   ,,,,NLH,"0,51"
01/06/2026,172719,MENINO ALL-IN,None,0,0,0, R$  -   ,,,,NLH,0
01/06/2026,172902,xurume$$,None,0,0,0, R$  -   ,,,,NLH,0
01/06/2026,173020,pix173020,None,0,0,0, R$  -   ,,,,NLH,0
01/06/2026,177117,Cheque Reizé,None,"0,2",0,0," R$  0,20 ","100,00%","0,00%","0,00%",NLH,"-1,02"
01/06/2026,178194,Vini_Baralhao,None,0,0,0, R$  -   ,,,,NLH,0
01/06/2026,178559,Agnes Nunes,None,"0,24",0,0," R$  0,24 ","100,00%","0,00%","0,00%",NLH,"-1,49"
01/06/2026,178561,Gi Genesini,None,"0,22",0,0," R$  0,22 ","100,00%","0,00%","0,00%",NLH,"-1,33"
01/06/2026,179394,marcospcn,None,"4,21","12,8",0," R$  17,01 ","24,75%","75,25%","0,00%",MTT,-176
01/06/2026,181043,Foldei mane,None,0,0,0, R$  -   ,,,,NLH,0
01/06/2026,181687,Lampião ?,None,0,0,0, R$  -   ,,,,NLH,"3,69"
01/06/2026,182860,Pesadoo,None,0,0,"0,28"," R$  0,28 ","0,00%","0,00%","100,00%",PLO6,"0,58"
01/06/2026,183155,AQUI E SO ALL-IN,None,0,0,"0,92"," R$  0,92 ","0,00%","0,00%","100,00%",PLO6,0
01/06/2026,187607,pix187607,None,0,0,0, R$  -   ,,,,NLH,"3,5"
01/06/2026,190903,pix190903,None,0,0,0, R$  -   ,,,,NLH,0
01/06/2026,191135,carlosvolt,None,0,0,0, R$  -   ,,,,NLH,"8,39"
01/06/2026,191722,pix191722,None,0,0,0, R$  -   ,,,,NLH,"1,55"
01/06/2026,192127,EuSouChato??,None,0,0,"1,2"," R$  1,20 ","0,00%","0,00%","100,00%",PLO6,"-3,03"
01/06/2026,194772,pix194772,None,0,"0,4",0," R$  0,40 ","0,00%","100,00%","0,00%",MTT,"0,4"
01/06/2026,195492,JalinRABEI,None,0,0,0, R$  -   ,,,,NLH,0
01/06/2026,195591,djenos,None,0,0,0, R$  -   ,,,,NLH,0
01/06/2026,195607,pix195607,None,0,0,0, R$  -   ,,,,NLH,0
01/06/2026,195802,starplatinum,None,0,0,0, R$  -   ,,,,NLH,0
01/06/2026,195966,TRUTA.,None,"2,25",0,0," R$  2,25 ","100,00%","0,00%","0,00%",NLH,-10
01/06/2026,195983,cearense,None,0,0,"0,2"," R$  0,20 ","0,00%","0,00%","100,00%",PLO6,"1,68"
01/06/2026,195984,tico tico,None,"0,41",0,0," R$  0,41 ","100,00%","0,00%","0,00%",NLH,"-0,46"
01/06/2026,195985,xebiu,None,0,0,0, R$  -   ,,,,NLH,"8,26"
01/06/2026,195986,carlos Johnson,None,"0,21",0,0," R$  0,21 ","100,00%","0,00%","0,00%",NLH,"-0,74"
01/06/2026,195987,primo do mardoni,None,"0,21",0,0," R$  0,21 ","100,00%","0,00%","0,00%",NLH,"-0,6"
01/06/2026,196021,pililiu da resenh4,None,"0,17",0,0," R$  0,17 ","100,00%","0,00%","0,00%",NLH,"-1,33"
01/06/2026,196022,Picpay.,None,"0,17",0,0," R$  0,17 ","100,00%","0,00%","0,00%",NLH,"-0,08"
01/06/2026,196023,lulinha 9,None,0,0,"0,47"," R$  0,47 ","0,00%","0,00%","100,00%",PLO6,"-0,77"
01/06/2026,196024,Sereka,None,0,0,0, R$  -   ,,,,NLH,"0,75"
01/06/2026,196025,ovão,None,0,0,"0,52"," R$  0,52 ","0,00%","0,00%","100,00%",PLO6,"-0,19"
01/06/2026,196103,amado Batista,None,0,0,0, R$  -   ,,,,NLH,"2,62"
01/06/2026,196104,Gaúcho,None,0,0,0, R$  -   ,,,,NLH,0
01/06/2026,196105,Sem futuro,None,"0,21",0,0," R$  0,21 ","100,00%","0,00%","0,00%",NLH,0
01/06/2026,110354,jvitor.crvg,None,"1,41",0,0," R$  1,41 ","100,00%","0,00%","0,00%",NLH,"-8,87"
01/06/2026,141465,Maferente,None,"0,6",0,0," R$  0,60 ","100,00%","0,00%","0,00%",NLH,"-6,45"
01/06/2026,146820,pix146820,None,"4,41","11,6",0," R$  16,01 ","27,55%","72,45%","0,00%",MTT,165
01/06/2026,147247,oficial,None,"115,97",0,0," R$  115,97 ","100,00%","0,00%","0,00%",NLH,"-328,3"
01/06/2026,173110,xxxxxx.,None,"2,66","1,6","17,26"," R$  21,52 ","12,36%","7,43%","80,20%",PLO6,-96
01/06/2026,195072,PKzynn,None,"16,86",0,0," R$  16,86 ","100,00%","0,00%","0,00%",NLH,"-59,36"
01/06/2026,195523,Ramonzito,None,"7,63",0,"0,01"," R$  7,64 ","99,87%","0,00%","0,13%",NLH,-57
01/06/2026,195546,Saul2A,None,"20,69",0,"1,27"," R$  21,96 ","94,22%","0,00%","5,78%",NLH,"-16,6"
01/06/2026,195579,caio castro,None,"75,52",0,0," R$  75,52 ","100,00%","0,00%","0,00%",NLH,"-28,86"
01/06/2026,195642,Diogo.D.J,None,"7,76","0,8",0," R$  8,56 ","90,65%","9,35%","0,00%",NLH,-61
01/06/2026,196189,Tucaloko,None,"1,3",0,0," R$  1,30 ","100,00%","0,00%","0,00%",NLH,-10
01/06/2026,196201,pix196201,None,"2,76",0,0," R$  2,76 ","100,00%","0,00%","0,00%",NLH,"-14,27"
01/06/2026,196268,Barok,None,"0,83",0,0," R$  0,83 ","100,00%","0,00%","0,00%",NLH,-4
01/06/2026,155280,carlos braga,None,"0,01",0,"2,29"," R$  2,30 ","0,43%","0,00%","99,57%",PLO6,-30
01/06/2026,196014,pix196014,None,"81,91",0,"340,8"," R$  422,71 ","19,38%","0,00%","80,62%",PLO6,"-529,31"
01/06/2026,113112,mayco Lima,None,"22,21",0,"420,77"," R$  442,98 ","5,01%","0,00%","94,99%",PLO6,"-829,05"
01/06/2026,100215,Gorete.BallCat,None,0,"2,4","1061,14"," R$  1.063,54 ","0,00%","0,23%","99,77%",PLO6,"2706,82"
01/06/2026,103074,L4UR1,None,0,20,"1225,19"," R$  1.245,19 ","0,00%","1,61%","98,39%",PLO6,"-3050,27"
01/06/2026,156935,pix156935,None,0,0,"155,45"," R$  155,45 ","0,00%","0,00%","100,00%",PLO6,"-759,45"
01/06/2026,196302,pix196302,None,"42,29",3,"1,55"," R$  46,84 ","90,29%","6,40%","3,31%",NLH,-239
01/06/2026,196315,pix196315,None,0,0,"57,16"," R$  57,16 ","0,00%","0,00%","100,00%",PLO6,"-134,79"
01/06/2026,183072,pix183072,None,0,0,"506,5"," R$  506,50 ","0,00%","0,00%","100,00%",PLO6,"-759,46"
01/06/2026,195952,pix195952,None,0,8,"71,04"," R$  79,04 ","0,00%","10,12%","89,88%",PLO6,-580
01/06/2026,104649,dmendes,None,"21,08","5,6","38,84"," R$  65,52 ","32,17%","8,55%","59,28%",PLO6,-436
01/06/2026,155798,LampiãoMCZ,None,0,0,"108,82"," R$  108,82 ","0,00%","0,00%","100,00%",PLO6,-998
01/06/2026,152235,namastê!,None,0,0,"12,09"," R$  12,09 ","0,00%","0,00%","100,00%",PLO6,"111,56"
01/06/2026,161620,???,None,"73,93","0,3","48,02"," R$  122,25 ","60,47%","0,25%","39,28%",NLH,"-293,17"
01/06/2026,182133,pix182133,None,"0,19",0,"2,68"," R$  2,87 ","6,62%","0,00%","93,38%",PLO6,-21
01/06/2026,146056,Luizabraba,None,0,58,"2,82"," R$  60,82 ","0,00%","95,36%","4,64%",MTT,135
01/06/2026,196160,negobiduba3,None,0,"14,2",0," R$  14,20 ","0,00%","100,00%","0,00%",MTT,-142
01/06/2026,102474,Nisha,None,0,"1,2","0,27"," R$  1,47 ","0,00%","81,63%","18,37%",MTT,"-16,61"
01/06/2026,151070,Braga_0_0__?,None,"0,79",0,"1,81"," R$  2,60 ","30,38%","0,00%","69,62%",PLO6,"8,74"
01/06/2026,141499,Rpontodata,None,"0,42",0,0," R$  0,42 ","100,00%","0,00%","0,00%",NLH,"10,54"
01/06/2026,155624,txinhaPK,None,"2,4",0,0," R$  2,40 ","100,00%","0,00%","0,00%",NLH,"-28,01"
01/06/2026,156683,OhDantas,None,"9,16",0,0," R$  9,16 ","100,00%","0,00%","0,00%",NLH,"-45,47"
01/06/2026,171194,pix171194,None,"16,16",0,"0,28"," R$  16,44 ","98,30%","0,00%","1,70%",NLH,"4,32"
01/06/2026,172817,pix172817,None,"1,24",0,0," R$  1,24 ","100,00%","0,00%","0,00%",NLH,-15
01/06/2026,185931,Pé_de_Pano,None,"7,42",0,0," R$  7,42 ","100,00%","0,00%","0,00%",NLH,"30,5"
01/06/2026,187868,baubau,None,"3,02",0,0," R$  3,02 ","100,00%","0,00%","0,00%",NLH,-9
01/06/2026,195578,gessica,None,"2,83",0,0," R$  2,83 ","100,00%","0,00%","0,00%",NLH,"-16,04"
01/06/2026,195671,terroristadopoker,None,"304,78",0,0," R$  304,78 ","100,00%","0,00%","0,00%",NLH,"-806,6"
01/06/2026,195994,pix195994,None,"0,6",0,0," R$  0,60 ","100,00%","0,00%","0,00%",NLH,"-9,55"
01/06/2026,116727,vinicius,None,"122,17",0,"35,13"," R$  157,30 ","77,67%","0,00%","22,33%",NLH,"-381,88"
01/06/2026,195344,P3scAAdor,None,"189,43",1,0," R$  190,43 ","99,47%","0,53%","0,00%",NLH,"-386,11"
01/06/2026,195606,vencedor090,None,"30,06",0,0," R$  30,06 ","100,00%","0,00%","0,00%",NLH,-69
01/06/2026,196333,CarusoCafeta,None,0,0,"8,95"," R$  8,95 ","0,00%","0,00%","100,00%",PLO6,-16
01/06/2026,147221,muvukinha,None,0,"44,7",0," R$  44,70 ","0,00%","100,00%","0,00%",MTT,"-38,11"
01/06/2026,195920,decaranunca,None,0,0,"24,61"," R$  24,61 ","0,00%","0,00%","100,00%",PLO6,-114
01/06/2026,194145,Caua bt,None,"37,81",0,0," R$  37,81 ","100,00%","0,00%","0,00%",NLH,"-86,01"
01/06/2026,100252,????,None,0,0,"59,57"," R$  59,57 ","0,00%","0,00%","100,00%",PLO6,105
01/06/2026,177574,pix177574,None,0,1,0," R$  1,00 ","0,00%","100,00%","0,00%",MTT,-10
01/06/2026,195531,Sh4rk,None,"86,12",0,0," R$  86,12 ","100,00%","0,00%","0,00%",NLH,"-153,91"
01/06/2026,195619,pix195619,None,"53,09",0,"1,76"," R$  54,85 ","96,79%","0,00%","3,21%",NLH,"88,32"
01/06/2026,196265,pix196265,None,"1,8",0,0," R$  1,80 ","100,00%","0,00%","0,00%",NLH,-24
01/06/2026,195998,pix195998,None,"2,04",0,"2,68"," R$  4,72 ","43,22%","0,00%","56,78%",PLO6,-40
01/06/2026,151309,Helio dos Anjos,None,0,70,0," R$  70,00 ","0,00%","100,00%","0,00%",MTT,"-548,13"
01/06/2026,195978,Ibarra_sb,None,0,130,"21,56"," R$  151,56 ","0,00%","85,77%","14,23%",MTT,"-1067,76"
01/06/2026,141756,WGodoi,None,0,"8,6",0," R$  8,60 ","0,00%","100,00%","0,00%",MTT,-86
01/06/2026,146249,PintoLokoO,None,0,"0,7",0," R$  0,70 ","0,00%","100,00%","0,00%",MTT,-7
01/06/2026,196010,JCBET,None,"13,59","23,1",0," R$  36,69 ","37,04%","62,96%","0,00%",MTT,"-4,51"
01/06/2026,133736,pix133736,None,"3,39",0,0," R$  3,39 ","100,00%","0,00%","0,00%",NLH,-20
01/06/2026,152009,NsMM,None,"1,45",0,0," R$  1,45 ","100,00%","0,00%","0,00%",NLH,"8,34"
01/06/2026,152388,dyegorn,None,"1,99",0,0," R$  1,99 ","100,00%","0,00%","0,00%",NLH,-18
01/06/2026,158723,antoniocarlos48,None,"4,36",0,0," R$  4,36 ","100,00%","0,00%","0,00%",NLH,"-5,5"
01/06/2026,160495,gmorett,None,"24,13","6,2",0," R$  30,33 ","79,56%","20,44%","0,00%",NLH,"-98,11"
01/06/2026,172725,TaxaDoEuSeiRocha,None,"3,27",0,0," R$  3,27 ","100,00%","0,00%","0,00%",NLH,"-13,38"
01/06/2026,194610,pix194610,None,"4,48",0,0," R$  4,48 ","100,00%","0,00%","0,00%",NLH,"23,09"
01/06/2026,195528,pix195528,None,"18,55",0,"34,15"," R$  52,70 ","35,20%","0,00%","64,80%",PLO6,-87
01/06/2026,195582,pix195582,None,"3,97",15,0," R$  18,97 ","20,93%","79,07%","0,00%",MTT,"-286,25"
01/06/2026,195665,Mendes26,None,"0,3",0,0," R$  0,30 ","100,00%","0,00%","0,00%",NLH,-4
01/06/2026,195702,BatzNinja,None,"4,5","24,6",0," R$  29,10 ","15,46%","84,54%","0,00%",MTT,"-187,32"
01/06/2026,195789,lucas021,None,"33,5","1,2",0," R$  34,70 ","96,54%","3,46%","0,00%",NLH,"-27,16"
01/06/2026,195945,Babuino,None,"35,17",0,0," R$  35,17 ","100,00%","0,00%","0,00%",NLH,"44,52"
01/06/2026,196338,Calouro,None,"0,34",0,"45,06"," R$  45,40 ","0,75%","0,00%","99,25%",PLO6,-85
01/06/2026,153798,Fake.Bob,None,0,"1,05",0," R$  1,05 ","0,00%","100,00%","0,00%",MTT,"-10,5"
01/06/2026,165906,reservapoker,None,0,"29,2",0," R$  29,20 ","0,00%","100,00%","0,00%",MTT,"-10,41"
01/06/2026,195080,cassiov7,None,"1,22","0,2",0," R$  1,42 ","85,92%","14,08%","0,00%",NLH,"11,32"
01/06/2026,146827,Pipo.Felipe,None,0,"8,9",0," R$  8,90 ","0,00%","100,00%","0,00%",MTT,"-41,55"
01/06/2026,114345,Itaypava,None,0,0,"6,39"," R$  6,39 ","0,00%","0,00%","100,00%",PLO6,-22
01/06/2026,195636,MatheusBorges061,None,"10,51","14,44","55,09"," R$  80,04 ","13,13%","18,04%","68,83%",PLO6,"-78,41"
01/06/2026,194973,wolf777,None,0,0,"179,95"," R$  179,95 ","0,00%","0,00%","100,00%",PLO6,"556,92"
01/06/2026,196257,SpArtAno,None,0,"19,1","56,8"," R$  75,90 ","0,00%","25,16%","74,84%",PLO6,"-550,78"
01/06/2026,106982,jeansley,None,"0,88","18,8","66,84"," R$  86,52 ","1,02%","21,73%","77,25%",PLO6,255
01/06/2026,173471,Cauan31A,None,"6,19",0,"1,25"," R$  7,44 ","83,20%","0,00%","16,80%",NLH,-23
01/06/2026,195657,vaqueirosm,None,0,0,"43,09"," R$  43,09 ","0,00%","0,00%","100,00%",PLO6,"-3,29"
01/06/2026,150541,MaldsNeto,None,"2,09","1,9",0," R$  3,99 ","52,38%","47,62%","0,00%",NLH,-27
01/06/2026,102785,Joaofilho,None,0,0,0, R$  -   ,,,,NLH,0
01/06/2026,138917,pix138917,None,0,"0,5",0," R$  0,50 ","0,00%","100,00%","0,00%",MTT,"-0,41"
01/06/2026,143782,celia184,None,0,1,0," R$  1,00 ","0,00%","100,00%","0,00%",MTT,-10
01/06/2026,148239,Oscar Alho,None,0,0,"0,72"," R$  0,72 ","0,00%","0,00%","100,00%",PLO6,"-3,9"
01/06/2026,149578,atrevido2,None,0,0,0, R$  -   ,,,,NLH,0
01/06/2026,150851,pix150851,None,0,0,0, R$  -   ,,,,NLH,"1,11"
01/06/2026,151176,Vala Vala,None,0,0,0, R$  -   ,,,,NLH,"21,66"
01/06/2026,155592,ZecaPauGoriN,None,0,0,0, R$  -   ,,,,NLH,0
01/06/2026,159745,pix159745,None,0,0,0, R$  -   ,,,,NLH,"2,75"
01/06/2026,160013,pluh,None,0,0,0, R$  -   ,,,,NLH,"2,63"
01/06/2026,160410,aquarela,None,0,0,0, R$  -   ,,,,NLH,0
01/06/2026,160412,pix160412,None,0,0,0, R$  -   ,,,,NLH,0
01/06/2026,161561,GuZman$,None,0,0,0, R$  -   ,,,,NLH,0
01/06/2026,162785,BlackRiver,None,0,0,0, R$  -   ,,,,NLH,"1,36"
01/06/2026,165742,dedinhacatia,None,0,0,0, R$  -   ,,,,NLH,"1,33"
01/06/2026,167737,vinijr7,None,0,0,0, R$  -   ,,,,NLH,0
01/06/2026,172160,Luizzzeraaa,None,0,0,0, R$  -   ,,,,NLH,0
01/06/2026,172246,pochoko,None,0,0,0, R$  -   ,,,,NLH,0
01/06/2026,172984,SeuZé$,None,0,0,0, R$  -   ,,,,NLH,0
01/06/2026,177983,Aelton,None,0,0,0, R$  -   ,,,,NLH,0
01/06/2026,179715,joker777louco,None,0,0,0, R$  -   ,,,,NLH,0
01/06/2026,180674,Lumesmo ?,None,0,0,0, R$  -   ,,,,NLH,0
01/06/2026,181996,pix181996,None,0,0,0, R$  -   ,,,,NLH,0
01/06/2026,183246,detona pato,None,0,"0,1",0," R$  0,10 ","0,00%","100,00%","0,00%",MTT,"0,03"
01/06/2026,183533,pix183533,None,0,0,0, R$  -   ,,,,NLH,"3,42"
01/06/2026,184776,Kilau,None,0,0,0, R$  -   ,,,,NLH,0
01/06/2026,185701,gato a jato,None,0,0,0, R$  -   ,,,,NLH,0
01/06/2026,189357,Tiquinho,None,0,0,0, R$  -   ,,,,NLH,0
01/06/2026,194369,Sam9527,None,0,"0,1",0," R$  0,10 ","0,00%","100,00%","0,00%",MTT,-1
01/06/2026,194679,Nicoletti$,None,0,0,0, R$  -   ,,,,NLH,0
01/06/2026,194706,jojodemel,None,0,"0,3",0," R$  0,30 ","0,00%","100,00%","0,00%",MTT,"-1,45"
01/06/2026,196079,pix196079,None,0,0,0, R$  -   ,,,,NLH,0
01/06/2026,196106,Bob esp0nja,None,"0,23",0,0," R$  0,23 ","100,00%","0,00%","0,00%",NLH,"-0,32"
01/06/2026,196144,pix196144,None,0,0,0, R$  -   ,,,,NLH,0
01/06/2026,118252,Polarizado,None,"16,21",0,0," R$  16,21 ","100,00%","0,00%","0,00%",NLH,"-19,91"
01/06/2026,136391,Bird&co,None,"2,6",0,0," R$  2,60 ","100,00%","0,00%","0,00%",NLH,-20
01/06/2026,196223,pix196223,None,"24,35","9,8","268,91"," R$  303,06 ","8,03%","3,23%","88,73%",PLO6,"-335,67"
01/06/2026,196349,tigre77,None,"0,49",1,"0,25"," R$  1,74 ","28,16%","57,47%","14,37%",MTT,"84,45"
01/06/2026,196347,SHOW IMPORTS,None,0,0,"377,09"," R$  377,09 ","0,00%","0,00%","100,00%",PLO6,"-1624,08"
01/06/2026,177777,AVIÃOsemASA,None,"17,19",0,0," R$  17,19 ","100,00%","0,00%","0,00%",NLH,"100,75"
01/06/2026,176827,Rudrigu,None,0,"0,5",0," R$  0,50 ","0,00%","100,00%","0,00%",MTT,-5
01/06/2026,175779,KinkuaK,None,"7,77",0,"2,2"," R$  9,97 ","77,93%","0,00%","22,07%",NLH,"-63,76"
01/06/2026,196067,mattdi,None,"12,08",0,0," R$  12,08 ","100,00%","0,00%","0,00%",NLH,-60
01/06/2026,196295,pix196295,None,"2,69",0,0," R$  2,69 ","100,00%","0,00%","0,00%",NLH,-40
01/06/2026,196345,pix196345,None,"1,63",0,0," R$  1,63 ","100,00%","0,00%","0,00%",NLH,"-14,21"
01/06/2026,196351,pix196351,None,"1,27",0,0," R$  1,27 ","100,00%","0,00%","0,00%",NLH,-12
01/06/2026,175362,pix175362,None,"8,62",0,0," R$  8,62 ","100,00%","0,00%","0,00%",NLH,"-51,97"
01/06/2026,196340,pix196340,None,"0,78",26,0," R$  26,78 ","2,91%","97,09%","0,00%",MTT,"-121,22"
01/06/2026,169601,pix169601,None,0,0,"791,98"," R$  791,98 ","0,00%","0,00%","100,00%",PLO6,"-103,03"
01/06/2026,159848,DMAK,None,0,0,"1,48"," R$  1,48 ","0,00%","0,00%","100,00%",PLO6,-15
01/06/2026,172043,GuiAL,None,"2,89","1,8","0,3"," R$  4,99 ","57,92%","36,07%","6,01%",NLH,"5,8"
01/06/2026,180186,golpe.baixo,None,"7,08",0,"51,8"," R$  58,88 ","12,02%","0,00%","87,98%",PLO6,-135
01/06/2026,192368,Dc07,None,0,0,"1,37"," R$  1,37 ","0,00%","0,00%","100,00%",PLO6,-12
01/06/2026,156259,fernandoabc,None,0,24,"9,25"," R$  33,25 ","0,00%","72,18%","27,82%",MTT,0
01/06/2026,180277,junin.,None,0,0,"2,2"," R$  2,20 ","0,00%","0,00%","100,00%",PLO6,-15
01/06/2026,195872,pix195872,None,0,"0,8","18,3"," R$  19,10 ","0,00%","4,19%","95,81%",PLO6,-24
01/06/2026,195970,matheusollv,None,0,0,"5,32"," R$  5,32 ","0,00%","0,00%","100,00%",PLO6,-49
01/06/2026,119747,BlackBull,None,0,"3,8","8,85"," R$  12,65 ","0,00%","30,04%","69,96%",PLO6,-130
01/06/2026,110683,Muriele Vieira,None,0,0,0, R$  -   ,,,,NLH,0
01/06/2026,115802,Nauersiq,None,0,"0,4",0," R$  0,40 ","0,00%","100,00%","0,00%",MTT,"4,62"
01/06/2026,123058,pix123058,None,0,0,0, R$  -   ,,,,NLH,0
01/06/2026,132945,k99999,None,"2,38","79,54","3,64"," R$  85,56 ","2,78%","92,96%","4,25%",MTT,"624,63"
01/06/2026,133051,Diegueira,None,0,0,0, R$  -   ,,,,NLH,"2,33"
01/06/2026,138629,baianinhodemaua_,None,0,0,0, R$  -   ,,,,NLH,0
01/06/2026,139309,deixacupai,None,0,0,0, R$  -   ,,,,NLH,0
01/06/2026,143654,BingaBinga,None,0,0,0, R$  -   ,,,,NLH,0
01/06/2026,144033,pixLV,None,0,0,0, R$  -   ,,,,NLH,0
01/06/2026,144641,FoiLost,None,0,0,0, R$  -   ,,,,NLH,0
01/06/2026,145204,Cebola do sertão,None,0,0,0, R$  -   ,,,,NLH,0
01/06/2026,156615,Tutubarão83,None,0,0,0, R$  -   ,,,,NLH,"0,9"
01/06/2026,158189,moblef,None,0,0,0, R$  -   ,,,,NLH,0
01/06/2026,159736,FunEngine,None,0,0,0, R$  -   ,,,,NLH,"2,32"
01/06/2026,161151,pirulaa,None,0,0,0, R$  -   ,,,,NLH,0
01/06/2026,165365,Gabriel22k,None,0,0,0, R$  -   ,,,,NLH,"1,03"
01/06/2026,165366,biel22k,None,0,0,0, R$  -   ,,,,NLH,"0,72"
01/06/2026,170202,realmadrid,None,0,0,0, R$  -   ,,,,NLH,0
01/06/2026,172648,Badpix69,None,0,0,0, R$  -   ,,,,NLH,0
01/06/2026,173743,pix173743,None,0,0,0, R$  -   ,,,,NLH,0
01/06/2026,174310,CHICOSBAR,None,0,0,"0,87"," R$  0,87 ","0,00%","0,00%","100,00%",PLO6,"-0,96"
01/06/2026,174860,Sheika,None,0,0,0, R$  -   ,,,,NLH,0
01/06/2026,177012,Como Tchê,None,0,0,0, R$  -   ,,,,NLH,0
01/06/2026,177013,Leiguinho,None,0,0,0, R$  -   ,,,,NLH,0
01/06/2026,180375,LCS13BR,None,0,0,0, R$  -   ,,,,NLH,0
01/06/2026,181970,3A5T0S,None,0,0,0, R$  -   ,,,,NLH,0
01/06/2026,183156,Leoncio,None,0,0,0, R$  -   ,,,,NLH,"1,43"
01/06/2026,184773,pix184773,None,0,0,0, R$  -   ,,,,NLH,"0,48"
01/06/2026,184778,petrolina-Pe,None,0,0,0, R$  -   ,,,,NLH,"0,4"
01/06/2026,184953,chiquinho,None,0,0,"0,93"," R$  0,93 ","0,00%","0,00%","100,00%",PLO6,"50,82"
01/06/2026,185392,pix185392,None,0,0,0, R$  -   ,,,,NLH,0
01/06/2026,185699,petrolina,None,0,0,0, R$  -   ,,,,NLH,0
01/06/2026,188843,Aniquilador,None,0,0,0, R$  -   ,,,,NLH,0
01/06/2026,188990,Jacke,None,0,0,0, R$  -   ,,,,NLH,"2,1"
01/06/2026,189016,Cicinh0,None,0,0,0, R$  -   ,,,,NLH,0
01/06/2026,190675,Don Lino?,None,0,0,0, R$  -   ,,,,NLH,"0,8"
01/06/2026,190818,lascado,None,0,0,0, R$  -   ,,,,NLH,0
01/06/2026,191492,charles Thierry,None,0,0,0, R$  -   ,,,,NLH,0
01/06/2026,192188,Suzana25,None,0,0,0, R$  -   ,,,,NLH,0
01/06/2026,193012,pix193012,None,0,0,0, R$  -   ,,,,NLH,"0,96"
01/06/2026,194525,QuaseNada,None,0,0,0, R$  -   ,,,,NLH,0
01/06/2026,195496,joao.gostosinho,None,0,"0,5",0," R$  0,50 ","0,00%","100,00%","0,00%",MTT,-5
01/06/2026,195832,CFreire,None,0,0,0, R$  -   ,,,,NLH,"4,56"
01/06/2026,196026,pix196026,None,0,0,0, R$  -   ,,,,NLH,"0,96"
01/06/2026,196027,pix196027,None,0,0,0, R$  -   ,,,,NLH,"1,66"
01/06/2026,196028,pix196028,None,0,0,0, R$  -   ,,,,NLH,"1,15"
01/06/2026,196080,pix196080,None,0,0,0, R$  -   ,,,,NLH,0
01/06/2026,196081,pix196081,None,0,0,0, R$  -   ,,,,NLH,0
01/06/2026,101859,guimss,None,"3,37",0,0," R$  3,37 ","100,00%","0,00%","0,00%",NLH,-20
01/06/2026,109677,rafaelsanntos,None,"0,15",0,"335,39"," R$  335,54 ","0,04%","0,00%","99,96%",PLO6,"-11,97"
01/06/2026,120351,brunotoretto,None,0,3,0," R$  3,00 ","0,00%","100,00%","0,00%",MTT,-30
01/06/2026,196150,mago AA,None,0,"13,16",0," R$  13,16 ","0,00%","100,00%","0,00%",MTT,"-70,88"
01/06/2026,182216,Xinxa Da Cebola,None,0,0,"0,4"," R$  0,40 ","0,00%","0,00%","100,00%",PLO6,"-3,66"
01/06/2026,192933,Motoqueirinho,None,0,70,0," R$  70,00 ","0,00%","100,00%","0,00%",MTT,"175,5"
01/06/2026,196329,Pazu23,None,0,"58,5",0," R$  58,50 ","0,00%","100,00%","0,00%",MTT,"704,92"
01/06/2026,153557,lucastavares,None,0,1,0," R$  1,00 ","0,00%","100,00%","0,00%",MTT,-10
01/06/2026,195927,pix195927,None,0,0,"15,31"," R$  15,31 ","0,00%","0,00%","100,00%",PLO6,-150
01/06/2026,122576,Guilhermepb,None,"18,04",0,"32,96"," R$  51,00 ","35,37%","0,00%","64,63%",PLO6,-185
01/06/2026,142815,arthurcmv,None,"0,77","2,2","2,39"," R$  5,36 ","14,37%","41,04%","44,59%",PLO6,"-27,44"
01/06/2026,196048,magoo,None,"1,46","0,4",0," R$  1,86 ","78,49%","21,51%","0,00%",NLH,"-22,16"
01/06/2026,195645,Paco_Sc,None,"1,23",0,"14,15"," R$  15,38 ","8,00%","0,00%","92,00%",PLO6,11
01/06/2026,101709,pix101709,None,0,0,0, R$  -   ,,,,NLH,0
01/06/2026,106660,osj261067,None,0,0,0, R$  -   ,,,,NLH,0
01/06/2026,113006,lilaoartestattoo,None,0,0,0, R$  -   ,,,,NLH,0
01/06/2026,114522,GuerraPqd,None,0,0,0, R$  -   ,,,,NLH,0
01/06/2026,125132,williannuts,None,0,0,0, R$  -   ,,,,NLH,0
01/06/2026,135895,yanpaiva,None,0,0,0, R$  -   ,,,,NLH,0
01/06/2026,136910,AndreyPoker1,None,0,0,0, R$  -   ,,,,NLH,0
01/06/2026,141583,pix141583,None,0,0,0, R$  -   ,,,,NLH,0
01/06/2026,141774,pix141774,None,0,0,0, R$  -   ,,,,NLH,0
01/06/2026,143422,ML GOL,None,0,0,0, R$  -   ,,,,NLH,0
01/06/2026,145320,pix145320,None,0,0,0, R$  -   ,,,,NLH,0
01/06/2026,148290,pix148290,None,0,0,0, R$  -   ,,,,NLH,0
01/06/2026,148477,eleitor do lula,None,0,0,0, R$  -   ,,,,NLH,0
01/06/2026,154646,Robben,None,0,0,0, R$  -   ,,,,NLH,0
01/06/2026,154780,Rivaldo 10,None,0,0,0, R$  -   ,,,,NLH,0
01/06/2026,158564,AKQJ10,None,0,0,0, R$  -   ,,,,NLH,0
01/06/2026,166793,AA+JJ+36,None,0,0,0, R$  -   ,,,,NLH,"1,24"
01/06/2026,166808,vip 166808,None,0,0,0, R$  -   ,,,,NLH,"0,48"
01/06/2026,166985,Campeão,None,0,0,0, R$  -   ,,,,NLH,0
01/06/2026,170675,3NZ21,None,0,0,0, R$  -   ,,,,NLH,0
01/06/2026,170783,Galego de Nanai ?,None,0,0,0, R$  -   ,,,,NLH,0
01/06/2026,171898,matheus rocha,None,0,0,0, R$  -   ,,,,NLH,0
01/06/2026,172033,pix172033,None,0,"0,4",0," R$  0,40 ","0,00%","100,00%","0,00%",MTT,"-2,99"
01/06/2026,172462,melll577,None,0,0,0, R$  -   ,,,,NLH,0
01/06/2026,172478,sir inga,None,0,0,0, R$  -   ,,,,NLH,0
01/06/2026,172697,pix172697,None,0,0,0, R$  -   ,,,,NLH,0
01/06/2026,172698,pix172698,None,0,0,0, R$  -   ,,,,NLH,0
01/06/2026,173018,pix173018,None,"2,59",0,0," R$  2,59 ","100,00%","0,00%","0,00%",NLH,"0,78"
01/06/2026,173019,pix173019,None,"0,3",0,0," R$  0,30 ","100,00%","0,00%","0,00%",NLH,"-0,54"
01/06/2026,175460,pix175460,None,0,0,0, R$  -   ,,,,NLH,0
01/06/2026,176462,markin valde,None,0,0,0, R$  -   ,,,,NLH,"6,58"
01/06/2026,176746,Mark Ivey,None,0,0,"1,82"," R$  1,82 ","0,00%","0,00%","100,00%",PLO6,"-0,05"
01/06/2026,177691,pix177691,None,0,0,0, R$  -   ,,,,NLH,0
01/06/2026,177922,É o Galo ?,None,0,0,0, R$  -   ,,,,NLH,0
01/06/2026,178556,Sajaum,None,0,0,0, R$  -   ,,,,NLH,0
01/06/2026,178557,Grazi Mourão ?,None,0,0,0, R$  -   ,,,,NLH,0
01/06/2026,180037,pix180037,None,0,0,0, R$  -   ,,,,NLH,"1,52"
01/06/2026,181557,_L4jus_,None,0,0,0, R$  -   ,,,,NLH,0
01/06/2026,181574,Caroline 01,None,0,0,0, R$  -   ,,,,NLH,0
01/06/2026,182217,pix182217,None,0,0,0, R$  -   ,,,,NLH,"1,21"
01/06/2026,182906,pix182906,None,0,0,0, R$  -   ,,,,NLH,0
01/06/2026,183499,pix183499,None,0,0,0, R$  -   ,,,,NLH,0
01/06/2026,183527,pix183527,None,0,0,0, R$  -   ,,,,NLH,0
01/06/2026,183758,pix183758,None,"6,59",0,"4,34"," R$  10,93 ","60,29%","0,00%","39,71%",NLH,0
01/06/2026,187871,pix187871,None,0,0,0, R$  -   ,,,,NLH,0
01/06/2026,188950,Nectyzim,None,0,0,0, R$  -   ,,,,NLH,0
01/06/2026,189539,pix189539,None,0,0,0, R$  -   ,,,,NLH,0
01/06/2026,189931,pix189931,None,0,0,0, R$  -   ,,,,NLH,0
01/06/2026,190020,pix190020,None,0,0,0, R$  -   ,,,,NLH,0
01/06/2026,190178,pix190178,None,0,0,0, R$  -   ,,,,NLH,0
01/06/2026,190705,SAUANZIM,None,0,0,0, R$  -   ,,,,NLH,0
01/06/2026,191420,bolao,None,"3,1","0,8",0," R$  3,90 ","79,49%","20,51%","0,00%",NLH,"-18,45"
01/06/2026,192772,pix192772,None,0,0,0, R$  -   ,,,,NLH,0
01/06/2026,193166,pix193166,None,0,0,0, R$  -   ,,,,NLH,0
01/06/2026,193239,hopee_poker,None,"5,77",0,"0,42"," R$  6,19 ","93,21%","0,00%","6,79%",NLH,"-2,79"
01/06/2026,193606,pix193606,None,0,0,0, R$  -   ,,,,NLH,"1,21"
01/06/2026,194860,FlushFlower,None,0,0,0, R$  -   ,,,,NLH,0
01/06/2026,195543,lavx,None,0,0,0, R$  -   ,,,,NLH,0
01/06/2026,195608,vick444,None,0,0,0, R$  -   ,,,,NLH,0
01/06/2026,195620,vertmont,None,0,0,0, R$  -   ,,,,NLH,"0,4"
01/06/2026,195662,Asteroid Destroyer,None,0,0,0, R$  -   ,,,,NLH,"0,84"
01/06/2026,195668,FullHaxx,None,0,0,0, R$  -   ,,,,NLH,"1,27"
01/06/2026,195682,lukinhas09,None,"1,05",0,0," R$  1,05 ","100,00%","0,00%","0,00%",NLH,-14
01/06/2026,195739,5885 Q2,None,0,0,0, R$  -   ,,,,NLH,0
01/06/2026,195771,pix195771,None,0,0,0, R$  -   ,,,,NLH,"1,01"
01/06/2026,195772,pix195772,None,0,0,0, R$  -   ,,,,NLH,0
01/06/2026,195774,pix195774,None,0,0,0, R$  -   ,,,,NLH,0
01/06/2026,195901,pix195901,None,0,0,0, R$  -   ,,,,NLH,"18,21"
01/06/2026,195923,camila P,None,0,0,0, R$  -   ,,,,NLH,"2,47"
01/06/2026,196078,pix196078,None,0,0,0, R$  -   ,,,,NLH,0
01/06/2026,196214,pix196214,None,0,0,0, R$  -   ,,,,NLH,0
01/06/2026,196243,pix196243,None,0,0,0, R$  -   ,,,,NLH,0
01/06/2026,196246,pix196246,None,0,0,0, R$  -   ,,,,NLH,0
01/06/2026,196306,pix196306,None,0,0,0, R$  -   ,,,,NLH,0
01/06/2026,123102,pix123102,None,0,0,"168,97"," R$  168,97 ","0,00%","0,00%","100,00%",PLO6,-435
01/06/2026,194041,TAKUNAVARA,None,0,"3,6",0," R$  3,60 ","0,00%","100,00%","0,00%",MTT,-36
01/06/2026,173171,WMK,None,0,7,0," R$  7,00 ","0,00%","100,00%","0,00%",MTT,-70
01/06/2026,121438,chavess,None,"35,64",0,"238,95"," R$  274,59 ","12,98%","0,00%","87,02%",PLO6,"-618,39"
01/06/2026,196266,haisenbergAA,None,"7,6",11,"264,98"," R$  283,58 ","2,68%","3,88%","93,44%",PLO6,-598
01/06/2026,194231,yuridms12,None,"3,76","0,7",0," R$  4,46 ","84,30%","15,70%","0,00%",NLH,-19
01/06/2026,123490,largatixa,None,0,0,0, R$  -   ,,,,NLH,"1,21"
01/06/2026,149121,Jucelio,None,0,0,0, R$  -   ,,,,NLH,0
01/06/2026,160408,pix160408,None,0,0,0, R$  -   ,,,,NLH,0
01/06/2026,160409,erivandoido,None,0,0,0, R$  -   ,,,,NLH,"0,88"
01/06/2026,165307,mulukulo,None,0,0,0, R$  -   ,,,,NLH,0
01/06/2026,167984,leidegaga,None,0,0,0, R$  -   ,,,,NLH,0
01/06/2026,171451,Pigmeupoker,None,0,0,0, R$  -   ,,,,NLH,0
01/06/2026,172404,PMJairoFilho,None,0,0,0, R$  -   ,,,,NLH,0
01/06/2026,172718,bibi,None,0,0,0, R$  -   ,,,,NLH,0
01/06/2026,174311,PETECABAR,None,0,0,0, R$  -   ,,,,NLH,"1,12"
01/06/2026,174440,Cold4Bet,None,0,0,0, R$  -   ,,,,NLH,0
01/06/2026,176145,TILTADOR,None,0,0,0, R$  -   ,,,,NLH,0
01/06/2026,182817,CreisoN25,None,0,0,0, R$  -   ,,,,NLH,0
01/06/2026,183154,EsperoQueVcsMorram,None,0,0,0, R$  -   ,,,,NLH,"0,86"
01/06/2026,185810,Silvio,None,0,0,0, R$  -   ,,,,NLH,0
01/06/2026,185849,sisi,None,0,0,0, R$  -   ,,,,NLH,0
01/06/2026,186329,gabrielmnds,None,0,1,0," R$  1,00 ","0,00%","100,00%","0,00%",MTT,-10
01/06/2026,188577,pix188577,None,"0,61",0,0," R$  0,61 ","100,00%","0,00%","0,00%",NLH,"-3,08"
01/06/2026,196032,Chapadinho,None,0,0,0, R$  -   ,,,,NLH,"0,4"
01/06/2026,196033,pix196033,None,0,0,0, R$  -   ,,,,NLH,"1,12"
01/06/2026,196107,Chico pezão,None,0,0,0, R$  -   ,,,,NLH,0
01/06/2026,196108,pix196108,None,0,0,0, R$  -   ,,,,NLH,0
01/06/2026,108574,Nery,None,"5,21",0,"0,64"," R$  5,85 ","89,06%","0,00%","10,94%",NLH,-30
01/06/2026,121381,Douglas_Arj,None,"30,57",0,0," R$  30,57 ","100,00%","0,00%","0,00%",NLH,-143
01/06/2026,196003,pix196003,None,"17,62",0,0," R$  17,62 ","100,00%","0,00%","0,00%",NLH,"2,45"
01/06/2026,196296,pix196296,None,"5,84",0,0," R$  5,84 ","100,00%","0,00%","0,00%",NLH,-30
01/06/2026,196380,pix196380,None,"305,59","20,6","172,7"," R$  498,89 ","61,25%","4,13%","34,62%",NLH,"-985,65"
01/06/2026,196379,GSTAR2026,None,"41,43","12,5","11,41"," R$  65,34 ","63,41%","19,13%","17,46%",NLH,"91,3"
01/06/2026,153094,CaTaPuTaAA,None,0,"18,8","44,51"," R$  63,31 ","0,00%","29,70%","70,30%",PLO6,51
01/06/2026,155404,vinhodiesel,None,0,"6,9","3,54"," R$  10,44 ","0,00%","66,09%","33,91%",MTT,-119
01/06/2026,148325,pix148325,None,3,0,0," R$  3,00 ","100,00%","0,00%","0,00%",NLH,"-22,43"
01/06/2026,196074,loganATC,None,"4,38","1,2",0," R$  5,58 ","78,49%","21,51%","0,00%",NLH,"-62,14"
01/06/2026,169213,matiasf,None,"18,23",0,0," R$  18,23 ","100,00%","0,00%","0,00%",NLH,"-50,42"
01/06/2026,189912,Lukeides,None,"3,43",0,0," R$  3,43 ","100,00%","0,00%","0,00%",NLH,-16
01/06/2026,195477,pix195477,None,"186,57",0,"1,1"," R$  187,67 ","99,41%","0,00%","0,59%",NLH,-56
01/06/2026,158020,pix158020,None,"12,8",0,"57,16"," R$  69,96 ","18,30%","0,00%","81,70%",PLO6,"-94,15"
01/06/2026,117406,Guimarães,None,0,0,0, R$  -   ,,,,NLH,0
01/06/2026,138571,orocha,None,0,"2,4",0," R$  2,40 ","0,00%","100,00%","0,00%",MTT,-24
01/06/2026,143861,KAROÁ,None,0,0,0, R$  -   ,,,,NLH,0
01/06/2026,146296,pix146296,None,0,0,0, R$  -   ,,,,NLH,0
01/06/2026,148613,pix148613,None,0,0,0, R$  -   ,,,,NLH,0
01/06/2026,150638,Wanessa CAM,None,0,0,0, R$  -   ,,,,NLH,0
01/06/2026,163633,O_Ladrão,None,0,0,0, R$  -   ,,,,NLH,"1,46"
01/06/2026,167113,luckymathi,None,"0,15",1,0," R$  1,15 ","13,04%","86,96%","0,00%",MTT,"72,48"
01/06/2026,167577,cortez11,None,0,0,0, R$  -   ,,,,NLH,0
01/06/2026,181418,pix181418,None,0,0,0, R$  -   ,,,,NLH,0
01/06/2026,184685,pix184685,None,0,0,0, R$  -   ,,,,NLH,0
01/06/2026,188591,jujivell,None,0,0,0, R$  -   ,,,,NLH,"1,11"
01/06/2026,189082,luketa_,None,0,0,0, R$  -   ,,,,NLH,0
01/06/2026,194307,pix194307,None,0,0,0, R$  -   ,,,,NLH,"0,77"
01/06/2026,194835,Gladiador2026,None,0,0,0, R$  -   ,,,,NLH,0
01/06/2026,194836,Ester2026,None,0,0,0, R$  -   ,,,,NLH,0
01/06/2026,194837,Gatuno,None,0,0,0, R$  -   ,,,,NLH,0
01/06/2026,195660,Matias44,None,0,0,0, R$  -   ,,,,NLH,0
01/06/2026,196304,pix196304,None,0,0,0, R$  -   ,,,,NLH,0
01/06/2026,196358,DanpokerAK,None,4,1,0," R$  5,00 ","80,00%","20,00%","0,00%",NLH,-50
01/06/2026,196360,pix196360,None,0,0,0, R$  -   ,,,,NLH,"0,93"
01/06/2026,196361,pix196361,None,0,0,0, R$  -   ,,,,NLH,0
01/06/2026,196362,pix196362,None,0,0,0, R$  -   ,,,,NLH,0
01/06/2026,196363,pix196363,None,0,0,0, R$  -   ,,,,NLH,0
01/06/2026,196364,pix196364,None,0,0,0, R$  -   ,,,,NLH,0
01/06/2026,196365,pix196365,None,0,0,0, R$  -   ,,,,NLH,0
01/06/2026,196366,pix196366,None,0,0,0, R$  -   ,,,,NLH,0
01/06/2026,196367,pix196367,None,0,0,0, R$  -   ,,,,NLH,"1,6"
01/06/2026,196368,pix196368,None,0,0,0, R$  -   ,,,,NLH,0
01/06/2026,196370,pix196370,None,0,0,0, R$  -   ,,,,NLH,0
01/06/2026,196371,pix196371,None,0,0,0, R$  -   ,,,,NLH,"0,93"
01/06/2026,196196,brinha007,None,"1,15",0,0," R$  1,15 ","100,00%","0,00%","0,00%",NLH,-10
01/06/2026,144804,Alexandre,None,0,8,0," R$  8,00 ","0,00%","100,00%","0,00%",MTT,-80
01/06/2026,111546,pix111546,None,0,0,0, R$  -   ,,,,NLH,0
01/06/2026,125929,Riih,None,"1,27",0,0," R$  1,27 ","100,00%","0,00%","0,00%",NLH,-4
01/06/2026,126206,meduza,None,0,0,0, R$  -   ,,,,NLH,0
01/06/2026,126226,torapreula,None,0,0,0, R$  -   ,,,,NLH,0
01/06/2026,126233,telasko,None,0,0,0, R$  -   ,,,,NLH,0
01/06/2026,126244,pix126244,None,0,0,0, R$  -   ,,,,NLH,0
01/06/2026,126340,pix126340,None,0,0,0, R$  -   ,,,,NLH,0
01/06/2026,126566,AApatrao,None,0,0,0, R$  -   ,,,,NLH,0
01/06/2026,126628,matarato,None,0,0,0, R$  -   ,,,,NLH,0
01/06/2026,126889,tetoroo,None,0,0,0, R$  -   ,,,,NLH,0
01/06/2026,129187,pix129187,None,0,0,0, R$  -   ,,,,NLH,0
01/06/2026,130834,hardgame,None,0,0,0, R$  -   ,,,,NLH,0
01/06/2026,132602,nefasto,None,0,0,0, R$  -   ,,,,NLH,0
01/06/2026,133534,DukaGS,None,0,0,0, R$  -   ,,,,NLH,0
01/06/2026,138480,antedeguimo,None,0,0,0, R$  -   ,,,,NLH,0
01/06/2026,140920,Nunes06,None,0,0,0, R$  -   ,,,,NLH,0
01/06/2026,161570,cristianderson,None,0,0,0, R$  -   ,,,,NLH,0
01/06/2026,167219,cykmi,None,0,0,0, R$  -   ,,,,NLH,0
01/06/2026,168427,behavior2,None,0,0,0, R$  -   ,,,,NLH,"4,54"
01/06/2026,174471,TINANAN,None,0,0,0, R$  -   ,,,,NLH,0
01/06/2026,174473,Marcos De Neuma,None,0,0,0, R$  -   ,,,,NLH,0
01/06/2026,174474,Antoin De Nestor,None,0,0,0, R$  -   ,,,,NLH,0
01/06/2026,174477,pix174477,None,0,0,0, R$  -   ,,,,NLH,0
01/06/2026,177383,pix177383,None,0,0,0, R$  -   ,,,,NLH,0
01/06/2026,177899,vradar,None,0,0,0, R$  -   ,,,,NLH,0
01/06/2026,182219,pix182219,None,0,0,0, R$  -   ,,,,NLH,0
01/06/2026,186733,pix186733,None,0,0,0, R$  -   ,,,,NLH,0
01/06/2026,188325,pix188325,None,0,0,0, R$  -   ,,,,NLH,"0,9"
01/06/2026,188357,Rosane,None,0,0,0, R$  -   ,,,,NLH,0
01/06/2026,190913,p2p4kings,None,0,0,0, R$  -   ,,,,NLH,0
01/06/2026,191806,777pixpoker,None,0,0,0, R$  -   ,,,,NLH,0
01/06/2026,192476,pix192476,None,0,0,0, R$  -   ,,,,NLH,0
01/06/2026,192478,pix192478,None,0,0,0, R$  -   ,,,,NLH,"1,21"
01/06/2026,193337,vdk7,None,0,0,0, R$  -   ,,,,NLH,0
01/06/2026,193572,pix193572,None,0,0,0, R$  -   ,,,,NLH,0
01/06/2026,193573,PIXBAD157,None,0,0,0, R$  -   ,,,,NLH,0
01/06/2026,195988,pix195988,None,0,0,0, R$  -   ,,,,NLH,0
01/06/2026,196381,pix196381,None,0,0,0, R$  -   ,,,,NLH,0
01/06/2026,196386,rejaili,None,0,0,0, R$  -   ,,,,NLH,0
01/06/2026,196394,pix196394,None,0,0,0, R$  -   ,,,,NLH,0
01/06/2026,196395,Vaieperde,None,0,0,0, R$  -   ,,,,NLH,0
01/06/2026,196401,pix196401,None,0,0,0, R$  -   ,,,,NLH,0
01/06/2026,196403,pix196403,None,0,0,0, R$  -   ,,,,NLH,0
01/06/2026,165380,Ghostface,None,0,"1,5",0," R$  1,50 ","0,00%","100,00%","0,00%",MTT,-15
01/06/2026,124391,veraluciafar,None,0,0,0, R$  -   ,,,,NLH,0
01/06/2026,124401,killthemall,None,0,0,0, R$  -   ,,,,NLH,"1,01"
01/06/2026,124413,catrupe,None,0,0,0, R$  -   ,,,,NLH,0
01/06/2026,124444,jubileu333,None,0,0,0, R$  -   ,,,,NLH,0
01/06/2026,124454,20mata,None,0,0,0, R$  -   ,,,,NLH,0
01/06/2026,124461,obaralhao,None,0,0,0, R$  -   ,,,,NLH,0
01/06/2026,124630,fungonaunha,None,0,0,0, R$  -   ,,,,NLH,0
01/06/2026,124634,filmetriste,None,0,0,0, R$  -   ,,,,NLH,0
01/06/2026,128942,AlêOliveira,None,0,0,0, R$  -   ,,,,NLH,0
01/06/2026,143211,pix143211,None,0,0,0, R$  -   ,,,,NLH,0
01/06/2026,147988,pix147988,None,0,0,0, R$  -   ,,,,NLH,0
01/06/2026,151584,wiillbeelo,None,0,0,0, R$  -   ,,,,NLH,"0,48"
01/06/2026,152582,Leoluine,None,0,0,0, R$  -   ,,,,NLH,0
01/06/2026,153573,dbart,None,0,0,0, R$  -   ,,,,NLH,0
01/06/2026,154364,TAV19,None,0,0,0, R$  -   ,,,,NLH,0
01/06/2026,166677,pix166677,None,0,0,0, R$  -   ,,,,NLH,0
01/06/2026,167084,LeoLuine1,None,0,"0,2",0," R$  0,20 ","0,00%","100,00%","0,00%",MTT,"-1,42"
01/06/2026,167268,LeoLuine2,None,0,0,0, R$  -   ,,,,NLH,0
01/06/2026,168077,Sarkozy77,None,0,10,0," R$  10,00 ","0,00%","100,00%","0,00%",MTT,"112,6"
01/06/2026,168276,pix168276,None,0,0,0, R$  -   ,,,,NLH,0
01/06/2026,169796,pix169796,None,0,0,0, R$  -   ,,,,NLH,0
01/06/2026,171661,joseneto77,None,0,0,0, R$  -   ,,,,NLH,0
01/06/2026,176151,nabira,None,0,0,0, R$  -   ,,,,NLH,0
01/06/2026,176185,easy money,None,0,0,0, R$  -   ,,,,NLH,0
01/06/2026,176525,KKing,None,0,0,0, R$  -   ,,,,NLH,0
01/06/2026,176656,yuyu,None,0,0,0, R$  -   ,,,,NLH,0
01/06/2026,178709,56énuts,None,0,0,0, R$  -   ,,,,NLH,0
01/06/2026,184458,pix184458,None,0,0,0, R$  -   ,,,,NLH,0
01/06/2026,190633,pix190633,None,0,0,0, R$  -   ,,,,NLH,0
01/06/2026,192149,pix192149,None,0,0,0, R$  -   ,,,,NLH,"0,84"
01/06/2026,193532,pix193532,None,0,0,0, R$  -   ,,,,NLH,0
01/06/2026,193605,pix193605,None,0,0,0, R$  -   ,,,,NLH,0
01/06/2026,193740,pix193740,None,0,0,0, R$  -   ,,,,NLH,0
01/06/2026,193920,pix193920,None,0,0,0, R$  -   ,,,,NLH,0
01/06/2026,195773,pix195773,None,0,0,0, R$  -   ,,,,NLH,0
01/06/2026,195902,pix195902,None,0,0,0, R$  -   ,,,,NLH,0
01/06/2026,195904,pix195904,None,0,0,0, R$  -   ,,,,NLH,0
01/06/2026,196219,pix196219,None,0,0,0, R$  -   ,,,,NLH,0
01/06/2026,196245,pix196245,None,0,"0,6",0," R$  0,60 ","0,00%","100,00%","0,00%",MTT,"1,38"
01/06/2026,196253,pix196253,None,0,0,0, R$  -   ,,,,NLH,0
01/06/2026,177493,FioteradaBahea,None,0,"1,05","29,31"," R$  30,36 ","0,00%","3,46%","96,54%",PLO6,"-100,52"
01/06/2026,180437,pix1717,None,"6,08",0,"11,13"," R$  17,21 ","35,33%","0,00%","64,67%",PLO6,-60
01/06/2026,195162,pix195162,None,0,0,"6,76"," R$  6,76 ","0,00%","0,00%","100,00%",PLO6,-43
01/06/2026,113682,pix113682,None,0,0,"0,41"," R$  0,41 ","0,00%","0,00%","100,00%",PLO6,0
01/06/2026,119894,ttktx,None,0,"5,2","0,48"," R$  5,68 ","0,00%","91,55%","8,45%",MTT,-60
01/06/2026,196199,codorna al,None,"0,79",0,"12,35"," R$  13,14 ","6,01%","0,00%","93,99%",PLO6,45
01/06/2026,143190,Erivan01,None,0,0,0, R$  -   ,,,,NLH,0
01/06/2026,147269,paracetamol,None,0,0,0, R$  -   ,,,,NLH,0
01/06/2026,182861,Nikolau ?,None,0,0,0, R$  -   ,,,,NLH,0
01/06/2026,188015,pix188015,None,0,0,0, R$  -   ,,,,NLH,0
01/06/2026,188018,hawkaqui,None,0,0,0, R$  -   ,,,,NLH,0
01/06/2026,191307,EHMM,None,0,0,0, R$  -   ,,,,NLH,"1,24"
01/06/2026,191330,pix191330,None,0,0,0, R$  -   ,,,,NLH,0
01/06/2026,191723,EsterHawk,None,0,0,0, R$  -   ,,,,NLH,0
01/06/2026,192223,pix192223,None,0,0,0, R$  -   ,,,,NLH,0
01/06/2026,193282,pix193282,None,0,0,0, R$  -   ,,,,NLH,0
01/06/2026,193283,pix193283,None,0,0,0, R$  -   ,,,,NLH,0
01/06/2026,194198,duplo malte,None,0,0,0, R$  -   ,,,,NLH,0
01/06/2026,125981,pix125981,None,"118,92",0,0," R$  118,92 ","100,00%","0,00%","0,00%",NLH,"-347,26"
01/06/2026,149251,Tití,None,"1,54",0,0," R$  1,54 ","100,00%","0,00%","0,00%",NLH,"-8,5"
01/06/2026,172898,pegaelerexx,None,"0,65",0,0," R$  0,65 ","100,00%","0,00%","0,00%",NLH,-12
01/06/2026,196426,pix196426,None,"6,71",0,0," R$  6,71 ","100,00%","0,00%","0,00%",NLH,"-44,16"
01/06/2026,196418,pix196418,None,"1,28","1,5","13,17"," R$  15,95 ","8,03%","9,40%","82,57%",PLO6,-29
01/06/2026,193994,moído,None,0,"11,8","10,2"," R$  22,00 ","0,00%","53,64%","46,36%",MTT,"-81,42"
01/06/2026,151057,Beto $alada,None,0,"0,8",0," R$  0,80 ","0,00%","100,00%","0,00%",MTT,-8
01/06/2026,196420,pix196420,None,0,"2,4","510,3"," R$  512,70 ","0,00%","0,47%","99,53%",PLO6,-1693
01/06/2026,196415,pix196415,None,0,0,"0,74"," R$  0,74 ","0,00%","0,00%","100,00%",PLO6,-10
01/06/2026,196421,Emerson 24,None,"25,35",0,"3,16"," R$  28,51 ","88,92%","0,00%","11,08%",NLH,-135
01/06/2026,149367,André Bahia,None,0,"44,1","0,43"," R$  44,53 ","0,00%","99,03%","0,97%",MTT,"113,28"
01/06/2026,192448,gbfrs,None,"1,01",0,0," R$  1,01 ","100,00%","0,00%","0,00%",NLH,-4
01/06/2026,171655,BayHarbor,None,"11,91",0,0," R$  11,91 ","100,00%","0,00%","0,00%",NLH,"-48,41"
01/06/2026,103255,pix103255,None,0,0,0, R$  -   ,,,,NLH,0
01/06/2026,106460,caricatura02,None,0,0,0, R$  -   ,,,,NLH,0
01/06/2026,106675,AllissonB,None,0,0,0, R$  -   ,,,,NLH,0
01/06/2026,124306,punicaoalimpers,None,0,0,0, R$  -   ,,,,NLH,"0,84"
01/06/2026,124409,camisa7,None,0,0,0, R$  -   ,,,,NLH,"0,7"
01/06/2026,132364,El chapo33,None,0,0,0, R$  -   ,,,,NLH,"0,4"
01/06/2026,158727,pix158727,None,0,0,0, R$  -   ,,,,NLH,0
01/06/2026,162065,pix162065,None,0,"0,1",0," R$  0,10 ","0,00%","100,00%","0,00%",MTT,"0,01"
01/06/2026,164386,pix164386,None,0,0,0, R$  -   ,,,,NLH,0
01/06/2026,166613,pix166613,None,0,0,0, R$  -   ,,,,NLH,0
01/06/2026,169881,bugthebest,None,0,0,0, R$  -   ,,,,NLH,0
01/06/2026,171387,pix171387,None,0,0,0, R$  -   ,,,,NLH,0
01/06/2026,177177,pix177177,None,0,0,0, R$  -   ,,,,NLH,0
01/06/2026,179417,pix179417,None,0,0,0, R$  -   ,,,,NLH,0
01/06/2026,179757,zorrokkk,None,0,0,0, R$  -   ,,,,NLH,"0,48"
01/06/2026,179788,th200,None,0,0,0, R$  -   ,,,,NLH,0
01/06/2026,180282,pixmaicon,None,0,0,0, R$  -   ,,,,NLH,0
01/06/2026,180523,psao7608,None,0,0,0, R$  -   ,,,,NLH,"0,48"
01/06/2026,183340,flaythebest,None,0,0,0, R$  -   ,,,,NLH,0
01/06/2026,183517,vinimb69,None,0,0,0, R$  -   ,,,,NLH,0
01/06/2026,196413,pix196413,None,0,0,0, R$  -   ,,,,NLH,"0,73"
01/06/2026,171217,xLordRandall,None,0,"1,5",0," R$  1,50 ","0,00%","100,00%","0,00%",MTT,"90,35"
01/06/2026,195723,pix195723,None,0,0,"9,6"," R$  9,60 ","0,00%","0,00%","100,00%",PLO6,-120
01/06/2026,138062,ML1001,None,0,"4,7",0," R$  4,70 ","0,00%","100,00%","0,00%",MTT,"-18,08"
01/06/2026,192582,RafaelMR,None,0,0,"1,03"," R$  1,03 ","0,00%","0,00%","100,00%",PLO6,-8
01/06/2026,122649,Soneca36,None,0,0,0, R$  -   ,,,,NLH,0
01/06/2026,123504,SilvioAc,None,0,0,0, R$  -   ,,,,NLH,0
01/06/2026,134373,fio bao,None,0,0,0, R$  -   ,,,,NLH,0
01/06/2026,144081,Wender ws,None,0,0,0, R$  -   ,,,,NLH,0
01/06/2026,156380,Goku Lombrado,None,0,0,0, R$  -   ,,,,NLH,0
01/06/2026,158991,Frodo Baggins,None,0,0,0, R$  -   ,,,,NLH,0
01/06/2026,173134,pix173134,None,0,0,0, R$  -   ,,,,NLH,0
01/06/2026,186748,Mulherdomeumarido33,None,0,0,0, R$  -   ,,,,NLH,0
01/06/2026,187062,chacal$74,None,0,0,0, R$  -   ,,,,NLH,0
01/06/2026,188637,pix188637,None,0,0,0, R$  -   ,,,,NLH,0
01/06/2026,190884,bezzera11,None,0,0,0, R$  -   ,,,,NLH,0
01/06/2026,191111,gs mlk,None,0,0,0, R$  -   ,,,,NLH,0
01/06/2026,192079,Gleristontnt,None,0,0,0, R$  -   ,,,,NLH,0
01/06/2026,195537,pix195537,None,0,0,0, R$  -   ,,,,NLH,0
01/06/2026,196034,pix196034,None,0,0,0, R$  -   ,,,,NLH,"2,1"
01/06/2026,196035,pix196035,None,0,0,0, R$  -   ,,,,NLH,"0,75"
01/06/2026,196159,fernandoeulimpo,None,0,0,0, R$  -   ,,,,NLH,0
01/06/2026,196412,CONSTANTIN0,None,0,0,0, R$  -   ,,,,NLH,0
01/06/2026,195464,ZebranoPixPoker,None,0,0,"784,64"," R$  784,64 ","0,00%","0,00%","100,00%",PLO6,"-8085,34"
01/06/2026,195524,pix195524,None,"1,25",0,0," R$  1,25 ","100,00%","0,00%","0,00%",NLH,-15
01/06/2026,194366,Buhaiov,None,0,0,"0,34"," R$  0,34 ","0,00%","0,00%","100,00%",PLO6,"-4,32"
01/06/2026,122747,pix122747,None,0,0,0, R$  -   ,,,,NLH,0
01/06/2026,149758,pix149758,None,0,"0,2",0," R$  0,20 ","0,00%","100,00%","0,00%",MTT,"0,23"
01/06/2026,156575,Sky,None,0,0,0, R$  -   ,,,,NLH,0
01/06/2026,180156,pix180156,None,0,0,0, R$  -   ,,,,NLH,0
01/06/2026,185920,pix185920,None,0,0,0, R$  -   ,,,,NLH,"0,72"
01/06/2026,188795,pix188795,None,0,0,0, R$  -   ,,,,NLH,0
01/06/2026,196161,pix196161,None,0,0,0, R$  -   ,,,,NLH,0
01/06/2026,196423,pix196423,None,0,0,0, R$  -   ,,,,NLH,0
01/06/2026,196424,pix196424,None,0,0,0, R$  -   ,,,,NLH,0
01/06/2026,196425,pix196425,None,0,0,0, R$  -   ,,,,NLH,0
01/06/2026,123259,leleorei,None,0,0,"36,27"," R$  36,27 ","0,00%","0,00%","100,00%",PLO6,-360
01/06/2026,187224,pix187224,None,0,0,"9,41"," R$  9,41 ","0,00%","0,00%","100,00%",PLO6,-50
01/06/2026,196429,pix196429,None,0,0,"14,57"," R$  14,57 ","0,00%","0,00%","100,00%",PLO6,-120
01/06/2026,195800,NiinjaCe,None,0,2,0," R$  2,00 ","0,00%","100,00%","0,00%",MTT,-20
01/06/2026,138124,pix138124,None,0,"52,45","36,3"," R$  88,75 ","0,00%","59,10%","40,90%",MTT,"-267,04"
01/06/2026,178919,pix178919,None,0,"7,1","57,84"," R$  64,94 ","0,00%","10,93%","89,07%",PLO6,-496
01/06/2026,193289,NaN_,None,0,0,"5,96"," R$  5,96 ","0,00%","0,00%","100,00%",PLO6,-40
01/06/2026,182500,LFALCAO,None,"3,36",0,"0,57"," R$  3,93 ","85,50%","0,00%","14,50%",NLH,"-45,9"
01/06/2026,196434,gondolo,None,"3,75",0,0," R$  3,75 ","100,00%","0,00%","0,00%",NLH,-50
01/06/2026,125839,Liko,None,0,"0,8",0," R$  0,80 ","0,00%","100,00%","0,00%",MTT,-8
01/06/2026,156521,pix156521,None,"64,44",0,0," R$  64,44 ","100,00%","0,00%","0,00%",NLH,"-320,12"
01/06/2026,112350,Pai Chuin,None,"2,75","2,4",0," R$  5,15 ","53,40%","46,60%","0,00%",NLH,-74
01/06/2026,147725,Fortunato 728,None,0,0,3," R$  3,00 ","0,00%","0,00%","100,00%",PLO6,"4,01"
01/06/2026,156297,ReFF,None,"9,56",0,0," R$  9,56 ","100,00%","0,00%","0,00%",NLH,"25,43"
01/06/2026,170471,taylhon,None,"11,55",0,0," R$  11,55 ","100,00%","0,00%","0,00%",NLH,-110
01/06/2026,195940,pix195940,None,"2,32",0,0," R$  2,32 ","100,00%","0,00%","0,00%",NLH,-30
01/06/2026,174153,ROYALE POKER AG,None,0,0,"11,05"," R$  11,05 ","0,00%","0,00%","100,00%",PLO6,-90
01/06/2026,144895,pix144895,None,0,"0,7",0," R$  0,70 ","0,00%","100,00%","0,00%",MTT,-7
01/06/2026,153690,Dadaboladão,None,0,"2,7",0," R$  2,70 ","0,00%","100,00%","0,00%",MTT,-27
01/06/2026,139746,thiagos85,None,"12,94","14,8","8,68"," R$  36,42 ","35,53%","40,64%","23,83%",MTT,"329,94"
01/06/2026,119739,jhonatan,None,"3,8","0,84",0," R$  4,64 ","81,90%","18,10%","0,00%",NLH,"-28,4"
01/06/2026,134780,.dg.,None,"1,05",0,0," R$  1,05 ","100,00%","0,00%","0,00%",NLH,-12
01/06/2026,146829,Adauto,None,"5,93",0,0," R$  5,93 ","100,00%","0,00%","0,00%",NLH,"5,76"
01/06/2026,153685,jagunço,None,"16,05",0,0," R$  16,05 ","100,00%","0,00%","0,00%",NLH,-50
01/06/2026,157576,DIEGO10K,None,"20,07","7,4",0," R$  27,47 ","73,06%","26,94%","0,00%",NLH,"-5,06"
01/06/2026,162668,P3DIM,None,"25,23","1,5","47,1"," R$  73,83 ","34,17%","2,03%","63,80%",PLO6,"-299,26"
01/06/2026,172455,None,None,"5,27",0,0," R$  5,27 ","100,00%","0,00%","0,00%",NLH,"11,51"
01/06/2026,180697,davicraque,None,"1,08",0,"4,85"," R$  5,93 ","18,21%","0,00%","81,79%",PLO6,"70,28"
01/06/2026,193782,pix193782,None,"117,55",0,0," R$  117,55 ","100,00%","0,00%","0,00%",NLH,130
01/06/2026,195614,Ethanhunt97,None,"2,46",0,0," R$  2,46 ","100,00%","0,00%","0,00%",NLH,-20
01/06/2026,196270,MOGUE,None,"7,08",0,0," R$  7,08 ","100,00%","0,00%","0,00%",NLH,"37,84"
01/06/2026,196442,pix196442,None,"11,67",0,0," R$  11,67 ","100,00%","0,00%","0,00%",NLH,-40
01/06/2026,196450,pix196450,None,"7,06",0,0," R$  7,06 ","100,00%","0,00%","0,00%",NLH,-20
01/06/2026,152576,pix152576,None,0,"2,4",0," R$  2,40 ","0,00%","100,00%","0,00%",MTT,-49
01/06/2026,164085,DrawingDead,None,0,0,0, R$  -   ,,,,NLH,-25
01/06/2026,111100,XerifeTexas,None,"0,43",0,0," R$  0,43 ","100,00%","0,00%","0,00%",NLH,-4
01/06/2026,162067,pix162067,None,0,0,0, R$  -   ,,,,NLH,0
01/06/2026,169778,pix169778,None,0,0,0, R$  -   ,,,,NLH,0
01/06/2026,171388,pix171388,None,0,0,0, R$  -   ,,,,NLH,0
01/06/2026,196439,pix196439,None,0,0,0, R$  -   ,,,,NLH,0
01/06/2026,196444,pix196444,None,"1,39",0,0," R$  1,39 ","100,00%","0,00%","0,00%",NLH,"-8,2"
01/06/2026,192767,Mobubuzu,None,0,1,0," R$  1,00 ","0,00%","100,00%","0,00%",MTT,-10
01/06/2026,196443,pix196443,None,"3,59",0,0," R$  3,59 ","100,00%","0,00%","0,00%",NLH,-40
01/06/2026,171007,pix171007,None,0,0,4," R$  4,00 ","0,00%","0,00%","100,00%",PLO6,"-50,78"
01/06/2026,159003,ManeMá,None,"1,5",0,0," R$  1,50 ","100,00%","0,00%","0,00%",NLH,"5,95"
01/06/2026,181869,C.A1507,None,"0,66",0,0," R$  0,66 ","100,00%","0,00%","0,00%",NLH,"12,2"
01/06/2026,196446,pix196446,None,0,0,"8,21"," R$  8,21 ","0,00%","0,00%","100,00%",PLO6,-71
01/06/2026,193624,pix193624,None,0,"1,6",0," R$  1,60 ","0,00%","100,00%","0,00%",MTT,-16
01/06/2026,110688,Micaell,None,0,"0,5",0," R$  0,50 ","0,00%","100,00%","0,00%",MTT,-5
01/06/2026,193748,jvlcosta,None,0,0,"39,3"," R$  39,30 ","0,00%","0,00%","100,00%",PLO6,-149
01/06/2026,195561,verissimo001,None,"1,2",0,0," R$  1,20 ","100,00%","0,00%","0,00%",NLH,-20
01/06/2026,112769,pix112769,None,0,0,0, R$  -   ,,,,NLH,"1,36"
01/06/2026,166342,R.o.H,None,0,0,0, R$  -   ,,,,NLH,0
01/06/2026,168864,pix168864,None,"1,5",0,0," R$  1,50 ","100,00%","0,00%","0,00%",NLH,-20
01/06/2026,196448,araujorj,None,"3,05","11,36",0," R$  14,41 ","21,17%","78,83%","0,00%",MTT,"-47,57"
01/06/2026,196460,pix196460,None,"35,95",0,0," R$  35,95 ","100,00%","0,00%","0,00%",NLH,"56,91"
01/06/2026,196276,pix196276,None,0,0,"10,29"," R$  10,29 ","0,00%","0,00%","100,00%",PLO6,18
01/06/2026,195999,magodoallin,None,"5,93",0,"0,25"," R$  6,18 ","95,95%","0,00%","4,05%",NLH,"-52,05"
01/06/2026,152890,guilherm souto,None,0,5,0," R$  5,00 ","0,00%","100,00%","0,00%",MTT,-50
01/06/2026,125040,Mércia,None,0,0,0, R$  -   ,,,,NLH,0
01/06/2026,134254,Meloso95,None,0,0,0, R$  -   ,,,,NLH,0
01/06/2026,135400,Mercia09,None,0,0,0, R$  -   ,,,,NLH,"3,04"
01/06/2026,146696,cachaça51,None,0,0,0, R$  -   ,,,,NLH,0
01/06/2026,148496,Viniciusgomezs,None,0,0,0, R$  -   ,,,,NLH,0
01/06/2026,150313,magozx,None,0,0,0, R$  -   ,,,,NLH,0
01/06/2026,156257,TAINANPAZ,None,0,"0,2",0," R$  0,20 ","0,00%","100,00%","0,00%",MTT,-2
01/06/2026,182466,pix182466,None,0,"0,2",0," R$  0,20 ","0,00%","100,00%","0,00%",MTT,-2
01/06/2026,189281,pix189281,None,0,0,0, R$  -   ,,,,NLH,0
01/06/2026,193695,pix193695,None,0,0,0, R$  -   ,,,,NLH,0
01/06/2026,129753,FabioAlpha,None,0,"0,5",0," R$  0,50 ","0,00%","100,00%","0,00%",MTT,-5
01/06/2026,155126,NeiLeite,None,0,"0,5",0," R$  0,50 ","0,00%","100,00%","0,00%",MTT,-5
01/06/2026,118141,mozo,None,"1,05",0,0," R$  1,05 ","100,00%","0,00%","0,00%",NLH,-15
01/06/2026,121022,acabafarra,None,"2,6",0,0," R$  2,60 ","100,00%","0,00%","0,00%",NLH,"11,63"
01/06/2026,182395,paulo_guima,None,"1,13",0,"0,51"," R$  1,64 ","68,90%","0,00%","31,10%",NLH,"5,87"
01/06/2026,153834,SamucaMon,None,0,"1,7",0," R$  1,70 ","0,00%","100,00%","0,00%",MTT,"353,48"
01/06/2026,159023,LbdotremBala,None,0,"5,5",0," R$  5,50 ","0,00%","100,00%","0,00%",MTT,-55
01/06/2026,133945,chicodoL,None,0,0,"0,71"," R$  0,71 ","0,00%","0,00%","100,00%",PLO6,-15
01/06/2026,142773,thaisgonçalves,None,0,0,0, R$  -   ,,,,NLH,0
01/06/2026,143064,pawerrangersrosa,None,0,0,0, R$  -   ,,,,NLH,0
01/06/2026,143066,mulher gato,None,0,0,0, R$  -   ,,,,NLH,0
01/06/2026,144211,pix144211,None,0,0,0, R$  -   ,,,,NLH,0
01/06/2026,145268,malvadaopirata,None,0,0,0, R$  -   ,,,,NLH,0
01/06/2026,146295,pix146295,None,0,0,0, R$  -   ,,,,NLH,0
01/06/2026,181643,jgpixbet,None,0,0,0, R$  -   ,,,,NLH,0
01/06/2026,193580,ROLUD0,None,0,0,0, R$  -   ,,,,NLH,"1,33"
01/06/2026,196220,pix196220,None,0,0,0, R$  -   ,,,,NLH,0
01/06/2026,196466,pix196466,None,0,0,0, R$  -   ,,,,NLH,0
01/06/2026,120745,Doutorzin,AF - BERNARDO,0,0,"593,8"," R$  593,80 ","0,00%","0,00%","100,00%",PLO6,"-1308,2"
01/06/2026,100533,@H.L.Poker ?,AF - BERNARDO,"0,56",0,0," R$  0,56 ","100,00%","0,00%","0,00%",NLH,"-5,29"
01/06/2026,159243,JL0211,AF - BERNARDO,0,0,0, R$  -   ,,,,NLH,0
01/06/2026,148812,seu barriga,AF - BERNARDO,0,0,"5,24"," R$  5,24 ","0,00%","0,00%","100,00%",PLO6,"-11,92"
01/06/2026,146754,ricardo ribeiro,AF - BERNARDO,0,"15,5","305,86"," R$  321,36 ","0,00%","4,82%","95,18%",PLO6,"314,44"
01/06/2026,130783,pix102672,AF - BERNARDO,0,0,0, R$  -   ,,,,NLH,0
01/06/2026,130369,Padeiro,AF - EDUARDO FRANÇA,0,"41,9","29,2"," R$  71,10 ","0,00%","58,93%","41,07%",MTT,"-545,59"
01/06/2026,141352,RuiBR,AF - EDUARDO FRANÇA,0,"18,6","44,25"," R$  62,85 ","0,00%","29,59%","70,41%",PLO6,-115
01/06/2026,180290,Espankacu,AF - EDUARDO FRANÇA,"2,77","34,3",0," R$  37,07 ","7,47%","92,53%","0,00%",MTT,"20,17"
01/06/2026,135146,BRshelby,AF - EDUARDO FRANÇA,0,"86,45",0," R$  86,45 ","0,00%","100,00%","0,00%",MTT,"770,5"
01/06/2026,134624,Vladpoker,AF - EDUARDO FRANÇA,0,"47,5",0," R$  47,50 ","0,00%","100,00%","0,00%",MTT,-475
01/06/2026,143740,Hidalgo,AF - EDUARDO FRANÇA,"310,98","2,4",0," R$  313,38 ","99,23%","0,77%","0,00%",NLH,-95
01/06/2026,148112,Jean22,AF - EDUARDO FRANÇA,0,0,0, R$  -   ,,,,NLH,"16,77"
01/06/2026,146435,B0L$0NAR0,AF - EDUARDO FRANÇA,0,0,"282,97"," R$  282,97 ","0,00%","0,00%","100,00%",PLO6,"-49,35"
01/06/2026,153210,um7noriver,AF - EDUARDO FRANÇA,0,3,0," R$  3,00 ","0,00%","100,00%","0,00%",MTT,-30
01/06/2026,177167,MrBabayaga,AF - EDUARDO FRANÇA,0,0,0, R$  -   ,,,,NLH,0
01/06/2026,135331,rsmjunior91,AF - EDUARDO FRANÇA,0,0,"24,04"," R$  24,04 ","0,00%","0,00%","100,00%",PLO6,88
01/06/2026,137593,Radar,AF - CATHOLÃO,0,0,"773,34"," R$  773,34 ","0,00%","0,00%","100,00%",PLO6,"4535,82"
01/06/2026,115288,vicluz10,AF - CATHOLÃO,"96,41","104,6","18,92"," R$  219,93 ","43,84%","47,56%","8,60%",MTT,"146,03"
01/06/2026,149338,Goianal,AF - CATHOLÃO,0,0,"0,49"," R$  0,49 ","0,00%","0,00%","100,00%",PLO6,"-22,39"
01/06/2026,150374,?????,AF - CATHOLÃO,0,"261,1",0," R$  261,10 ","0,00%","100,00%","0,00%",MTT,"-2274,58"
01/06/2026,107390,complicado,AF - CATHOLÃO,0,3,"39,38"," R$  42,38 ","0,00%","7,08%","92,92%",PLO6,"-1,02"
01/06/2026,131072,TIGRlNHO,AF - CATHOLÃO,0,0,"338,25"," R$  338,25 ","0,00%","0,00%","100,00%",PLO6,"-1588,25"
01/06/2026,148810,pix148810,AF - CATHOLÃO,0,0,0, R$  -   ,,,,NLH,0
01/06/2026,165527,LIÃO,AF - CATHOLÃO,"4,2",0,"12,69"," R$  16,89 ","24,87%","0,00%","75,13%",PLO6,-108
01/06/2026,134626,Paquetá,AF - CATHOLÃO,0,10,0," R$  10,00 ","0,00%","100,00%","0,00%",MTT,-100
01/06/2026,142879,birokingg,AF - CATHOLÃO,0,0,0, R$  -   ,,,,NLH,0
01/06/2026,144139,Underground.Noctis,AF - AX POKER CLUB,0,0,"9,83"," R$  9,83 ","0,00%","0,00%","100,00%",PLO6,"-154,5"
01/06/2026,152520,Jeronimooo,AF - AX POKER CLUB,0,0,0, R$  -   ,,,,NLH,0
01/06/2026,155964,rodttneto,AF - AX POKER CLUB,0,0,"0,34"," R$  0,34 ","0,00%","0,00%","100,00%",PLO6,"-1,9"
01/06/2026,179681,offzz07,AF - AX POKER CLUB,0,0,0, R$  -   ,,,,NLH,0
01/06/2026,135540,ELISEU,AF - AX POKER CLUB,"11,78",0,0," R$  11,78 ","100,00%","0,00%","0,00%",NLH,"-10,43"
01/06/2026,137496,messi??,AF - AX POKER CLUB,0,10,"24,42"," R$  34,42 ","0,00%","29,05%","70,95%",PLO6,"-392,51"
01/06/2026,135299,s_mpoker,AF - AX POKER CLUB,"0,2",1,0," R$  1,20 ","16,67%","83,33%","0,00%",MTT,"-10,07"
01/06/2026,146454,Rambo,AF - AX POKER CLUB,0,0,"7,76"," R$  7,76 ","0,00%","0,00%","100,00%",PLO6,-60
01/06/2026,153810,Thyago - Bode,AF - AX POKER CLUB,"0,77","5,2",0," R$  5,97 ","12,90%","87,10%","0,00%",MTT,"-50,45"
01/06/2026,145831,pedroigor,AF - AX POKER CLUB,0,0,0, R$  -   ,,,,NLH,0
01/06/2026,189798,jotapenis,AF - AX POKER CLUB,0,0,0, R$  -   ,,,,NLH,0
01/06/2026,165456,Aruu,AF - AX POKER CLUB,0,0,0, R$  -   ,,,,NLH,0
01/06/2026,174005,isvizin,AF - AX POKER CLUB,0,"4,6",0," R$  4,60 ","0,00%","100,00%","0,00%",MTT,-46
01/06/2026,144512,Zé Costa,AF - RPSOP,0,1,"7,52"," R$  8,52 ","0,00%","11,74%","88,26%",PLO6,"-263,28"
01/06/2026,152675,Semacordo,AF - RPSOP,0,4,"113,48"," R$  117,48 ","0,00%","3,40%","96,60%",PLO6,"-264,94"
01/06/2026,149078,Purga,AF - RPSOP,0,0,0, R$  -   ,,,,NLH,0
01/06/2026,149126,Leonardo Alves,AF - RPSOP,0,"1,6",0," R$  1,60 ","0,00%","100,00%","0,00%",MTT,-16
01/06/2026,150635,Pixsolidario,AF - RPSOP,"23,57",0,0," R$  23,57 ","100,00%","0,00%","0,00%",NLH,-172
01/06/2026,151420,devil,AF - LEANDRO,0,0,"28,16"," R$  28,16 ","0,00%","0,00%","100,00%",PLO6,"-144,92"
01/06/2026,158786,sttela,AF - LEANDRO,0,"0,8",0," R$  0,80 ","0,00%","100,00%","0,00%",MTT,-8
01/06/2026,152368,TôNemAÍ,AF - LEANDRO,0,"6,6","38,09"," R$  44,69 ","0,00%","14,77%","85,23%",PLO6,-157
01/06/2026,159067,Brenooo,AF - LEANDRO,0,"0,8","58,94"," R$  59,74 ","0,00%","1,34%","98,66%",PLO6,"-16,48"
01/06/2026,165787,PRA SEMPRE GANLEY,AF - LEANDRO,"6,45","1,8","83,95"," R$  92,20 ","7,00%","1,95%","91,05%",PLO6,"-172,79"
01/06/2026,108942,Galeego,AF - LEANDRO,"88,08",6,"22,08"," R$  116,16 ","75,83%","5,17%","19,01%",NLH,"-240,68"
01/06/2026,127645,Erick Vinny,AF - LEANDRO,0,0,0, R$  -   ,,,,NLH,0
01/06/2026,145256,FabrícioVoctor,AF - LEANDRO,0,0,0, R$  -   ,,,,NLH,0
01/06/2026,146053,MANDALORIAN-146053,AF - LEANDRO,0,"1,86",0," R$  1,86 ","0,00%","100,00%","0,00%",MTT,"50,5"
01/06/2026,172006,NolanJairo,AF - LEANDRO,0,0,"0,11"," R$  0,11 ","0,00%","0,00%","100,00%",PLO6,"-2,12"
01/06/2026,172717,bicarbonato,AF - LEANDRO,0,0,0, R$  -   ,,,,NLH,0
01/06/2026,139648,Bob Lee Swagger,AF - LEANDRO,0,0,"5,95"," R$  5,95 ","0,00%","0,00%","100,00%",PLO6,-73
01/06/2026,140016,T. Shelby,AF - LEANDRO,0,"18,45","1,21"," R$  19,66 ","0,00%","93,85%","6,15%",MTT,"29,25"
01/06/2026,152328,ALEMDALOMBRA??,AF - LEANDRO,"77,69",0,"0,45"," R$  78,14 ","99,42%","0,00%","0,58%",NLH,"-29,94"
01/06/2026,150696,Derel?,AF - LEANDRO,"8,68",0,0," R$  8,68 ","100,00%","0,00%","0,00%",NLH,"-63,72"
01/06/2026,158000,MoRPhEo,AF - LEANDRO,"34,55",0,0," R$  34,55 ","100,00%","0,00%","0,00%",NLH,"132,44"
01/06/2026,159464,Mineirinho18,AF - LEANDRO,"64,28",0,0," R$  64,28 ","100,00%","0,00%","0,00%",NLH,36
01/06/2026,179740,energyronald,AF - LEANDRO,"16,61",0,0," R$  16,61 ","100,00%","0,00%","0,00%",NLH,-45
01/06/2026,156755,motocó?,AF - LEANDRO,0,0,"178,8"," R$  178,80 ","0,00%","0,00%","100,00%",PLO6,"-723,01"
01/06/2026,157769,vpzera,AF - LEANDRO,"0,4",19,"77,37"," R$  96,77 ","0,41%","19,63%","79,95%",PLO6,"-75,75"
01/06/2026,153971,pix153971,AF - LEANDRO,0,0,"98,73"," R$  98,73 ","0,00%","0,00%","100,00%",PLO6,-160
01/06/2026,158350,ZE ON,AF - LEANDRO,"36,03",4,"64,89"," R$  104,92 ","34,34%","3,81%","61,85%",PLO6,-654
01/06/2026,165375,SAROBEIRO ?,AF - LEANDRO,"1,45",0,"5,9"," R$  7,35 ","19,73%","0,00%","80,27%",PLO6,"-100,75"
01/06/2026,171573,Gabriel.Lacerda,AF - LEANDRO,333,"3,2","26,78"," R$  362,98 ","91,74%","0,88%","7,38%",NLH,234
01/06/2026,119181,AstecK,AF - LEANDRO,"29,73",0,0," R$  29,73 ","100,00%","0,00%","0,00%",NLH,"-43,77"
01/06/2026,150298,Msanto,AF - LEANDRO,"3,28",0,0," R$  3,28 ","100,00%","0,00%","0,00%",NLH,-20
01/06/2026,138513,A chibata neste,AF - LEANDRO,"214,43",0,0," R$  214,43 ","100,00%","0,00%","0,00%",NLH,-500
01/06/2026,139476,willamys,AF - LEANDRO,"35,71","0,8","898,47"," R$  934,98 ","3,82%","0,09%","96,10%",PLO6,-2603
01/06/2026,157379,eufrazio07,AF - LEANDRO,"9,55",0,"28,65"," R$  38,20 ","25,00%","0,00%","75,00%",PLO6,-57
01/06/2026,112206,thebest,AF - LEANDRO,0,0,"54,36"," R$  54,36 ","0,00%","0,00%","100,00%",PLO6,"101,5"
01/06/2026,176575,Vela,AF - LEANDRO,"26,07",0,0," R$  26,07 ","100,00%","0,00%","0,00%",NLH,"-56,17"
01/06/2026,107566,BruxoAl,AF - LEANDRO,0,"48,2",0," R$  48,20 ","0,00%","100,00%","0,00%",MTT,"-271,75"
01/06/2026,164460,J h o n z i n h o10k,AF - LEANDRO,0,1,"4,02"," R$  5,02 ","0,00%","19,92%","80,08%",PLO6,"32,5"
01/06/2026,152313,JP777,AF - LEANDRO,0,"5,8",0," R$  5,80 ","0,00%","100,00%","0,00%",MTT,"55,09"
01/06/2026,153963,Bandeira10,AF - LEANDRO,0,"78,9",0," R$  78,90 ","0,00%","100,00%","0,00%",MTT,"349,12"
01/06/2026,151379,Garel?,AF - LEANDRO,"115,09","0,5",0," R$  115,59 ","99,57%","0,43%","0,00%",NLH,71
01/06/2026,177738,Clarinha157,AF - LEANDRO,"0,26",0,0," R$  0,26 ","100,00%","0,00%","0,00%",NLH,-5
01/06/2026,111763,patifari@ poker,AF - LEANDRO,"8,14","17,7",0," R$  25,84 ","31,50%","68,50%","0,00%",MTT,-228
01/06/2026,162745,TOMATao,AF - LEANDRO,0,0,"2,06"," R$  2,06 ","0,00%","0,00%","100,00%",PLO6,"13,13"
01/06/2026,180159,JOT4ÉRRE,AF - LEANDRO,0,2,0," R$  2,00 ","0,00%","100,00%","0,00%",MTT,-20
01/06/2026,141565,shameless,AF - LEANDRO,"39,48",0,"18,59"," R$  58,07 ","67,99%","0,00%","32,01%",NLH,"102,98"
01/06/2026,130833,joakspk,AF - LEANDRO,"0,26",0,0," R$  0,26 ","100,00%","0,00%","0,00%",NLH,"9,18"
01/06/2026,147246,Luisa Freitas,AF - LEANDRO,0,0,0, R$  -   ,,,,NLH,0
01/06/2026,147363,FreitasJr,AF - LEANDRO,0,0,0, R$  -   ,,,,NLH,"1,46"
01/06/2026,148508,atrevido,AF - LEANDRO,0,0,0, R$  -   ,,,,NLH,0
01/06/2026,156730,atrevido3,AF - LEANDRO,0,0,0, R$  -   ,,,,NLH,"0,4"
01/06/2026,133735,Balodinhosx777,AF - LEANDRO,0,0,"21,35"," R$  21,35 ","0,00%","0,00%","100,00%",PLO6,-67
01/06/2026,138504,Pilantragem,AF - LEANDRO,"0,76","5,7","139,28"," R$  145,74 ","0,52%","3,91%","95,57%",PLO6,"-20,54"
01/06/2026,114406,perna longa,AF - LEANDRO,"5,33",0,"30,34"," R$  35,67 ","14,94%","0,00%","85,06%",PLO6,130
01/06/2026,130760,B L O S,AF - LEANDRO,0,0,"63,32"," R$  63,32 ","0,00%","0,00%","100,00%",PLO6,-400
01/06/2026,151135,tutu151135,AF - LEANDRO,0,0,"173,56"," R$  173,56 ","0,00%","0,00%","100,00%",PLO6,"-56,58"
01/06/2026,149115,carlito157,AF - LEANDRO,0,0,"0,88"," R$  0,88 ","0,00%","0,00%","100,00%",PLO6,"-10,73"
01/06/2026,170947,vofoldar,AF - LEANDRO,"11,9",12,"4,86"," R$  28,76 ","41,38%","41,72%","16,90%",MTT,-253
01/06/2026,143578,Drxx,AF - LEANDRO,"1,11","10,7",0," R$  11,81 ","9,40%","90,60%","0,00%",MTT,"-101,5"
01/06/2026,155377,GabrielFallett,AF - LEANDRO,0,0,0, R$  -   ,,,,NLH,"1,6"
01/06/2026,162734,abdujaballl,AF - LEANDRO,0,0,0, R$  -   ,,,,NLH,0
01/06/2026,165311,boruto,AF - LEANDRO,"1,91","7,5","9,54"," R$  18,95 ","10,08%","39,58%","50,34%",PLO6,"62,02"
01/06/2026,135735,Tchamba,AF - LEANDRO,0,0,"33,6"," R$  33,60 ","0,00%","0,00%","100,00%",PLO6,"114,93"
01/06/2026,121205,nylmar,AF - LEANDRO,"13,92","6,54",0," R$  20,46 ","68,04%","31,96%","0,00%",NLH,-84
01/06/2026,139541,Boca,AF - LEANDRO,"19,58","2,1","76,15"," R$  97,83 ","20,01%","2,15%","77,84%",PLO6,"145,76"
01/06/2026,114556,Santista Roxo,AF - LEANDRO,0,0,0, R$  -   ,,,,NLH,0
01/06/2026,144856,RaffaJoker,AF - LEANDRO,0,0,0, R$  -   ,,,,NLH,0
01/06/2026,160798,necrótico?,AF - LEANDRO,0,0,0, R$  -   ,,,,NLH,0
01/06/2026,170781,Ester S,AF - LEANDRO,0,0,0, R$  -   ,,,,NLH,0
01/06/2026,166162,Homer LABS,AF - LEANDRO,0,0,"36,93"," R$  36,93 ","0,00%","0,00%","100,00%",PLO6,-108
01/06/2026,116003,Raul do taxi,AF - LEANDRO,0,0,0, R$  -   ,,,,NLH,0
01/06/2026,138374,pix138374,AF - LEANDRO,0,0,0, R$  -   ,,,,NLH,0
01/06/2026,147243,BiaFreitas,AF - LEANDRO,0,0,0, R$  -   ,,,,NLH,0
01/06/2026,163807,xaganais,AF - LEANDRO,"8,65",0,"3,89"," R$  12,54 ","68,98%","0,00%","31,02%",NLH,20
01/06/2026,139265,DiegoPicaPau,AF - LEANDRO,"4,36","7,6","2,67"," R$  14,63 ","29,80%","51,95%","18,25%",MTT,"-69,01"
01/06/2026,135143,alladin,AF - LEANDRO,0,0,0, R$  -   ,,,,NLH,0
01/06/2026,150323,CAIPISXIT,AF - LEANDRO,0,0,0, R$  -   ,,,,NLH,"0,64"
01/06/2026,151610,general,AF - LEANDRO,"8,55","5,8",0," R$  14,35 ","59,58%","40,42%","0,00%",NLH,"-88,29"
01/06/2026,113634,jaguatirica,AF - LEANDRO,0,0,0, R$  -   ,,,,NLH,0
01/06/2026,128825,pix128825,AF - LEANDRO,0,0,0, R$  -   ,,,,NLH,0
01/06/2026,129998,Gengis Khan,AF - LEANDRO,"1,68",0,0," R$  1,68 ","100,00%","0,00%","0,00%",NLH,"-24,01"
01/06/2026,156447,QuebraBanca,AF - LEANDRO,"18,89","4,6",0," R$  23,49 ","80,42%","19,58%","0,00%",NLH,-59
01/06/2026,159010,MESTRESHEIK,AF - LEANDRO,0,0,0, R$  -   ,,,,NLH,0
01/06/2026,143787,bobdilanGOOD,AF - LEANDRO,0,1,0," R$  1,00 ","0,00%","100,00%","0,00%",MTT,"-9,14"
01/06/2026,141811,godobuceta??,AF - LEANDRO,"18,63",0,0," R$  18,63 ","100,00%","0,00%","0,00%",NLH,"-83,69"
01/06/2026,117424,Kagê ?,AF - LEANDRO,"5,01",0,"21,84"," R$  26,85 ","18,66%","0,00%","81,34%",PLO6,"-70,36"
01/06/2026,164403,uzucrack,AF - LEANDRO,"23,97",0,0," R$  23,97 ","100,00%","0,00%","0,00%",NLH,"67,53"
01/06/2026,125576,Sdcam011,AF - LEANDRO,0,0,0, R$  -   ,,,,NLH,0
01/06/2026,140434,Risotto,AF - LEANDRO,"0,73",0,0," R$  0,73 ","100,00%","0,00%","0,00%",NLH,-4
01/06/2026,157408,H. Specter,AF - LEANDRO,0,0,"10,4"," R$  10,40 ","0,00%","0,00%","100,00%",PLO6,-50
01/06/2026,170987,ruanzin07,AF - LEANDRO,0,"0,2",0," R$  0,20 ","0,00%","100,00%","0,00%",MTT,-2
01/06/2026,106706,karai,AF - LEANDRO,0,0,"3,97"," R$  3,97 ","0,00%","0,00%","100,00%",PLO6,-7
01/06/2026,155238,RigoShelbyy,AF - LEANDRO,"3,38",0,0," R$  3,38 ","100,00%","0,00%","0,00%",NLH,8
01/06/2026,150617,urameshi,AF - LEANDRO,0,"2,4",0," R$  2,40 ","0,00%","100,00%","0,00%",MTT,-24
01/06/2026,140127,so nuts,AF - LEANDRO,"1,91",0,"17,22"," R$  19,13 ","9,98%","0,00%","90,02%",PLO6,"-36,64"
01/06/2026,110187,pix110187,AF - LEANDRO,"3,34","1,5",0," R$  4,84 ","69,01%","30,99%","0,00%",NLH,-50
01/06/2026,164147,DavidRam,AF - LEANDRO,"4,07",0,0," R$  4,07 ","100,00%","0,00%","0,00%",NLH,-25
01/06/2026,118261,anderson13?,AF - LEANDRO,0,0,0, R$  -   ,,,,NLH,0
01/06/2026,136662,PERICANO,AF - LEANDRO,0,0,0, R$  -   ,,,,NLH,0
01/06/2026,152301,Chuck,AF - JEFFERSON P.,0,"0,2","214,46"," R$  214,66 ","0,00%","0,09%","99,91%",PLO6,"-193,62"
01/06/2026,141493,Sidnei?,AF - JEFFERSON P.,0,0,"35,42"," R$  35,42 ","0,00%","0,00%","100,00%",PLO6,-29
01/06/2026,173301,JowB99,AF - JEFFERSON P.,0,"8,25","234,22"," R$  242,47 ","0,00%","3,40%","96,60%",PLO6,"-320,11"
01/06/2026,148157,@AlugaGames,AF - JEFFERSON P.,0,60,"3307,88"," R$  3.367,88 ","0,00%","1,78%","98,22%",PLO6,"-2989,49"
01/06/2026,175326,julio40,AF - JEFFERSON P.,"5,18",0,"4770,96"," R$  4.776,14 ","0,11%","0,00%","99,89%",PLO6,"-9923,34"
01/06/2026,144451,Oiregor81,AF - JEFFERSON P.,0,"9,5","510,78"," R$  520,28 ","0,00%","1,83%","98,17%",PLO6,"42,96"
01/06/2026,133575,PHBarros021,AF - JEFFERSON P.,"17,66","3,2","426,24"," R$  447,10 ","3,95%","0,72%","95,33%",PLO6,"-1432,13"
01/06/2026,124726,I Love Warung,AF - JEFFERSON P.,"6,86",0,"377,9"," R$  384,76 ","1,78%","0,00%","98,22%",PLO6,"163,28"
01/06/2026,151587,pix151587,AF - JEFFERSON P.,0,0,"653,46"," R$  653,46 ","0,00%","0,00%","100,00%",PLO6,"-1000,14"
01/06/2026,150319,BWT1,AF - JEFFERSON P.,0,0,"77,36"," R$  77,36 ","0,00%","0,00%","100,00%",PLO6,"1063,62"
01/06/2026,156209,calvin88,AF - MARKETING,"80,34",100,"9363,84"," R$  9.544,18 ","0,84%","1,05%","98,11%",PLO6,"-27416,3"
01/06/2026,158126,BruxoBr,AF - MARKETING,0,"38,6","99,62"," R$  138,22 ","0,00%","27,93%","72,07%",PLO6,"-702,22"
01/06/2026,171907,zeus?,AF - MARKETING,0,0,"203,46"," R$  203,46 ","0,00%","0,00%","100,00%",PLO6,"-1196,2"
01/06/2026,169786,Aluci,AF - MARKETING,0,"3,2","16,96"," R$  20,16 ","0,00%","15,87%","84,13%",PLO6,"-174,45"
01/06/2026,102930,pix102930,AF - MARKETING,0,"92,56","36,99"," R$  129,55 ","0,00%","71,45%","28,55%",MTT,"-87,73"
01/06/2026,186297,Joda,AF - MARKETING,0,"7,8",0," R$  7,80 ","0,00%","100,00%","0,00%",MTT,"124,36"
01/06/2026,133124,I.Oliveira,AF - MARKETING,0,0,"9,08"," R$  9,08 ","0,00%","0,00%","100,00%",PLO6,"-30,55"
01/06/2026,172040,layon12,AF - MARKETING,0,0,"11,86"," R$  11,86 ","0,00%","0,00%","100,00%",PLO6,-66
01/06/2026,157560,cachorro,AF - MARKETING,"7,25",0,"65,5"," R$  72,75 ","9,97%","0,00%","90,03%",PLO6,"-498,82"
01/06/2026,118640,WEASLEY,AF - MARKETING,"5,42",230,"884,87"," R$  1.120,29 ","0,48%","20,53%","78,99%",PLO6,"-6691,4"
01/06/2026,124675,tsousa,AF - MARKETING,0,0,"68,21"," R$  68,21 ","0,00%","0,00%","100,00%",PLO6,"59,35"
01/06/2026,173241,QKceta,AF - MARKETING,0,0,"170,29"," R$  170,29 ","0,00%","0,00%","100,00%",PLO6,-720
01/06/2026,174738,the best,AF - MARKETING,0,"21,5","105,64"," R$  127,14 ","0,00%","16,91%","83,09%",PLO6,"-1355,71"
01/06/2026,195995,Macarron,AF - MARKETING,0,0,"619,29"," R$  619,29 ","0,00%","0,00%","100,00%",PLO6,"-967,71"
01/06/2026,100240,Abacatudo,AF - MARKETING,0,"4,2","22,3"," R$  26,50 ","0,00%","15,85%","84,15%",PLO6,-132
01/06/2026,131753,egoísta,AF - MARKETING,0,"14,2",0," R$  14,20 ","0,00%","100,00%","0,00%",MTT,-142
01/06/2026,144330,????,AF - MARKETING,"7,57",1,"38,25"," R$  46,82 ","16,17%","2,14%","81,70%",PLO6,-282
01/06/2026,157052,winnikes,AF - MARKETING,0,"154,7",0," R$  154,70 ","0,00%","100,00%","0,00%",MTT,"-1291,17"
01/06/2026,114520,tz?,AF - MARKETING,0,"1,4","45,13"," R$  46,53 ","0,00%","3,01%","96,99%",PLO6,-163
01/06/2026,178010,BruxOscar,AF - MARKETING,0,2,"9,16"," R$  11,16 ","0,00%","17,92%","82,08%",PLO6,"-78,24"
01/06/2026,172775,pix172775,AF - MARKETING,"436,01",0,"530,65"," R$  966,66 ","45,10%","0,00%","54,90%",PLO6,"-1253,53"
01/06/2026,100709,DITOX,AF - MARKETING,0,"221,2",0," R$  221,20 ","0,00%","100,00%","0,00%",MTT,"1683,03"
01/06/2026,157442,bolacha,AF - MARKETING,0,"16,5",0," R$  16,50 ","0,00%","100,00%","0,00%",MTT,"-132,5"
01/06/2026,179178,akazin27,AF - MARKETING,0,58,"73,1"," R$  131,10 ","0,00%","44,24%","55,76%",PLO6,"463,03"
01/06/2026,179579,Linopraxedes,AF - MARKETING,0,"12,5",0," R$  12,50 ","0,00%","100,00%","0,00%",MTT,"-102,5"
01/06/2026,190837,LOKOLOKO,AF - MARKETING,0,"205,3",0," R$  205,30 ","0,00%","100,00%","0,00%",MTT,"-375,91"
01/06/2026,167763,pix167763,AF - MARKETING,0,8,"1,79"," R$  9,79 ","0,00%","81,72%","18,28%",MTT,"-105,93"
01/06/2026,172454,pix172454,AF - MARKETING,0,"0,8",0," R$  0,80 ","0,00%","100,00%","0,00%",MTT,-10
01/06/2026,159041,silverio,AF - MARKETING,"0,49",0,0," R$  0,49 ","100,00%","0,00%","0,00%",NLH,-4
01/06/2026,170934,Monstro sagrado,AF - MARKETING,"0,74","3,4","0,79"," R$  4,93 ","15,01%","68,97%","16,02%",MTT,-37
01/06/2026,116027,Marinho07,AF - MARKETING,0,0,0, R$  -   ,,,,NLH,0
01/06/2026,144175,DexterM,AF - MARKETING,0,0,0, R$  -   ,,,,NLH,0
01/06/2026,176410,GJCruz,AF - MARKETING,0,"0,2",0," R$  0,20 ","0,00%","100,00%","0,00%",MTT,"1,77"
01/06/2026,119471,Rospepi,AF - MARKETING,"5,78",0,0," R$  5,78 ","100,00%","0,00%","0,00%",NLH,"-19,67"
01/06/2026,167249,bigodi,AF - MARKETING,0,0,"25,65"," R$  25,65 ","0,00%","0,00%","100,00%",PLO6,-400
01/06/2026,156809,AL ?,AF - MARKETING,"0,52","0,2","59,59"," R$  60,31 ","0,86%","0,33%","98,81%",PLO6,-190
01/06/2026,157465,Pikitin,AF - MARKETING,0,"17,44",0," R$  17,44 ","0,00%","100,00%","0,00%",MTT,"322,44"
01/06/2026,129552,MeuMAAlvado,AF - MARKETING,0,75,"125,89"," R$  200,89 ","0,00%","37,33%","62,67%",PLO6,"-456,69"
01/06/2026,175198,SOATEREZA,AF - MARKETING,0,70,0," R$  70,00 ","0,00%","100,00%","0,00%",MTT,"157,5"
01/06/2026,195997,pestebranca,AF - MARKETING,0,50,0," R$  50,00 ","0,00%","100,00%","0,00%",MTT,0
01/06/2026,196349,tigre77,AF - MARKETING,"0,53",4,"2,51"," R$  7,04 ","7,53%","56,82%","35,65%",MTT,"-4,03"
01/06/2026,144889,NaMalda.,AF - MARKETING,0,14,0," R$  14,00 ","0,00%","100,00%","0,00%",MTT,-140
01/06/2026,157957,Diogo posture,AF - MARKETING,"0,88","5,76","2,57"," R$  9,21 ","9,55%","62,54%","27,90%",MTT,"-68,96"
01/06/2026,185326,SBRN,AF - MARKETING,0,1,0," R$  1,00 ","0,00%","100,00%","0,00%",MTT,-10
01/06/2026,168163,Micael Rafles,AF - MARKETING,0,"6,94",0," R$  6,94 ","0,00%","100,00%","0,00%",MTT,"-69,4"
01/06/2026,166745,Joaosnow,AF - MARKETING,"11,46","0,2",0," R$  11,66 ","98,28%","1,72%","0,00%",NLH,"49,01"
01/06/2026,100537,Zebrano,AF - MARKETING,0,20,"4,04"," R$  24,04 ","0,00%","83,19%","16,81%",MTT,-81
01/06/2026,155342,dudubzr,AF - MARKETING,0,0,"188,09"," R$  188,09 ","0,00%","0,00%","100,00%",PLO6,-784
01/06/2026,102425,zarrir78,AF - MARKETING,0,0,0, R$  -   ,,,,NLH,0
01/06/2026,102946,Flash2201,AF - MARKETING,0,"30,9",0," R$  30,90 ","0,00%","100,00%","0,00%",MTT,"-286,5"
01/06/2026,130270,Picademel,AF - MARKETING,0,0,0, R$  -   ,,,,NLH,0
01/06/2026,155555,Alustau,AF - MARKETING,0,0,0, R$  -   ,,,,NLH,0
01/06/2026,173220,pix173220,AF - MARKETING,0,"3,5","321,39"," R$  324,89 ","0,00%","1,08%","98,92%",PLO6,-1532
01/06/2026,196157,marcelomagic,AF - MARKETING,0,4,0," R$  4,00 ","0,00%","100,00%","0,00%",MTT,0
01/06/2026,153229,bencinha,AF - MARKETING,0,0,"79,01"," R$  79,01 ","0,00%","0,00%","100,00%",PLO6,"-349,89"
01/06/2026,145442,bayma,AF - MARKETING,0,0,"258,97"," R$  258,97 ","0,00%","0,00%","100,00%",PLO6,827
01/06/2026,196422,Oraggio,AF - MARKETING,0,"16,8",0," R$  16,80 ","0,00%","100,00%","0,00%",MTT,-168
01/06/2026,156346,kxa28,AF - MARKETING,0,"25,4",0," R$  25,40 ","0,00%","100,00%","0,00%",MTT,"74,34"
01/06/2026,174022,S.P.Clube,AF - MARKETING,0,"7,7",0," R$  7,70 ","0,00%","100,00%","0,00%",MTT,"181,25"
01/06/2026,171197,luandersonjac,AF - MARKETING,0,0,"37,28"," R$  37,28 ","0,00%","0,00%","100,00%",PLO6,156
01/06/2026,167530,pfson,AF - MARKETING,"2,94","0,84",0," R$  3,78 ","77,78%","22,22%","0,00%",NLH,"-11,02"
01/06/2026,169327,GeMare,AF - MARKETING,0,0,"45,8"," R$  45,80 ","0,00%","0,00%","100,00%",PLO6,353
01/06/2026,172165,samuelsales,AF - MARKETING,0,0,"4,95"," R$  4,95 ","0,00%","0,00%","100,00%",PLO6,-125
01/06/2026,124704,ALLIN.e,AF - MARKETING,0,"6,5",0," R$  6,50 ","0,00%","100,00%","0,00%",MTT,"-53,75"
01/06/2026,170065,MacielBet,AF - DAYVISSOM,0,"2,8","326,39"," R$  329,19 ","0,00%","0,85%","99,15%",PLO6,"1021,35"
01/06/2026,100508,luizinhodoido,AF - DAYVISSOM,0,0,"139,04"," R$  139,04 ","0,00%","0,00%","100,00%",PLO6,"-65,72"
01/06/2026,100435,pix100435,AF - DAYVISSOM,0,"3,8","59,5"," R$  63,30 ","0,00%","6,00%","94,00%",PLO6,-348
01/06/2026,183209,manjuba 09,AF - DAYVISSOM,0,0,"167,27"," R$  167,27 ","0,00%","0,00%","100,00%",PLO6,0
01/06/2026,104604,cleyton,AF - DAYVISSOM,"21,93",3,"4,47"," R$  29,40 ","74,59%","10,20%","15,20%",NLH,-168
01/06/2026,100624,Reybingo,AF - DAYVISSOM,0,"44,6","2,33"," R$  46,93 ","0,00%","95,04%","4,96%",MTT,"-140,64"
01/06/2026,102150,pix102150,AF - DAYVISSOM,0,0,0, R$  -   ,,,,NLH,"2,1"
01/06/2026,151434,J H P,AF - DAYVISSOM,"2,2","7,8","19,6"," R$  29,60 ","7,43%","26,35%","66,22%",PLO6,"-137,1"
01/06/2026,102431,Pagaflop,AF - DAYVISSOM,"0,27",0,0," R$  0,27 ","100,00%","0,00%","0,00%",NLH,"0,19"
01/06/2026,149672,SACO DE BOI,AF - FERNANDO M.,0,"22,5",0," R$  22,50 ","0,00%","100,00%","0,00%",MTT,"-119,97"
01/06/2026,170113,Larry Bird 33#,AF - FERNANDO M.,0,0,0, R$  -   ,,,,NLH,0
01/06/2026,170439,esthercruzv,AF - FERNANDO M.,0,0,0, R$  -   ,,,,NLH,0
01/06/2026,149498,pix149498,AF - FERNANDO M.,0,10,0," R$  10,00 ","0,00%","100,00%","0,00%",MTT,-100
01/06/2026,148848,meno K,AF - FERNANDO M.,0,"4,4","2189,81"," R$  2.194,21 ","0,00%","0,20%","99,80%",PLO6,"-10325,72"
01/06/2026,161423,BASSOA,AF - FERNANDO M.,"0,75",0,"7,96"," R$  8,71 ","8,61%","0,00%","91,39%",PLO6,-73
01/06/2026,148451,Serimac,AF - FERNANDO M.,0,0,"472,45"," R$  472,45 ","0,00%","0,00%","100,00%",PLO6,"-523,34"
01/06/2026,159024,pablyto66,AF - FERNANDO M.,"0,32",0,0," R$  0,32 ","100,00%","0,00%","0,00%",NLH,-4
01/06/2026,148432,Alexson,AF - FERNANDO M.,"27,95",35,0," R$  62,95 ","44,40%","55,60%","0,00%",MTT,"-81,89"
01/06/2026,148271,KIRITO-KUN,AF - FERNANDO M.,0,0,"15,07"," R$  15,07 ","0,00%","0,00%","100,00%",PLO6,"-99,64"
01/06/2026,156181,KidCaucaia,AF - FERNANDO M.,0,0,0, R$  -   ,,,,NLH,0
01/06/2026,170717,litlle nerd,AF - FERNANDO M.,0,"5,5",0," R$  5,50 ","0,00%","100,00%","0,00%",MTT,"-53,67"
01/06/2026,182047,joventralha1,AF - FABIO MURAKAMI,"0,99","77,4",0," R$  78,39 ","1,26%","98,74%","0,00%",MTT,"-433,17"
01/06/2026,163679,Leo 73,AF - FABIO MURAKAMI,0,"0,5",0," R$  0,50 ","0,00%","100,00%","0,00%",MTT,"-3,51"
01/06/2026,148598,aabb,AF - FABIO MURAKAMI,0,"17,4","95,98"," R$  113,38 ","0,00%","15,35%","84,65%",PLO6,"-526,7"
01/06/2026,158904,balistic_blefe,AF - FABIO MURAKAMI,0,"53,8","6,25"," R$  60,05 ","0,00%","89,59%","10,41%",MTT,"-428,94"
01/06/2026,172138,Russia,AF - FABIO MURAKAMI,"246,16",0,0," R$  246,16 ","100,00%","0,00%","0,00%",NLH,"-303,89"
01/06/2026,160733,TheKing92,AF - FABIO MURAKAMI,"1,58",35,0," R$  36,58 ","4,32%","95,68%","0,00%",MTT,"-7,64"
01/06/2026,146545,Patativover,AF - FABIO MURAKAMI,0,"87,5",0," R$  87,50 ","0,00%","100,00%","0,00%",MTT,"-703,26"
01/06/2026,147416,helpp,AF - FABIO MURAKAMI,0,"6,5","29,44"," R$  35,94 ","0,00%","18,09%","81,91%",PLO6,"-150,2"
01/06/2026,130042,FabioK9,AF - FABIO MURAKAMI,0,0,"462,54"," R$  462,54 ","0,00%","0,00%","100,00%",PLO6,"-1667,68"
01/06/2026,127292,ErroPotte,AF - FABIO MURAKAMI,0,"58,5",0," R$  58,50 ","0,00%","100,00%","0,00%",MTT,"-187,65"
01/06/2026,135647,Bulldogs,AF - FABIO MURAKAMI,0,50,0," R$  50,00 ","0,00%","100,00%","0,00%",MTT,"1519,53"
01/06/2026,144307,AANTONIOE,AF - FABIO MURAKAMI,0,"0,7",0," R$  0,70 ","0,00%","100,00%","0,00%",MTT,-7
01/06/2026,163793,SHEIIK,AF - FABIO MURAKAMI,0,0,0, R$  -   ,,,,NLH,0
01/06/2026,164817,Alber Ramos,AF - FABIO MURAKAMI,0,21,0," R$  21,00 ","0,00%","100,00%","0,00%",MTT,-100
01/06/2026,158714,JohnWickk,AF - FABIO MURAKAMI,0,"5,9",0," R$  5,90 ","0,00%","100,00%","0,00%",MTT,-59
01/06/2026,186212,pix186212,AF - BRUNO FOSTER,"11,66","11,4",0," R$  23,06 ","50,56%","49,44%","0,00%",NLH,"42,63"
01/06/2026,182891,Joz1ka,AF - BRUNO FOSTER,0,0,"40,23"," R$  40,23 ","0,00%","0,00%","100,00%",PLO6,-224
01/06/2026,175072,sovimsacar,AF - BRUNO FOSTER,0,"1,8","132,31"," R$  134,11 ","0,00%","1,34%","98,66%",PLO6,-86
01/06/2026,178109,kawehzin,AF - BRUNO FOSTER,"0,91",0,"85,04"," R$  85,95 ","1,06%","0,00%","98,94%",PLO6,"13,01"
01/06/2026,135561,Modetec,AF - BRUNO FOSTER,0,0,0, R$  -   ,,,,NLH,0
01/06/2026,170907,MenteGelada,AF - BRUNO FOSTER,0,0,"25,08"," R$  25,08 ","0,00%","0,00%","100,00%",PLO6,-108
01/06/2026,189825,Gladiador$,AF - BRUNO FOSTER,0,50,"1669,42"," R$  1.719,42 ","0,00%","2,91%","97,09%",PLO6,"-24632,76"
01/06/2026,176675,darkjoao33,AF - BRUNO FOSTER,0,"32,5","695,3"," R$  727,80 ","0,00%","4,47%","95,53%",PLO6,"939,37"
01/06/2026,176862,pix176862,AF - BRUNO FOSTER,0,0,"42,59"," R$  42,59 ","0,00%","0,00%","100,00%",PLO6,"-232,51"
01/06/2026,183349,Vegeta San,AF - BRUNO FOSTER,0,"9,7",0," R$  9,70 ","0,00%","100,00%","0,00%",MTT,-97
01/06/2026,175423,pix175423,AF - BRUNO FOSTER,0,"4,4",0," R$  4,40 ","0,00%","100,00%","0,00%",MTT,-44
01/06/2026,176592,ruiperesdezanet,AF - BRUNO FOSTER,"0,96","26,75",0," R$  27,71 ","3,46%","96,54%","0,00%",MTT,"-267,96"
01/06/2026,184830,Filma $$,AF - BRUNO FOSTER,0,"5,2",0," R$  5,20 ","0,00%","100,00%","0,00%",MTT,"194,55"
01/06/2026,179067,ekdidk,AF - BRUNO FOSTER,"18,4",0,0," R$  18,40 ","100,00%","0,00%","0,00%",NLH,"-1,68"
01/06/2026,138369,dauco,AF - BRUNO FOSTER,"2,17",0,"23,91"," R$  26,08 ","8,32%","0,00%","91,68%",PLO6,"-250,02"
01/06/2026,153086,Nick_Wallyson,AF - BRUNO FOSTER,"24,09","19,8","108,08"," R$  151,97 ","15,85%","13,03%","71,12%",PLO6,127
01/06/2026,196100,pix196100,AF - BRUNO FOSTER,0,20,0," R$  20,00 ","0,00%","100,00%","0,00%",MTT,-200
01/06/2026,175804,MANDIBULLA,AF - BRUNO FOSTER,0,0,0, R$  -   ,,,,NLH,"1,11"
01/06/2026,178066,LKAC,AF - BRUNO FOSTER,"0,79","0,2",0," R$  0,99 ","79,80%","20,20%","0,00%",NLH,-11
01/06/2026,180421,CASSINHO 1821,AF - BRUNO FOSTER,0,0,0, R$  -   ,,,,NLH,"1,33"
01/06/2026,179947,pix179947,AF - BRUNO FOSTER,"2,82",1,"2,92"," R$  6,74 ","41,84%","14,84%","43,32%",PLO6,"-44,67"
01/06/2026,177933,exe;,AF - BRUNO FOSTER,0,80,"3414,26"," R$  3.494,26 ","0,00%","2,29%","97,71%",PLO6,"498,57"
01/06/2026,186550,VT10,AF - BRUNO FOSTER,"5,71",0,"79,01"," R$  84,72 ","6,74%","0,00%","93,26%",PLO6,"582,85"
01/06/2026,145871,Aposentado ??,AF - BRUNO FOSTER,0,0,"12,9"," R$  12,90 ","0,00%","0,00%","100,00%",PLO6,"-250,14"
01/06/2026,177685,pepebets,AF - BRUNO FOSTER,0,0,0, R$  -   ,,,,NLH,0
01/06/2026,178483,Rï§øką,AF - BRUNO FOSTER,"3,79",1,0," R$  4,79 ","79,12%","20,88%","0,00%",NLH,"16,47"
01/06/2026,175098,kUdeais,AF - BRUNO FOSTER,"24,98",0,"92,38"," R$  117,36 ","21,28%","0,00%","78,72%",PLO6,37
01/06/2026,157566,Maximus ??,AF - BRUNO FOSTER,0,1,"3,7"," R$  4,70 ","0,00%","21,28%","78,72%",PLO6,-12
01/06/2026,177054,Trafalgar Law,AF - BRUNO FOSTER,"3,19","3,8",0," R$  6,99 ","45,64%","54,36%","0,00%",MTT,"-24,08"
01/06/2026,177258,????,AF - BRUNO FOSTER,0,0,0, R$  -   ,,,,NLH,0
01/06/2026,177481,xampeta,AF - BRUNO FOSTER,0,0,0, R$  -   ,,,,NLH,0
01/06/2026,174958,pix174958,AF - BRUNO FOSTER,0,0,0, R$  -   ,,,,NLH,0
01/06/2026,145168,Fagundes,AF - BRUNO FOSTER,0,"3,4",0," R$  3,40 ","0,00%","100,00%","0,00%",MTT,-34
01/06/2026,175736,jokerlouco777,AF - BRUNO FOSTER,0,0,0, R$  -   ,,,,NLH,0
01/06/2026,180535,JOTA poker,AF - BRUNO FOSTER,0,1,0," R$  1,00 ","0,00%","100,00%","0,00%",MTT,-10
01/06/2026,176021,Viníciusdao@,AF - BRUNO FOSTER,0,0,0, R$  -   ,,,,NLH,0
01/06/2026,174902,Jotta217,AF - BRUNO FOSTER,0,0,0, R$  -   ,,,,NLH,"1,03"
01/06/2026,185503,mmmaschio,AF - BRUNO FOSTER,0,0,0, R$  -   ,,,,NLH,0
01/06/2026,183660,FaelCompany,AF - BRUNO FOSTER,"2,11","0,5",0," R$  2,61 ","80,84%","19,16%","0,00%",NLH,-31
01/06/2026,184733,pix184733,AF - BRUNO FOSTER,0,0,0, R$  -   ,,,,NLH,0
01/06/2026,177800,??????,AF - BRUNO FOSTER,"0,18",0,0," R$  0,18 ","100,00%","0,00%","0,00%",NLH,"36,53"
01/06/2026,183940,pix183940,AF - BRUNO FOSTER,"8,07",0,0," R$  8,07 ","100,00%","0,00%","0,00%",NLH,"-57,28"
01/06/2026,100478,balashinekov,AF - SILVINHO,0,0,"10,88"," R$  10,88 ","0,00%","0,00%","100,00%",PLO6,-40
01/06/2026,170927,Dan07,AF - SILVINHO,"52,55",0,"8,9"," R$  61,45 ","85,52%","0,00%","14,48%",NLH,"-220,31"
01/06/2026,103206,?YB?,AF - DOLFO,"0,01",0,"4,08"," R$  4,09 ","0,24%","0,00%","99,76%",PLO6,"40,93"
01/06/2026,104809,carrasco20,AF - DOLFO,"273,46",0,"175,2"," R$  448,66 ","60,95%","0,00%","39,05%",NLH,"870,91"
01/06/2026,103176,Yure Brito,AF - DOLFO,0,"386,66","1989,86"," R$  2.376,52 ","0,00%","16,27%","83,73%",PLO6,"-2998,4"
01/06/2026,160638,kevinlevrone,AF - DOLFO,0,0,"73,71"," R$  73,71 ","0,00%","0,00%","100,00%",PLO6,"-324,38"
01/06/2026,103284,pix103284,AF - DOLFO,"11,45","1,64","10,62"," R$  23,71 ","48,29%","6,92%","44,79%",NLH,"-49,53"
01/06/2026,142385,AAmilton,AF - DOLFO,"8,29",3,0," R$  11,29 ","73,43%","26,57%","0,00%",NLH,"-53,25"
01/06/2026,158094,Patriotapedro,AF - DOLFO,"65,33","2,5","157,6"," R$  225,43 ","28,98%","1,11%","69,91%",PLO6,-750
01/06/2026,158443,Thalyson,AF - DOLFO,0,0,"124,39"," R$  124,39 ","0,00%","0,00%","100,00%",PLO6,"-399,83"
01/06/2026,144187,Lira#,AF - DOLFO,"8,23","6,4",0," R$  14,63 ","56,25%","43,75%","0,00%",NLH,"-111,51"
01/06/2026,187391,jarlison,AF - DOLFO,0,"0,1",0," R$  0,10 ","0,00%","100,00%","0,00%",MTT,-1
01/06/2026,130045,NegoDuro,AF - DOLFO,0,0,1," R$  1,00 ","0,00%","0,00%","100,00%",PLO6,"-5,12"
01/06/2026,104016,balão 12,AF - DOLFO,0,0,0, R$  -   ,,,,NLH,0
01/06/2026,104229,RoLiFiGhT,AF - DOLFO,"12,14",0,0," R$  12,14 ","100,00%","0,00%","0,00%",NLH,"50,17"
01/06/2026,144122,food,AF - DOLFO,"66,05",0,0," R$  66,05 ","100,00%","0,00%","0,00%",NLH,70
01/06/2026,102767,FuzilNeles,AF - DOLFO,0,0,"1,69"," R$  1,69 ","0,00%","0,00%","100,00%",PLO6,"-16,95"
01/06/2026,128520,reggaelife??,AF - DOLFO,"49,15","4,7",0," R$  53,85 ","91,27%","8,73%","0,00%",NLH,"40,51"
01/06/2026,147619,Luffygear4,AF - NHONHO,0,0,"562,09"," R$  562,09 ","0,00%","0,00%","100,00%",PLO6,"-287,25"
01/06/2026,120841,NHONHOj6,AF - NHONHO,0,"28,5","3555,04"," R$  3.583,54 ","0,00%","0,80%","99,20%",PLO6,"3584,17"
01/06/2026,122587,pix122587,AF - NHONHO,0,0,"310,57"," R$  310,57 ","0,00%","0,00%","100,00%",PLO6,"274,04"
01/06/2026,124365,??cuidado??,AF - NHONHO,0,0,"85,02"," R$  85,02 ","0,00%","0,00%","100,00%",PLO6,-708
01/06/2026,151879,badbeat,CAMPANHA 1,"8,69",0,"28,51"," R$  37,20 ","23,36%","0,00%","76,64%",PLO6,-120
01/06/2026,166221,SR.MAATHEUS,CAMPANHA 1,"11,89",0,"4,28"," R$  16,17 ","73,53%","0,00%","26,47%",NLH,"-1,98"
01/06/2026,186891,Andre f 16,CAMPANHA 1,"0,37","2,6","26,28"," R$  29,25 ","1,26%","8,89%","89,85%",PLO6,"-17,14"
01/06/2026,162174,AAMAA,CAMPANHA 1,0,0,0, R$  -   ,,,,NLH,0
01/06/2026,166567,KevinDe9,CAMPANHA 1,"71,2",0,0," R$  71,20 ","100,00%","0,00%","0,00%",NLH,-367
01/06/2026,175599,pix175599,CAMPANHA 1,0,0,0, R$  -   ,,,,NLH,0
01/06/2026,176871,ViniBaralhão,CAMPANHA 1,0,0,0, R$  -   ,,,,NLH,0
01/06/2026,179799,JUJUBA25,CAMPANHA 1,0,0,0, R$  -   ,,,,NLH,0
01/06/2026,185612,pix185612,CAMPANHA 1,0,0,238," R$  238,00 ","0,00%","0,00%","100,00%",PLO6,-389
01/06/2026,173626,pix173626,CAMPANHA 1,0,0,"248,02"," R$  248,02 ","0,00%","0,00%","100,00%",PLO6,"-975,13"
01/06/2026,169382,ÉoPessa,CAMPANHA 1,"1,11",0,0," R$  1,11 ","100,00%","0,00%","0,00%",NLH,"-8,44"
01/06/2026,180921,vitoorx,CAMPANHA 1,0,"16,05",0," R$  16,05 ","0,00%","100,00%","0,00%",MTT,"42,51"
01/06/2026,162008,pix162008,CAMPANHA 1,"2,02",0,936," R$  938,02 ","0,22%","0,00%","99,78%",PLO6,"876,89"
01/06/2026,196324,pix196324,CAMPANHA 1,0,1,"1,6"," R$  2,60 ","0,00%","38,46%","61,54%",PLO6,-22
01/06/2026,192227,Lord05,CAMPANHA 1,"0,66",0,0," R$  0,66 ","100,00%","0,00%","0,00%",NLH,"15,41"
01/06/2026,130461,8ito,CAMPANHA 1,"4,12","8,5",0," R$  12,62 ","32,65%","67,35%","0,00%",MTT,"-121,89"
01/06/2026,164709,vinicinho,CAMPANHA 1,0,0,0, R$  -   ,,,,NLH,0
01/06/2026,175644,Tilas-Key,CAMPANHA 1,0,0,0, R$  -   ,,,,NLH,0
01/06/2026,184190,RaufoJr.KJ,CAMPANHA 1,0,0,0, R$  -   ,,,,NLH,0
01/06/2026,163069,Fserra,CAMPANHA 1,"0,35",0,0," R$  0,35 ","100,00%","0,00%","0,00%",NLH,-4
01/06/2026,167342,Dantas.96,CAMPANHA 1,"1,31","4,3","22,38"," R$  27,99 ","4,68%","15,36%","79,96%",PLO6,"42,29"
01/06/2026,104971,0 maS be$tA,CAMPANHA 1,0,0,0, R$  -   ,,,,NLH,"0,7"
01/06/2026,145394,erlygameAA,CAMPANHA 1,0,0,0, R$  -   ,,,,NLH,0
01/06/2026,152970,ASOUTERROR,CAMPANHA 1,0,0,0, R$  -   ,,,,NLH,0
01/06/2026,165834,PLINIO RAFAEL,CAMPANHA 1,0,0,0, R$  -   ,,,,NLH,"0,77"
01/06/2026,163140,JOKER CRAZY,CAMPANHA 1,"1,66",0,"9,62"," R$  11,28 ","14,72%","0,00%","85,28%",PLO6,"21,08"
01/06/2026,161754,Akhenatom,CAMPANHA 1,0,0,0, R$  -   ,,,,NLH,0
01/06/2026,162219,virusTHC,CAMPANHA 1,0,0,0, R$  -   ,,,,NLH,0
01/06/2026,164351,pix164351,CAMPANHA 1,0,0,0, R$  -   ,,,,NLH,0
01/06/2026,165982,MELHOR QUE VOCÊ,CAMPANHA 1,0,0,0, R$  -   ,,,,NLH,"0,48"
01/06/2026,169167,roro,CAMPANHA 1,0,0,0, R$  -   ,,,,NLH,0
01/06/2026,176514,roots,CAMPANHA 1,0,0,0, R$  -   ,,,,NLH,0
01/06/2026,177513,kaballah,CAMPANHA 1,"2,67",0,0," R$  2,67 ","100,00%","0,00%","0,00%",NLH,-34
01/06/2026,175324,Viel1996,CAMPANHA 1,"17,28",0,0," R$  17,28 ","100,00%","0,00%","0,00%",NLH,"46,46"
01/06/2026,167746,cppking,CAMPANHA 1,0,0,0, R$  -   ,,,,NLH,0
01/06/2026,173419,pix173419,CAMPANHA 1,0,0,0, R$  -   ,,,,NLH,"1,05"
01/06/2026,173723,JJon,CAMPANHA 1,"0,87",0,"0,88"," R$  1,75 ","49,71%","0,00%","50,29%",PLO6,-10
01/06/2026,160919,Ana85,CAMPANHA 1,0,0,0, R$  -   ,,,,NLH,0
01/06/2026,174170,Costela_07,CAMPANHA 1,0,0,0, R$  -   ,,,,NLH,0
01/06/2026,165029,pix165029,CAMPANHA 1,0,"0,2",0," R$  0,20 ","0,00%","100,00%","0,00%",MTT,"1,19"
01/06/2026,167526,mandiocagaucha,CAMPANHA 1,0,0,0, R$  -   ,,,,NLH,0
01/06/2026,174486,vemdelimp,CAMPANHA 1,0,0,0, R$  -   ,,,,NLH,0
01/06/2026,182434,CELSOCLBO,CAMPANHA 1,0,0,0, R$  -   ,,,,NLH,0
01/06/2026,191062,claytonpi,CAMPANHA 1,0,0,0, R$  -   ,,,,NLH,0
01/06/2026,179192,Vemquetemembu,CAMPANHA 1,0,0,0, R$  -   ,,,,NLH,0
01/06/2026,192361,pix192361,CAMPANHA 1,0,0,0, R$  -   ,,,,NLH,"1,6"
01/06/2026,175743,jr09,CAMPANHA 1,0,0,0, R$  -   ,,,,NLH,0
01/06/2026,185536,FernandoM81,CAMPANHA 1,0,0,0, R$  -   ,,,,NLH,0
01/06/2026,184940,Allex066,CAMPANHA 1,0,0,0, R$  -   ,,,,NLH,0
01/06/2026,122839,willismael,CAMPANHA 1,0,0,0, R$  -   ,,,,NLH,0
01/06/2026,189242,LekoTR,AF - TRAF. BRUNO F.,"1,26",0,"67,98"," R$  69,24 ","1,82%","0,00%","98,18%",PLO6,"85,64"
01/06/2026,193596,passamai,AF - TRAF. BRUNO F.,0,0,0, R$  -   ,,,,NLH,"1,08"
01/06/2026,192961,pix192961,AF - TRAF. BRUNO F.,0,0,"222,8"," R$  222,80 ","0,00%","0,00%","100,00%",PLO6,448
01/06/2026,192354,CHORA.bb,AF - TRAF. BRUNO F.,"20,42","0,8","1,85"," R$  23,07 ","88,51%","3,47%","8,02%",NLH,-71
01/06/2026,193479,pix193479,AF - TRAF. BRUNO F.,"2,32","35,1",0," R$  37,42 ","6,20%","93,80%","0,00%",MTT,"-168,93"
01/06/2026,172458,radar55,AF - TRAF. BRUNO F.,"4,58","1,5","45,73"," R$  51,81 ","8,84%","2,90%","88,26%",PLO6,"-307,85"
01/06/2026,191465,MynssenAA,AF - TRAF. BRUNO F.,0,0,0, R$  -   ,,,,NLH,0
01/06/2026,130726,Douglas Pablo,AF - TRAF. BRUNO F.,"1,84",0,"3,08"," R$  4,92 ","37,40%","0,00%","62,60%",PLO6,-51
01/06/2026,187633,GustavOrsi,AF - TRAF. BRUNO F.,0,0,0, R$  -   ,,,,NLH,0
01/06/2026,187728,Fragas,AF - TRAF. BRUNO F.,0,"1,6",0," R$  1,60 ","0,00%","100,00%","0,00%",MTT,"-14,54"
01/06/2026,191973,pix191973,AF - TRAF. BRUNO F.,0,0,0, R$  -   ,,,,NLH,0
01/06/2026,193642,pix193642,AF - TRAF. BRUNO F.,"8,62",0,0," R$  8,62 ","100,00%","0,00%","0,00%",NLH,"-67,96"
01/06/2026,188742,JALVESPOKER,AF - TRAF. BRUNO F.,0,"109,9",0," R$  109,90 ","0,00%","100,00%","0,00%",MTT,"-271,64"
01/06/2026,193347,pix193347,AF - TRAF. BRUNO F.,0,0,0, R$  -   ,,,,NLH,0
01/06/2026,192934,pix192934,AF - TRAF. BRUNO F.,0,0,0, R$  -   ,,,,NLH,0
01/06/2026,188916,g.ferreira,AF - TRAF. BRUNO F.,0,0,0, R$  -   ,,,,NLH,0
01/06/2026,192191,Jilozera,AF - TRAF. BRUNO F.,0,"0,2",0," R$  0,20 ","0,00%","100,00%","0,00%",MTT,"4,14"
01/06/2026,140316,pocoyogay,AF - AMOR DE PESSOA,"17,3",0,"103,12"," R$  120,42 ","14,37%","0,00%","85,63%",PLO6,207
01/06/2026,145008,CAPS,AF - AMOR DE PESSOA,"552,05","19,6","7,11"," R$  578,76 ","95,38%","3,39%","1,23%",NLH,"-519,88"
01/06/2026,127823,pix127823,AF - AMOR DE PESSOA,0,0,0, R$  -   ,,,,NLH,0
01/06/2026,131734,CaioPai02,AF - AMOR DE PESSOA,"3,88",0,"78,19"," R$  82,07 ","4,73%","0,00%","95,27%",PLO6,"-170,46"
01/06/2026,158574,Ond@,AF - ENIO,0,0,"79,27"," R$  79,27 ","0,00%","0,00%","100,00%",PLO6,"26,05"
01/06/2026,102200,Odete Roitman ?,AF - ENIO,0,0,"5,77"," R$  5,77 ","0,00%","0,00%","100,00%",PLO6,"-52,84"
01/06/2026,116070,Bergkamp,AF - ENIO,0,"22,75",0," R$  22,75 ","0,00%","100,00%","0,00%",MTT,"337,07"
01/06/2026,140297,TOIC?,AF - ENIO,"12,28",1,0," R$  13,28 ","92,47%","7,53%","0,00%",NLH,22
01/06/2026,137597,Rurouni_Kenshin,AF - ENIO,0,0,"62,66"," R$  62,66 ","0,00%","0,00%","100,00%",PLO6,-400
01/06/2026,179880,raymene,AF - BRENO BIGNARD,0,"4,6","173,63"," R$  178,23 ","0,00%","2,58%","97,42%",PLO6,"-343,57"
01/06/2026,180225,vitor18,AF - BRENO BIGNARD,"86,53","5,9","5,43"," R$  97,86 ","88,42%","6,03%","5,55%",NLH,-162
01/06/2026,171202,jhony@AK,AF - BRENO BIGNARD,"9,7",0,"7,63"," R$  17,33 ","55,97%","0,00%","44,03%",NLH,"-32,89"
01/06/2026,111575,TH4N0S,AF - BRENO BIGNARD,"180,56",0,"1,94"," R$  182,50 ","98,94%","0,00%","1,06%",NLH,"-1185,51"
01/06/2026,172234,Ieda,AF - BRENO BIGNARD,"52,91",0,"0,04"," R$  52,95 ","99,92%","0,00%","0,08%",NLH,"-101,97"
01/06/2026,176004,Opallar DP,AF - BRENO BIGNARD,"154,52",0,0," R$  154,52 ","100,00%","0,00%","0,00%",NLH,"-44,63"
01/06/2026,194954,AA?,AF - BRENO BIGNARD,"50,05",0,"554,9"," R$  604,95 ","8,27%","0,00%","91,73%",PLO6,"864,24"
01/06/2026,172891,tecomeu,AF - BRENO BIGNARD,0,80,"11,69"," R$  91,69 ","0,00%","87,25%","12,75%",MTT,-844
01/06/2026,164986,Jacaré va pra casa,AF - BRENO BIGNARD,0,1,"68,79"," R$  69,79 ","0,00%","1,43%","98,57%",PLO6,63
01/06/2026,178930,Beto Barbosa,AF - BRENO BIGNARD,"71,09",0,"5,6"," R$  76,69 ","92,70%","0,00%","7,30%",NLH,43
01/06/2026,151380,Brazinha,AF - BRENO BIGNARD,"81,35",0,0," R$  81,35 ","100,00%","0,00%","0,00%",NLH,"450,6"
01/06/2026,182244,TiiBilu1010,AF - BRENO BIGNARD,"100,3","3,5","365,45"," R$  469,25 ","21,37%","0,75%","77,88%",PLO6,"-439,16"
01/06/2026,192998,pix192998,AF - BRENO BIGNARD,"120,46",0,"129,66"," R$  250,12 ","48,16%","0,00%","51,84%",PLO6,"-1164,39"
01/06/2026,160617,pix160617,AF - BRENO BIGNARD,"9,32",0,0," R$  9,32 ","100,00%","0,00%","0,00%",NLH,"-59,26"
01/06/2026,164324,NerdSilva,AF - BRENO BIGNARD,"94,75",0,0," R$  94,75 ","100,00%","0,00%","0,00%",NLH,"-45,36"
01/06/2026,174130,pix00001,AF - BRENO BIGNARD,"207,26",0,2," R$  209,26 ","99,04%","0,00%","0,96%",NLH,"945,7"
01/06/2026,172367,flaviobolsonaroooooo,AF - BRENO BIGNARD,0,21,0," R$  21,00 ","0,00%","100,00%","0,00%",MTT,-210
01/06/2026,173765,tartaruga ?,AF - BRENO BIGNARD,"0,38",0,0," R$  0,38 ","100,00%","0,00%","0,00%",NLH,"-5,02"
01/06/2026,179068,chicogolinha,AF - BRENO BIGNARD,"119,9","6,1","0,88"," R$  126,88 ","94,50%","4,81%","0,69%",NLH,-132
01/06/2026,164244,neguinho do gás,AF - BRENO BIGNARD,"222,54",0,0," R$  222,54 ","100,00%","0,00%","0,00%",NLH,"-239,03"
01/06/2026,183300,gbala380,AF - BRENO BIGNARD,"4,36",0,0," R$  4,36 ","100,00%","0,00%","0,00%",NLH,"-11,81"
01/06/2026,171258,Washigton Salles,AF - BRENO BIGNARD,0,9,0," R$  9,00 ","0,00%","100,00%","0,00%",MTT,-90
01/06/2026,170702,Depay,AF - BRENO BIGNARD,"2,13",0,0," R$  2,13 ","100,00%","0,00%","0,00%",NLH,-30
01/06/2026,133213,Rafael2,AF - BRENO BIGNARD,0,0,0, R$  -   ,,,,NLH,0
01/06/2026,171011,NETOGRAVACOES,AF - BRENO BIGNARD,"21,33",0,"1,63"," R$  22,96 ","92,90%","0,00%","7,10%",NLH,-90
01/06/2026,178308,nicolauuu,AF - BRENO BIGNARD,"3,07",0,"1,19"," R$  4,26 ","72,07%","0,00%","27,93%",NLH,-20
01/06/2026,188467,TheNerdXama,AF - BRENO BIGNARD,0,"9,5",0," R$  9,50 ","0,00%","100,00%","0,00%",MTT,-95
01/06/2026,158010,bazucaaa,AF - BRENO BIGNARD,"5,18",0,0," R$  5,18 ","100,00%","0,00%","0,00%",NLH,-50
01/06/2026,162155,moraz,AF - BRENO BIGNARD,"61,37",0,0," R$  61,37 ","100,00%","0,00%","0,00%",NLH,"71,17"
01/06/2026,149811,bezerro,AF - BRENO BIGNARD,"39,87",0,"10,39"," R$  50,26 ","79,33%","0,00%","20,67%",NLH,"-84,88"
01/06/2026,136990,Bianchi311,AF - TRAF. AMOR P.,0,"0,8",0," R$  0,80 ","0,00%","100,00%","0,00%",MTT,-8
01/06/2026,190489,Zé Baray 4:20,AF - TRAF. AMOR P.,0,"0,4",0," R$  0,40 ","0,00%","100,00%","0,00%",MTT,"0,02"
01/06/2026,190498,CHORA MAIS LEK,AF - TRAF. AMOR P.,0,0,0, R$  -   ,,,,NLH,0
01/06/2026,143465,arthur.zx.086,AF - HERCULES,0,0,0, R$  -   ,,,,NLH,0
01/06/2026,117702,abunadopacato,AF - HERCULES,0,135,"3810,23"," R$  3.945,23 ","0,00%","3,42%","96,58%",PLO6,"-13627,36"
01/06/2026,131678,cassio clbo,AF - HERCULES,0,0,"26,23"," R$  26,23 ","0,00%","0,00%","100,00%",PLO6,-180
01/06/2026,141776,SisenandoCalixto,AF - HERCULES,0,"34,05",0," R$  34,05 ","0,00%","100,00%","0,00%",MTT,"22,97"
01/06/2026,132454,barbaxavier,AF - HERCULES,0,"24,6","95,81"," R$  120,41 ","0,00%","20,43%","79,57%",PLO6,"10,35"
01/06/2026,129768,NKSS,AF - HERCULES,0,"12,9",0," R$  12,90 ","0,00%","100,00%","0,00%",MTT,"-80,71"
01/06/2026,129660,luizbonato,AF - HERCULES,0,20,0," R$  20,00 ","0,00%","100,00%","0,00%",MTT,-200
01/06/2026,147903,PanteradeSá,AF - CLUB DO POKER,0,"0,1",0," R$  0,10 ","0,00%","100,00%","0,00%",MTT,"1,01"
01/06/2026,139674,22énutsPB,AF - CLUB DO POKER,0,0,"517,9"," R$  517,90 ","0,00%","0,00%","100,00%",PLO6,"-662,97"
01/06/2026,190422,MrBlunts,AF - CLUB DO POKER,0,0,0, R$  -   ,,,,NLH,0
01/06/2026,159450,Gustavomedeir,AF - CLUB DO POKER,0,"6,9",0," R$  6,90 ","0,00%","100,00%","0,00%",MTT,-69
01/06/2026,155748,MaxFarias,AF - GABRIEL BENEVOL,0,"111,61",0," R$  111,61 ","0,00%","100,00%","0,00%",MTT,"-113,21"
01/06/2026,152510,BruceWayne,AF - GABRIEL BENEVOL,"20,99","1,56",0," R$  22,55 ","93,08%","6,92%","0,00%",NLH,"-24,29"
01/06/2026,140440,Rafiusky,AF - GABRIEL BENEVOL,0,0,"9,99"," R$  9,99 ","0,00%","0,00%","100,00%",PLO6,-70
01/06/2026,152791,Karintó,AF - GABRIEL BENEVOL,0,0,"657,9"," R$  657,90 ","0,00%","0,00%","100,00%",PLO6,"-6190,21"
01/06/2026,107574,galega,AF - GABRIEL BENEVOL,0,0,"12,28"," R$  12,28 ","0,00%","0,00%","100,00%",PLO6,-142
01/06/2026,137005,ddzao,AF - GABRIEL BENEVOL,"0,38","3,5","9,13"," R$  13,01 ","2,92%","26,90%","70,18%",PLO6,"-89,44"
01/06/2026,160697,???,AF - RACHA PIX,"0,43",0,0," R$  0,43 ","100,00%","0,00%","0,00%",NLH,"8,88"
01/06/2026,160711,Dejota_,AF - RACHA PIX,0,7,"2,28"," R$  9,28 ","0,00%","75,43%","24,57%",MTT,"-78,97"
01/06/2026,184560,Vitão,AF - MILENA MAGRINI,0,0,0, R$  -   ,,,,NLH,0
01/06/2026,186523,sou profissional,AF - MILENA MAGRINI,0,"49,1",0," R$  49,10 ","0,00%","100,00%","0,00%",MTT,"1611,44"
01/06/2026,156438,Mi Magrini,AF - MILENA MAGRINI,"0,11",0,0," R$  0,11 ","100,00%","0,00%","0,00%",NLH,"1,24"
01/06/2026,156478,Will88,AF - MILENA MAGRINI,"0,56",0,0," R$  0,56 ","100,00%","0,00%","0,00%",NLH,"11,75"
01/06/2026,170376,AirtonEloi,AF - MILENA MAGRINI,0,0,0, R$  -   ,,,,NLH,0
01/06/2026,181009,juanbrsp,AF - MILENA MAGRINI,0,0,0, R$  -   ,,,,NLH,0
01/06/2026,128838,joguinhodele,AF - PALISSON M,0,0,"28,89"," R$  28,89 ","0,00%","0,00%","100,00%",PLO6,"-192,02"
01/06/2026,100203,ReidoFlip,AF - EMANUEL SOUZA,0,"81,1","3,15"," R$  84,25 ","0,00%","96,26%","3,74%",MTT,-58
01/06/2026,100195,pix100195,AF - EMANUEL SOUZA,"52,17","139,2",0," R$  191,37 ","27,26%","72,74%","0,00%",MTT,"-390,32"
01/06/2026,159633,TudodoJorgitoo,AF - EMANUEL SOUZA,0,23,"0,93"," R$  23,93 ","0,00%","96,11%","3,89%",MTT,"-96,87"
01/06/2026,154403,dealer082,AF - NATTAN CARINHA,0,"13,75","70,58"," R$  84,33 ","0,00%","16,30%","83,70%",PLO6,"-267,1"
01/06/2026,100249,CARINHA,AF - NATTAN CARINHA,0,1,0," R$  1,00 ","0,00%","100,00%","0,00%",MTT,0
01/06/2026,131317,Helderb,AF - NATTAN CARINHA,0,"5,6",0," R$  5,60 ","0,00%","100,00%","0,00%",MTT,-56
01/06/2026,162906,luizphelipemg,AF - FRED AGUIAR,"68,15","30,8","4,82"," R$  103,77 ","65,67%","29,68%","4,64%",NLH,"139,66"
01/06/2026,137719,Noslimeda,AF - FRED AGUIAR,"4,53",0,0," R$  4,53 ","100,00%","0,00%","0,00%",NLH,-30
01/06/2026,171391,pix179971,AF - FRED AGUIAR,0,0,"336,25"," R$  336,25 ","0,00%","0,00%","100,00%",PLO6,"-1739,03"
01/06/2026,189721,bananudo,AF - FRED AGUIAR,"0,29",0,0," R$  0,29 ","100,00%","0,00%","0,00%",NLH,-4
01/06/2026,194450,Luiss,AF - FRED AGUIAR,"0,55",0,"8,61"," R$  9,16 ","6,00%","0,00%","94,00%",PLO6,-96
01/06/2026,100116,Fazendeiro,AF - PAÇOCA,0,50,"10440,39"," R$  10.490,39 ","0,00%","0,48%","99,52%",PLO6,"51980,86"
01/06/2026,194512,pix194512,AF - PAÇOCA,0,0,"727,58"," R$  727,58 ","0,00%","0,00%","100,00%",PLO6,"2059,13"
01/06/2026,100198,发牌员亲儿子,AF - PAÇOCA,0,250,"3301,61"," R$  3.551,61 ","0,00%","7,04%","92,96%",PLO6,16042
01/06/2026,124064,Presley,AF - PAÇOCA,0,205,0," R$  205,00 ","0,00%","100,00%","0,00%",MTT,"-293,68"
01/06/2026,100227,pix1648639,AF - PAÇOCA,0,60,0," R$  60,00 ","0,00%","100,00%","0,00%",MTT,-600
01/06/2026,100204,Desconhecido,AF - DINHO,0,0,"482,13"," R$  482,13 ","0,00%","0,00%","100,00%",PLO6,"610,19"
01/06/2026,165171,Dr.House,AF - DINHO,"1,08","41,3","11,31"," R$  53,69 ","2,01%","76,92%","21,07%",MTT,"-300,25"
01/06/2026,102063,BETVIP,AF - MESSI,0,0,"1426,1"," R$  1.426,10 ","0,00%","0,00%","100,00%",PLO6,"-2169,69"
01/06/2026,100748,messi.,AF - MESSI,0,0,"124,07"," R$  124,07 ","0,00%","0,00%","100,00%",PLO6,"1064,87"
01/06/2026,110584,black,AF - BOLEIROS BRAS,0,0,"1183,43"," R$  1.183,43 ","0,00%","0,00%","100,00%",PLO6,"-7700,28"
01/06/2026,137589,MH22,AF - BOLEIROS BRAS,22,6,"1,79"," R$  29,79 ","73,85%","20,14%","6,01%",NLH,-305
01/06/2026,120498,macabuco,AF - JEFERSONMARTINS,0,10,"113,88"," R$  123,88 ","0,00%","8,07%","91,93%",PLO6,-1341
01/06/2026,123163,pix123163,AF -JR. CALAZANS,0,0,"453,8"," R$  453,80 ","0,00%","0,00%","100,00%",PLO6,"-493,09"
01/06/2026,124340,Agoravai,AF -JR. CALAZANS,0,119,"402,74"," R$  521,74 ","0,00%","22,81%","77,19%",PLO6,"-2869,14"
01/06/2026,131603,tiabuh,AF -JR. CALAZANS,0,0,"687,77"," R$  687,77 ","0,00%","0,00%","100,00%",PLO6,"-4718,69"
01/06/2026,138993,joelma,AF -JR. CALAZANS,0,0,"1435,65"," R$  1.435,65 ","0,00%","0,00%","100,00%",PLO6,"6093,73"
01/06/2026,137862,runeruner,AF -JR. CALAZANS,"24,13",6,0," R$  30,13 ","80,09%","19,91%","0,00%",NLH,"69,25"
01/06/2026,188987,Apple,AF -JR. CALAZANS,0,0,"7687,95"," R$  7.687,95 ","0,00%","0,00%","100,00%",PLO6,"-11336,06"
01/06/2026,178284,tuffs,AF -JR. CALAZANS,0,0,"968,42"," R$  968,42 ","0,00%","0,00%","100,00%",PLO6,"-2345,79"
01/06/2026,147297,Fénix_,AF -JR. CALAZANS,0,20,0," R$  20,00 ","0,00%","100,00%","0,00%",MTT,-200
01/06/2026,166183,Durcall,AF -JR. CALAZANS,0,90,0," R$  90,00 ","0,00%","100,00%","0,00%",MTT,"-733,12"
01/06/2026,131291,Moreirão,AF -JR. CALAZANS,0,60,"2987,29"," R$  3.047,29 ","0,00%","1,97%","98,03%",PLO6,"6589,51"
01/06/2026,183037,Bingo,AF -JR. CALAZANS,0,60,"745,58"," R$  805,58 ","0,00%","7,45%","92,55%",PLO6,"1960,13"
01/06/2026,192387,pix192387,AF -JR. CALAZANS,0,0,"902,91"," R$  902,91 ","0,00%","0,00%","100,00%",PLO6,"4360,04"
01/06/2026,192627,timãoepumba,AF -JR. CALAZANS,0,0,"751,75"," R$  751,75 ","0,00%","0,00%","100,00%",PLO6,"-2831,05"
01/06/2026,129018,Alfredão,AF -JR. CALAZANS,0,0,"143,6"," R$  143,60 ","0,00%","0,00%","100,00%",PLO6,"-499,99"
01/06/2026,136575,Blef_Nuts,AF -JR. CALAZANS,0,"9,8","96,59"," R$  106,39 ","0,00%","9,21%","90,79%",PLO6,-322
01/06/2026,135727,D. Luffy,AF -JR. CALAZANS,0,"34,9","0,01"," R$  34,91 ","0,00%","99,97%","0,03%",MTT,"-288,49"
01/06/2026,130350,Sete4,AF -JR. CALAZANS,0,40,"39,1"," R$  79,10 ","0,00%","50,57%","49,43%",MTT,"-999,53"
01/06/2026,149182,Alan Jatobá,AF -JR. CALAZANS,0,0,0, R$  -   ,,,,NLH,0
01/06/2026,158854,Fazendeira,AF -JR. CALAZANS,0,0,"23,56"," R$  23,56 ","0,00%","0,00%","100,00%",PLO6,"-55,92"
01/06/2026,139470,pix139470,AF - JOÃO MARCOS,0,0,"1588,08"," R$  1.588,08 ","0,00%","0,00%","100,00%",PLO6,"-3617,3"
01/06/2026,140430,já ganhou,AF - JOÃO MARCOS,0,0,"298,44"," R$  298,44 ","0,00%","0,00%","100,00%",PLO6,"-618,04"
01/06/2026,161131,PokerStar,AF - YAMADA,0,10,"2476,7"," R$  2.486,70 ","0,00%","0,40%","99,60%",PLO6,"-4923,17"
01/06/2026,195160,5ªserie,AF - YAMADA,0,0,"85,67"," R$  85,67 ","0,00%","0,00%","100,00%",PLO6,"810,38"
01/06/2026,161958,pix161958,AF - LEONARDO DUARTE,0,0,"262,96"," R$  262,96 ","0,00%","0,00%","100,00%",PLO6,"-283,62"
01/06/2026,141799,Malboro,AF - LEONARDO DUARTE,0,8,"2,58"," R$  10,58 ","0,00%","75,61%","24,39%",MTT,"-14,15"
01/06/2026,187369,FelipeJoia24,AF - LEONARDO DUARTE,0,19,0," R$  19,00 ","0,00%","100,00%","0,00%",MTT,-190
01/06/2026,186673,GamblerAlencar,AF - LEONARDO DUARTE,"24,07","117,6",0," R$  141,67 ","16,99%","83,01%","0,00%",MTT,"1744,99"
01/06/2026,167387,pix167387,AF - LEONARDO DUARTE,"26,26",0,"832,99"," R$  859,25 ","3,06%","0,00%","96,94%",PLO6,-1116
01/06/2026,169126,macth card,AF - JAPA,0,10,"1640,41"," R$  1.650,41 ","0,00%","0,61%","99,39%",PLO6,"10262,33"
01/06/2026,100148,Katrupe,AF - JAPA,0,71,"40,12"," R$  111,12 ","0,00%","63,89%","36,11%",MTT,"126,8"
01/06/2026,142091,pau e choque,AF - JAPA,0,0,"1583,48"," R$  1.583,48 ","0,00%","0,00%","100,00%",PLO6,"-5540,25"
01/06/2026,187490,De Arrascaeta,AF - JAPA,0,130,0," R$  130,00 ","0,00%","100,00%","0,00%",MTT,"3254,33"
01/06/2026,100267,Digamaisnd,AF - JAPA,0,0,"257,44"," R$  257,44 ","0,00%","0,00%","100,00%",PLO6,"30,56"
01/06/2026,172370,ShoShoNilDo,AF - JAPA,0,0,"2236,88"," R$  2.236,88 ","0,00%","0,00%","100,00%",PLO6,"28750,67"
01/06/2026,147885,freshfrozen,AF - JAPA,0,20,0," R$  20,00 ","0,00%","100,00%","0,00%",MTT,"277,4"
01/06/2026,172369,Di Pace,AF - JAPA,0,"1,1",0," R$  1,10 ","0,00%","100,00%","0,00%",MTT,89
01/06/2026,180537,Max leite,AF - JAPA,0,20,0," R$  20,00 ","0,00%","100,00%","0,00%",MTT,"1687,04"
01/06/2026,100193,azedinho,AF - AZEDINHO,0,70,"643,69"," R$  713,69 ","0,00%","9,81%","90,19%",PLO6,"239,18"
01/06/2026,193827,KilllerThePote,AF - AZEDINHO,0,0,"316,03"," R$  316,03 ","0,00%","0,00%","100,00%",PLO6,"-129,05"
01/06/2026,100220,Martin Kabrhel,AF - RAPHAEL A.,0,0,"101,94"," R$  101,94 ","0,00%","0,00%","100,00%",PLO6,"259,04"
01/06/2026,194024,chama na bota,AF - RAPHAEL A.,0,0,"1153,25"," R$  1.153,25 ","0,00%","0,00%","100,00%",PLO6,"-412,15"
01/06/2026,186000,webinhodasorte,AF - RAPHAEL A.,0,0,"74,2"," R$  74,20 ","0,00%","0,00%","100,00%",PLO6,-108
01/06/2026,183282,ricardin,AF - RAPHAEL A.,0,0,"17,22"," R$  17,22 ","0,00%","0,00%","100,00%",PLO6,"8,6"
01/06/2026,145480,parDeKK,AF - RAPHAEL A.,0,"10,5","238,85"," R$  249,35 ","0,00%","4,21%","95,79%",PLO6,"-702,38"
01/06/2026,102379,pix102379,AF - RAPHAEL A.,0,0,0, R$  -   ,,,,NLH,0
01/06/2026,104400,Brenin10,AF - BRENO MARINHO,0,0,"492,45"," R$  492,45 ","0,00%","0,00%","100,00%",PLO6,"13,11"
01/06/2026,139505,pix139505,AF - RAILSON,0,"15,8","431,93"," R$  447,73 ","0,00%","3,53%","96,47%",PLO6,"-826,27"
01/06/2026,149092,NF_#1,AF - FULL HOUSE A.,0,30,"1790,67"," R$  1.820,67 ","0,00%","1,65%","98,35%",PLO6,"2695,16"
01/06/2026,173237,neto carneiro,AF - FULL HOUSE A.,"1,77",0,0," R$  1,77 ","100,00%","0,00%","0,00%",NLH,-16
01/06/2026,140124,Thiago Amós,AF - FULL HOUSE A.,0,30,0," R$  30,00 ","0,00%","100,00%","0,00%",MTT,"25,13"
01/06/2026,156932,the king of copas,AF - FULL HOUSE A.,"31,58",0,"2,81"," R$  34,39 ","91,83%","0,00%","8,17%",NLH,"88,9"
01/06/2026,167393,Tudo_Na_Telaaa,AF - NILDINHO,0,0,"1501,01"," R$  1.501,01 ","0,00%","0,00%","100,00%",PLO6,"-2837,4"
01/06/2026,167892,francimar,AF - NILDINHO,"38,75","26,6",0," R$  65,35 ","59,30%","40,70%","0,00%",NLH,-300
01/06/2026,185617,pix185617,AF - NILDINHO,0,0,"5,7"," R$  5,70 ","0,00%","0,00%","100,00%",PLO6,-26
01/06/2026,157681,Boiruna,AF - NILDINHO,0,0,0, R$  -   ,,,,NLH,0
01/06/2026,168927,pix168927,AF - NILDINHO,0,0,0, R$  -   ,,,,NLH,0
01/06/2026,161316,fh0217,AF - NILDINHO,0,0,"20,26"," R$  20,26 ","0,00%","0,00%","100,00%",PLO6,150
01/06/2026,102070,Batatinha,AF - NILDINHO,0,0,0, R$  -   ,,,,NLH,0
01/06/2026,172533,Cravei ?,AF - PHYETRO,0,"41,9","216,86"," R$  258,76 ","0,00%","16,19%","83,81%",PLO6,"2318,34"
01/06/2026,173287,FlipGrind,AF - PHYETRO,0,"289,3",0," R$  289,30 ","0,00%","100,00%","0,00%",MTT,"-516,39"
01/06/2026,173802,TonyRedgrave,AF - PHYETRO,0,114,"4,66"," R$  118,66 ","0,00%","96,07%","3,93%",MTT,"949,62"
01/06/2026,101966,T.Lasso,AF - PHYETRO,0,"110,5",0," R$  110,50 ","0,00%","100,00%","0,00%",MTT,"-1015,01"
01/06/2026,101831,Faz o K,AF - PHYETRO,0,106,0," R$  106,00 ","0,00%","100,00%","0,00%",MTT,"-425,05"
01/06/2026,100333,OFF.,AF - PHYETRO,0,0,"13,43"," R$  13,43 ","0,00%","0,00%","100,00%",PLO6,"506,68"
01/06/2026,102446,MD420,AF - PHYETRO,0,45,0," R$  45,00 ","0,00%","100,00%","0,00%",MTT,"677,02"
01/06/2026,102551,Felipe Dylon,AF - PHYETRO,0,20,0," R$  20,00 ","0,00%","100,00%","0,00%",MTT,-200
01/06/2026,193650,Dog$,AF - MATHEUS HENRIQU,"50,84","66,3","467,82"," R$  584,96 ","8,69%","11,33%","79,97%",PLO6,"1166,2"
01/06/2026,155779,RomeuJr,AF - MATHEUS HENRIQU,0,"4,6","122,36"," R$  126,96 ","0,00%","3,62%","96,38%",PLO6,166
01/06/2026,111265,henry.22,AF - MATHEUS HENRIQU,0,0,"7,4"," R$  7,40 ","0,00%","0,00%","100,00%",PLO6,-60
01/06/2026,164275,éobeloo,AF - MATHEUS HENRIQU,0,"7,55","5,44"," R$  12,99 ","0,00%","58,12%","41,88%",MTT,291
01/06/2026,175284,TETEUZADA,AF - MATHEUS HENRIQU,"1,07",0,0," R$  1,07 ","100,00%","0,00%","0,00%",NLH,"-6,1"
01/06/2026,160621,Débora Araújo,AF - MATHEUS HENRIQU,0,0,0, R$  -   ,,,,NLH,0
01/06/2026,171678,ArmandoBestafera,AF - MATHEUS HENRIQU,0,0,0, R$  -   ,,,,NLH,0
01/06/2026,196417,pix196417,AF - MATHEUS HENRIQU,0,10,0," R$  10,00 ","0,00%","100,00%","0,00%",MTT,-100
01/06/2026,196330,pix196330,AF - JOÃO PAULO,0,0,"1057,46"," R$  1.057,46 ","0,00%","0,00%","100,00%",PLO6,"-1325,51"
01/06/2026,160226,Welton12,AF - JOÃO PAULO,0,0,"2011,28"," R$  2.011,28 ","0,00%","0,00%","100,00%",PLO6,"3682,45"
01/06/2026,133058,Tuê,AF - JOÃO PAULO,0,10,"399,1"," R$  409,10 ","0,00%","2,44%","97,56%",PLO6,"1061,99"
01/06/2026,146230,Machine7,AF - JOÃO PAULO,"5,93",25,"41,48"," R$  72,41 ","8,19%","34,53%","57,28%",PLO6,"855,45"
01/06/2026,196416,Pix196416,AF - JOÃO PAULO,0,0,"191,49"," R$  191,49 ","0,00%","0,00%","100,00%",PLO6,"20,24"
01/06/2026,174211,Anirrakell,AF - HERMINIO C,0,0,"149,68"," R$  149,68 ","0,00%","0,00%","100,00%",PLO6,"1048,1"
01/06/2026,147381,JHerminio ?,AF - HERMINIO C,0,5,"19,96"," R$  24,96 ","0,00%","20,03%","79,97%",PLO6,"-90,42"
01/06/2026,178754,Kakashi5,AF - TRAF. MILENA M.,0,0,"71,05"," R$  71,05 ","0,00%","0,00%","100,00%",PLO6,"-170,77"
01/06/2026,188335,Urubu Perneta1,AF - TRAF. MILENA M.,0,0,0, R$  -   ,,,,NLH,"0,96"
01/06/2026,191820,aline,AF - TRAF. MILENA M.,0,0,0, R$  -   ,,,,NLH,0
01/06/2026,193384,pix193384,AF - TRAF. MILENA M.,0,0,0, R$  -   ,,,,NLH,"1,01"
01/06/2026,190285,BalaDelas01,AF - TRAF. MILENA M.,0,"0,2",0," R$  0,20 ","0,00%","100,00%","0,00%",MTT,"1,22"
01/06/2026,113639,guilermecosta,AF - RILDO,0,0,"464,56"," R$  464,56 ","0,00%","0,00%","100,00%",PLO6,"758,93"
01/06/2026,130123,Pinguim$,AF - RILDO,0,0,"702,97"," R$  702,97 ","0,00%","0,00%","100,00%",PLO6,"1216,26"
01/06/2026,194171,...NANAI...,AF - FAMTH,0,"24,3",0," R$  24,30 ","0,00%","100,00%","0,00%",MTT,"-241,8"
01/06/2026,181904,zudobr,AF - FAMTH,0,0,"461,23"," R$  461,23 ","0,00%","0,00%","100,00%",PLO6,"-1170,18"
01/06/2026,194170,xwillx,AF - FAMTH,0,"54,3",0," R$  54,30 ","0,00%","100,00%","0,00%",MTT,"-356,51"
01/06/2026,173768,Nascimentoimob,AF - FAMTH,0,"5,5",0," R$  5,50 ","0,00%","100,00%","0,00%",MTT,-55
01/06/2026,103179,RicardinhoMotAA,AF - FAMTH,0,20,0," R$  20,00 ","0,00%","100,00%","0,00%",MTT,-200
01/06/2026,130651,AF - FAMTH,AF - FAMTH,0,0,"276,49"," R$  276,49 ","0,00%","0,00%","100,00%",PLO6,"-839,67"
01/06/2026,166930,ValaValaNut,AF - FAMTH,"9,99","20,2","114,67"," R$  144,86 ","6,90%","13,94%","79,16%",PLO6,"-421,33"
01/06/2026,193094,pix193094,AF - FAMTH,0,1,0," R$  1,00 ","0,00%","100,00%","0,00%",MTT,-10
01/06/2026,100237,elsalsicha,AF - BIGBLINDS,0,10,"40,65"," R$  50,65 ","0,00%","19,74%","80,26%",PLO6,-100
01/06/2026,115712,Homem Forrageira,AF - BIGBLINDS,0,"83,44",0," R$  83,44 ","0,00%","100,00%","0,00%",MTT,"1765,73"
01/06/2026,100434,pix100434,AF - BIGBLINDS,0,0,"97,26"," R$  97,26 ","0,00%","0,00%","100,00%",PLO6,"115,8"
01/06/2026,159597,pokeRC??,AF - BIGBLINDS,"100,1",0,0," R$  100,10 ","100,00%","0,00%","0,00%",NLH,"331,85"
01/06/2026,100414,LovisK,AF - BIGBLINDS,0,"74,5",0," R$  74,50 ","0,00%","100,00%","0,00%",MTT,"-596,64"
01/06/2026,146112,HAPPYFEET,AF - BIGBLINDS,0,"35,3",0," R$  35,30 ","0,00%","100,00%","0,00%",MTT,"13,15"
01/06/2026,195408,FIFAA,AF - BIGBLINDS,0,"189,16",0," R$  189,16 ","0,00%","100,00%","0,00%",MTT,-951
01/06/2026,100183,Magnus.,AF - BIGBLINDS,0,"54,8",0," R$  54,80 ","0,00%","100,00%","0,00%",MTT,-560
01/06/2026,100780,LIGHT,AF - BIGBLINDS,0,10,0," R$  10,00 ","0,00%","100,00%","0,00%",MTT,-100
01/06/2026,100939,Watchmen,AF - BIGBLINDS,0,70,0," R$  70,00 ","0,00%","100,00%","0,00%",MTT,"1610,37"
01/06/2026,102024,zerocAAll,AF - BIGBLINDS,0,85,0," R$  85,00 ","0,00%","100,00%","0,00%",MTT,"366,22"
01/06/2026,117450,relógio quebrado,AF - BIGBLINDS,0,"60,44",0," R$  60,44 ","0,00%","100,00%","0,00%",MTT,"-488,28"
01/06/2026,149326,Coca-Cola Zero,AF - BIGBLINDS,0,90,0," R$  90,00 ","0,00%","100,00%","0,00%",MTT,"-423,74"
01/06/2026,100425,Estenislaw,AF - BIGBLINDS,0,0,0, R$  -   ,,,,NLH,"-243,76"
01/06/2026,100883,theblack,AF - BIGBLINDS,0,"2,4","55,31"," R$  57,71 ","0,00%","4,16%","95,84%",PLO6,"59,23"
01/06/2026,100386,lavagemdedinheiro,AF - BIGBLINDS,0,0,"13,85"," R$  13,85 ","0,00%","0,00%","100,00%",PLO6,"-50,61"
01/06/2026,100224,Blackwhite,AF - BIGBLINDS,0,"4,4",0," R$  4,40 ","0,00%","100,00%","0,00%",MTT,-50
01/06/2026,100699,Bencbedge,AF - BIGBLINDS,0,"2,5",0," R$  2,50 ","0,00%","100,00%","0,00%",MTT,-25
01/06/2026,100652,Lekin-Aroeiras,AF - BIGBLINDS,0,0,0, R$  -   ,,,,NLH,"1,6"
01/06/2026,100225,receba,AF - BIGBLINDS,0,0,"29,32"," R$  29,32 ","0,00%","0,00%","100,00%",PLO6,"-557,55"
01/06/2026,100383,DestroyeD,AF - BIGBLINDS,0,0,"2,59"," R$  2,59 ","0,00%","0,00%","100,00%",PLO6,-26
01/06/2026,154909,MilhoVerde,AF - BIGBLINDS,0,75,0," R$  75,00 ","0,00%","100,00%","0,00%",MTT,"-515,15"
01/06/2026,123328,caollho,AF - KLEYDSON,"3,61",0,0," R$  3,61 ","100,00%","0,00%","0,00%",NLH,"-23,96"
01/06/2026,194595,LICO,AF - BRENER VICENTE,0,10,0," R$  10,00 ","0,00%","100,00%","0,00%",MTT,-100
01/06/2026,189476,SAMUKA YOSHI,AF - TRAF. RAMON P.,"18,55",0,0," R$  18,55 ","100,00%","0,00%","0,00%",NLH,-56
01/06/2026,160225,Zekinhaflush,AF - TELES,0,0,"328,4"," R$  328,40 ","0,00%","0,00%","100,00%",PLO6,"1400,4"
01/06/2026,150259,pix 192988,AF - OZÉIAS,0,0,"44,31"," R$  44,31 ","0,00%","0,00%","100,00%",PLO6,"311,71"
01/06/2026,170889,betsporte87,AF-ARTHUR QUEIMADAS,0,0,"4,72"," R$  4,72 ","0,00%","0,00%","100,00%",PLO6,"-18,38"
01/06/2026,127889,gibak60,AF-ARTHUR QUEIMADAS,0,0,0, R$  -   ,,,,NLH,0
01/06/2026,102792,CGAP-.,AF - BOLINHA,0,"37,7","124,76"," R$  162,46 ","0,00%","23,21%","76,79%",PLO6,"-833,86"
01/06/2026,100283,Penso&Pago,AF - BOLINHA,0,0,"13,31"," R$  13,31 ","0,00%","0,00%","100,00%",PLO6,-100
01/06/2026,119992,LULA 91,AF - MARCIO MIRANDA,"14,49","0,2","4,39"," R$  19,08 ","75,94%","1,05%","23,01%",NLH,"-53,06"
01/06/2026,139668,jasontatum#0,AF - RENAN COELHO,0,0,0, R$  -   ,,,,NLH,"5,81"
01/06/2026,138637,pix138637,AF - RENAN COELHO,0,0,0, R$  -   ,,,,NLH,0
01/06/2026,139670,bocapreta,AF - RENAN COELHO,0,0,0, R$  -   ,,,,NLH,0
01/06/2026,154436,bombazero,AF - CCTH,0,"0,8",0," R$  0,80 ","0,00%","100,00%","0,00%",MTT,-8
01/06/2026,160389,MclCarvalho,AF - CCTH,0,0,"1,62"," R$  1,62 ","0,00%","0,00%","100,00%",PLO6,"-1,32"
01/06/2026,153908,MCTZ,AF - BOIN,"1,02",0,"13,74"," R$  14,76 ","6,91%","0,00%","93,09%",PLO6,-240
01/06/2026,155365,noiadooooo,AF - BOIN,0,14,"168,03"," R$  182,03 ","0,00%","7,69%","92,31%",PLO6,"-636,66"
01/06/2026,136566,Papitolegal,AF - RAFAEL HASS,0,"47,55",0," R$  47,55 ","0,00%","100,00%","0,00%",MTT,"-315,09"
01/06/2026,135257,littlegirl,AF - POKER BSB,0,0,0, R$  -   ,,,,NLH,0
01/06/2026,151437,ChicodoCocooooo,AF - POKERCAST,0,0,"5,27"," R$  5,27 ","0,00%","0,00%","100,00%",PLO6,"-69,13"
01/06/2026,126218,StreetPokerTHE,AF - POKERCAST,0,0,0, R$  -   ,,,,NLH,0
01/06/2026,131926,JMportuga,AF - POKERCAST,0,0,0, R$  -   ,,,,NLH,0
01/06/2026,136659,Galação,AF - JOANDERSON L.,0,0,"85,53"," R$  85,53 ","0,00%","0,00%","100,00%",PLO6,"-632,82"
01/06/2026,151663,pix151663,AF - MPS PIXPOKER,0,5,0," R$  5,00 ","0,00%","100,00%","0,00%",MTT,-50
01/06/2026,196387,Rafael 72,AF - MPS PIXPOKER,0,9,0," R$  9,00 ","0,00%","100,00%","0,00%",MTT,-90
01/06/2026,122845,pix122845,AF - MPS PIXPOKER,0,6,0," R$  6,00 ","0,00%","100,00%","0,00%",MTT,-60
01/06/2026,131137,guisobreira98,AF - MPS PIXPOKER,0,0,0, R$  -   ,,,,NLH,0
01/06/2026,149900,Meretíssimo,AF - MPS PIXPOKER,0,0,0, R$  -   ,,,,NLH,0
01/06/2026,150917,VIOLENTISSIMA,AF - MPS PIXPOKER,0,0,0, R$  -   ,,,,NLH,0
01/06/2026,171504,miguellito33,AF - MPS PIXPOKER,0,0,0, R$  -   ,,,,NLH,0
01/06/2026,195993,pix195993,AF - MPS PIXPOKER,0,0,0, R$  -   ,,,,NLH,0
01/06/2026,196372,pix196372,AF - MPS PIXPOKER,0,0,0, R$  -   ,,,,NLH,0
01/06/2026,196373,manoelsb,AF - MPS PIXPOKER,0,2,0," R$  2,00 ","0,00%","100,00%","0,00%",MTT,"-18,09"
01/06/2026,196374,Igor Miguel,AF - MPS PIXPOKER,0,0,0, R$  -   ,,,,NLH,0
01/06/2026,196375,pix196375,AF - MPS PIXPOKER,0,0,0, R$  -   ,,,,NLH,0
01/06/2026,196377,GleydsonSilva,AF - MPS PIXPOKER,0,0,0, R$  -   ,,,,NLH,0
01/06/2026,196378,Silvanoa6,AF - MPS PIXPOKER,0,10,0," R$  10,00 ","0,00%","100,00%","0,00%",MTT,-100
01/06/2026,196382,pix196382,AF - MPS PIXPOKER,0,5,0," R$  5,00 ","0,00%","100,00%","0,00%",MTT,-50
01/06/2026,196383,KKxQQ,AF - MPS PIXPOKER,"3,03",0,"240,08"," R$  243,11 ","1,25%","0,00%","98,75%",PLO6,"1435,2"
01/06/2026,196384,pix196384,AF - MPS PIXPOKER,0,0,0, R$  -   ,,,,NLH,0
01/06/2026,196388,pix196388,AF - MPS PIXPOKER,0,0,0, R$  -   ,,,,NLH,0
01/06/2026,196389,pix196389,AF - MPS PIXPOKER,0,0,0, R$  -   ,,,,NLH,0
01/06/2026,196390,Galvao25,AF - MPS PIXPOKER,0,0,0, R$  -   ,,,,NLH,0
01/06/2026,196392,reinnericaro,AF - MPS PIXPOKER,0,0,0, R$  -   ,,,,NLH,0
01/06/2026,196393,RicardoM7,AF - MPS PIXPOKER,0,0,0, R$  -   ,,,,NLH,0
01/06/2026,196396,JKGomes1980,AF - MPS PIXPOKER,0,0,0, R$  -   ,,,,NLH,0
01/06/2026,196398,pix196398,AF - MPS PIXPOKER,0,10,0," R$  10,00 ","0,00%","100,00%","0,00%",MTT,-100
01/06/2026,196399,pix196399,AF - MPS PIXPOKER,0,0,0, R$  -   ,,,,NLH,0
01/06/2026,196400,heitorpro,AF - MPS PIXPOKER,0,0,0, R$  -   ,,,,NLH,0
01/06/2026,150372,behavior,AF - KIKA QUEEN,"1,22",0,0," R$  1,22 ","100,00%","0,00%","0,00%",NLH,"10,98"
01/06/2026,160516,FreitasAA,AF - TEXAS ESTRELAS,0,54,0," R$  54,00 ","0,00%","100,00%","0,00%",MTT,-540
01/06/2026,104220,do pneu,AF - ENZO VIEC,0,"10,7",0," R$  10,70 ","0,00%","100,00%","0,00%",MTT,-107
01/06/2026,144565,XPoker,AF - XILIQUE,0,0,"8,56"," R$  8,56 ","0,00%","0,00%","100,00%",PLO6,"-21,65"