Data,ID do jogador,Apelido,Agente,NLH,MTT,PLO6,Total,NLH,MTT,PLO6,Jogo_Fav,PROFIT/LOSS
04/05/2026,100234,Pacauu,PIXPOKER,0,"96,1",0," R$  96,10 ","0,00%","100,00%","0,00%",MTT,"12,98"
04/05/2026,102244,babayaga_,PIXPOKER,"0,05","3,7","2,76"," R$  6,51 ","0,77%","56,84%","42,40%",MTT,"-47,91"
04/05/2026,112641,tatuipoker,PIXPOKER,0,"39,99",0," R$  39,99 ","0,00%","100,00%","0,00%",MTT,"-204,96"
04/05/2026,130831,SnAAcK,PIXPOKER,0,"45,4","13,21"," R$  58,61 ","0,00%","77,46%","22,54%",MTT,"-585,63"
04/05/2026,133756,Marinho 54,PIXPOKER,0,"38,74",0," R$  38,74 ","0,00%","100,00%","0,00%",MTT,"-192,14"
04/05/2026,146768,Tonon,PIXPOKER,0,"13,9",0," R$  13,90 ","0,00%","100,00%","0,00%",MTT,-49
04/05/2026,150826,thpericlesbjj,PIXPOKER,0,"16,6",0," R$  16,60 ","0,00%","100,00%","0,00%",MTT,-16
04/05/2026,155001,pix155001,PIXPOKER,0,"181,39",0," R$  181,39 ","0,00%","100,00%","0,00%",MTT,"-355,59"
04/05/2026,155081,Bradesco $@,PIXPOKER,"70,37","23,1","70,28"," R$  163,75 ","42,97%","14,11%","42,92%",NLH,"280,49"
04/05/2026,158093,Diegote86,PIXPOKER,"36,87","15,2","6,93"," R$  59,00 ","62,49%","25,76%","11,75%",NLH,"106,69"
04/05/2026,171835,TheRock99,PIXPOKER,"11,99","22,52",0," R$  34,51 ","34,74%","65,26%","0,00%",MTT,"151,14"
04/05/2026,171981,FIGUEIIREDO,PIXPOKER,0,"1,4","16,78"," R$  18,18 ","0,00%","7,70%","92,30%",PLO6,"-176,75"
04/05/2026,173235,Estrutura,PIXPOKER,0,"181,1","175,86"," R$  356,96 ","0,00%","50,73%","49,27%",MTT,"1281,99"
04/05/2026,189226,Italokeppe,PIXPOKER,0,"10,7",0," R$  10,70 ","0,00%","100,00%","0,00%",MTT,-107
04/05/2026,191416,Thomasl17,PIXPOKER,"6,89","19,3","2,78"," R$  28,97 ","23,78%","66,62%","9,60%",MTT,-42
04/05/2026,140135,lukinhas05,PIXPOKER,0,0,"466,78"," R$  466,78 ","0,00%","0,00%","100,00%",PLO6,"-1967,73"
04/05/2026,188115,RivaxL,PIXPOKER,0,10,"542,66"," R$  552,66 ","0,00%","1,81%","98,19%",PLO6,"-263,85"
04/05/2026,101534,sem perdão,PIXPOKER,"1,95","5,5","26,61"," R$  34,06 ","5,73%","16,15%","78,13%",PLO6,-300
04/05/2026,116975,bora bora,PIXPOKER,0,0,"101,66"," R$  101,66 ","0,00%","0,00%","100,00%",PLO6,-690
04/05/2026,129823,pix129823,PIXPOKER,0,0,"152,49"," R$  152,49 ","0,00%","0,00%","100,00%",PLO6,"-569,87"
04/05/2026,135262,F3lp1s,PIXPOKER,"0,28",2,"72,73"," R$  75,01 ","0,37%","2,67%","96,96%",PLO6,165
04/05/2026,138160,Chicão 01,PIXPOKER,0,0,"244,23"," R$  244,23 ","0,00%","0,00%","100,00%",PLO6,"-934,53"
04/05/2026,145959,Adibe Jr 02,PIXPOKER,"22,63","3,2","1605,41"," R$  1.631,24 ","1,39%","0,20%","98,42%",PLO6,"570,35"
04/05/2026,147693,TC97,PIXPOKER,0,0,"9,97"," R$  9,97 ","0,00%","0,00%","100,00%",PLO6,-64
04/05/2026,165694,jr?,PIXPOKER,"96,1","81,4","515,95"," R$  693,45 ","13,86%","11,74%","74,40%",PLO6,434
04/05/2026,172253,bob Marley,PIXPOKER,0,0,"550,01"," R$  550,01 ","0,00%","0,00%","100,00%",PLO6,"-1013,69"
04/05/2026,193467,Mercado livre,PIXPOKER,0,0,"227,11"," R$  227,11 ","0,00%","0,00%","100,00%",PLO6,"1071,94"
04/05/2026,194206,Sem Alma,PIXPOKER,"21,52",0,"206,34"," R$  227,86 ","9,44%","0,00%","90,56%",PLO6,"-1247,75"
04/05/2026,194990,DJOG??,PIXPOKER,0,0,"1519,31"," R$  1.519,31 ","0,00%","0,00%","100,00%",PLO6,"-849,89"
04/05/2026,107241,Tibau,PIXPOKER,0,22,"103,23"," R$  125,23 ","0,00%","17,57%","82,43%",PLO6,"-312,22"
04/05/2026,134557,reidocongo,PIXPOKER,0,0,"38,15"," R$  38,15 ","0,00%","0,00%","100,00%",PLO6,"-252,42"
04/05/2026,139654,Ari,PIXPOKER,"10,12",0,"148,81"," R$  158,93 ","6,37%","0,00%","93,63%",PLO6,"-325,39"
04/05/2026,171251,jhony@,PIXPOKER,"14,3",0,"324,47"," R$  338,77 ","4,22%","0,00%","95,78%",PLO6,"-410,72"
04/05/2026,182112,22222222,PIXPOKER,0,0,"630,06"," R$  630,06 ","0,00%","0,00%","100,00%",PLO6,"-165,94"
04/05/2026,158810,Psicopoker,PIXPOKER,"0,5","8,7",0," R$  9,20 ","5,43%","94,57%","0,00%",MTT,"-69,4"
04/05/2026,118027,EUROFARMA,PIXPOKER,0,"0,5","692,8"," R$  693,30 ","0,00%","0,07%","99,93%",PLO6,"3057,21"
04/05/2026,147011,leruiz,PIXPOKER,0,0,"301,48"," R$  301,48 ","0,00%","0,00%","100,00%",PLO6,"113,16"
04/05/2026,148445,gil pm,PIXPOKER,"0,81","32,7","1151,11"," R$  1.184,62 ","0,07%","2,76%","97,17%",PLO6,"-2585,54"
04/05/2026,153384,Mata Reg,PIXPOKER,0,"54,86","230,3"," R$  285,16 ","0,00%","19,24%","80,76%",PLO6,"-715,06"
04/05/2026,156606,papacapim?,PIXPOKER,0,0,"403,7"," R$  403,70 ","0,00%","0,00%","100,00%",PLO6,"-1563,35"
04/05/2026,161710,Drogba,PIXPOKER,0,0,"29,56"," R$  29,56 ","0,00%","0,00%","100,00%",PLO6,-100
04/05/2026,172386,pix172386,PIXPOKER,"136,87","0,3","275,52"," R$  412,69 ","33,17%","0,07%","66,76%",PLO6,"-611,96"
04/05/2026,180184,ROLUDU,PIXPOKER,"7,11",0,"41,94"," R$  49,05 ","14,50%","0,00%","85,50%",PLO6,"-26,86"
04/05/2026,183216,preta02,PIXPOKER,"27,96",0,"204,12"," R$  232,08 ","12,05%","0,00%","87,95%",PLO6,"-511,45"
04/05/2026,112136,VML$??,PIXPOKER,"137,35","3,4","168,1"," R$  308,85 ","44,47%","1,10%","54,43%",PLO6,"155,26"
04/05/2026,153505,Gabriel Almeida,PIXPOKER,"202,84",0,"0,85"," R$  203,69 ","99,58%","0,00%","0,42%",NLH,"-108,7"
04/05/2026,160398,FLOKI,PIXPOKER,"63,38",0,"21,24"," R$  84,62 ","74,90%","0,00%","25,10%",NLH,128
04/05/2026,188354,#check,PIXPOKER,"9,21","4,4","0,74"," R$  14,35 ","64,18%","30,66%","5,16%",NLH,"-68,6"
04/05/2026,194997,wsantos10,PIXPOKER,"41,6","26,7","78,27"," R$  146,57 ","28,38%","18,22%","53,40%",PLO6,"-765,68"
04/05/2026,135274,usuario91,PIXPOKER,0,0,"85,49"," R$  85,49 ","0,00%","0,00%","100,00%",PLO6,"-289,69"
04/05/2026,138157,Gigiroro,PIXPOKER,0,0,"75,67"," R$  75,67 ","0,00%","0,00%","100,00%",PLO6,-370
04/05/2026,151375,Jamal,PIXPOKER,"3,63",0,"222,56"," R$  226,19 ","1,60%","0,00%","98,40%",PLO6,"-283,21"
04/05/2026,152253,Men10,PIXPOKER,0,"0,8","12,56"," R$  13,36 ","0,00%","5,99%","94,01%",PLO6,"-244,8"
04/05/2026,155671,777777777,PIXPOKER,0,10,"359,06"," R$  369,06 ","0,00%","2,71%","97,29%",PLO6,"1171,17"
04/05/2026,184304,fbarros,PIXPOKER,"0,44",27,"245,93"," R$  273,37 ","0,16%","9,88%","89,96%",PLO6,"1422,26"
04/05/2026,193682,pix193682,PIXPOKER,0,1,"171,34"," R$  172,34 ","0,00%","0,58%","99,42%",PLO6,"33,53"
04/05/2026,194211,palaku,PIXPOKER,0,"32,4","260,75"," R$  293,15 ","0,00%","11,05%","88,95%",PLO6,"154,33"
04/05/2026,194380,pix194380,PIXPOKER,0,"0,1","140,26"," R$  140,36 ","0,00%","0,07%","99,93%",PLO6,"-202,73"
04/05/2026,195351,show10,PIXPOKER,0,0,"7,06"," R$  7,06 ","0,00%","0,00%","100,00%",PLO6,"13,67"
04/05/2026,178675,LEODEDIN,PIXPOKER,"0,53","3,4","27,46"," R$  31,39 ","1,69%","10,83%","87,48%",PLO6,"-156,02"
04/05/2026,193280,GODZZILLA,PIXPOKER,"1,3","28,66",0," R$  29,96 ","4,34%","95,66%","0,00%",MTT,49
04/05/2026,179909,Trilheiro???,PIXPOKER,"11,84","84,39",0," R$  96,23 ","12,30%","87,70%","0,00%",MTT,"432,69"
04/05/2026,181267,Menor LK,PIXPOKER,0,"3,7","476,03"," R$  479,73 ","0,00%","0,77%","99,23%",PLO6,"556,76"
04/05/2026,194761,Malcher,PIXPOKER,0,"1,7",0," R$  1,70 ","0,00%","100,00%","0,00%",MTT,"-13,71"
04/05/2026,171408,J.romance,PIXPOKER,"1,56","0,1","1,86"," R$  3,52 ","44,32%","2,84%","52,84%",PLO6,-45
04/05/2026,100346,DeinhAA,PIXPOKER,0,0,"305,42"," R$  305,42 ","0,00%","0,00%","100,00%",PLO6,"-652,36"
04/05/2026,128921,pix128921,PIXPOKER,0,"0,8","1,16"," R$  1,96 ","0,00%","40,82%","59,18%",PLO6,"-24,07"
04/05/2026,147799,sabonete22,PIXPOKER,0,0,"93,29"," R$  93,29 ","0,00%","0,00%","100,00%",PLO6,-244
04/05/2026,149545,pix149545,PIXPOKER,0,4,"35,23"," R$  39,23 ","0,00%","10,20%","89,80%",PLO6,-248
04/05/2026,152480,Boca,PIXPOKER,0,"0,1","35,84"," R$  35,94 ","0,00%","0,28%","99,72%",PLO6,"-93,67"
04/05/2026,159020,Zlatan11,PIXPOKER,"0,41",0,"271,99"," R$  272,40 ","0,15%","0,00%","99,85%",PLO6,"721,44"
04/05/2026,159520,fritzlang,PIXPOKER,"0,79","0,7","79,34"," R$  80,83 ","0,98%","0,87%","98,16%",PLO6,"-277,18"
04/05/2026,162802,prego,PIXPOKER,0,0,"296,74"," R$  296,74 ","0,00%","0,00%","100,00%",PLO6,-40
04/05/2026,162897,Totó ?,PIXPOKER,"32,51",0,"48,19"," R$  80,70 ","40,29%","0,00%","59,71%",PLO6,"-351,92"
04/05/2026,178437,loucojoker777?,PIXPOKER,0,"5,5","23,88"," R$  29,38 ","0,00%","18,72%","81,28%",PLO6,"-120,67"
04/05/2026,188494,Laele10x,PIXPOKER,0,0,"164,67"," R$  164,67 ","0,00%","0,00%","100,00%",PLO6,249
04/05/2026,195066,joaofon,PIXPOKER,0,0,"17,81"," R$  17,81 ","0,00%","0,00%","100,00%",PLO6,"-242,17"
04/05/2026,195083,AAÉFOLD,PIXPOKER,0,0,"225,03"," R$  225,03 ","0,00%","0,00%","100,00%",PLO6,"-28,12"
04/05/2026,100300,Barboza?,PIXPOKER,0,"0,1",0," R$  0,10 ","0,00%","100,00%","0,00%",MTT,"0,33"
04/05/2026,100576,Vitornspb,PIXPOKER,0,0,0, R$  -   ,,,,NLH,0
04/05/2026,101888,pix101888,PIXPOKER,0,0,"19,46"," R$  19,46 ","0,00%","0,00%","100,00%",PLO6,"13,8"
04/05/2026,102657,Edson ?,PIXPOKER,"17,52",0,"49,09"," R$  66,61 ","26,30%","0,00%","73,70%",PLO6,"-203,97"
04/05/2026,102854,mrsflush,PIXPOKER,"0,69",0,0," R$  0,69 ","100,00%","0,00%","0,00%",NLH,"1,13"
04/05/2026,102869,shogun,PIXPOKER,0,0,0, R$  -   ,,,,NLH,"2,11"
04/05/2026,102898,shark,PIXPOKER,0,0,"9,64"," R$  9,64 ","0,00%","0,00%","100,00%",PLO6,"-1,18"
04/05/2026,103301,gika,PIXPOKER,0,0,"0,34"," R$  0,34 ","0,00%","0,00%","100,00%",PLO6,"-2,29"
04/05/2026,105921,verdao,PIXPOKER,0,"3,6",0," R$  3,60 ","0,00%","100,00%","0,00%",MTT,"30,63"
04/05/2026,106910,alexmast223,PIXPOKER,0,0,0, R$  -   ,,,,NLH,0
04/05/2026,109059,GBALA,PIXPOKER,0,0,0, R$  -   ,,,,NLH,0
04/05/2026,109887,cucuriti,PIXPOKER,0,0,"70,47"," R$  70,47 ","0,00%","0,00%","100,00%",PLO6,-491
04/05/2026,117948,Billgats,PIXPOKER,"63,87","0,1",0," R$  63,97 ","99,84%","0,16%","0,00%",NLH,-142
04/05/2026,118893,eujhon,PIXPOKER,0,0,0, R$  -   ,,,,NLH,"1,27"
04/05/2026,129186,???Pato,PIXPOKER,"0,69",0,0," R$  0,69 ","100,00%","0,00%","0,00%",NLH,"2,74"
04/05/2026,136090,pixxx,PIXPOKER,0,0,0, R$  -   ,,,,NLH,"1,29"
04/05/2026,141508,TedBundy,PIXPOKER,"11,05","0,5","35,99"," R$  47,54 ","23,24%","1,05%","75,70%",PLO6,51
04/05/2026,149703,azarado,PIXPOKER,0,"44,2",0," R$  44,20 ","0,00%","100,00%","0,00%",MTT,"103,45"
04/05/2026,152279,Palmer,PIXPOKER,"2,12","7,2",0," R$  9,32 ","22,75%","77,25%","0,00%",MTT,"66,88"
04/05/2026,152602,toskdecorrente,PIXPOKER,0,"0,1",0," R$  0,10 ","0,00%","100,00%","0,00%",MTT,"2,56"
04/05/2026,153195,ZackEfr0n,PIXPOKER,0,0,"2,54"," R$  2,54 ","0,00%","0,00%","100,00%",PLO6,"0,34"
04/05/2026,153593,Tizil1,PIXPOKER,0,0,0, R$  -   ,,,,NLH,"1,41"
04/05/2026,153931,App Maracutaia,PIXPOKER,0,"0,3",0," R$  0,30 ","0,00%","100,00%","0,00%",MTT,"0,3"
04/05/2026,154633,pix154633,PIXPOKER,"0,58",0,0," R$  0,58 ","100,00%","0,00%","0,00%",NLH,"0,68"
04/05/2026,155175,LyncolnK2,PIXPOKER,"0,05",0,"0,31"," R$  0,36 ","13,89%","0,00%","86,11%",PLO6,"-3,52"
04/05/2026,155309,Andre13,PIXPOKER,0,0,"2428,82"," R$  2.428,82 ","0,00%","0,00%","100,00%",PLO6,"-4498,64"
04/05/2026,158902,minhocauhaha,PIXPOKER,0,"6,1",0," R$  6,10 ","0,00%","100,00%","0,00%",MTT,-41
04/05/2026,159054,malfoy,PIXPOKER,0,1,"0,61"," R$  1,61 ","0,00%","62,11%","37,89%",MTT,"-16,14"
04/05/2026,162039,deras,PIXPOKER,0,0,0, R$  -   ,,,,NLH,0
04/05/2026,163476,capetinha,PIXPOKER,"0,35","0,2",0," R$  0,55 ","63,64%","36,36%","0,00%",NLH,"-0,9"
04/05/2026,168505,Bitenca,PIXPOKER,0,0,0, R$  -   ,,,,NLH,"2,28"
04/05/2026,170685,Pitheolico,PIXPOKER,0,"14,7",0," R$  14,70 ","0,00%","100,00%","0,00%",MTT,"-98,9"
04/05/2026,173555,pix173555,PIXPOKER,0,"0,2",0," R$  0,20 ","0,00%","100,00%","0,00%",MTT,"9,19"
04/05/2026,175113,chau,PIXPOKER,"0,76","5,2","4,15"," R$  10,11 ","7,52%","51,43%","41,05%",MTT,"-63,91"
04/05/2026,176166,cuz cuz cum ovo,PIXPOKER,"0,41","0,4",0," R$  0,81 ","50,62%","49,38%","0,00%",NLH,"-0,97"
04/05/2026,176326,Ragnarok_176326,PIXPOKER,0,0,0, R$  -   ,,,,NLH,0
04/05/2026,177504,pix177504,PIXPOKER,"7,2","9,2",0," R$  16,40 ","43,90%","56,10%","0,00%",MTT,"-90,07"
04/05/2026,179838,pix179838,PIXPOKER,0,"0,4",0," R$  0,40 ","0,00%","100,00%","0,00%",MTT,"-2,4"
04/05/2026,181098,pix181098,PIXPOKER,"0,25","1,4","0,8"," R$  2,45 ","10,20%","57,14%","32,65%",MTT,"20,17"
04/05/2026,182909,Johnny walkr,PIXPOKER,"1,04",19,0," R$  20,04 ","5,19%","94,81%","0,00%",MTT,"-172,51"
04/05/2026,185187,JJoNuTs,PIXPOKER,0,0,"0,22"," R$  0,22 ","0,00%","0,00%","100,00%",PLO6,-3
04/05/2026,185225,pix185225,PIXPOKER,0,0,0, R$  -   ,,,,NLH,"2,32"
04/05/2026,188702,Aécio2064,PIXPOKER,"0,61","0,4","51,94"," R$  52,95 ","1,15%","0,76%","98,09%",PLO6,-202
04/05/2026,189508,Salmo23??,PIXPOKER,0,"1,5",0," R$  1,50 ","0,00%","100,00%","0,00%",MTT,"-8,5"
04/05/2026,190673,pix190673,PIXPOKER,"2,32","22,5","16,03"," R$  40,85 ","5,68%","55,08%","39,24%",MTT,"-202,97"
04/05/2026,193366,pix193366,PIXPOKER,"0,77","1,2",0," R$  1,97 ","39,09%","60,91%","0,00%",MTT,"-14,38"
04/05/2026,194858,unrealgio,PIXPOKER,"2,34","0,1",0," R$  2,44 ","95,90%","4,10%","0,00%",NLH,"-6,18"
04/05/2026,195436,cochichola??,PIXPOKER,0,0,0, R$  -   ,,,,NLH,"4,93"
04/05/2026,102512,Myster poker,PIXPOKER,"17,75","2,7",0," R$  20,45 ","86,80%","13,20%","0,00%",NLH,"-25,48"
04/05/2026,170386,pix170386,PIXPOKER,"6,2","8,2","18,33"," R$  32,73 ","18,94%","25,05%","56,00%",PLO6,"21,33"
04/05/2026,194604,Aquiles77,PIXPOKER,"80,89","0,8",0," R$  81,69 ","99,02%","0,98%","0,00%",NLH,-97
04/05/2026,102916,Elthigas,PIXPOKER,0,0,"19,91"," R$  19,91 ","0,00%","0,00%","100,00%",PLO6,"-8,83"
04/05/2026,108144,Tudão Ap,PIXPOKER,0,"1,1","9,56"," R$  10,66 ","0,00%","10,32%","89,68%",PLO6,-120
04/05/2026,120746,toctoc,PIXPOKER,0,0,"83,43"," R$  83,43 ","0,00%","0,00%","100,00%",PLO6,"-239,8"
04/05/2026,134660,kosov13,PIXPOKER,0,0,"72,49"," R$  72,49 ","0,00%","0,00%","100,00%",PLO6,"-287,18"
04/05/2026,135410,jvzim,PIXPOKER,"3,13",0,"598,8"," R$  601,93 ","0,52%","0,00%","99,48%",PLO6,3000
04/05/2026,143580,Avanti Palestra,PIXPOKER,0,1,"69,73"," R$  70,73 ","0,00%","1,41%","98,59%",PLO6,"108,72"
04/05/2026,144291,d. negreano,PIXPOKER,"0,94",0,"221,33"," R$  222,27 ","0,42%","0,00%","99,58%",PLO6,"-145,98"
04/05/2026,144439,jhtissimo30,PIXPOKER,0,0,"129,41"," R$  129,41 ","0,00%","0,00%","100,00%",PLO6,-12
04/05/2026,156357,idiki,PIXPOKER,0,"3,9","396,26"," R$  400,16 ","0,00%","0,97%","99,03%",PLO6,"995,93"
04/05/2026,157703,2127,PIXPOKER,0,0,"211,46"," R$  211,46 ","0,00%","0,00%","100,00%",PLO6,-681
04/05/2026,157729,Breno Mel ?,PIXPOKER,0,0,"192,23"," R$  192,23 ","0,00%","0,00%","100,00%",PLO6,"78,41"
04/05/2026,171369,pix171369,PIXPOKER,0,0,"86,99"," R$  86,99 ","0,00%","0,00%","100,00%",PLO6,"14,04"
04/05/2026,171909,bregas,PIXPOKER,"2,44",0,"18,83"," R$  21,27 ","11,47%","0,00%","88,53%",PLO6,33
04/05/2026,179590,lucas082,PIXPOKER,"3,79","1,1","59,35"," R$  64,24 ","5,90%","1,71%","92,39%",PLO6,-216
04/05/2026,185992,davizin,PIXPOKER,"0,71",0,"30,33"," R$  31,04 ","2,29%","0,00%","97,71%",PLO6,-44
04/05/2026,187114,KL7-,PIXPOKER,"167,41",0,"248,06"," R$  415,47 ","40,29%","0,00%","59,71%",PLO6,-1197
04/05/2026,188964,…….,PIXPOKER,0,0,"471,16"," R$  471,16 ","0,00%","0,00%","100,00%",PLO6,663
04/05/2026,193251,Birungueta ?,PIXPOKER,"2,22",0,"614,88"," R$  617,10 ","0,36%","0,00%","99,64%",PLO6,"504,94"
04/05/2026,193709,EUmereço,PIXPOKER,0,"19,1","70,95"," R$  90,05 ","0,00%","21,21%","78,79%",PLO6,-509
04/05/2026,121760,velinho8657,PIXPOKER,0,0,"1266,49"," R$  1.266,49 ","0,00%","0,00%","100,00%",PLO6,"-1308,47"
04/05/2026,147160,comotudo,PIXPOKER,0,1,"83,65"," R$  84,65 ","0,00%","1,18%","98,82%",PLO6,"-51,26"
04/05/2026,177526,XRafaBoassX,PIXPOKER,"48,03","15,3","158,31"," R$  221,64 ","21,67%","6,90%","71,43%",PLO6,"-1201,76"
04/05/2026,139726,bananinha,PIXPOKER,0,"642,7","479,93"," R$  1.122,63 ","0,00%","57,25%","42,75%",MTT,"-3007,48"
04/05/2026,194463,JosepPoker,PIXPOKER,"1,09","16,9",0," R$  17,99 ","6,06%","93,94%","0,00%",MTT,"-130,64"
04/05/2026,194473,segundopoker,PIXPOKER,"4,43","56,4",0," R$  60,83 ","7,28%","92,72%","0,00%",MTT,"-245,09"
04/05/2026,162136,pix162136,PIXPOKER,0,0,"671,74"," R$  671,74 ","0,00%","0,00%","100,00%",PLO6,"-1897,07"
04/05/2026,190888,pipico10,PIXPOKER,"1,08",0,"7,05"," R$  8,13 ","13,28%","0,00%","86,72%",PLO6,-60
04/05/2026,193504,Pixpokerofc??,PIXPOKER,"13,33","7,9","171,47"," R$  192,70 ","6,92%","4,10%","88,98%",PLO6,"-194,45"
04/05/2026,194490,fliperama,PIXPOKER,"4,58",0,"316,61"," R$  321,19 ","1,43%","0,00%","98,57%",PLO6,3071
04/05/2026,195091,só o básico_14,PIXPOKER,"7,14",0,"132,48"," R$  139,62 ","5,11%","0,00%","94,89%",PLO6,-207
04/05/2026,136600,pix136600,PIXPOKER,0,0,"1538,87"," R$  1.538,87 ","0,00%","0,00%","100,00%",PLO6,"-8030,67"
04/05/2026,100557,AMARILDOJR,PIXPOKER,"11,38",0,0," R$  11,38 ","100,00%","0,00%","0,00%",NLH,-42
04/05/2026,102054,quero jogo,PIXPOKER,"4,15",0,"257,85"," R$  262,00 ","1,58%","0,00%","98,42%",PLO6,-315
04/05/2026,136435,KIKO_CPB,PIXPOKER,"23,48",0,"58,48"," R$  81,96 ","28,65%","0,00%","71,35%",PLO6,106
04/05/2026,147096,vai que bata,PIXPOKER,"248,52","73,5",0," R$  322,02 ","77,18%","22,82%","0,00%",NLH,"-1008,62"
04/05/2026,151827,juru pinga,PIXPOKER,"53,18",0,"1,8"," R$  54,98 ","96,73%","0,00%","3,27%",NLH,198
04/05/2026,155383,Xots,PIXPOKER,"11,02",0,0," R$  11,02 ","100,00%","0,00%","0,00%",NLH,"15,32"
04/05/2026,158292,BYD66,PIXPOKER,"64,36","0,8","1,42"," R$  66,58 ","96,67%","1,20%","2,13%",NLH,"-393,83"
04/05/2026,158767,Stonks,PIXPOKER,"37,81",0,"1,64"," R$  39,45 ","95,84%","0,00%","4,16%",NLH,"-288,74"
04/05/2026,161105,picanha,PIXPOKER,"2,03","6,6","25,14"," R$  33,77 ","6,01%","19,54%","74,44%",PLO6,"629,55"
04/05/2026,162289,Gabrielzm,PIXPOKER,"70,59",2,0," R$  72,59 ","97,24%","2,76%","0,00%",NLH,"147,78"
04/05/2026,163752,LIANDROaposentado,PIXPOKER,"32,78",0,0," R$  32,78 ","100,00%","0,00%","0,00%",NLH,"-22,38"
04/05/2026,173088,Bia777,PIXPOKER,"32,11","0,1","0,54"," R$  32,75 ","98,05%","0,31%","1,65%",NLH,-37
04/05/2026,173790,Eraldo,PIXPOKER,"2,18","34,7",0," R$  36,88 ","5,91%","94,09%","0,00%",MTT,"343,27"
04/05/2026,174728,PrisionBreak,PIXPOKER,"20,57","40,25",0," R$  60,82 ","33,82%","66,18%","0,00%",MTT,"104,41"
04/05/2026,180777,pix180777,PIXPOKER,8,"6,3",0," R$  14,30 ","55,94%","44,06%","0,00%",NLH,"-0,3"
04/05/2026,187520,pix187520,PIXPOKER,"60,9","14,7","1,54"," R$  77,14 ","78,95%","19,06%","2,00%",NLH,"-157,45"
04/05/2026,187618,RenannLima,PIXPOKER,"14,48",0,"4,9"," R$  19,38 ","74,72%","0,00%","25,28%",NLH,-137
04/05/2026,189032,Gabriel G,PIXPOKER,"36,82","0,8",0," R$  37,62 ","97,87%","2,13%","0,00%",NLH,-3
04/05/2026,190191,NubªnK,PIXPOKER,"453,2",0,"12,03"," R$  465,23 ","97,41%","0,00%","2,59%",NLH,"197,15"
04/05/2026,193010,Marcelo Silva,PIXPOKER,"77,25","39,1","11,88"," R$  128,23 ","60,24%","30,49%","9,26%",NLH,"-385,58"
04/05/2026,193178,10 ANO,PIXPOKER,"193,12","343,6","24,58"," R$  561,30 ","34,41%","61,22%","4,38%",MTT,"-2639,26"
04/05/2026,193637,BeNSharK?,PIXPOKER,"7,29","79,8",0," R$  87,09 ","8,37%","91,63%","0,00%",MTT,"72,38"
04/05/2026,193755,RAFABER??,PIXPOKER,"48,73","19,8",0," R$  68,53 ","71,11%","28,89%","0,00%",NLH,"21,88"
04/05/2026,193979,pix193979,PIXPOKER,"14,15","2,6",0," R$  16,75 ","84,48%","15,52%","0,00%",NLH,"-35,55"
04/05/2026,194166,Daniboy,PIXPOKER,"462,89",0,0," R$  462,89 ","100,00%","0,00%","0,00%",NLH,"-1090,61"
04/05/2026,194476,pix194476,PIXPOKER,"119,77","0,8","5,03"," R$  125,60 ","95,36%","0,64%","4,00%",NLH,"149,88"
04/05/2026,152468,CADUMCC,PIXPOKER,"8,67","67,37",0," R$  76,04 ","11,40%","88,60%","0,00%",MTT,"267,21"
04/05/2026,192356,pix192356,PIXPOKER,0,0,"6,34"," R$  6,34 ","0,00%","0,00%","100,00%",PLO6,-111
04/05/2026,106390,chca,PIXPOKER,0,0,"13,61"," R$  13,61 ","0,00%","0,00%","100,00%",PLO6,-20
04/05/2026,109744,Paulão do flop,PIXPOKER,"1,83",0,"12,86"," R$  14,69 ","12,46%","0,00%","87,54%",PLO6,-77
04/05/2026,110511,elchapo?,PIXPOKER,0,0,"21,48"," R$  21,48 ","0,00%","0,00%","100,00%",PLO6,-130
04/05/2026,112160,Njr034,PIXPOKER,0,0,"2,52"," R$  2,52 ","0,00%","0,00%","100,00%",PLO6,-26
04/05/2026,112203,suportePH,PIXPOKER,0,1,"3,96"," R$  4,96 ","0,00%","20,16%","79,84%",PLO6,-52
04/05/2026,112569,LNI23,PIXPOKER,0,0,"15,64"," R$  15,64 ","0,00%","0,00%","100,00%",PLO6,-61
04/05/2026,113348,Pedro Otávio,PIXPOKER,"4,21",0,"3,93"," R$  8,14 ","51,72%","0,00%","48,28%",NLH,0
04/05/2026,119970,X2KK,PIXPOKER,"0,79","2,4","62,5"," R$  65,69 ","1,20%","3,65%","95,14%",PLO6,-40
04/05/2026,120235,Brandão 08,PIXPOKER,0,3,"122,07"," R$  125,07 ","0,00%","2,40%","97,60%",PLO6,-457
04/05/2026,122502,thocu,PIXPOKER,"2,21",0,"188,25"," R$  190,46 ","1,16%","0,00%","98,84%",PLO6,-400
04/05/2026,132740,ZeusPixpoker,PIXPOKER,0,"1,8","270,59"," R$  272,39 ","0,00%","0,66%","99,34%",PLO6,-6
04/05/2026,141552,PULSOFIRME,PIXPOKER,0,0,"54,26"," R$  54,26 ","0,00%","0,00%","100,00%",PLO6,"73,73"
04/05/2026,143543,Amorica do vrau,PIXPOKER,"0,42","0,2","1,91"," R$  2,53 ","16,60%","7,91%","75,49%",PLO6,"-29,78"
04/05/2026,145184,Chepinha,PIXPOKER,0,"22,34","3,48"," R$  25,82 ","0,00%","86,52%","13,48%",MTT,"152,88"
04/05/2026,146392,pix146392,PIXPOKER,0,0,"1,94"," R$  1,94 ","0,00%","0,00%","100,00%",PLO6,-36
04/05/2026,151112,SanMds,PIXPOKER,"1,74",0,"6,76"," R$  8,50 ","20,47%","0,00%","79,53%",PLO6,"-82,12"
04/05/2026,154395,Maurinho Amaro,PIXPOKER,"1,85",0,"38,27"," R$  40,12 ","4,61%","0,00%","95,39%",PLO6,"86,29"
04/05/2026,157549,mu97,PIXPOKER,"98,83","0,5","3,63"," R$  102,96 ","95,99%","0,49%","3,53%",NLH,"19,28"
04/05/2026,163330,RN????,PIXPOKER,0,0,"38,43"," R$  38,43 ","0,00%","0,00%","100,00%",PLO6,"-70,6"
04/05/2026,164927,cafécleite,PIXPOKER,0,"2,6","15,11"," R$  17,71 ","0,00%","14,68%","85,32%",PLO6,-54
04/05/2026,170583,jocla33,PIXPOKER,"0,28",0,"8,49"," R$  8,77 ","3,19%","0,00%","96,81%",PLO6,"19,52"
04/05/2026,171844,matarindo,PIXPOKER,0,2,"31,05"," R$  33,05 ","0,00%","6,05%","93,95%",PLO6,-75
04/05/2026,173467,carlosbar,PIXPOKER,0,0,"165,3"," R$  165,30 ","0,00%","0,00%","100,00%",PLO6,"-209,15"
04/05/2026,176091,carlindos,PIXPOKER,"5,22","0,3","276,79"," R$  282,31 ","1,85%","0,11%","98,04%",PLO6,-852
04/05/2026,182921,MEUGRANDE,PIXPOKER,0,0,"62,91"," R$  62,91 ","0,00%","0,00%","100,00%",PLO6,-243
04/05/2026,187173,pix187173,PIXPOKER,"0,11","1,8","56,07"," R$  57,98 ","0,19%","3,10%","96,71%",PLO6,"83,95"
04/05/2026,187664,Dwbliu,PIXPOKER,0,0,"90,72"," R$  90,72 ","0,00%","0,00%","100,00%",PLO6,"-80,03"
04/05/2026,188277,Pedromts08,PIXPOKER,"29,59","0,1","16,6"," R$  46,29 ","63,92%","0,22%","35,86%",NLH,"30,18"
04/05/2026,188599,Chrys_Killer,PIXPOKER,0,"4,2","433,56"," R$  437,76 ","0,00%","0,96%","99,04%",PLO6,"-136,81"
04/05/2026,190448,andim,PIXPOKER,"0,28",0,"12,37"," R$  12,65 ","2,21%","0,00%","97,79%",PLO6,-18
04/05/2026,193430,cbZada,PIXPOKER,0,0,"8,5"," R$  8,50 ","0,00%","0,00%","100,00%",PLO6,"-20,4"
04/05/2026,193561,Iperes,PIXPOKER,0,"161,04","40,01"," R$  201,05 ","0,00%","80,10%","19,90%",MTT,"-459,6"
04/05/2026,194654,Mr Pet,PIXPOKER,0,"63,8","127,21"," R$  191,01 ","0,00%","33,40%","66,60%",PLO6,-813
04/05/2026,100761,AlanKessio,PIXPOKER,"17,05","3,9","33,2"," R$  54,15 ","31,49%","7,20%","61,31%",PLO6,96
04/05/2026,102589,Nando campos,PIXPOKER,"9,74",0,0," R$  9,74 ","100,00%","0,00%","0,00%",NLH,"-81,15"
04/05/2026,153129,Zedd,PIXPOKER,"49,52",0,0," R$  49,52 ","100,00%","0,00%","0,00%",NLH,"-26,38"
04/05/2026,160135,marciomelo,PIXPOKER,"2,91",0,0," R$  2,91 ","100,00%","0,00%","0,00%",NLH,"-46,07"
04/05/2026,170993,EleJot4,PIXPOKER,"4,95",0,0," R$  4,95 ","100,00%","0,00%","0,00%",NLH,107
04/05/2026,191320,zobaa,PIXPOKER,"0,96","0,1","9,55"," R$  10,61 ","9,05%","0,94%","90,01%",PLO6,-67
04/05/2026,193890,pix193890,PIXPOKER,"42,95","12,8",0," R$  55,75 ","77,04%","22,96%","0,00%",NLH,"-31,47"
04/05/2026,107838,STAR 52,PIXPOKER,"5,3",19,0," R$  24,30 ","21,81%","78,19%","0,00%",MTT,"-248,63"
04/05/2026,153359,semreclamação,PIXPOKER,0,"113,6",0," R$  113,60 ","0,00%","100,00%","0,00%",MTT,"1045,24"
04/05/2026,154531,allinsemolhar,PIXPOKER,0,"106,5","9,33"," R$  115,83 ","0,00%","91,95%","8,05%",MTT,-910
04/05/2026,193970,Pimentax1,PIXPOKER,0,"331,15",0," R$  331,15 ","0,00%","100,00%","0,00%",MTT,"-1465,67"
04/05/2026,100211,Patrik Estrela,PIXPOKER,0,0,"24,41"," R$  24,41 ","0,00%","0,00%","100,00%",PLO6,"-114,92"
04/05/2026,116753,Gabrrriel,PIXPOKER,0,"1,1","10,17"," R$  11,27 ","0,00%","9,76%","90,24%",PLO6,"109,05"
04/05/2026,151750,pix151750,PIXPOKER,0,"0,1","1,95"," R$  2,05 ","0,00%","4,88%","95,12%",PLO6,-16
04/05/2026,159370,pix159370,PIXPOKER,0,"4,1","91,34"," R$  95,44 ","0,00%","4,30%","95,70%",PLO6,-344
04/05/2026,173580,bitulety,PIXPOKER,"0,49","0,8","0,36"," R$  1,65 ","29,70%","48,48%","21,82%",MTT,"10,56"
04/05/2026,174513,LasVegas171,PIXPOKER,0,"0,9","90,92"," R$  91,82 ","0,00%","0,98%","99,02%",PLO6,-267
04/05/2026,186865,Tr_Chapinha,PIXPOKER,0,0,"120,78"," R$  120,78 ","0,00%","0,00%","100,00%",PLO6,"93,79"
04/05/2026,149960,11678,PIXPOKER,0,0,"3440,45"," R$  3.440,45 ","0,00%","0,00%","100,00%",PLO6,"-17965,61"
04/05/2026,188178,RETROESCAVADEIRA,PIXPOKER,"11,08","13,5","591,86"," R$  616,44 ","1,80%","2,19%","96,01%",PLO6,-4940
04/05/2026,191481,binbalanagulha,PIXPOKER,0,"0,1","549,94"," R$  550,04 ","0,00%","0,02%","99,98%",PLO6,-1321
04/05/2026,145865,pix145865,PIXPOKER,"83,85","11,5",0," R$  95,35 ","87,94%","12,06%","0,00%",NLH,"-79,48"
04/05/2026,166612,Emanuel Farias,PIXPOKER,"6,55","0,8",0," R$  7,35 ","89,12%","10,88%","0,00%",NLH,"-40,77"
04/05/2026,193708,pix193708,PIXPOKER,"2,24",0,0," R$  2,24 ","100,00%","0,00%","0,00%",NLH,"-52,19"
04/05/2026,158586,Naviuos,PIXPOKER,0,"83,1",0," R$  83,10 ","0,00%","100,00%","0,00%",MTT,"-2,47"
04/05/2026,166232,esseoN,PIXPOKER,0,"82,3","0,78"," R$  83,08 ","0,00%","99,06%","0,94%",MTT,"-393,56"
04/05/2026,182877,pix182877,PIXPOKER,0,"0,8","15,81"," R$  16,61 ","0,00%","4,82%","95,18%",PLO6,"-66,32"
04/05/2026,193402,porKoloKo,PIXPOKER,0,"0,9",0," R$  0,90 ","0,00%","100,00%","0,00%",MTT,-9
04/05/2026,109387,Bigode,PIXPOKER,"4,49",0,0," R$  4,49 ","100,00%","0,00%","0,00%",NLH,"-39,23"
04/05/2026,157546,Donolt Trump?,PIXPOKER,"14,12",0,0," R$  14,12 ","100,00%","0,00%","0,00%",NLH,-31
04/05/2026,172194,gringo01,PIXPOKER,"30,66",0,"14,66"," R$  45,32 ","67,65%","0,00%","32,35%",NLH,"-125,31"
04/05/2026,193941,joaofurtado,PIXPOKER,"263,85","27,2",0," R$  291,05 ","90,65%","9,35%","0,00%",NLH,"-922,98"
04/05/2026,142359,breninmvp,PIXPOKER,"3,43","2,3","40,49"," R$  46,22 ","7,42%","4,98%","87,60%",PLO6,-337
04/05/2026,186267,marion,PIXPOKER,"0,78","1,1","11,79"," R$  13,67 ","5,71%","8,05%","86,25%",PLO6,"-45,73"
04/05/2026,103345,Homer Simpson,PIXPOKER,0,10,"114,4"," R$  124,40 ","0,00%","8,04%","91,96%",PLO6,"-569,52"
04/05/2026,136352,DonaMaria,PIXPOKER,0,"31,1","61,73"," R$  92,83 ","0,00%","33,50%","66,50%",PLO6,"-272,53"
04/05/2026,157192,kakaziinho,PIXPOKER,0,18,"453,89"," R$  471,89 ","0,00%","3,81%","96,19%",PLO6,"-956,66"
04/05/2026,159587,PesoPesadoVoltou,PIXPOKER,0,0,"512,38"," R$  512,38 ","0,00%","0,00%","100,00%",PLO6,"-2999,94"
04/05/2026,100384,AAgoniado,PIXPOKER,0,0,"96,39"," R$  96,39 ","0,00%","0,00%","100,00%",PLO6,-431
04/05/2026,112885,Polly,PIXPOKER,0,0,"23,52"," R$  23,52 ","0,00%","0,00%","100,00%",PLO6,-91
04/05/2026,116516,pix116516,PIXPOKER,0,0,"155,84"," R$  155,84 ","0,00%","0,00%","100,00%",PLO6,-490
04/05/2026,140015,NenTrindade,PIXPOKER,0,3,"174,42"," R$  177,42 ","0,00%","1,69%","98,31%",PLO6,359
04/05/2026,142293,KAMMIN,PIXPOKER,0,0,"670,89"," R$  670,89 ","0,00%","0,00%","100,00%",PLO6,"-344,64"
04/05/2026,149427,JJsparrow,PIXPOKER,0,0,"133,63"," R$  133,63 ","0,00%","0,00%","100,00%",PLO6,-150
04/05/2026,184045,Moitex,PIXPOKER,0,0,"130,04"," R$  130,04 ","0,00%","0,00%","100,00%",PLO6,-251
04/05/2026,184048,flmaia,PIXPOKER,0,13,"110,75"," R$  123,75 ","0,00%","10,51%","89,49%",PLO6,-700
04/05/2026,188835,Gincobilola,PIXPOKER,0,0,"55,75"," R$  55,75 ","0,00%","0,00%","100,00%",PLO6,-60
04/05/2026,192692,pix192692,PIXPOKER,"0,84",0,"465,94"," R$  466,78 ","0,18%","0,00%","99,82%",PLO6,"-469,76"
04/05/2026,195442,pix195442,PIXPOKER,0,"0,1","136,43"," R$  136,53 ","0,00%","0,07%","99,93%",PLO6,-450
04/05/2026,147210,Leooo_nery,PIXPOKER,0,"127,2","101,43"," R$  228,63 ","0,00%","55,64%","44,36%",MTT,"-87,06"
04/05/2026,106840,rostinho,PIXPOKER,"0,93","2,5","8,75"," R$  12,18 ","7,64%","20,53%","71,84%",PLO6,"-17,49"
04/05/2026,177692,pix177692,PIXPOKER,0,"0,3",0," R$  0,30 ","0,00%","100,00%","0,00%",MTT,-3
04/05/2026,177942,pix177942,PIXPOKER,0,"0,1",0," R$  0,10 ","0,00%","100,00%","0,00%",MTT,"1,32"
04/05/2026,185182,lois,PIXPOKER,0,"0,1",0," R$  0,10 ","0,00%","100,00%","0,00%",MTT,-1
04/05/2026,185688,Arc4njo,PIXPOKER,0,"8,6",0," R$  8,60 ","0,00%","100,00%","0,00%",MTT,"-70,45"
04/05/2026,190555,animeshuga,PIXPOKER,0,"29,9",0," R$  29,90 ","0,00%","100,00%","0,00%",MTT,"-81,04"
04/05/2026,194497,Hungria,PIXPOKER,"6,44","6,1","0,87"," R$  13,41 ","48,02%","45,49%","6,49%",NLH,"-154,62"
04/05/2026,120035,ok então,PIXPOKER,"53,01",1,0," R$  54,01 ","98,15%","1,85%","0,00%",NLH,-138
04/05/2026,192836,guizin777,PIXPOKER,0,"2,5","31,19"," R$  33,69 ","0,00%","7,42%","92,58%",PLO6,-263
04/05/2026,194726,pix194726,PIXPOKER,0,29,0," R$  29,00 ","0,00%","100,00%","0,00%",MTT,-290
04/05/2026,116140,Márcio Lins,PIXPOKER,"6,96","20,6","1,56"," R$  29,12 ","23,90%","70,74%","5,36%",MTT,"-123,72"
04/05/2026,158820,Horus,PIXPOKER,"16,81",0,0," R$  16,81 ","100,00%","0,00%","0,00%",NLH,"-24,52"
04/05/2026,172054,kevenbrs,PIXPOKER,"11,46","0,5","2,99"," R$  14,95 ","76,66%","3,34%","20,00%",NLH,-34
04/05/2026,181613,tyago,PIXPOKER,"4,77",0,"16,31"," R$  21,08 ","22,63%","0,00%","77,37%",PLO6,"61,07"
04/05/2026,188365,pix188365,PIXPOKER,"7,48",2,"0,27"," R$  9,75 ","76,72%","20,51%","2,77%",NLH,-63
04/05/2026,190998,KABREL BR,PIXPOKER,"1,74","0,5","0,7"," R$  2,94 ","59,18%","17,01%","23,81%",NLH,-13
04/05/2026,110951,SrAndrezito,PIXPOKER,"60,38",0,0," R$  60,38 ","100,00%","0,00%","0,00%",NLH,"-180,3"
04/05/2026,120485,RodrigOscar,PIXPOKER,"781,53",0,0," R$  781,53 ","100,00%","0,00%","0,00%",NLH,"-709,98"
04/05/2026,158399,ldcostta,PIXPOKER,"161,19",0,"75,64"," R$  236,83 ","68,06%","0,00%","31,94%",NLH,"745,18"
04/05/2026,117699,fodase,PIXPOKER,"0,37",0,"121,22"," R$  121,59 ","0,30%","0,00%","99,70%",PLO6,-115
04/05/2026,136797,#FANTASMA$,PIXPOKER,0,0,"452,14"," R$  452,14 ","0,00%","0,00%","100,00%",PLO6,"-382,35"
04/05/2026,155905,Laga Lagartão,PIXPOKER,0,10,"755,78"," R$  765,78 ","0,00%","1,31%","98,69%",PLO6,"1038,03"
04/05/2026,115700,pix115700,PIXPOKER,0,58,"164,04"," R$  222,04 ","0,00%","26,12%","73,88%",PLO6,"-939,9"
04/05/2026,129292,kinho$?,PIXPOKER,0,"2,4","29,1"," R$  31,50 ","0,00%","7,62%","92,38%",PLO6,-46
04/05/2026,183918,magovk12,PIXPOKER,0,1,"46,1"," R$  47,10 ","0,00%","2,12%","97,88%",PLO6,-33
04/05/2026,187654,Luiz Henrique,PIXPOKER,0,0,"12,42"," R$  12,42 ","0,00%","0,00%","100,00%",PLO6,"275,82"
04/05/2026,139469,WKPE,PIXPOKER,"1,24","0,6","2,19"," R$  4,03 ","30,77%","14,89%","54,34%",PLO6,"-28,07"
04/05/2026,147278,Yordan,PIXPOKER,"2,7",0,0," R$  2,70 ","100,00%","0,00%","0,00%",NLH,"-9,02"
04/05/2026,150186,el brocador,PIXPOKER,"47,45",0,0," R$  47,45 ","100,00%","0,00%","0,00%",NLH,"64,89"
04/05/2026,159619,....,PIXPOKER,"2,38",0,0," R$  2,38 ","100,00%","0,00%","0,00%",NLH,-8
04/05/2026,179974,Bezim09,PIXPOKER,"11,62",0,0," R$  11,62 ","100,00%","0,00%","0,00%",NLH,11
04/05/2026,187362,Higor00,PIXPOKER,"23,25",0,"0,99"," R$  24,24 ","95,92%","0,00%","4,08%",NLH,"-46,03"
04/05/2026,189811,Kushlemon,PIXPOKER,"4,58",4,"55,78"," R$  64,36 ","7,12%","6,22%","86,67%",PLO6,"-186,46"
04/05/2026,195384,pix195384,PIXPOKER,0,0,"18,64"," R$  18,64 ","0,00%","0,00%","100,00%",PLO6,"-280,43"
04/05/2026,115245,zicadoo,PIXPOKER,0,0,"61,95"," R$  61,95 ","0,00%","0,00%","100,00%",PLO6,-1187
04/05/2026,125825,pica-pau,PIXPOKER,0,"2,2","517,45"," R$  519,65 ","0,00%","0,42%","99,58%",PLO6,-2101
04/05/2026,190078,MauroKK,PIXPOKER,0,0,"101,2"," R$  101,20 ","0,00%","0,00%","100,00%",PLO6,"-205,1"
04/05/2026,100934,monts237,PIXPOKER,"6,53",0,0," R$  6,53 ","100,00%","0,00%","0,00%",NLH,"-32,87"
04/05/2026,120987,Ricardo420,PIXPOKER,0,"0,1",0," R$  0,10 ","0,00%","100,00%","0,00%",MTT,"10,88"
04/05/2026,124416,vaibrasil,PIXPOKER,0,0,0, R$  -   ,,,,NLH,"0,93"
04/05/2026,133382,martinsScc,PIXPOKER,"31,71","0,8",0," R$  32,51 ","97,54%","2,46%","0,00%",NLH,-146
04/05/2026,136483,Alírio,PIXPOKER,0,"0,1",0," R$  0,10 ","0,00%","100,00%","0,00%",MTT,"0,33"
04/05/2026,140263,Deivão,PIXPOKER,0,"0,4",0," R$  0,40 ","0,00%","100,00%","0,00%",MTT,-4
04/05/2026,145086,Dani,PIXPOKER,0,60,"133,73"," R$  193,73 ","0,00%","30,97%","69,03%",PLO6,"1969,96"
04/05/2026,147634,AJéFold,PIXPOKER,0,"0,7",0," R$  0,70 ","0,00%","100,00%","0,00%",MTT,"-6,44"
04/05/2026,149604,NoBru,PIXPOKER,0,0,"0,62"," R$  0,62 ","0,00%","0,00%","100,00%",PLO6,-12
04/05/2026,151216,Matador 2024,PIXPOKER,0,"0,2",0," R$  0,20 ","0,00%","100,00%","0,00%",MTT,"-0,08"
04/05/2026,152604,Chib4ta,PIXPOKER,0,0,0, R$  -   ,,,,NLH,0
04/05/2026,156686,gugu da catingueira,PIXPOKER,"1,28",0,0," R$  1,28 ","100,00%","0,00%","0,00%",NLH,"4,41"
04/05/2026,158848,cherameusovos,PIXPOKER,"10,98","4,7",0," R$  15,68 ","70,03%","29,97%","0,00%",NLH,"-63,04"
04/05/2026,158851,Marques,PIXPOKER,"0,28","2,6",0," R$  2,88 ","9,72%","90,28%","0,00%",MTT,-30
04/05/2026,160558,lanelas,PIXPOKER,"4,24","1,76","12,65"," R$  18,65 ","22,73%","9,44%","67,83%",PLO6,"-38,5"
04/05/2026,162093,pix162093,PIXPOKER,"0,99",0,0," R$  0,99 ","100,00%","0,00%","0,00%",NLH,-15
04/05/2026,169016,Creck,PIXPOKER,0,"0,3",0," R$  0,30 ","0,00%","100,00%","0,00%",MTT,"-1,35"
04/05/2026,171589,kuskusiiiis,PIXPOKER,"0,25",1,0," R$  1,25 ","20,00%","80,00%","0,00%",MTT,-14
04/05/2026,172242,Mike Wazowski,PIXPOKER,0,0,0, R$  -   ,,,,NLH,0
04/05/2026,174658,Luka Magic,PIXPOKER,"0,4","0,2",0," R$  0,60 ","66,67%","33,33%","0,00%",NLH,"-1,79"
04/05/2026,174952,tremdofullhouse33,PIXPOKER,0,0,0, R$  -   ,,,,NLH,0
04/05/2026,175785,Bobestouro,PIXPOKER,0,0,0, R$  -   ,,,,NLH,0
04/05/2026,179387,Sansão.,PIXPOKER,0,0,0, R$  -   ,,,,NLH,0
04/05/2026,182576,Bundinha de neném,PIXPOKER,0,0,0, R$  -   ,,,,NLH,0
04/05/2026,187132,ninguém,PIXPOKER,0,0,0, R$  -   ,,,,NLH,0
04/05/2026,189425,NeutrófiloX,PIXPOKER,0,0,0, R$  -   ,,,,NLH,0
04/05/2026,192657,IgorM,PIXPOKER,"18,05","31,5","1,19"," R$  50,74 ","35,57%","62,08%","2,35%",MTT,"-99,27"
04/05/2026,193840,sougg,PIXPOKER,0,0,0, R$  -   ,,,,NLH,0
04/05/2026,194417,Fenix S,PIXPOKER,0,"0,1",0," R$  0,10 ","0,00%","100,00%","0,00%",MTT,-1
04/05/2026,194472,Micha fold,PIXPOKER,0,0,0, R$  -   ,,,,NLH,"3,52"
04/05/2026,194641,Rodrigoxl666,PIXPOKER,0,"0,8",0," R$  0,80 ","0,00%","100,00%","0,00%",MTT,"-7,36"
04/05/2026,195449,Rutsonfc2K,PIXPOKER,"2,21","17,1",0," R$  19,31 ","11,44%","88,56%","0,00%",MTT,"-199,31"
04/05/2026,128079,italoko,PIXPOKER,0,"1,7","1768,9"," R$  1.770,60 ","0,00%","0,10%","99,90%",PLO6,"-237,3"
04/05/2026,129800,Th7AKK’,PIXPOKER,0,"25,3","12,23"," R$  37,53 ","0,00%","67,41%","32,59%",MTT,-346
04/05/2026,169221,@Flavinholm,PIXPOKER,0,0,"87,45"," R$  87,45 ","0,00%","0,00%","100,00%",PLO6,"-135,46"
04/05/2026,195232,pix195232,PIXPOKER,0,0,"41,93"," R$  41,93 ","0,00%","0,00%","100,00%",PLO6,92
04/05/2026,188457,tomate,PIXPOKER,0,"94,95",0," R$  94,95 ","0,00%","100,00%","0,00%",MTT,"223,31"
04/05/2026,100819,A:.L:.,PIXPOKER,0,15,0," R$  15,00 ","0,00%","100,00%","0,00%",MTT,"159,89"
04/05/2026,147593,pix147593,PIXPOKER,"4,6",0,"185,85"," R$  190,45 ","2,42%","0,00%","97,58%",PLO6,"237,05"
04/05/2026,161330,ALLMUTED,PIXPOKER,"2,7",0,0," R$  2,70 ","100,00%","0,00%","0,00%",NLH,-35
04/05/2026,165730,kara de Xibata,PIXPOKER,"212,46","213,8",0," R$  426,26 ","49,84%","50,16%","0,00%",MTT,"-801,74"
04/05/2026,194244,PH Goiano,PIXPOKER,"1,89",0,0," R$  1,89 ","100,00%","0,00%","0,00%",NLH,"8,82"
04/05/2026,194360,Peco.,PIXPOKER,"1,56",20,0," R$  21,56 ","7,24%","92,76%","0,00%",MTT,"-106,31"
04/05/2026,104697,gb__,PIXPOKER,"9,5","5,4",0," R$  14,90 ","63,76%","36,24%","0,00%",NLH,"-38,29"
04/05/2026,148535,amisraelchai??,PIXPOKER,0,"50,1",0," R$  50,10 ","0,00%","100,00%","0,00%",MTT,"509,78"
04/05/2026,188295,pagadordebluff,PIXPOKER,0,0,"307,46"," R$  307,46 ","0,00%","0,00%","100,00%",PLO6,"361,3"
04/05/2026,112345,VictorM,PIXPOKER,0,0,"19,51"," R$  19,51 ","0,00%","0,00%","100,00%",PLO6,"34,42"
04/05/2026,156622,alvaromontoro,PIXPOKER,"2,7","36,9",0," R$  39,60 ","6,82%","93,18%","0,00%",MTT,"-410,63"
04/05/2026,183817,magnata71,PIXPOKER,"1,11","1,4",0," R$  2,51 ","44,22%","55,78%","0,00%",MTT,-23
04/05/2026,195241,stoex77,PIXPOKER,"1,22","0,2",0," R$  1,42 ","85,92%","14,08%","0,00%",NLH,-10
04/05/2026,139374,Algoz,PIXPOKER,"6,14","0,9","82,93"," R$  89,97 ","6,82%","1,00%","92,18%",PLO6,"529,71"
04/05/2026,153705,BubutiCheio??,PIXPOKER,0,26,"112,54"," R$  138,54 ","0,00%","18,77%","81,23%",PLO6,"-408,6"
04/05/2026,173441,Pão??,PIXPOKER,0,0,"3,24"," R$  3,24 ","0,00%","0,00%","100,00%",PLO6,-30
04/05/2026,102042,MatheusCarvalho,PIXPOKER,0,3,"12,61"," R$  15,61 ","0,00%","19,22%","80,78%",PLO6,"-99,36"
04/05/2026,160141,Piaca2024,PIXPOKER,"23,71","191,4",0," R$  215,11 ","11,02%","88,98%","0,00%",MTT,"-1303,69"
04/05/2026,183420,jheniffer,PIXPOKER,0,"69,8","2,58"," R$  72,38 ","0,00%","96,44%","3,56%",MTT,"271,95"
04/05/2026,161583,Eddy10,PIXPOKER,0,83,0," R$  83,00 ","0,00%","100,00%","0,00%",MTT,-219
04/05/2026,119281,Juliocfh,PIXPOKER,0,0,"56,02"," R$  56,02 ","0,00%","0,00%","100,00%",PLO6,137
04/05/2026,160319,cremoferro,PIXPOKER,0,8,"1,42"," R$  9,42 ","0,00%","84,93%","15,07%",MTT,"134,63"
04/05/2026,191293,jh Júnior,PIXPOKER,"111,9","31,5",0," R$  143,40 ","78,03%","21,97%","0,00%",NLH,"-516,91"
04/05/2026,191542,pix191542,PIXPOKER,"5,13","4,8","15,92"," R$  25,85 ","19,85%","18,57%","61,59%",PLO6,-117
04/05/2026,195112,pix195112,PIXPOKER,"18,73","11,7",0," R$  30,43 ","61,55%","38,45%","0,00%",NLH,"-209,34"
04/05/2026,154027,goku,PIXPOKER,0,10,"12,63"," R$  22,63 ","0,00%","44,19%","55,81%",PLO6,-300
04/05/2026,108683,Rei das Bruxas,PIXPOKER,"0,46",0,0," R$  0,46 ","100,00%","0,00%","0,00%",NLH,-6
04/05/2026,147415,ceezar,PIXPOKER,"4,05",0,"24,26"," R$  28,31 ","14,31%","0,00%","85,69%",PLO6,-196
04/05/2026,152481,Treze,PIXPOKER,0,0,"17,83"," R$  17,83 ","0,00%","0,00%","100,00%",PLO6,-100
04/05/2026,144010,KKPOKER,PIXPOKER,0,130,0," R$  130,00 ","0,00%","100,00%","0,00%",MTT,"-1187,5"
04/05/2026,193434,CUIDAVAI,PIXPOKER,"13,64",50,"4025,49"," R$  4.089,13 ","0,33%","1,22%","98,44%",PLO6,"-760,32"
04/05/2026,129424,KidMoney,PIXPOKER,0,50,0," R$  50,00 ","0,00%","100,00%","0,00%",MTT,"-466,25"
04/05/2026,138592,pix138592,PIXPOKER,0,57,0," R$  57,00 ","0,00%","100,00%","0,00%",MTT,"3248,14"
04/05/2026,142465,crrc79,PIXPOKER,"10,88",190,"99,31"," R$  300,19 ","3,62%","63,29%","33,08%",MTT,"3389,26"
04/05/2026,170374,CIA-1000$,PIXPOKER,0,105,0," R$  105,00 ","0,00%","100,00%","0,00%",MTT,"737,31"
04/05/2026,170483,gig4nte,PIXPOKER,0,"53,6",0," R$  53,60 ","0,00%","100,00%","0,00%",MTT,-536
04/05/2026,181533,liquidificadora,PIXPOKER,0,"73,6",0," R$  73,60 ","0,00%","100,00%","0,00%",MTT,"1510,25"
04/05/2026,195428,Tureckao2MIL,PIXPOKER,0,10,0," R$  10,00 ","0,00%","100,00%","0,00%",MTT,"419,28"
04/05/2026,134903,Reis...,PIXPOKER,0,"1,6",0," R$  1,60 ","0,00%","100,00%","0,00%",MTT,-20
04/05/2026,171361,CATDEALER,PIXPOKER,0,"18,6",0," R$  18,60 ","0,00%","100,00%","0,00%",MTT,-210
04/05/2026,138179,Nathaan,PIXPOKER,0,0,"45,19"," R$  45,19 ","0,00%","0,00%","100,00%",PLO6,"93,44"
04/05/2026,112234,AMSFOGO,PIXPOKER,"17,8",0,"2,09"," R$  19,89 ","89,49%","0,00%","10,51%",NLH,"-5,12"
04/05/2026,120916,Jaburu9,PIXPOKER,"50,13","22,9","58,3"," R$  131,33 ","38,17%","17,44%","44,39%",PLO6,-876
04/05/2026,104266,valdinho forró,PIXPOKER,0,"1,6",0," R$  1,60 ","0,00%","100,00%","0,00%",MTT,"4,86"
04/05/2026,106309,AcademiaDePoker,PIXPOKER,0,"0,7",0," R$  0,70 ","0,00%","100,00%","0,00%",MTT,"0,22"
04/05/2026,147674,Diego merrim,PIXPOKER,0,"3,9",0," R$  3,90 ","0,00%","100,00%","0,00%",MTT,-39
04/05/2026,172208,? REI,PIXPOKER,0,"0,2",0," R$  0,20 ","0,00%","100,00%","0,00%",MTT,"-0,67"
04/05/2026,176138,otrembb??,PIXPOKER,0,"1,9",0," R$  1,90 ","0,00%","100,00%","0,00%",MTT,"-11,58"
04/05/2026,177693,pix177693,PIXPOKER,0,"0,3",0," R$  0,30 ","0,00%","100,00%","0,00%",MTT,-3
04/05/2026,178389,TLDBS,PIXPOKER,0,"0,1",0," R$  0,10 ","0,00%","100,00%","0,00%",MTT,-1
04/05/2026,180584,lagarto171,PIXPOKER,0,"0,7",0," R$  0,70 ","0,00%","100,00%","0,00%",MTT,-7
04/05/2026,193357,Negralha31,PIXPOKER,0,"0,1",0," R$  0,10 ","0,00%","100,00%","0,00%",MTT,-1
04/05/2026,194339,blader,PIXPOKER,0,"0,9",0," R$  0,90 ","0,00%","100,00%","0,00%",MTT,-9
04/05/2026,194401,ColdCall,PIXPOKER,"11,56","1,9",0," R$  13,46 ","85,88%","14,12%","0,00%",NLH,"-71,77"
04/05/2026,195264,ely chata,PIXPOKER,0,"0,1",0," R$  0,10 ","0,00%","100,00%","0,00%",MTT,-1
04/05/2026,102331,Nelson,PIXPOKER,"18,81",0,"47,01"," R$  65,82 ","28,58%","0,00%","71,42%",PLO6,"-144,98"
04/05/2026,194801,lucianin4bet,PIXPOKER,"47,89",2,0," R$  49,89 ","95,99%","4,01%","0,00%",NLH,"-200,41"
04/05/2026,194578,JacksonMcz,PIXPOKER,0,"80,69",0," R$  80,69 ","0,00%","100,00%","0,00%",MTT,"257,68"
04/05/2026,131387,JoaoCbmpa,PIXPOKER,"53,65",42,0," R$  95,65 ","56,09%","43,91%","0,00%",NLH,"-536,29"
04/05/2026,154882,É O BR,PIXPOKER,"44,22",0,"2,13"," R$  46,35 ","95,40%","0,00%","4,60%",NLH,"5,21"
04/05/2026,175073,AdemirF,PIXPOKER,"12,04",0,0," R$  12,04 ","100,00%","0,00%","0,00%",NLH,"111,07"
04/05/2026,180241,arthur lucena,PIXPOKER,"18,94","0,1",0," R$  19,04 ","99,47%","0,53%","0,00%",NLH,"-46,24"
04/05/2026,194831,BillyBoy,PIXPOKER,"62,3","12,7",0," R$  75,00 ","83,07%","16,93%","0,00%",NLH,"-180,52"
04/05/2026,180680,pix180680,PIXPOKER,"4,81","5,6",0," R$  10,41 ","46,21%","53,79%","0,00%",MTT,"-93,2"
04/05/2026,191631,CAIXA-BAIXA,PIXPOKER,0,"17,5",0," R$  17,50 ","0,00%","100,00%","0,00%",MTT,"575,74"
04/05/2026,156515,Miquelangela,PIXPOKER,0,0,"355,56"," R$  355,56 ","0,00%","0,00%","100,00%",PLO6,"890,11"
04/05/2026,157737,raule de mel,PIXPOKER,0,0,"110,59"," R$  110,59 ","0,00%","0,00%","100,00%",PLO6,-77
04/05/2026,194922,omenaprime,PIXPOKER,"7,82",0,0," R$  7,82 ","100,00%","0,00%","0,00%",NLH,"-30,62"
04/05/2026,101338,KKraj_,PIXPOKER,0,0,0, R$  -   ,,,,NLH,0
04/05/2026,103904,Cabuloso?,PIXPOKER,"1,74",0,"28,68"," R$  30,42 ","5,72%","0,00%","94,28%",PLO6,-167
04/05/2026,104131,all inn,PIXPOKER,"4,9","1,9",0," R$  6,80 ","72,06%","27,94%","0,00%",NLH,-54
04/05/2026,111444,amanga,PIXPOKER,0,2,"9,4"," R$  11,40 ","0,00%","17,54%","82,46%",PLO6,"17,79"
04/05/2026,151894,emersonTHE,PIXPOKER,"1,48",0,0," R$  1,48 ","100,00%","0,00%","0,00%",NLH,-20
04/05/2026,156846,pix156846,PIXPOKER,"1,72",0,0," R$  1,72 ","100,00%","0,00%","0,00%",NLH,-1
04/05/2026,160259,Pagaquevale,PIXPOKER,0,0,0, R$  -   ,,,,NLH,0
04/05/2026,160844,Willian Yabiku,PIXPOKER,0,26,"160,79"," R$  186,79 ","0,00%","13,92%","86,08%",PLO6,"-549,88"
04/05/2026,163477,Dilma,PIXPOKER,0,0,0, R$  -   ,,,,NLH,"1,13"
04/05/2026,168321,Breno Mendes,PIXPOKER,"1,27","0,1","0,85"," R$  2,22 ","57,21%","4,50%","38,29%",NLH,"-30,77"
04/05/2026,172670,pix172670,PIXPOKER,0,0,0, R$  -   ,,,,NLH,0
04/05/2026,173021,pix173021,PIXPOKER,0,0,0, R$  -   ,,,,NLH,0
04/05/2026,174476,Dim Saraiva,PIXPOKER,0,0,0, R$  -   ,,,,NLH,"0,58"
04/05/2026,177434,Negreira ?,PIXPOKER,0,0,0, R$  -   ,,,,NLH,0
04/05/2026,178968,pix178968,PIXPOKER,0,0,"6,3"," R$  6,30 ","0,00%","0,00%","100,00%",PLO6,"2,09"
04/05/2026,179744,pix179744,PIXPOKER,"1,59","0,5","7,78"," R$  9,87 ","16,11%","5,07%","78,82%",PLO6,-38
04/05/2026,181845,pix181845,PIXPOKER,0,0,0, R$  -   ,,,,NLH,0
04/05/2026,183471,pix183471,PIXPOKER,0,"0,6","1,21"," R$  1,81 ","0,00%","33,15%","66,85%",PLO6,"-1,27"
04/05/2026,184749,Patrãozinhu,PIXPOKER,0,0,0, R$  -   ,,,,NLH,0
04/05/2026,186144,PORTAO10,PIXPOKER,0,0,"30,09"," R$  30,09 ","0,00%","0,00%","100,00%",PLO6,"89,33"
04/05/2026,188674,Mancuso,PIXPOKER,0,0,0, R$  -   ,,,,NLH,0
04/05/2026,191359,coldpaul,PIXPOKER,0,"0,3",0," R$  0,30 ","0,00%","100,00%","0,00%",MTT,-3
04/05/2026,193550,carl$kk,PIXPOKER,0,0,0, R$  -   ,,,,NLH,0
04/05/2026,195114,Atena,PIXPOKER,"0,78",0,0," R$  0,78 ","100,00%","0,00%","0,00%",NLH,-4
04/05/2026,195369,Gonzales,PIXPOKER,0,"0,2",0," R$  0,20 ","0,00%","100,00%","0,00%",MTT,-2
04/05/2026,159222,MC81,PIXPOKER,0,0,"119,87"," R$  119,87 ","0,00%","0,00%","100,00%",PLO6,"35,46"
04/05/2026,194508,pix194508,PIXPOKER,0,0,0, R$  -   ,,,,NLH,-75
04/05/2026,185542,Gomess,PIXPOKER,"3,01",0,"25,01"," R$  28,02 ","10,74%","0,00%","89,26%",PLO6,-109
04/05/2026,157461,Hellen_?,PIXPOKER,"0,74","9,4",0," R$  10,14 ","7,30%","92,70%","0,00%",MTT,"6,35"
04/05/2026,145257,hoop shot,PIXPOKER,"41,06",0,"8,54"," R$  49,60 ","82,78%","0,00%","17,22%",NLH,-155
04/05/2026,148134,pix148134,PIXPOKER,"97,09",0,0," R$  97,09 ","100,00%","0,00%","0,00%",NLH,"-29,44"
04/05/2026,150634,Texurro,PIXPOKER,"6,78","12,3",0," R$  19,08 ","35,53%","64,47%","0,00%",MTT,"44,6"
04/05/2026,189235,pix189235,PIXPOKER,0,8,0," R$  8,00 ","0,00%","100,00%","0,00%",MTT,"-11,34"
04/05/2026,193904,pix193904,PIXPOKER,0,11,0," R$  11,00 ","0,00%","100,00%","0,00%",MTT,"29,29"
04/05/2026,119022,SKROTO,PIXPOKER,0,0,"4,91"," R$  4,91 ","0,00%","0,00%","100,00%",PLO6,-60
04/05/2026,100248,gmariz,PIXPOKER,0,0,"7,54"," R$  7,54 ","0,00%","0,00%","100,00%",PLO6,-120
04/05/2026,123094,AurivanMoura,PIXPOKER,"3,57",0,0," R$  3,57 ","100,00%","0,00%","0,00%",NLH,-20
04/05/2026,100389,dorminhoco,PIXPOKER,0,0,0, R$  -   ,,,,NLH,0
04/05/2026,100628,Edson Gomes,PIXPOKER,0,"2,7",0," R$  2,70 ","0,00%","100,00%","0,00%",MTT,"-26,28"
04/05/2026,118633,0PREDADORDEBUMBUM,PIXPOKER,0,0,0, R$  -   ,,,,NLH,0
04/05/2026,122560,F3RRAD0,PIXPOKER,0,0,0, R$  -   ,,,,NLH,0
04/05/2026,127748,pytter.parke,PIXPOKER,0,"0,8","21,12"," R$  21,92 ","0,00%","3,65%","96,35%",PLO6,"-113,07"
04/05/2026,151483,Wollfman69,PIXPOKER,0,"0,2","6,28"," R$  6,48 ","0,00%","3,09%","96,91%",PLO6,"-4,44"
04/05/2026,153601,Pelé,PIXPOKER,0,0,0, R$  -   ,,,,NLH,0
04/05/2026,174229,treiss77,PIXPOKER,0,0,0, R$  -   ,,,,NLH,0
04/05/2026,180025,pix180025,PIXPOKER,0,0,0, R$  -   ,,,,NLH,"7,22"
04/05/2026,180358,AGRF,PIXPOKER,"5,02","0,8","23,75"," R$  29,57 ","16,98%","2,71%","80,32%",PLO6,"-149,67"
04/05/2026,194911,popo-iwnl,PIXPOKER,0,0,0, R$  -   ,,,,NLH,0
04/05/2026,105070,Lukspoki,PIXPOKER,"520,39","25,9",0," R$  546,29 ","95,26%","4,74%","0,00%",NLH,"495,61"
04/05/2026,100486,Jr Holanda,PIXPOKER,"0,09","6,3","52,49"," R$  58,88 ","0,15%","10,70%","89,15%",PLO6,-47
04/05/2026,110016,? Fantasma ?,PIXPOKER,0,0,"2,01"," R$  2,01 ","0,00%","0,00%","100,00%",PLO6,"15,11"
04/05/2026,147069,cryyy,PIXPOKER,0,"14,5","1,52"," R$  16,02 ","0,00%","90,51%","9,49%",MTT,"254,87"
04/05/2026,152039,VtNC ApP,PIXPOKER,0,0,"15,36"," R$  15,36 ","0,00%","0,00%","100,00%",PLO6,-75
04/05/2026,162898,Arturlm11,PIXPOKER,"0,01","4,8","6,12"," R$  10,93 ","0,09%","43,92%","55,99%",PLO6,-64
04/05/2026,185894,pix185894,PIXPOKER,"12,83","1,4","213,44"," R$  227,67 ","5,64%","0,61%","93,75%",PLO6,"-786,91"
04/05/2026,186464,bebeto e romario,PIXPOKER,0,0,"5,72"," R$  5,72 ","0,00%","0,00%","100,00%",PLO6,-20
04/05/2026,194005,Tuts vida ?,PIXPOKER,"1,27",0,"6,24"," R$  7,51 ","16,91%","0,00%","83,09%",PLO6,-47
04/05/2026,195275,pix195275,PIXPOKER,"4,7",0,"107,4"," R$  112,10 ","4,19%","0,00%","95,81%",PLO6,"-447,68"
04/05/2026,107109,pix107109,PIXPOKER,"7,45",0,"63,36"," R$  70,81 ","10,52%","0,00%","89,48%",PLO6,"-15,81"
04/05/2026,108133,M10CABRERA,PIXPOKER,"39,91","31,6",0," R$  71,51 ","55,81%","44,19%","0,00%",NLH,"-99,52"
04/05/2026,193191,rc1908,PIXPOKER,"47,86",0,"1,21"," R$  49,07 ","97,53%","0,00%","2,47%",NLH,-60
04/05/2026,190931,pix190931,PIXPOKER,0,0,"3,24"," R$  3,24 ","0,00%","0,00%","100,00%",PLO6,-10
04/05/2026,107341,Luiz Carlos,PIXPOKER,0,0,"0,96"," R$  0,96 ","0,00%","0,00%","100,00%",PLO6,-20
04/05/2026,123585,tudo nosso,PIXPOKER,"0,49",0,"10,28"," R$  10,77 ","4,55%","0,00%","95,45%",PLO6,"18,18"
04/05/2026,133545,tudo,PIXPOKER,"0,25",0,"0,6"," R$  0,85 ","29,41%","0,00%","70,59%",PLO6,-14
04/05/2026,193915,Carreirinha,PIXPOKER,"4,32","0,8","17,95"," R$  23,07 ","18,73%","3,47%","77,81%",PLO6,-58
04/05/2026,153998,pix153998,PIXPOKER,0,0,"51,78"," R$  51,78 ","0,00%","0,00%","100,00%",PLO6,"-408,68"
04/05/2026,127799,W P S,PIXPOKER,"0,51",0,"1,47"," R$  1,98 ","25,76%","0,00%","74,24%",PLO6,-22
04/05/2026,133682,Disney,PIXPOKER,0,0,"2,41"," R$  2,41 ","0,00%","0,00%","100,00%",PLO6,-22
04/05/2026,138540,papinha,PIXPOKER,0,0,"72,54"," R$  72,54 ","0,00%","0,00%","100,00%",PLO6,326
04/05/2026,186274,Claudinho Rav,PIXPOKER,0,0,"0,83"," R$  0,83 ","0,00%","0,00%","100,00%",PLO6,"-31,78"
04/05/2026,189826,drygoberto,PIXPOKER,"5,52",0,"2,68"," R$  8,20 ","67,32%","0,00%","32,68%",NLH,-25
04/05/2026,108544,Zé Cambalhota,PIXPOKER,0,116,"4,76"," R$  120,76 ","0,00%","96,06%","3,94%",MTT,"681,63"
04/05/2026,131761,Limpaibestao,PIXPOKER,0,"17,6",0," R$  17,60 ","0,00%","100,00%","0,00%",MTT,"88,42"
04/05/2026,141374,hrios,PIXPOKER,0,0,"427,9"," R$  427,90 ","0,00%","0,00%","100,00%",PLO6,-4700
04/05/2026,149617,MQ17,PIXPOKER,0,0,"904,26"," R$  904,26 ","0,00%","0,00%","100,00%",PLO6,"573,77"
04/05/2026,102535,Luizão LDS,PIXPOKER,0,0,"822,25"," R$  822,25 ","0,00%","0,00%","100,00%",PLO6,"-3294,23"
04/05/2026,102576,kaos,PIXPOKER,0,"4,5","884,44"," R$  888,94 ","0,00%","0,51%","99,49%",PLO6,"-1894,86"
04/05/2026,121804,Descubra,PIXPOKER,0,0,"9,22"," R$  9,22 ","0,00%","0,00%","100,00%",PLO6,-210
04/05/2026,171895,BRR_magnificousSAGAZ,PIXPOKER,"1,81",0,"0,98"," R$  2,79 ","64,87%","0,00%","35,13%",NLH,"-22,98"
04/05/2026,170580,pix170580,PIXPOKER,0,0,"6,68"," R$  6,68 ","0,00%","0,00%","100,00%",PLO6,-40
04/05/2026,187315,luanpg10,PIXPOKER,0,"4,3","7,7"," R$  12,00 ","0,00%","35,83%","64,17%",PLO6,-136
04/05/2026,151756,Mw81,PIXPOKER,0,"20,8",0," R$  20,80 ","0,00%","100,00%","0,00%",MTT,-199
04/05/2026,194400,Joao Bosco,PIXPOKER,0,33,0," R$  33,00 ","0,00%","100,00%","0,00%",MTT,"-94,15"
04/05/2026,136730,Pabin do gasolina,PIXPOKER,0,"3,9","19,96"," R$  23,86 ","0,00%","16,35%","83,65%",PLO6,"-93,51"
04/05/2026,162905,picanele,PIXPOKER,0,"0,1","14,99"," R$  15,09 ","0,00%","0,66%","99,34%",PLO6,"-81,34"
04/05/2026,116085,thief,PIXPOKER,0,0,"49,05"," R$  49,05 ","0,00%","0,00%","100,00%",PLO6,-300
04/05/2026,128228,bobssdi,PIXPOKER,0,1,"1,37"," R$  2,37 ","0,00%","42,19%","57,81%",PLO6,-30
04/05/2026,134949,domasfec,PIXPOKER,"0,51",0,0," R$  0,51 ","100,00%","0,00%","0,00%",NLH,"-6,65"
04/05/2026,189262,ZéNutzz,PIXPOKER,"2,65",0,0," R$  2,65 ","100,00%","0,00%","0,00%",NLH,-15
04/05/2026,194270,Laurinha,PIXPOKER,"22,82","1,6","0,36"," R$  24,78 ","92,09%","6,46%","1,45%",NLH,-89
04/05/2026,194304,Jujunaa,PIXPOKER,"21,49",7,0," R$  28,49 ","75,43%","24,57%","0,00%",NLH,"-124,07"
04/05/2026,195117,pix195117,PIXPOKER,"5,34",0,"5,1"," R$  10,44 ","51,15%","0,00%","48,85%",NLH,"-6,15"
04/05/2026,101817,Julião,PIXPOKER,0,"0,25","34,25"," R$  34,50 ","0,00%","0,72%","99,28%",PLO6,"-86,08"
04/05/2026,149021,ANTONOW,PIXPOKER,0,0,"22,78"," R$  22,78 ","0,00%","0,00%","100,00%",PLO6,-250
04/05/2026,172415,Arthurcrupi,PIXPOKER,"2,6",0,"19,45"," R$  22,05 ","11,79%","0,00%","88,21%",PLO6,-62
04/05/2026,187345,BetoRocha,PIXPOKER,0,0,"4,72"," R$  4,72 ","0,00%","0,00%","100,00%",PLO6,-80
04/05/2026,190813,lapiada,PIXPOKER,0,0,"123,05"," R$  123,05 ","0,00%","0,00%","100,00%",PLO6,"268,39"
04/05/2026,105853,toblefando,PIXPOKER,0,0,"32,11"," R$  32,11 ","0,00%","0,00%","100,00%",PLO6,"19,1"
04/05/2026,132744,Edymar,PIXPOKER,"39,25",0,0," R$  39,25 ","100,00%","0,00%","0,00%",NLH,-80
04/05/2026,147547,Advanced,PIXPOKER,"39,73",0,0," R$  39,73 ","100,00%","0,00%","0,00%",NLH,"-148,35"
04/05/2026,184686,Ian_Bala,PIXPOKER,"14,32",0,0," R$  14,32 ","100,00%","0,00%","0,00%",NLH,-100
04/05/2026,133158,jrspoker,PIXPOKER,0,"0,5","38,69"," R$  39,19 ","0,00%","1,28%","98,72%",PLO6,"-162,16"
04/05/2026,137367,Magonet0,PIXPOKER,0,0,"22,06"," R$  22,06 ","0,00%","0,00%","100,00%",PLO6,"0,22"
04/05/2026,188123,pix188123,PIXPOKER,"6,35",0,"1,26"," R$  7,61 ","83,44%","0,00%","16,56%",NLH,-35
04/05/2026,160003,Ioribr (777),PIXPOKER,"1,74",0,"10,66"," R$  12,40 ","14,03%","0,00%","85,97%",PLO6,"30,82"
04/05/2026,165419,pix165419,PIXPOKER,0,"0,1","15,39"," R$  15,49 ","0,00%","0,65%","99,35%",PLO6,-49
04/05/2026,100462,Babi,PIXPOKER,0,"0,1",0," R$  0,10 ","0,00%","100,00%","0,00%",MTT,-1
04/05/2026,110865,akieoGC,PIXPOKER,0,0,0, R$  -   ,,,,NLH,0
04/05/2026,148623,RICKSAJSDI,PIXPOKER,0,7,0," R$  7,00 ","0,00%","100,00%","0,00%",MTT,-70
04/05/2026,150113,predador ?,PIXPOKER,0,0,0, R$  -   ,,,,NLH,0
04/05/2026,158734,escaledita,PIXPOKER,0,0,0, R$  -   ,,,,NLH,0
04/05/2026,162893,Geladeira ?,PIXPOKER,"51,86","0,8","481,69"," R$  534,35 ","9,71%","0,15%","90,15%",PLO6,"-1049,61"
04/05/2026,167667,pix167667,PIXPOKER,0,"0,2",0," R$  0,20 ","0,00%","100,00%","0,00%",MTT,-2
04/05/2026,168955,pix168955,PIXPOKER,0,0,0, R$  -   ,,,,NLH,0
04/05/2026,170943,claytim,PIXPOKER,0,0,0, R$  -   ,,,,NLH,0
04/05/2026,185553,??Mangusto?,PIXPOKER,0,0,0, R$  -   ,,,,NLH,0
04/05/2026,191271,Anthony Jonsson,PIXPOKER,0,0,0, R$  -   ,,,,NLH,0
04/05/2026,193238,pix193238,PIXPOKER,0,0,0, R$  -   ,,,,NLH,0
04/05/2026,194710,raro77,PIXPOKER,0,0,0, R$  -   ,,,,NLH,0
04/05/2026,194991,Mrmayconc7,PIXPOKER,0,"0,1",0," R$  0,10 ","0,00%","100,00%","0,00%",MTT,-1
04/05/2026,173559,pix173559,PIXPOKER,"2,32","4,8",0," R$  7,12 ","32,58%","67,42%","0,00%",MTT,-80
04/05/2026,190094,pix190094,PIXPOKER,"6,95",0,"0,97"," R$  7,92 ","87,75%","0,00%","12,25%",NLH,-72
04/05/2026,152857,ragnae,PIXPOKER,0,2,0," R$  2,00 ","0,00%","100,00%","0,00%",MTT,-20
04/05/2026,158407,Talysson,PIXPOKER,0,"30,75",0," R$  30,75 ","0,00%","100,00%","0,00%",MTT,"-127,5"
04/05/2026,101229,OffThekingdepower,PIXPOKER,0,"2,4",0," R$  2,40 ","0,00%","100,00%","0,00%",MTT,-24
04/05/2026,117575,Let’s Go,PIXPOKER,0,"4,6",0," R$  4,60 ","0,00%","100,00%","0,00%",MTT,"-41,51"
04/05/2026,144329,guga02,PIXPOKER,0,"0,5",0," R$  0,50 ","0,00%","100,00%","0,00%",MTT,-5
04/05/2026,179691,Bielvn,PIXPOKER,0,"1,2",0," R$  1,20 ","0,00%","100,00%","0,00%",MTT,"-9,76"
04/05/2026,155269,ghhz97,PIXPOKER,0,"17,1",0," R$  17,10 ","0,00%","100,00%","0,00%",MTT,"146,28"
04/05/2026,109291,shampooo,PIXPOKER,0,0,"11,91"," R$  11,91 ","0,00%","0,00%","100,00%",PLO6,-100
04/05/2026,143424,eider junior,PIXPOKER,0,0,"26,36"," R$  26,36 ","0,00%","0,00%","100,00%",PLO6,-100
04/05/2026,174847,Nem fudendo,PIXPOKER,0,0,"61,62"," R$  61,62 ","0,00%","0,00%","100,00%",PLO6,"-26,73"
04/05/2026,150966,bola10,PIXPOKER,0,"15,9",0," R$  15,90 ","0,00%","100,00%","0,00%",MTT,"-157,73"
04/05/2026,153367,Gi.p,PIXPOKER,"1,02","15,3",0," R$  16,32 ","6,25%","93,75%","0,00%",MTT,"-114,82"
04/05/2026,188416,juliomoneymaker,PIXPOKER,0,"8,4",0," R$  8,40 ","0,00%","100,00%","0,00%",MTT,-84
04/05/2026,188505,crazygambler,PIXPOKER,0,"6,8",0," R$  6,80 ","0,00%","100,00%","0,00%",MTT,-68
04/05/2026,123986,D10xxx,PIXPOKER,0,22,"35,94"," R$  57,94 ","0,00%","37,97%","62,03%",PLO6,"105,57"
04/05/2026,152239,T.H.,PIXPOKER,"7,87","2,2",0," R$  10,07 ","78,15%","21,85%","0,00%",NLH,-41
04/05/2026,190726,Spikeeee,PIXPOKER,0,"6,2","1,07"," R$  7,27 ","0,00%","85,28%","14,72%",MTT,-177
04/05/2026,176073,marcusp159,PIXPOKER,0,"8,9",0," R$  8,90 ","0,00%","100,00%","0,00%",MTT,-89
04/05/2026,101280,boanoitepessual,PIXPOKER,0,1,"6,56"," R$  7,56 ","0,00%","13,23%","86,77%",PLO6,17
04/05/2026,128455,Chuck Norris,PIXPOKER,"0,53","15,4","11,78"," R$  27,71 ","1,91%","55,58%","42,51%",MTT,"123,11"
04/05/2026,100605,henrique,PIXPOKER,"23,74",0,"9,21"," R$  32,95 ","72,05%","0,00%","27,95%",NLH,-68
04/05/2026,139976,BB Counter 25,PIXPOKER,"9,47",0,0," R$  9,47 ","100,00%","0,00%","0,00%",NLH,"-26,71"
04/05/2026,153919,Boiadeiro,PIXPOKER,"8,59",0,"1,19"," R$  9,78 ","87,83%","0,00%","12,17%",NLH,-89
04/05/2026,176930,Lucas_padim,PIXPOKER,"1,01",0,0," R$  1,01 ","100,00%","0,00%","0,00%",NLH,-13
04/05/2026,139747,pix139747,PIXPOKER,0,"0,1",0," R$  0,10 ","0,00%","100,00%","0,00%",MTT,-1
04/05/2026,163863,kayblack,PIXPOKER,0,"0,1",0," R$  0,10 ","0,00%","100,00%","0,00%",MTT,-1
04/05/2026,118366,choranoriver,PIXPOKER,"2,43","3,8",0," R$  6,23 ","39,00%","61,00%","0,00%",MTT,-50
04/05/2026,179849,Marreta Show,PIXPOKER,"9,99",0,0," R$  9,99 ","100,00%","0,00%","0,00%",NLH,-50
04/05/2026,129711,pix129711,PIXPOKER,0,10,0," R$  10,00 ","0,00%","100,00%","0,00%",MTT,-100
04/05/2026,165073,pix165073,PIXPOKER,0,"12,5","5,94"," R$  18,44 ","0,00%","67,79%","32,21%",MTT,-242
04/05/2026,121494,apicemotel01,PIXPOKER,"36,91",0,"507,59"," R$  544,50 ","6,78%","0,00%","93,22%",PLO6,"-1032,31"
04/05/2026,129250,dayvisonfranklin,PIXPOKER,0,0,"77,49"," R$  77,49 ","0,00%","0,00%","100,00%",PLO6,75
04/05/2026,149244,vem bambo não,PIXPOKER,0,0,"15,88"," R$  15,88 ","0,00%","0,00%","100,00%",PLO6,111
04/05/2026,150031,Nó Cego,PIXPOKER,"16,66",0,"65,85"," R$  82,51 ","20,19%","0,00%","79,81%",PLO6,-286
04/05/2026,193531,pix193531,PIXPOKER,0,"14,1","44,22"," R$  58,32 ","0,00%","24,18%","75,82%",PLO6,"-75,78"
04/05/2026,122669,caçapix,PIXPOKER,0,"3,5",0," R$  3,50 ","0,00%","100,00%","0,00%",MTT,-35
04/05/2026,160289,jimmysdi,PIXPOKER,0,"10,7",0," R$  10,70 ","0,00%","100,00%","0,00%",MTT,-107
04/05/2026,101185,dual,PIXPOKER,0,0,0, R$  -   ,,,,NLH,0
04/05/2026,101374,bea19M,PIXPOKER,0,0,0, R$  -   ,,,,NLH,0
04/05/2026,116811,joka,PIXPOKER,0,"0,1",0," R$  0,10 ","0,00%","100,00%","0,00%",MTT,"0,6"
04/05/2026,153018,Madara??,PIXPOKER,0,0,"7,44"," R$  7,44 ","0,00%","0,00%","100,00%",PLO6,-56
04/05/2026,153126,thitagarcia,PIXPOKER,"1,49","3,5",0," R$  4,99 ","29,86%","70,14%","0,00%",MTT,-47
04/05/2026,162361,pix162361,PIXPOKER,"4,5",0,"25,1"," R$  29,60 ","15,20%","0,00%","84,80%",PLO6,15
04/05/2026,169201,danigodoy,PIXPOKER,0,0,0, R$  -   ,,,,NLH,0
04/05/2026,172347,luccaspw,PIXPOKER,0,0,0, R$  -   ,,,,NLH,"1,6"
04/05/2026,188429,oliveiraa,PIXPOKER,"12,74","0,7",0," R$  13,44 ","94,79%","5,21%","0,00%",NLH,12
04/05/2026,190835,Velhote,PIXPOKER,0,0,0, R$  -   ,,,,NLH,"1,33"
04/05/2026,194302,pix194302,PIXPOKER,0,"0,7",0," R$  0,70 ","0,00%","100,00%","0,00%",MTT,"0,3"
04/05/2026,151826,Jack.Palmer,PIXPOKER,"2,15",0,0," R$  2,15 ","100,00%","0,00%","0,00%",NLH,"13,9"
04/05/2026,171411,?uturo?,PIXPOKER,0,"5,2",0," R$  5,20 ","0,00%","100,00%","0,00%",MTT,-52
04/05/2026,100323,Foresths,PIXPOKER,0,0,0, R$  -   ,,,,NLH,0
04/05/2026,101186,pix101186,PIXPOKER,0,0,0, R$  -   ,,,,NLH,0
04/05/2026,193228,pietro,PIXPOKER,0,0,0, R$  -   ,,,,NLH,0
04/05/2026,194996,fa.do.risi,PIXPOKER,0,"0,2",0," R$  0,20 ","0,00%","100,00%","0,00%",MTT,"0,28"
04/05/2026,193559,Gabriellopes,PIXPOKER,"2,35",0,"9,1"," R$  11,45 ","20,52%","0,00%","79,48%",PLO6,-34
04/05/2026,143841,Rbraga,PIXPOKER,0,0,"5,55"," R$  5,55 ","0,00%","0,00%","100,00%",PLO6,-69
04/05/2026,152555,BossRico,PIXPOKER,"12,07",0,"19,13"," R$  31,20 ","38,69%","0,00%","61,31%",PLO6,"87,84"
04/05/2026,192114,aff??,PIXPOKER,0,0,"8,57"," R$  8,57 ","0,00%","0,00%","100,00%",PLO6,-122
04/05/2026,109150,vitinpe,PIXPOKER,1,0,"21,77"," R$  22,77 ","4,39%","0,00%","95,61%",PLO6,-42
04/05/2026,180838,xXxDdD,PIXPOKER,0,0,"50,98"," R$  50,98 ","0,00%","0,00%","100,00%",PLO6,-304
04/05/2026,189391,Shell271,PIXPOKER,0,0,"4,52"," R$  4,52 ","0,00%","0,00%","100,00%",PLO6,-41
04/05/2026,156053,Doidera66,PIXPOKER,0,0,"13,54"," R$  13,54 ","0,00%","0,00%","100,00%",PLO6,-186
04/05/2026,192910,Tagler,PIXPOKER,0,0,"53,47"," R$  53,47 ","0,00%","0,00%","100,00%",PLO6,-41
04/05/2026,153175,LucasG18,PIXPOKER,0,0,"26,16"," R$  26,16 ","0,00%","0,00%","100,00%",PLO6,-80
04/05/2026,148116,joker ?,PIXPOKER,0,0,"92,75"," R$  92,75 ","0,00%","0,00%","100,00%",PLO6,-1100
04/05/2026,167950,pix167950,PIXPOKER,0,0,"84,66"," R$  84,66 ","0,00%","0,00%","100,00%",PLO6,"-490,41"
04/05/2026,193603,ahladrao,PIXPOKER,"12,56",0,"43,36"," R$  55,92 ","22,46%","0,00%","77,54%",PLO6,"-404,38"
04/05/2026,111754,pix111754,PIXPOKER,"21,66","0,5",0," R$  22,16 ","97,74%","2,26%","0,00%",NLH,-50
04/05/2026,134522,ZEBEDEL,PIXPOKER,"12,69","6,9","33,52"," R$  53,11 ","23,89%","12,99%","63,11%",PLO6,"-263,87"
04/05/2026,169232,bumbum guloso,PIXPOKER,"38,43","0,8","12,58"," R$  51,81 ","74,17%","1,54%","24,28%",NLH,-146
04/05/2026,169703,Chicken Little,PIXPOKER,"10,2",0,"20,22"," R$  30,42 ","33,53%","0,00%","66,47%",PLO6,"-3,53"
04/05/2026,175973,IFFC,PIXPOKER,4,"0,5",0," R$  4,50 ","88,89%","11,11%","0,00%",NLH,-60
04/05/2026,164108,IramBODVEI,PIXPOKER,"1,43",0,0," R$  1,43 ","100,00%","0,00%","0,00%",NLH,-15
04/05/2026,173268,nacton silvq,PIXPOKER,"10,59",0,0," R$  10,59 ","100,00%","0,00%","0,00%",NLH,-76
04/05/2026,195084,erregêdomangue,PIXPOKER,"3,96",0,0," R$  3,96 ","100,00%","0,00%","0,00%",NLH,-6
04/05/2026,108030,Pitbull Enraivado,PIXPOKER,0,8,"63,7"," R$  71,70 ","0,00%","11,16%","88,84%",PLO6,-372
04/05/2026,136269,CBorri,PIXPOKER,0,14,"9,79"," R$  23,79 ","0,00%","58,85%","41,15%",MTT,"-210,21"
04/05/2026,192136,pix192136,PIXPOKER,"2,79","4,5","41,58"," R$  48,87 ","5,71%","9,21%","85,08%",PLO6,9
04/05/2026,193731,iangabriel,PIXPOKER,12,"0,1","17,1"," R$  29,20 ","41,10%","0,34%","58,56%",PLO6,141
04/05/2026,139516,KndFz,PIXPOKER,0,0,"320,28"," R$  320,28 ","0,00%","0,00%","100,00%",PLO6,"333,77"
04/05/2026,149966,ajex,PIXPOKER,0,0,"238,42"," R$  238,42 ","0,00%","0,00%","100,00%",PLO6,"653,5"
04/05/2026,172030,ChaparralJr,PIXPOKER,0,0,"90,34"," R$  90,34 ","0,00%","0,00%","100,00%",PLO6,"426,45"
04/05/2026,101391,FernandesPb,PIXPOKER,0,0,0, R$  -   ,,,,NLH,0
04/05/2026,158269,steve,PIXPOKER,"11,64",0,"0,04"," R$  11,68 ","99,66%","0,00%","0,34%",NLH,"6,25"
04/05/2026,173866,Matheusjopa,PIXPOKER,"3,43",0,"0,05"," R$  3,48 ","98,56%","0,00%","1,44%",NLH,"-17,98"
04/05/2026,193950,Danilopira,PIXPOKER,"0,3",0,0," R$  0,30 ","100,00%","0,00%","0,00%",NLH,-4
04/05/2026,145213,pix145213,PIXPOKER,0,0,"1028,21"," R$  1.028,21 ","0,00%","0,00%","100,00%",PLO6,"1797,73"
04/05/2026,186146,adriel,PIXPOKER,0,0,"122,69"," R$  122,69 ","0,00%","0,00%","100,00%",PLO6,-290
04/05/2026,189502,kid poker AA,PIXPOKER,0,0,"77,34"," R$  77,34 ","0,00%","0,00%","100,00%",PLO6,"-780,67"
04/05/2026,162751,Cless,PIXPOKER,0,"0,1",0," R$  0,10 ","0,00%","100,00%","0,00%",MTT,-1
04/05/2026,133713,Thekid,PIXPOKER,"0,23",0,"567,33"," R$  567,56 ","0,04%","0,00%","99,96%",PLO6,"-2475,09"
04/05/2026,149559,Tata é  Fota,PIXPOKER,"13,35","6,5","1672,41"," R$  1.692,26 ","0,79%","0,38%","98,83%",PLO6,"-1311,18"
04/05/2026,164622,Gui??,PIXPOKER,"1,77",0,0," R$  1,77 ","100,00%","0,00%","0,00%",NLH,-24
04/05/2026,187443,CaioJr14,PIXPOKER,"3,81",0,0," R$  3,81 ","100,00%","0,00%","0,00%",NLH,-20
04/05/2026,189205,fazer 1000,PIXPOKER,"9,18",0,"1224,46"," R$  1.233,64 ","0,74%","0,00%","99,26%",PLO6,"2354,01"
04/05/2026,147010,zepliplin,PIXPOKER,0,0,845," R$  845,00 ","0,00%","0,00%","100,00%",PLO6,-824
04/05/2026,195315,pix195315,PIXPOKER,"11,45",0,"8,78"," R$  20,23 ","56,60%","0,00%","43,40%",NLH,-106
04/05/2026,154247,king81,PIXPOKER,0,"0,3",0," R$  0,30 ","0,00%","100,00%","0,00%",MTT,"0,5"
04/05/2026,162929,skolzadaaa,PIXPOKER,"0,27","8,56",0," R$  8,83 ","3,06%","96,94%","0,00%",MTT,"-27,35"
04/05/2026,139229,RatodaBad,PIXPOKER,"0,9",0,0," R$  0,90 ","100,00%","0,00%","0,00%",NLH,"-13,6"
04/05/2026,163235,Jumenta preta ?,PIXPOKER,2,"3,9",0," R$  5,90 ","33,90%","66,10%","0,00%",MTT,"-58,38"
04/05/2026,113958,pix113958,PIXPOKER,0,0,"235,15"," R$  235,15 ","0,00%","0,00%","100,00%",PLO6,"-189,47"
04/05/2026,151798,thnx,PIXPOKER,"13,55",0,0," R$  13,55 ","100,00%","0,00%","0,00%",NLH,"29,47"
04/05/2026,175068,Urubudupix,PIXPOKER,1,0,0," R$  1,00 ","100,00%","0,00%","0,00%",NLH,-8
04/05/2026,193960,ms__1,PIXPOKER,"0,97",0,0," R$  0,97 ","100,00%","0,00%","0,00%",NLH,-10
04/05/2026,143087,boteneu,PIXPOKER,0,0,"25,99"," R$  25,99 ","0,00%","0,00%","100,00%",PLO6,-105
04/05/2026,150610,tudotudo,PIXPOKER,0,0,"4,43"," R$  4,43 ","0,00%","0,00%","100,00%",PLO6,-60
04/05/2026,161763,Reddy80,PIXPOKER,0,"31,79",0," R$  31,79 ","0,00%","100,00%","0,00%",MTT,"-349,17"
04/05/2026,120111,pix120111,PIXPOKER,0,0,"12,58"," R$  12,58 ","0,00%","0,00%","100,00%",PLO6,-157
04/05/2026,150043,gamby,PIXPOKER,0,5,"29,53"," R$  34,53 ","0,00%","14,48%","85,52%",PLO6,-170
04/05/2026,188957,luiz_TT,PIXPOKER,0,8,0," R$  8,00 ","0,00%","100,00%","0,00%",MTT,-80
04/05/2026,172456,TicoTico,PIXPOKER,0,"3,5",0," R$  3,50 ","0,00%","100,00%","0,00%",MTT,-35
04/05/2026,110044,pix1642256,PIXPOKER,0,"61,3",0," R$  61,30 ","0,00%","100,00%","0,00%",MTT,"226,7"
04/05/2026,139869,Cachoeira,PIXPOKER,0,"3,4",0," R$  3,40 ","0,00%","100,00%","0,00%",MTT,-34
04/05/2026,146599,pix146599,PIXPOKER,0,0,"55,02"," R$  55,02 ","0,00%","0,00%","100,00%",PLO6,"-206,97"
04/05/2026,100221,El Magron,PIXPOKER,0,0,0, R$  -   ,,,,NLH,"1,27"
04/05/2026,101128,bateu,PIXPOKER,0,0,0, R$  -   ,,,,NLH,0
04/05/2026,116601,BGX30,PIXPOKER,0,0,0, R$  -   ,,,,NLH,0
04/05/2026,140055,jr oião motos,PIXPOKER,0,0,0, R$  -   ,,,,NLH,0
04/05/2026,157420,Gaamoraa,PIXPOKER,0,3,0," R$  3,00 ","0,00%","100,00%","0,00%",MTT,-30
04/05/2026,158519,JKing,PIXPOKER,0,0,0, R$  -   ,,,,NLH,0
04/05/2026,193356,pix193356,PIXPOKER,0,0,0, R$  -   ,,,,NLH,0
04/05/2026,194321,levisin1st,PIXPOKER,0,"2,6",0," R$  2,60 ","0,00%","100,00%","0,00%",MTT,-26
04/05/2026,106482,BOLADÃO,PIXPOKER,"0,86","5,3",0," R$  6,16 ","13,96%","86,04%","0,00%",MTT,-65
04/05/2026,144862,Brunno,PIXPOKER,"6,57",0,0," R$  6,57 ","100,00%","0,00%","0,00%",NLH,-20
04/05/2026,147818,Feker,PIXPOKER,"7,25",0,0," R$  7,25 ","100,00%","0,00%","0,00%",NLH,"-68,22"
04/05/2026,162729,sóALLin,PIXPOKER,"35,58",0,0," R$  35,58 ","100,00%","0,00%","0,00%",NLH,"-257,02"
04/05/2026,165675,advdopovo,PIXPOKER,"7,93",0,"2,64"," R$  10,57 ","75,02%","0,00%","24,98%",NLH,"-44,6"
04/05/2026,176070,ªLL-YÏññ17º,PIXPOKER,"31,96",0,0," R$  31,96 ","100,00%","0,00%","0,00%",NLH,"78,93"
04/05/2026,184466,pix184466,PIXPOKER,"11,4",0,0," R$  11,40 ","100,00%","0,00%","0,00%",NLH,-60
04/05/2026,161173,Alzir,PIXPOKER,0,"2,4",0," R$  2,40 ","0,00%","100,00%","0,00%",MTT,-24
04/05/2026,130437,pedrin att,PIXPOKER,0,"0,9",0," R$  0,90 ","0,00%","100,00%","0,00%",MTT,-9
04/05/2026,192358,pix192358,PIXPOKER,"13,57",0,0," R$  13,57 ","100,00%","0,00%","0,00%",NLH,-88
04/05/2026,194663,TioPika,PIXPOKER,0,"3,5",0," R$  3,50 ","0,00%","100,00%","0,00%",MTT,-35
04/05/2026,183808,município,PIXPOKER,0,0,"172,14"," R$  172,14 ","0,00%","0,00%","100,00%",PLO6,"1050,38"
04/05/2026,125910,Dekixter,PIXPOKER,0,0,0, R$  -   ,,,,NLH,"0,51"
04/05/2026,146383,pix146383,PIXPOKER,0,0,"3,54"," R$  3,54 ","0,00%","0,00%","100,00%",PLO6,"-26,44"
04/05/2026,101305,MAGON2.0,PIXPOKER,0,0,"1,25"," R$  1,25 ","0,00%","0,00%","100,00%",PLO6,-10
04/05/2026,116936,clenilson,PIXPOKER,"0,49",0,"2,56"," R$  3,05 ","16,07%","0,00%","83,93%",PLO6,-50
04/05/2026,171659,pix171659,PIXPOKER,"2,31",0,"14,2"," R$  16,51 ","13,99%","0,00%","86,01%",PLO6,-200
04/05/2026,133117,daso AA,PIXPOKER,0,"4,8","196,98"," R$  201,78 ","0,00%","2,38%","97,62%",PLO6,"278,64"
04/05/2026,185295,David blefador,PIXPOKER,0,0,"146,37"," R$  146,37 ","0,00%","0,00%","100,00%",PLO6,"-609,65"
04/05/2026,192323,pix192323,PIXPOKER,0,0,"7,05"," R$  7,05 ","0,00%","0,00%","100,00%",PLO6,"-38,25"
04/05/2026,181067,pix181067,PIXPOKER,0,"2,2",0," R$  2,20 ","0,00%","100,00%","0,00%",MTT,-22
04/05/2026,171266,BALA 27,PIXPOKER,0,0,"13,37"," R$  13,37 ","0,00%","0,00%","100,00%",PLO6,-70
04/05/2026,181795,henrique esc,PIXPOKER,0,6,0," R$  6,00 ","0,00%","100,00%","0,00%",MTT,-60
04/05/2026,111233,khhk,PIXPOKER,"8,1",0,"2866,89"," R$  2.874,99 ","0,28%","0,00%","99,72%",PLO6,"1406,52"
04/05/2026,160169,MestreDosMauros,PIXPOKER,0,0,"15,98"," R$  15,98 ","0,00%","0,00%","100,00%",PLO6,"-294,74"
04/05/2026,161256,CÂMARA?,PIXPOKER,0,0,"159,85"," R$  159,85 ","0,00%","0,00%","100,00%",PLO6,-722
04/05/2026,156870,JPGA,PIXPOKER,"5,28",4,"7,98"," R$  17,26 ","30,59%","23,17%","46,23%",PLO6,"-200,3"
04/05/2026,181102,pix181102,PIXPOKER,0,0,"10,34"," R$  10,34 ","0,00%","0,00%","100,00%",PLO6,"-43,89"
04/05/2026,113444,brad33,PIXPOKER,"93,14",0,"16,87"," R$  110,01 ","84,67%","0,00%","15,33%",NLH,"665,59"
04/05/2026,165296,pix165296,PIXPOKER,"20,89",0,"5,36"," R$  26,25 ","79,58%","0,00%","20,42%",NLH,"-87,49"
04/05/2026,186906,zabuza33,PIXPOKER,0,1,0," R$  1,00 ","0,00%","100,00%","0,00%",MTT,-10
04/05/2026,145645,FichaF@cil,PIXPOKER,0,0,"2,07"," R$  2,07 ","0,00%","0,00%","100,00%",PLO6,-24
04/05/2026,146625,UngidoPix,PIXPOKER,"0,17","0,7","0,4"," R$  1,27 ","13,39%","55,12%","31,50%",MTT,"-14,81"
04/05/2026,182509,pix182509,PIXPOKER,0,0,"23,17"," R$  23,17 ","0,00%","0,00%","100,00%",PLO6,146
04/05/2026,189853,pix189853,PIXPOKER,0,0,"11,91"," R$  11,91 ","0,00%","0,00%","100,00%",PLO6,"-45,24"
04/05/2026,124632,seteduque,PIXPOKER,0,0,0, R$  -   ,,,,NLH,0
04/05/2026,135241,limpallin,PIXPOKER,0,0,0, R$  -   ,,,,NLH,0
04/05/2026,168753,mago?,PIXPOKER,0,0,0, R$  -   ,,,,NLH,0
04/05/2026,191081,Olbis,PIXPOKER,0,"3,25",0," R$  3,25 ","0,00%","100,00%","0,00%",MTT,"-31,39"
04/05/2026,194994,Bob’s,PIXPOKER,0,0,"1933,09"," R$  1.933,09 ","0,00%","0,00%","100,00%",PLO6,"-9000,09"
04/05/2026,175529,Leozim,PIXPOKER,0,"0,5","68,89"," R$  69,39 ","0,00%","0,72%","99,28%",PLO6,"-162,56"
04/05/2026,145436,zeboy,PIXPOKER,0,0,"69,49"," R$  69,49 ","0,00%","0,00%","100,00%",PLO6,-200
04/05/2026,146479,segueolider,PIXPOKER,0,"16,8",0," R$  16,80 ","0,00%","100,00%","0,00%",MTT,-168
04/05/2026,168156,JhonBad,PIXPOKER,0,15,0," R$  15,00 ","0,00%","100,00%","0,00%",MTT,"-138,75"
04/05/2026,194188,EliminadordeDonk,PIXPOKER,0,"30,7",0," R$  30,70 ","0,00%","100,00%","0,00%",MTT,"719,55"
04/05/2026,174548,monamedeiros,PIXPOKER,0,4,0," R$  4,00 ","0,00%","100,00%","0,00%",MTT,-40
04/05/2026,107474,Guerbet,PIXPOKER,0,"0,5",0," R$  0,50 ","0,00%","100,00%","0,00%",MTT,-5
04/05/2026,143847,dossantos 1000,PIXPOKER,"85,22",0,"9,94"," R$  95,16 ","89,55%","0,00%","10,45%",NLH,"258,93"
04/05/2026,144289,maakkaco26,PIXPOKER,0,0,"0,42"," R$  0,42 ","0,00%","0,00%","100,00%",PLO6,"-25,2"
04/05/2026,151377,Coisaruim,PIXPOKER,0,0,0, R$  -   ,,,,NLH,0
04/05/2026,152397,RRMcg,PIXPOKER,"0,23",0,0," R$  0,23 ","100,00%","0,00%","0,00%",NLH,"-3,39"
04/05/2026,153877,Leo Medicis,PIXPOKER,0,0,"3,66"," R$  3,66 ","0,00%","0,00%","100,00%",PLO6,-51
04/05/2026,163358,Léo Monteiro,PIXPOKER,0,0,"8,04"," R$  8,04 ","0,00%","0,00%","100,00%",PLO6,111
04/05/2026,164616,RATUERA,PIXPOKER,0,0,0, R$  -   ,,,,NLH,0
04/05/2026,177057,KAKASHI,PIXPOKER,0,0,0, R$  -   ,,,,NLH,0
04/05/2026,189179,JuuH,PIXPOKER,0,"0,9",0," R$  0,90 ","0,00%","100,00%","0,00%",MTT,"-0,01"
04/05/2026,108131,Coxapira,PIXPOKER,"44,45",3,0," R$  47,45 ","93,68%","6,32%","0,00%",NLH,"-225,98"
04/05/2026,156977,Boyitu,PIXPOKER,0,0,"145,59"," R$  145,59 ","0,00%","0,00%","100,00%",PLO6,"1100,2"
04/05/2026,131090,salvianoreidocash,PIXPOKER,0,0,"3,2"," R$  3,20 ","0,00%","0,00%","100,00%",PLO6,"-50,58"
04/05/2026,138930,Ljr?,PIXPOKER,"5,89",0,"99,23"," R$  105,12 ","5,60%","0,00%","94,40%",PLO6,-300
04/05/2026,146475,pix146475,PIXPOKER,0,0,"229,24"," R$  229,24 ","0,00%","0,00%","100,00%",PLO6,"105,95"
04/05/2026,163350,px34256871976,PIXPOKER,"22,97",0,"17,65"," R$  40,62 ","56,55%","0,00%","43,45%",NLH,-240
04/05/2026,163367,oftheking,PIXPOKER,"1,1",0,"13,99"," R$  15,09 ","7,29%","0,00%","92,71%",PLO6,-16
04/05/2026,164168,draga,PIXPOKER,0,0,"25,89"," R$  25,89 ","0,00%","0,00%","100,00%",PLO6,-200
04/05/2026,174549,pix174549,PIXPOKER,0,0,"10,84"," R$  10,84 ","0,00%","0,00%","100,00%",PLO6,30
04/05/2026,108596,Bença Show,PIXPOKER,0,0,"57,27"," R$  57,27 ","0,00%","0,00%","100,00%",PLO6,-190
04/05/2026,133097,URACAN,PIXPOKER,0,0,"15,81"," R$  15,81 ","0,00%","0,00%","100,00%",PLO6,-70
04/05/2026,159669,mainardi,PIXPOKER,"2,32",0,"289,67"," R$  291,99 ","0,79%","0,00%","99,21%",PLO6,891
04/05/2026,156597,Tuttuba,PIXPOKER,"7,2",0,0," R$  7,20 ","100,00%","0,00%","0,00%",NLH,"-79,75"
04/05/2026,173035,JeffCGPB.,PIXPOKER,"4,67",0,0," R$  4,67 ","100,00%","0,00%","0,00%",NLH,"25,09"
04/05/2026,178652,pixagora,PIXPOKER,"9,45",0,0," R$  9,45 ","100,00%","0,00%","0,00%",NLH,"-40,01"
04/05/2026,188565,Linhares ELDS,PIXPOKER,"13,38",0,0," R$  13,38 ","100,00%","0,00%","0,00%",NLH,"20,15"
04/05/2026,120729,Dom Rato,PIXPOKER,0,0,"0,25"," R$  0,25 ","0,00%","0,00%","100,00%",PLO6,-4
04/05/2026,171706,gukm,PIXPOKER,"7,35",0,"5,11"," R$  12,46 ","58,99%","0,00%","41,01%",NLH,-100
04/05/2026,172229,dagataa,PIXPOKER,"0,65",0,"0,97"," R$  1,62 ","40,12%","0,00%","59,88%",PLO6,"-18,08"
04/05/2026,193274,henriquecm_,PIXPOKER,0,0,"3,17"," R$  3,17 ","0,00%","0,00%","100,00%",PLO6,"70,56"
04/05/2026,131552,Rod.kk,PIXPOKER,"16,59",0,0," R$  16,59 ","100,00%","0,00%","0,00%",NLH,-60
04/05/2026,151141,pix151141,PIXPOKER,"3,28",0,0," R$  3,28 ","100,00%","0,00%","0,00%",NLH,"14,38"
04/05/2026,166608,TUDO DO TZ,PIXPOKER,"25,99",0,0," R$  25,99 ","100,00%","0,00%","0,00%",NLH,"51,19"
04/05/2026,170257,pintao,PIXPOKER,"2,52",0,0," R$  2,52 ","100,00%","0,00%","0,00%",NLH,-5
04/05/2026,191621,thadeu,PIXPOKER,"0,12",0,0," R$  0,12 ","100,00%","0,00%","0,00%",NLH,-4
04/05/2026,117746,bocao10,PIXPOKER,0,0,0, R$  -   ,,,,NLH,0
04/05/2026,158182,pix158182,PIXPOKER,0,0,0, R$  -   ,,,,NLH,0
04/05/2026,187273,ELITE_13,PIXPOKER,0,0,0, R$  -   ,,,,NLH,0
04/05/2026,195346,pix195346,PIXPOKER,0,0,0, R$  -   ,,,,NLH,0
04/05/2026,149763,pix149763,PIXPOKER,0,0,"17,28"," R$  17,28 ","0,00%","0,00%","100,00%",PLO6,-200
04/05/2026,194598,pix194598,PIXPOKER,0,0,"223,23"," R$  223,23 ","0,00%","0,00%","100,00%",PLO6,"396,63"
04/05/2026,170618,levy do maranguape,PIXPOKER,0,0,"13,6"," R$  13,60 ","0,00%","0,00%","100,00%",PLO6,-150
04/05/2026,139346,Negreanu do Nordeste,PIXPOKER,"23,38",0,0," R$  23,38 ","100,00%","0,00%","0,00%",NLH,-100
04/05/2026,136595,Jefin6710,PIXPOKER,"6,54","23,4",0," R$  29,94 ","21,84%","78,16%","0,00%",MTT,40
04/05/2026,194722,Rick_Ldna,PIXPOKER,0,"6,4",0," R$  6,40 ","0,00%","100,00%","0,00%",MTT,-64
04/05/2026,187278,VICTOR GUERRA,PIXPOKER,"0,37",0,0," R$  0,37 ","100,00%","0,00%","0,00%",NLH,-5
04/05/2026,194442,Jhon_PB,PIXPOKER,"5,02",0,0," R$  5,02 ","100,00%","0,00%","0,00%",NLH,-25
04/05/2026,195419,Pretinha ?,PIXPOKER,"1,72",0,"24,35"," R$  26,07 ","6,60%","0,00%","93,40%",PLO6,"-20,33"
04/05/2026,125371,Everton abreu,PIXPOKER,"6,79",0,0," R$  6,79 ","100,00%","0,00%","0,00%",NLH,"52,95"
04/05/2026,147093,zé da moita,PIXPOKER,"5,28",0,0," R$  5,28 ","100,00%","0,00%","0,00%",NLH,"-27,66"
04/05/2026,171911,pix171911,PIXPOKER,"0,86",0,0," R$  0,86 ","100,00%","0,00%","0,00%",NLH,-12
04/05/2026,189622,TIJUBINA ?,PIXPOKER,"9,75",0,0," R$  9,75 ","100,00%","0,00%","0,00%",NLH,"32,72"
04/05/2026,132782,seankings,PIXPOKER,0,"16,8",0," R$  16,80 ","0,00%","100,00%","0,00%",MTT,"-121,67"
04/05/2026,157261,amv3ct,PIXPOKER,0,6,0," R$  6,00 ","0,00%","100,00%","0,00%",MTT,-60
04/05/2026,171689,Felp0123,PIXPOKER,"33,43",0,0," R$  33,43 ","100,00%","0,00%","0,00%",NLH,-196
04/05/2026,141902,Luksolive,PIXPOKER,0,"5,2",0," R$  5,20 ","0,00%","100,00%","0,00%",MTT,-52
04/05/2026,129537,REI DO POKKER AA,PIXPOKER,0,0,"1,11"," R$  1,11 ","0,00%","0,00%","100,00%",PLO6,-12
04/05/2026,158143,tudo35,PIXPOKER,0,0,"7,14"," R$  7,14 ","0,00%","0,00%","100,00%",PLO6,-36
04/05/2026,171478,pix171478,PIXPOKER,0,0,"2,68"," R$  2,68 ","0,00%","0,00%","100,00%",PLO6,-35
04/05/2026,191614,pix191614,PIXPOKER,0,0,"8,19"," R$  8,19 ","0,00%","0,00%","100,00%",PLO6,"-96,53"
04/05/2026,192679,lucaslgbr,PIXPOKER,0,0,"5,31"," R$  5,31 ","0,00%","0,00%","100,00%",PLO6,"11,34"
04/05/2026,194592,papilim,PIXPOKER,0,0,"53,16"," R$  53,16 ","0,00%","0,00%","100,00%",PLO6,-320
04/05/2026,195424,Babigol01,PIXPOKER,"8,53",0,0," R$  8,53 ","100,00%","0,00%","0,00%",NLH,-90
04/05/2026,100466,curumim,PIXPOKER,0,0,"26,32"," R$  26,32 ","0,00%","0,00%","100,00%",PLO6,"-45,01"
04/05/2026,125022,pix125022,PIXPOKER,0,0,"21,21"," R$  21,21 ","0,00%","0,00%","100,00%",PLO6,-192
04/05/2026,132763,129131,PIXPOKER,0,52,"17,09"," R$  69,09 ","0,00%","75,26%","24,74%",MTT,"-13,4"
04/05/2026,146679,miguelito,PIXPOKER,0,"2,4",0," R$  2,40 ","0,00%","100,00%","0,00%",MTT,-24
04/05/2026,158570,pix191416,PIXPOKER,0,"3,1",0," R$  3,10 ","0,00%","100,00%","0,00%",MTT,-31
04/05/2026,115325,kenao427,PIXPOKER,"0,28",0,0," R$  0,28 ","100,00%","0,00%","0,00%",NLH,-4
04/05/2026,118703,kakatech30,PIXPOKER,0,0,"197,85"," R$  197,85 ","0,00%","0,00%","100,00%",PLO6,-647
04/05/2026,100479,9Tnaipadin,PIXPOKER,0,"1,2","5,45"," R$  6,65 ","0,00%","18,05%","81,95%",PLO6,"-59,1"
04/05/2026,193120,brrbrrpatapim,PIXPOKER,0,0,"17,72"," R$  17,72 ","0,00%","0,00%","100,00%",PLO6,-200
04/05/2026,159197,zuzu,PIXPOKER,0,"1,5",0," R$  1,50 ","0,00%","100,00%","0,00%",MTT,-15
04/05/2026,155033,zachs49,PIXPOKER,0,"1,2",0," R$  1,20 ","0,00%","100,00%","0,00%",MTT,-12
04/05/2026,124247,fragosinho789,PIXPOKER,"2,17",0,0," R$  2,17 ","100,00%","0,00%","0,00%",NLH,-4
04/05/2026,172631,pix172631,PIXPOKER,"13,8",0,0," R$  13,80 ","100,00%","0,00%","0,00%",NLH,-62
04/05/2026,174208,Negot,PIXPOKER,"1,55",0,0," R$  1,55 ","100,00%","0,00%","0,00%",NLH,-16
04/05/2026,194294,pix194294,PIXPOKER,"13,43",0,0," R$  13,43 ","100,00%","0,00%","0,00%",NLH,-65
04/05/2026,158537,??fé no flop,PIXPOKER,0,0,"8,54"," R$  8,54 ","0,00%","0,00%","100,00%",PLO6,"-79,16"
04/05/2026,111860,pedro Aurélio,PIXPOKER,"1,08",0,0," R$  1,08 ","100,00%","0,00%","0,00%",NLH,-12
04/05/2026,191967,plmatadoreeporco,PIXPOKER,"1,56",0,"3,93"," R$  5,49 ","28,42%","0,00%","71,58%",PLO6,-30
04/05/2026,109714,Rjv7997,PIXPOKER,"0,06",0,"2,41"," R$  2,47 ","2,43%","0,00%","97,57%",PLO6,-60
04/05/2026,126920,MisterBet,PIXPOKER,0,"4,4",0," R$  4,40 ","0,00%","100,00%","0,00%",MTT,-44
04/05/2026,148269,Neto P,PIXPOKER,0,0,"31,37"," R$  31,37 ","0,00%","0,00%","100,00%",PLO6,-200
04/05/2026,154405,pix154405,PIXPOKER,0,0,"0,78"," R$  0,78 ","0,00%","0,00%","100,00%",PLO6,-10
04/05/2026,157565,Chupa|Engole,PIXPOKER,0,0,"1,59"," R$  1,59 ","0,00%","0,00%","100,00%",PLO6,-12
04/05/2026,192442,JAIRPLAY,PIXPOKER,0,0,"27,28"," R$  27,28 ","0,00%","0,00%","100,00%",PLO6,"154,64"
04/05/2026,101200,Elbarto,PIXPOKER,0,0,"0,94"," R$  0,94 ","0,00%","0,00%","100,00%",PLO6,-12
04/05/2026,180023,piru,PIXPOKER,0,0,"4,99"," R$  4,99 ","0,00%","0,00%","100,00%",PLO6,-48
04/05/2026,178626,Vava13,PIXPOKER,"24,84",0,0," R$  24,84 ","100,00%","0,00%","0,00%",NLH,"-49,92"
04/05/2026,147641,dieguinho08,PIXPOKER,"1,55",0,0," R$  1,55 ","100,00%","0,00%","0,00%",NLH,-22
04/05/2026,183899,vilsantos,PIXPOKER,"18,11",0,0," R$  18,11 ","100,00%","0,00%","0,00%",NLH,"70,96"
04/05/2026,184925,pix184925,PIXPOKER,"7,88",0,0," R$  7,88 ","100,00%","0,00%","0,00%",NLH,"-100,47"
04/05/2026,124196,mjr.,PIXPOKER,1,"2,4","722,91"," R$  726,31 ","0,14%","0,33%","99,53%",PLO6,"-949,5"
04/05/2026,141518,benito772,PIXPOKER,0,0,"22,42"," R$  22,42 ","0,00%","0,00%","100,00%",PLO6,"1,42"
04/05/2026,160212,mesquitaozp,PIXPOKER,"0,25",0,"0,62"," R$  0,87 ","28,74%","0,00%","71,26%",PLO6,"17,19"
04/05/2026,103161,Beltranzin,PIXPOKER,"1,76","1,5",0," R$  3,26 ","53,99%","46,01%","0,00%",NLH,"-20,78"
04/05/2026,178818,??BIRU??,PIXPOKER,"0,6","0,7",0," R$  1,30 ","46,15%","53,85%","0,00%",MTT,-12
04/05/2026,151133,somos+,PIXPOKER,0,13,0," R$  13,00 ","0,00%","100,00%","0,00%",MTT,-130
04/05/2026,148966,pix148966,PIXPOKER,0,0,"1,56"," R$  1,56 ","0,00%","0,00%","100,00%",PLO6,-20
04/05/2026,172708,Mendess.v,PIXPOKER,0,"4,6",0," R$  4,60 ","0,00%","100,00%","0,00%",MTT,-46
04/05/2026,194069,Pedrinaipado,PIXPOKER,0,10,"4,4"," R$  14,40 ","0,00%","69,44%","30,56%",MTT,-100
04/05/2026,186001,Heineken!,PIXPOKER,"0,31",0,"11,3"," R$  11,61 ","2,67%","0,00%","97,33%",PLO6,"-39,56"
04/05/2026,138031,Tchipsss,PIXPOKER,0,0,0, R$  -   ,,,,NLH,-25
04/05/2026,154267,bil,PIXPOKER,"1,97",0,"10,8"," R$  12,77 ","15,43%","0,00%","84,57%",PLO6,-52
04/05/2026,170570,levy  osterno,PIXPOKER,"5,39",0,"5,47"," R$  10,86 ","49,63%","0,00%","50,37%",PLO6,-70
04/05/2026,194446,Kaoru Hanayama,PIXPOKER,"1,08",0,"1,71"," R$  2,79 ","38,71%","0,00%","61,29%",PLO6,"40,73"
04/05/2026,138835,Xulipa,PIXPOKER,0,0,"82,11"," R$  82,11 ","0,00%","0,00%","100,00%",PLO6,"447,78"
04/05/2026,101435,Euclides,PIXPOKER,0,"0,5","3,7"," R$  4,20 ","0,00%","11,90%","88,10%",PLO6,"-22,17"
04/05/2026,104631,vivode jogo,PIXPOKER,0,0,"7,71"," R$  7,71 ","0,00%","0,00%","100,00%",PLO6,-40
04/05/2026,195392,pix195392,PIXPOKER,"14,11",0,"4,79"," R$  18,90 ","74,66%","0,00%","25,34%",NLH,-155
04/05/2026,169264,pix169264,PIXPOKER,"1,22",0,0," R$  1,22 ","100,00%","0,00%","0,00%",NLH,-12
04/05/2026,112088,Eu!!,PIXPOKER,0,0,"6,82"," R$  6,82 ","0,00%","0,00%","100,00%",PLO6,13
04/05/2026,195459,tanouss,PIXPOKER,"7,44",0,0," R$  7,44 ","100,00%","0,00%","0,00%",NLH,"94,9"
04/05/2026,195469,golias,PIXPOKER,"13,38",0,0," R$  13,38 ","100,00%","0,00%","0,00%",NLH,"36,98"
04/05/2026,167868,jusadelas_,PIXPOKER,0,0,"30,61"," R$  30,61 ","0,00%","0,00%","100,00%",PLO6,"-61,63"
04/05/2026,176306,HLDR,PIXPOKER,0,4,"3,55"," R$  7,55 ","0,00%","52,98%","47,02%",MTT,"-100,37"
04/05/2026,147665,dleitao,PIXPOKER,"14,1",0,0," R$  14,10 ","100,00%","0,00%","0,00%",NLH,"-41,63"
04/05/2026,172629,pix172629,PIXPOKER,"15,4",0,0," R$  15,40 ","100,00%","0,00%","0,00%",NLH,"-46,06"
04/05/2026,193871,pix193871,PIXPOKER,"1,41",0,"0,99"," R$  2,40 ","58,75%","0,00%","41,25%",NLH,-29
04/05/2026,108417,Cariri,PIXPOKER,0,"0,8",0," R$  0,80 ","0,00%","100,00%","0,00%",MTT,"-7,23"
04/05/2026,143968,Galego75,PIXPOKER,0,0,0, R$  -   ,,,,NLH,0
04/05/2026,156298,Caze,PIXPOKER,0,"0,5",0," R$  0,50 ","0,00%","100,00%","0,00%",MTT,-5
04/05/2026,127813,Ic4roxx,PIXPOKER,0,0,"6,92"," R$  6,92 ","0,00%","0,00%","100,00%",PLO6,-50
04/05/2026,102214,Daniel Dias,PIXPOKER,0,24,0," R$  24,00 ","0,00%","100,00%","0,00%",MTT,-240
04/05/2026,100415,CarcaraPoker,PIXPOKER,0,17,0," R$  17,00 ","0,00%","100,00%","0,00%",MTT,-90
04/05/2026,145359,pix145359JJ,PIXPOKER,0,8,0," R$  8,00 ","0,00%","100,00%","0,00%",MTT,-80
04/05/2026,145879,Guilherme31,PIXPOKER,0,13,0," R$  13,00 ","0,00%","100,00%","0,00%",MTT,-130
04/05/2026,146086,roberto all in,PIXPOKER,0,19,0," R$  19,00 ","0,00%","100,00%","0,00%",MTT,-190
04/05/2026,143724,RaafaFlose,PIXPOKER,0,44,0," R$  44,00 ","0,00%","100,00%","0,00%",MTT,-440
04/05/2026,149475,RatoPE,PIXPOKER,0,38,0," R$  38,00 ","0,00%","100,00%","0,00%",MTT,-380
04/05/2026,186675,soninho,PIXPOKER,0,0,"38,99"," R$  38,99 ","0,00%","0,00%","100,00%",PLO6,-178
04/05/2026,170039,Braúna??,PIXPOKER,0,"4,5",0," R$  4,50 ","0,00%","100,00%","0,00%",MTT,"120,03"
04/05/2026,113267,BalaBala,PIXPOKER,0,0,"1,18"," R$  1,18 ","0,00%","0,00%","100,00%",PLO6,-20
04/05/2026,100435,pix100435,AF - DAYVISSOM,0,"73,1","514,38"," R$  587,48 ","0,00%","12,44%","87,56%",PLO6,"-559,93"
04/05/2026,100508,luizinhodoido,AF - DAYVISSOM,0,"3,2","405,73"," R$  408,93 ","0,00%","0,78%","99,22%",PLO6,"-1121,12"
04/05/2026,183209,pix183209,AF - DAYVISSOM,0,1,"142,41"," R$  143,41 ","0,00%","0,70%","99,30%",PLO6,605
04/05/2026,100624,Reybingo,AF - DAYVISSOM,0,"124,05",0," R$  124,05 ","0,00%","100,00%","0,00%",MTT,"231,19"
04/05/2026,165655,pix165655,AF - DAYVISSOM,"5,19",0,"19,58"," R$  24,77 ","20,95%","0,00%","79,05%",PLO6,"-71,46"
04/05/2026,170065,MacielBet,AF - DAYVISSOM,0,"36,8","130,01"," R$  166,81 ","0,00%","22,06%","77,94%",PLO6,-841
04/05/2026,151434,J H P,AF - DAYVISSOM,"2,95","10,8","9,06"," R$  22,81 ","12,93%","47,35%","39,72%",MTT,"-135,41"
04/05/2026,102486,IaninhAA,AF - DAYVISSOM,0,0,"0,87"," R$  0,87 ","0,00%","0,00%","100,00%",PLO6,-10
04/05/2026,102431,Pagaflop,AF - DAYVISSOM,0,0,0, R$  -   ,,,,NLH,0
04/05/2026,104604,cleyton,AF - DAYVISSOM,0,0,"0,16"," R$  0,16 ","0,00%","0,00%","100,00%",PLO6,-4
04/05/2026,100780,LIGHT,AF - BIGBLINDS,0,"132,6",0," R$  132,60 ","0,00%","100,00%","0,00%",MTT,"-570,83"
04/05/2026,100383,DestroyeD,AF - BIGBLINDS,0,0,"65,39"," R$  65,39 ","0,00%","0,00%","100,00%",PLO6,"-127,96"
04/05/2026,100883,Abacatuddo,AF - BIGBLINDS,0,"75,4","74,15"," R$  149,55 ","0,00%","50,42%","49,58%",MTT,"-458,93"
04/05/2026,100434,pix100434,AF - BIGBLINDS,0,0,"152,51"," R$  152,51 ","0,00%","0,00%","100,00%",PLO6,"-56,46"
04/05/2026,154909,MilhoVerde,AF - BIGBLINDS,"1,36",45,0," R$  46,36 ","2,93%","97,07%","0,00%",MTT,"-469,48"
04/05/2026,195408,Queyrooz,AF - BIGBLINDS,0,"135,8",0," R$  135,80 ","0,00%","100,00%","0,00%",MTT,"1372,66"
04/05/2026,100237,elsalsicha,AF - BIGBLINDS,0,10,0," R$  10,00 ","0,00%","100,00%","0,00%",MTT,-100
04/05/2026,117450,relógio quebrado,AF - BIGBLINDS,0,"122,6",0," R$  122,60 ","0,00%","100,00%","0,00%",MTT,"218,3"
04/05/2026,100706,Ricellys,AF - BIGBLINDS,0,15,0," R$  15,00 ","0,00%","100,00%","0,00%",MTT,-225
04/05/2026,146112,HAPPYFEET,AF - BIGBLINDS,0,"41,5",0," R$  41,50 ","0,00%","100,00%","0,00%",MTT,-415
04/05/2026,100425,Estenislaw,AF - BIGBLINDS,0,77,0," R$  77,00 ","0,00%","100,00%","0,00%",MTT,"1564,69"
04/05/2026,101603,PapaiNoel,AF - BIGBLINDS,0,0,"11,11"," R$  11,11 ","0,00%","0,00%","100,00%",PLO6,-45
04/05/2026,100183,Magnus.,AF - BIGBLINDS,0,143,0," R$  143,00 ","0,00%","100,00%","0,00%",MTT,"-568,19"
04/05/2026,175465,gringo 57,AF - BIGBLINDS,0,"2,8",0," R$  2,80 ","0,00%","100,00%","0,00%",MTT,"-19,47"
04/05/2026,100224,Blackwhite,AF - BIGBLINDS,0,4,0," R$  4,00 ","0,00%","100,00%","0,00%",MTT,"103,52"
04/05/2026,149326,Coca-Cola Zero,AF - BIGBLINDS,0,65,0," R$  65,00 ","0,00%","100,00%","0,00%",MTT,-320
04/05/2026,100386,lavagemdedinheiro,AF - BIGBLINDS,0,0,"104,17"," R$  104,17 ","0,00%","0,00%","100,00%",PLO6,-100
04/05/2026,101096,9noriver,AF - BIGBLINDS,0,"14,2",0," R$  14,20 ","0,00%","100,00%","0,00%",MTT,-142
04/05/2026,100322,Psydeco,AF - BIGBLINDS,0,0,"97,89"," R$  97,89 ","0,00%","0,00%","100,00%",PLO6,"-209,78"
04/05/2026,100608,alo alcindo,AF - BIGBLINDS,0,12,0," R$  12,00 ","0,00%","100,00%","0,00%",MTT,-120
04/05/2026,100939,Watchmen,AF - BIGBLINDS,0,20,0," R$  20,00 ","0,00%","100,00%","0,00%",MTT,"6875,89"
04/05/2026,102031,matadordereg,AF - RAMON PESSOA,"16,44","9,6","26,17"," R$  52,21 ","31,49%","18,39%","50,12%",PLO6,142
04/05/2026,137243,pix137243,AF - RAMON PESSOA,0,0,"200,78"," R$  200,78 ","0,00%","0,00%","100,00%",PLO6,"-528,12"
04/05/2026,194105,Semchance,AF - RAMON PESSOA,0,0,"108,73"," R$  108,73 ","0,00%","0,00%","100,00%",PLO6,"112,11"
04/05/2026,129831,POKERNAVEIASB,AF - RAMON PESSOA,0,15,"124,78"," R$  139,78 ","0,00%","10,73%","89,27%",PLO6,"-338,47"
04/05/2026,145676,fabregas ??,AF - RAMON PESSOA,0,"1,5",0," R$  1,50 ","0,00%","100,00%","0,00%",MTT,-15
04/05/2026,149334,mozovo,AF - RAMON PESSOA,0,"3,1","57,57"," R$  60,67 ","0,00%","5,11%","94,89%",PLO6,"-14,14"
04/05/2026,195053,Sedrect,AF - RAMON PESSOA,0,"2,4",0," R$  2,40 ","0,00%","100,00%","0,00%",MTT,-24
04/05/2026,179679,Munhoz,AF - RAMON PESSOA,0,0,0, R$  -   ,,,,NLH,"0,73"
04/05/2026,108548,NutzOrBlefBR,AF - RAMON PESSOA,0,"34,2","21,72"," R$  55,92 ","0,00%","61,16%","38,84%",MTT,"-121,51"
04/05/2026,135582,Mvasc,AF - RAMON PESSOA,0,80,"2806,83"," R$  2.886,83 ","0,00%","2,77%","97,23%",PLO6,"-2336,07"
04/05/2026,103040,Jr1307,AF - RAMON PESSOA,"53,62","32,3",0," R$  85,92 ","62,41%","37,59%","0,00%",NLH,"53,77"
04/05/2026,184017,kinho,AF - RAMON PESSOA,"5,99","22,7",0," R$  28,69 ","20,88%","79,12%","0,00%",MTT,"-234,54"
04/05/2026,140814,Santiagorwas,AF - RAMON PESSOA,"19,46","88,1","605,75"," R$  713,31 ","2,73%","12,35%","84,92%",PLO6,"-2315,09"
04/05/2026,143028,theundertaker,AF - RAMON PESSOA,0,0,"3,93"," R$  3,93 ","0,00%","0,00%","100,00%",PLO6,-80
04/05/2026,134840,Henrique Santos,AF - RAMON PESSOA,"3,9","157,7",0," R$  161,60 ","2,41%","97,59%","0,00%",MTT,"-142,97"
04/05/2026,107194,Shaw-Moc,AF - RAMON PESSOA,0,"0,6",0," R$  0,60 ","0,00%","100,00%","0,00%",MTT,"2,49"
04/05/2026,186323,Julianesss,AF - RAMON PESSOA,0,"0,1",0," R$  0,10 ","0,00%","100,00%","0,00%",MTT,-1
04/05/2026,191553,KAMBIROTE,AF - RAMON PESSOA,0,0,"7,37"," R$  7,37 ","0,00%","0,00%","100,00%",PLO6,"-63,72"
04/05/2026,119553,Kaka,AF - RAMON PESSOA,0,"230,15",0," R$  230,15 ","0,00%","100,00%","0,00%",MTT,"-2024,28"
04/05/2026,193794,SkaterMan420,AF - RAMON PESSOA,0,"46,2",0," R$  46,20 ","0,00%","100,00%","0,00%",MTT,"-198,3"
04/05/2026,172744,VPoker,AF - RAMON PESSOA,"0,75","53,44",0," R$  54,19 ","1,38%","98,62%","0,00%",MTT,"-196,7"
04/05/2026,171988,Chama&Cuida,AF - RAMON PESSOA,0,27,0," R$  27,00 ","0,00%","100,00%","0,00%",MTT,"-198,21"
04/05/2026,153443,Paradise Danger,AF - RAMON PESSOA,0,4,"33,18"," R$  37,18 ","0,00%","10,76%","89,24%",PLO6,-157
04/05/2026,100592,kamen ryder,AF - RAMON PESSOA,0,0,0, R$  -   ,,,,NLH,0
04/05/2026,109526,Fireboy,AF - RAMON PESSOA,0,0,"1,49"," R$  1,49 ","0,00%","0,00%","100,00%",PLO6,-24
04/05/2026,142836,AllinEuPago,AF - RAMON PESSOA,0,0,0, R$  -   ,,,,NLH,0
04/05/2026,142854,pix142854,AF - RAMON PESSOA,0,0,0, R$  -   ,,,,NLH,0
04/05/2026,182336,É SO PAGAR PRA VER,AF - RAMON PESSOA,"3,53",0,0," R$  3,53 ","100,00%","0,00%","0,00%",NLH,-50
04/05/2026,182639,AarTaylorJoe063Now,AF - RAMON PESSOA,0,"0,1",0," R$  0,10 ","0,00%","100,00%","0,00%",MTT,"-0,42"
04/05/2026,185809,Fabiano9,AF - RAMON PESSOA,0,"0,1",0," R$  0,10 ","0,00%","100,00%","0,00%",MTT,"-0,14"
04/05/2026,177516,Powhots,AF - RAMON PESSOA,0,"0,56",0," R$  0,56 ","0,00%","100,00%","0,00%",MTT,"-5,6"
04/05/2026,182636,bgpotes,AF - RAMON PESSOA,"17,19",0,"15,04"," R$  32,23 ","53,34%","0,00%","46,66%",NLH,"-48,63"
04/05/2026,178571,pix178571,AF - RAMON PESSOA,0,0,0, R$  -   ,,,,NLH,"0,77"
04/05/2026,129481,Seu Pai,AF - RAMON PESSOA,0,"164,1",0," R$  164,10 ","0,00%","100,00%","0,00%",MTT,"158,1"
04/05/2026,160921,Bethanos22,AF - RAMON PESSOA,0,20,0," R$  20,00 ","0,00%","100,00%","0,00%",MTT,-200
04/05/2026,183669,Ekyamlopes,AF - RAMON PESSOA,0,0,"20,54"," R$  20,54 ","0,00%","0,00%","100,00%",PLO6,"29,08"
04/05/2026,193480,N.V.T,AF - RAMON PESSOA,0,9,0," R$  9,00 ","0,00%","100,00%","0,00%",MTT,-81
04/05/2026,101283,Seu Lunga,AF - RAMON PESSOA,0,"0,7",0," R$  0,70 ","0,00%","100,00%","0,00%",MTT,"-3,67"
04/05/2026,175688,Sanguefriu,AF - RAMON PESSOA,0,0,0, R$  -   ,,,,NLH,0
04/05/2026,143560,RITO CADILACO,AF - RAMON PESSOA,0,0,"562,06"," R$  562,06 ","0,00%","0,00%","100,00%",PLO6,"877,5"
04/05/2026,136598,Claudemir,AF - RAMON PESSOA,0,"4,6",0," R$  4,60 ","0,00%","100,00%","0,00%",MTT,-36
04/05/2026,114623,Letícia,AF - RAMON PESSOA,0,20,0," R$  20,00 ","0,00%","100,00%","0,00%",MTT,-200
04/05/2026,137242,henriq111,AF - RAMON PESSOA,0,"30,15",0," R$  30,15 ","0,00%","100,00%","0,00%",MTT,"151,38"
04/05/2026,182566,VALE REAL,AF - RAMON PESSOA,0,0,"1,93"," R$  1,93 ","0,00%","0,00%","100,00%",PLO6,"30,43"
04/05/2026,168863,Pietrovsb,AF - RAMON PESSOA,0,"10,9",0," R$  10,90 ","0,00%","100,00%","0,00%",MTT,-109
04/05/2026,193653,Salsicha,AF - RAMON PESSOA,0,"12,4",0," R$  12,40 ","0,00%","100,00%","0,00%",MTT,"-117,25"
04/05/2026,143851,yuly,AF - RAMON PESSOA,0,"11,8",0," R$  11,80 ","0,00%","100,00%","0,00%",MTT,-143
04/05/2026,140364,TONINHO AVIP,AF - RAMON PESSOA,"7,53",0,0," R$  7,53 ","100,00%","0,00%","0,00%",NLH,"7,72"
04/05/2026,150098,eumatias,AF - RAMON PESSOA,"0,34",0,0," R$  0,34 ","100,00%","0,00%","0,00%",NLH,"-3,18"
04/05/2026,139621,PKNUTS,AF - RAMON PESSOA,0,0,"59,82"," R$  59,82 ","0,00%","0,00%","100,00%",PLO6,"202,1"
04/05/2026,116467,house,AF - RAMON PESSOA,0,0,"169,71"," R$  169,71 ","0,00%","0,00%","100,00%",PLO6,"6188,43"
04/05/2026,142069,blhs,AF - RAMON PESSOA,0,14,0," R$  14,00 ","0,00%","100,00%","0,00%",MTT,-60
04/05/2026,103176,Yure Brito,AF - DOLFO,0,"878,14","916,29"," R$  1.794,43 ","0,00%","48,94%","51,06%",PLO6,"964,55"
04/05/2026,104809,carrasco20,AF - DOLFO,"311,53",0,"103,73"," R$  415,26 ","75,02%","0,00%","24,98%",NLH,-121
04/05/2026,103206,?YB?,AF - DOLFO,0,0,"8,37"," R$  8,37 ","0,00%","0,00%","100,00%",PLO6,-143
04/05/2026,160638,kevinlevrone,AF - DOLFO,"3,04",0,"92,22"," R$  95,26 ","3,19%","0,00%","96,81%",PLO6,240
04/05/2026,132854,pix132854,AF - DOLFO,0,"7,6",0," R$  7,60 ","0,00%","100,00%","0,00%",MTT,-95
04/05/2026,102767,FuzilNeles,AF - DOLFO,0,0,"3,33"," R$  3,33 ","0,00%","0,00%","100,00%",PLO6,"-17,9"
04/05/2026,103284,pix103284,AF - DOLFO,"15,63",0,"5,36"," R$  20,99 ","74,46%","0,00%","25,54%",NLH,"-9,68"
04/05/2026,144187,Lira#,AF - DOLFO,"5,64","6,4",0," R$  12,04 ","46,84%","53,16%","0,00%",MTT,"-40,38"
04/05/2026,104229,RoLiFiGhT,AF - DOLFO,"41,1",0,0," R$  41,10 ","100,00%","0,00%","0,00%",NLH,"-38,35"
04/05/2026,116289,Duuuuur,AF - PEUEUA,"0,55","36,44",0," R$  36,99 ","1,49%","98,51%","0,00%",MTT,"-108,84"
04/05/2026,126650,sgtpastel,AF - PEUEUA,0,"251,35",0," R$  251,35 ","0,00%","100,00%","0,00%",MTT,"-263,17"
04/05/2026,112891,CHICO DE ARARA,AF - PEUEUA,0,0,0, R$  -   ,,,,NLH,0
04/05/2026,116298,Pernalonga,AF - PEUEUA,0,0,"526,58"," R$  526,58 ","0,00%","0,00%","100,00%",PLO6,103
04/05/2026,133599,Netto,AF - PEUEUA,0,"115,55",0," R$  115,55 ","0,00%","100,00%","0,00%",MTT,"94,86"
04/05/2026,129313,Falcão FTS,AF - PEUEUA,"2,19",0,"744,41"," R$  746,60 ","0,29%","0,00%","99,71%",PLO6,"-2021,89"
04/05/2026,151145,PHD12,AF - PEUEUA,0,20,0," R$  20,00 ","0,00%","100,00%","0,00%",MTT,-200
04/05/2026,158934,Gato_Preto,AF - PEUEUA,"8,87",0,"357,03"," R$  365,90 ","2,42%","0,00%","97,58%",PLO6,"-83,4"
04/05/2026,136566,Papitolegal,AF - RAFAEL HASS,0,"57,4",0," R$  57,40 ","0,00%","100,00%","0,00%",MTT,"325,35"
04/05/2026,146449,Sem flertar AA,AF - RAFAEL MENEZES,"99,53","45,96","52,28"," R$  197,77 ","50,33%","23,24%","26,43%",NLH,140
04/05/2026,144311,Robson#@,AF - RAFAEL MENEZES,0,"14,06",0," R$  14,06 ","0,00%","100,00%","0,00%",MTT,"-137,17"
04/05/2026,127736,LAPAPODS,AF - RAFAEL MENEZES,"0,17",0,"576,59"," R$  576,76 ","0,03%","0,00%","99,97%",PLO6,"-668,72"
04/05/2026,158491,LeBron James,AF - RAFAEL MENEZES,0,"13,6","2,01"," R$  15,61 ","0,00%","87,12%","12,88%",MTT,-162
04/05/2026,151221,indomável,AF - RAFAEL MENEZES,0,"0,1",0," R$  0,10 ","0,00%","100,00%","0,00%",MTT,-1
04/05/2026,180730,Wanessa,AF - RAFAEL MENEZES,0,"12,87",0," R$  12,87 ","0,00%","100,00%","0,00%",MTT,"85,35"
04/05/2026,132226,mirassol.fc,AF - RAFAEL MENEZES,"3,57","3,9","53,86"," R$  61,33 ","5,82%","6,36%","87,82%",PLO6,85
04/05/2026,159869,Lá e Loa ?,AF - RAFAEL MENEZES,"0,38","40,4",0," R$  40,78 ","0,93%","99,07%","0,00%",MTT,"-203,07"
04/05/2026,174141,55 é nuts,AF - RAFAEL MENEZES,"0,77","65,7","61,25"," R$  127,72 ","0,60%","51,44%","47,96%",MTT,"233,39"
04/05/2026,151946,Maracajá,AF - RAFAEL MENEZES,"2,28",0,0," R$  2,28 ","100,00%","0,00%","0,00%",NLH,"7,98"
04/05/2026,193262,cafezito,AF - RAFAEL MENEZES,"50,37","7,05",0," R$  57,42 ","87,72%","12,28%","0,00%",NLH,-283
04/05/2026,125347,Padre Gato,AF - RAFAEL MENEZES,0,0,"284,25"," R$  284,25 ","0,00%","0,00%","100,00%",PLO6,"-762,09"
04/05/2026,151678,guijucca,AF - RAFAEL MENEZES,"0,38",0,"9,2"," R$  9,58 ","3,97%","0,00%","96,03%",PLO6,-32
04/05/2026,185010,ISAACcc,AF - RAFAEL MENEZES,0,"109,13","78,41"," R$  187,54 ","0,00%","58,19%","41,81%",MTT,"548,32"
04/05/2026,127609,Andreza Marques,AF - RAFAEL MENEZES,"1,55","8,8","9,11"," R$  19,46 ","7,97%","45,22%","46,81%",PLO6,"-152,83"
04/05/2026,181789,Epson Júnior,AF - RAFAEL MENEZES,0,0,0, R$  -   ,,,,NLH,0
04/05/2026,109128,tomeeei,AF - RAFAEL MENEZES,0,"39,2","5,18"," R$  44,38 ","0,00%","88,33%","11,67%",MTT,"-472,63"
04/05/2026,164248,D1EG0,AF - RAFAEL MENEZES,0,17,0," R$  17,00 ","0,00%","100,00%","0,00%",MTT,-170
04/05/2026,184999,Balovisk,AF - RAFAEL MENEZES,0,"2,7",0," R$  2,70 ","0,00%","100,00%","0,00%",MTT,"-23,99"
04/05/2026,113106,Ademar,AF - RAFAEL MENEZES,"99,67","0,4","0,81"," R$  100,88 ","98,80%","0,40%","0,80%",NLH,-199
04/05/2026,111960,adivinha,AF - RAFAEL MENEZES,0,0,0, R$  -   ,,,,NLH,"4,41"
04/05/2026,131655,leolima,AF - RAFAEL MENEZES,0,"0,5",0," R$  0,50 ","0,00%","100,00%","0,00%",MTT,-5
04/05/2026,104627,ZéPretin???,AF - RAFAEL MENEZES,0,27,0," R$  27,00 ","0,00%","100,00%","0,00%",MTT,"-219,97"
04/05/2026,193592,nossaaaa,AF - RAFAEL MENEZES,0,5,0," R$  5,00 ","0,00%","100,00%","0,00%",MTT,-50
04/05/2026,134454,1%deitm,AF - RAFAEL MENEZES,"1,08","7,7",0," R$  8,78 ","12,30%","87,70%","0,00%",MTT,148
04/05/2026,132222,Xp zero02,AF - RAFAEL MENEZES,0,"11,3",0," R$  11,30 ","0,00%","100,00%","0,00%",MTT,"-95,93"
04/05/2026,150852,Mulher Maravilha,AF - RAFAEL MENEZES,0,"3,8",0," R$  3,80 ","0,00%","100,00%","0,00%",MTT,"-36,95"
04/05/2026,164687,PatrickCWB,AF - RAFAEL MENEZES,0,0,0, R$  -   ,,,,NLH,0
04/05/2026,108582,PIX2000,AF - RAFAEL MENEZES,"0,23",0,0," R$  0,23 ","100,00%","0,00%","0,00%",NLH,0
04/05/2026,126999,J.Bruno,AF - RAFAEL MENEZES,0,0,"7,02"," R$  7,02 ","0,00%","0,00%","100,00%",PLO6,-37
04/05/2026,124326,Kabula_13,AF - RAFAEL MENEZES,0,0,"15,44"," R$  15,44 ","0,00%","0,00%","100,00%",PLO6,-215
04/05/2026,134797,FoldarPraQ,AF - RAFAEL MENEZES,0,0,"9,55"," R$  9,55 ","0,00%","0,00%","100,00%",PLO6,-159
04/05/2026,145445,Boy urea,AF - RAFAEL MENEZES,0,1,0," R$  1,00 ","0,00%","100,00%","0,00%",MTT,-10
04/05/2026,151677,sheldoncooper,AF - RAFAEL MENEZES,"6,97",0,0," R$  6,97 ","100,00%","0,00%","0,00%",NLH,"-30,65"
04/05/2026,151458,Jubileux,AF - RAFAEL MENEZES,0,"2,4",0," R$  2,40 ","0,00%","100,00%","0,00%",MTT,"140,19"
04/05/2026,150374,?????,AF - CATHOLÃO,0,"454,05","36,31"," R$  490,36 ","0,00%","92,60%","7,40%",MTT,"-1814,26"
04/05/2026,137593,pix137593,AF - CATHOLÃO,0,0,"522,9"," R$  522,90 ","0,00%","0,00%","100,00%",PLO6,"-1245,52"
04/05/2026,133386,mastsy,AF - CATHOLÃO,"14,27",0,"150,95"," R$  165,22 ","8,64%","0,00%","91,36%",PLO6,-662
04/05/2026,115288,vicluz10,AF - CATHOLÃO,"102,94","175,45",0," R$  278,39 ","36,98%","63,02%","0,00%",MTT,"1297,23"
04/05/2026,165527,LIÃO,AF - CATHOLÃO,"1,18",0,"8,47"," R$  9,65 ","12,23%","0,00%","87,77%",PLO6,"-80,01"
04/05/2026,139707,ABBED,AF - CATHOLÃO,0,0,"112,19"," R$  112,19 ","0,00%","0,00%","100,00%",PLO6,"238,69"
04/05/2026,149338,Goianal,AF - CATHOLÃO,0,0,"5,45"," R$  5,45 ","0,00%","0,00%","100,00%",PLO6,-40
04/05/2026,144391,Easy peasy,AF - CATHOLÃO,"10,31",0,0," R$  10,31 ","100,00%","0,00%","0,00%",NLH,-81
04/05/2026,164651,SerraoVictor,AF - CATHOLÃO,0,20,0," R$  20,00 ","0,00%","100,00%","0,00%",MTT,-200
04/05/2026,152944,ths_IAV,AF - +EV,0,"67,26",0," R$  67,26 ","0,00%","100,00%","0,00%",MTT,"148,67"
04/05/2026,141008,sommelier,AF - +EV,"1,3","0,5",0," R$  1,80 ","72,22%","27,78%","0,00%",NLH,"27,38"
04/05/2026,153763,pix153763,AF - +EV,0,4,"644,69"," R$  648,69 ","0,00%","0,62%","99,38%",PLO6,-495
04/05/2026,135967,MisterJohnny,AF - +EV,"0,19","1,3","1,15"," R$  2,64 ","7,20%","49,24%","43,56%",MTT,"-14,85"
04/05/2026,147879,GUIRRS,AF - +EV,0,"63,6",0," R$  63,60 ","0,00%","100,00%","0,00%",MTT,-411
04/05/2026,170568,Raul.Gold,AF - +EV,"1,93",0,0," R$  1,93 ","100,00%","0,00%","0,00%",NLH,"-1367,56"
04/05/2026,135997,SkywalkerLuke,AF - +EV,0,"11,6",0," R$  11,60 ","0,00%","100,00%","0,00%",MTT,"-42,65"
04/05/2026,139340,rehcorreiaa2,AF - +EV,0,"0,1",0," R$  0,10 ","0,00%","100,00%","0,00%",MTT,-1
04/05/2026,151739,mariozinho,AF - +EV,"0,91","6,1",0," R$  7,01 ","12,98%","87,02%","0,00%",MTT,"-57,75"
04/05/2026,145466,cleberb,AF - +EV,0,"137,5",0," R$  137,50 ","0,00%","100,00%","0,00%",MTT,"-184,64"
04/05/2026,146339,Ator,AF - +EV,0,"3,6",0," R$  3,60 ","0,00%","100,00%","0,00%",MTT,"94,95"
04/05/2026,155185,fogonabomba?,AF - ISAC,0,"21,18",0," R$  21,18 ","0,00%","100,00%","0,00%",MTT,"482,09"
04/05/2026,170330,Sarochim10,AF - ISAC,22,"25,29",0," R$  47,29 ","46,52%","53,48%","0,00%",MTT,"-70,37"
04/05/2026,146489,popeye,AF - ISAC,1,"79,5","22,91"," R$  103,41 ","0,97%","76,88%","22,15%",MTT,"476,1"
04/05/2026,168720,MestiMiang?,AF - ISAC,0,0,"262,24"," R$  262,24 ","0,00%","0,00%","100,00%",PLO6,"-992,92"
04/05/2026,182480,Sabor Poker,AF - ISAC,0,"71,8","548,55"," R$  620,35 ","0,00%","11,57%","88,43%",PLO6,"2761,11"
04/05/2026,147781,Pirekao!,AF - ISAC,0,"91,45",0," R$  91,45 ","0,00%","100,00%","0,00%",MTT,"202,78"
04/05/2026,188333,Magaly,AF - ISAC,"1,19","4,62",0," R$  5,81 ","20,48%","79,52%","0,00%",MTT,"-62,6"
04/05/2026,186309,B?MB?L@D?,AF - ISAC,"50,59","61,82",0," R$  112,41 ","45,00%","55,00%","0,00%",MTT,"234,09"
04/05/2026,184013,ALLinFOLD,AF - ISAC,"17,82","22,56","0,62"," R$  41,00 ","43,46%","55,02%","1,51%",MTT,"-117,05"
04/05/2026,185342,Zanatta01,AF - ISAC,"2,32","41,87",0," R$  44,19 ","5,25%","94,75%","0,00%",MTT,"-426,92"
04/05/2026,185102,Gabriel M,AF - ISAC,"116,74",0,"39,12"," R$  155,86 ","74,90%","0,00%","25,10%",NLH,"260,16"
04/05/2026,134315,cobrao45,AF - ISAC,0,0,0, R$  -   ,,,,NLH,0
04/05/2026,138188,Orafa,AF - ISAC,0,"0,1",0," R$  0,10 ","0,00%","100,00%","0,00%",MTT,"2,57"
04/05/2026,145591,Dobrodracy,AF - ISAC,"0,3","0,2",0," R$  0,50 ","60,00%","40,00%","0,00%",NLH,"4,4"
04/05/2026,148579,AAllin?,AF - ISAC,0,"1,5",0," R$  1,50 ","0,00%","100,00%","0,00%",MTT,"-11,27"
04/05/2026,149973,VI$AO,AF - ISAC,"0,31",0,"0,36"," R$  0,67 ","46,27%","0,00%","53,73%",PLO6,-9
04/05/2026,160870,robson22,AF - ISAC,"0,61","0,3",0," R$  0,91 ","67,03%","32,97%","0,00%",NLH,"-13,5"
04/05/2026,165708,Jocker,AF - ISAC,"0,45","0,4","0,99"," R$  1,84 ","24,46%","21,74%","53,80%",PLO6,33
04/05/2026,169007,BrankinhoVidaLoka,AF - ISAC,0,0,0, R$  -   ,,,,NLH,0
04/05/2026,170517,Maxwell Vinicius,AF - ISAC,"27,26","73,95",0," R$  101,21 ","26,93%","73,07%","0,00%",MTT,"-135,28"
04/05/2026,172200,vituu,AF - ISAC,"0,59","0,2","0,32"," R$  1,11 ","53,15%","18,02%","28,83%",NLH,"-0,65"
04/05/2026,176196,carolll,AF - ISAC,0,0,0, R$  -   ,,,,NLH,0
04/05/2026,179751,devil may cry,AF - ISAC,0,"2,3","17,4"," R$  19,70 ","0,00%","11,68%","88,32%",PLO6,"-1,86"
04/05/2026,179753,bb204kk,AF - ISAC,0,1,0," R$  1,00 ","0,00%","100,00%","0,00%",MTT,"0,42"
04/05/2026,179756,vampirão,AF - ISAC,0,5,"51,1"," R$  56,10 ","0,00%","8,91%","91,09%",PLO6,"34,34"
04/05/2026,179760,repanga73,AF - ISAC,0,0,"3,28"," R$  3,28 ","0,00%","0,00%","100,00%",PLO6,"0,4"
04/05/2026,180525,mari3455,AF - ISAC,0,0,0, R$  -   ,,,,NLH,"3,42"
04/05/2026,147991,BateuAsNossa,AF - ISAC,"7,99","2,4","35,3"," R$  45,69 ","17,49%","5,25%","77,26%",PLO6,-340
04/05/2026,153216,Brazeo,AF - ISAC,0,"57,8","90,04"," R$  147,84 ","0,00%","39,10%","60,90%",PLO6,"333,58"
04/05/2026,193482,pesca fish,AF - ISAC,"35,91","3,2","163,01"," R$  202,12 ","17,77%","1,58%","80,65%",PLO6,"123,89"
04/05/2026,157300,mago.bet,AF - ISAC,"5,05","188,4",0," R$  193,45 ","2,61%","97,39%","0,00%",MTT,"-1257,16"
04/05/2026,125837,DNerdguy,AF - ISAC,"31,08",15,"0,78"," R$  46,86 ","66,33%","32,01%","1,66%",NLH,"-162,87"
04/05/2026,180038,Chico gia,AF - ISAC,"7,74",0,0," R$  7,74 ","100,00%","0,00%","0,00%",NLH,76
04/05/2026,184138,?,AF - ISAC,"24,7",2,0," R$  26,70 ","92,51%","7,49%","0,00%",NLH,"8,44"
04/05/2026,150707,Cobra ?,AF - ISAC,0,"0,5","71,14"," R$  71,64 ","0,00%","0,70%","99,30%",PLO6,-157
04/05/2026,168507,Jhonnata Do Riverr,AF - ISAC,"32,47","9,6","52,9"," R$  94,97 ","34,19%","10,11%","55,70%",PLO6,"-95,8"
04/05/2026,183094,azogo10,AF - ISAC,"2,66","2,2",0," R$  4,86 ","54,73%","45,27%","0,00%",NLH,"-48,01"
04/05/2026,102273,MARCONDES,AF - ISAC,"14,49","286,55","0,85"," R$  301,89 ","4,80%","94,92%","0,28%",MTT,"-616,86"
04/05/2026,175007,SANTOS28,AF - ISAC,0,"10,4",0," R$  10,40 ","0,00%","100,00%","0,00%",MTT,"-97,13"
04/05/2026,149929,AlexPoker1337,AF - ISAC,"2,03",0,"0,25"," R$  2,28 ","89,04%","0,00%","10,96%",NLH,-20
04/05/2026,193803,blefamuito,AF - ISAC,"58,92","0,1","2,49"," R$  61,51 ","95,79%","0,16%","4,05%",NLH,"23,99"
04/05/2026,134625,GILMRZ7,AF - ISAC,"1,3",0,"6,21"," R$  7,51 ","17,31%","0,00%","82,69%",PLO6,-56
04/05/2026,193540,Tony.S,AF - ISAC,0,"52,1","165,72"," R$  217,82 ","0,00%","23,92%","76,08%",PLO6,"370,25"
04/05/2026,159806,ÓBITO,AF - ISAC,"0,73","2,4",0," R$  3,13 ","23,32%","76,68%","0,00%",MTT,"49,09"
04/05/2026,175781,xonobruAK,AF - ISAC,0,"0,3",0," R$  0,30 ","0,00%","100,00%","0,00%",MTT,"-2,07"
04/05/2026,193487,B10poker,AF - ISAC,0,"3,2",0," R$  3,20 ","0,00%","100,00%","0,00%",MTT,"-8,88"
04/05/2026,193623,Jgabriel,AF - ISAC,"9,62",0,0," R$  9,62 ","100,00%","0,00%","0,00%",NLH,-44
04/05/2026,143623,vish_777,AF - ISAC,"9,56","3,8","34,4"," R$  47,76 ","20,02%","7,96%","72,03%",PLO6,"-174,64"
04/05/2026,147375,opsicologo,AF - ISAC,"14,78",0,0," R$  14,78 ","100,00%","0,00%","0,00%",NLH,"-74,39"
04/05/2026,171915,BicudoAllWin,AF - ISAC,"1,51",0,0," R$  1,51 ","100,00%","0,00%","0,00%",NLH,"21,26"
04/05/2026,178427,Rudii01,AF - ISAC,"0,75",0,0," R$  0,75 ","100,00%","0,00%","0,00%",NLH,"-10,06"
04/05/2026,118511,PizzariaFP,AF - ISAC,0,0,"184,45"," R$  184,45 ","0,00%","0,00%","100,00%",PLO6,"-865,66"
04/05/2026,115734,RiverRat,AF - ISAC,0,2,0," R$  2,00 ","0,00%","100,00%","0,00%",MTT,-20
04/05/2026,120885,&&&&,AF - ISAC,"1,91","13,64",0," R$  15,55 ","12,28%","87,72%","0,00%",MTT,167
04/05/2026,124313,philippebarone,AF - ISAC,0,"0,2",0," R$  0,20 ","0,00%","100,00%","0,00%",MTT,"27,99"
04/05/2026,160177,henrry,AF - ISAC,0,0,"1,57"," R$  1,57 ","0,00%","0,00%","100,00%",PLO6,-10
04/05/2026,160219,andrerl,AF - ISAC,0,3,"194,14"," R$  197,14 ","0,00%","1,52%","98,48%",PLO6,"-701,18"
04/05/2026,164419,TchauBozo,AF - ISAC,0,0,0, R$  -   ,,,,NLH,0
04/05/2026,172400,Xumaca,AF - ISAC,0,0,0, R$  -   ,,,,NLH,"1,92"
04/05/2026,184381,MANDA_PRA_CÁ,AF - ISAC,0,"0,3",0," R$  0,30 ","0,00%","100,00%","0,00%",MTT,"-0,53"
04/05/2026,190586,JuniorHawk,AF - ISAC,0,0,0, R$  -   ,,,,NLH,0
04/05/2026,191993,wallygarage,AF - ISAC,0,"1,5",0," R$  1,50 ","0,00%","100,00%","0,00%",MTT,-15
04/05/2026,195641,ReiDaCallErrada,AF - ISAC,0,"0,1",0," R$  0,10 ","0,00%","100,00%","0,00%",MTT,"-0,27"
04/05/2026,136921,JokerBluff9,AF - ISAC,"0,72",0,"17,56"," R$  18,28 ","3,94%","0,00%","96,06%",PLO6,-111
04/05/2026,179075,Mendes_,AF - ISAC,"0,25","16,15",0," R$  16,40 ","1,52%","98,48%","0,00%",MTT,-111
04/05/2026,135383,thxmx,AF - ISAC,0,6,"5,17"," R$  11,17 ","0,00%","53,72%","46,28%",MTT,"189,72"
04/05/2026,162837,LucasSilva,AF - ISAC,0,"3,2","5,88"," R$  9,08 ","0,00%","35,24%","64,76%",PLO6,-100
04/05/2026,172079,JPSaless,AF - ISAC,0,0,"56,04"," R$  56,04 ","0,00%","0,00%","100,00%",PLO6,"-331,23"
04/05/2026,183598,DSoares,AF - ISAC,0,"0,2",0," R$  0,20 ","0,00%","100,00%","0,00%",MTT,-2
04/05/2026,192840,Vitori,AF - ISAC,"25,33","97,3",0," R$  122,63 ","20,66%","79,34%","0,00%",MTT,"-778,2"
04/05/2026,186113,TeoStark,AF - ISAC,0,0,"9,05"," R$  9,05 ","0,00%","0,00%","100,00%",PLO6,"-102,79"
04/05/2026,102532,BabaYaga,AF - ISAC,0,"0,1",0," R$  0,10 ","0,00%","100,00%","0,00%",MTT,-1
04/05/2026,131627,Lucas Davi,AF - ISAC,"1,79","0,1",0," R$  1,89 ","94,71%","5,29%","0,00%",NLH,-6
04/05/2026,139827,Eddyoliveira,AF - ISAC,0,"0,1",0," R$  0,10 ","0,00%","100,00%","0,00%",MTT,-1
04/05/2026,143864,SeuPesadelo1914,AF - ISAC,0,"0,1",0," R$  0,10 ","0,00%","100,00%","0,00%",MTT,-1
04/05/2026,172709,Almir Martins,AF - ISAC,0,"2,6",0," R$  2,60 ","0,00%","100,00%","0,00%",MTT,"11,91"
04/05/2026,177740,guguzn,AF - ISAC,0,"0,7",0," R$  0,70 ","0,00%","100,00%","0,00%",MTT,-7
04/05/2026,182585,Carneiro?,AF - ISAC,0,33,0," R$  33,00 ","0,00%","100,00%","0,00%",MTT,-330
04/05/2026,139714,emigêA7,AF - ISAC,0,0,"16,95"," R$  16,95 ","0,00%","0,00%","100,00%",PLO6,-100
04/05/2026,181112,dafugaa,AF - ISAC,"23,69","0,1",0," R$  23,79 ","99,58%","0,42%","0,00%",NLH,122
04/05/2026,175494,Pescador ?,AF - ISAC,"117,22","0,2",0," R$  117,42 ","99,83%","0,17%","0,00%",NLH,"-58,27"
04/05/2026,145247,vem devagar,AF - ISAC,0,"0,3",0," R$  0,30 ","0,00%","100,00%","0,00%",MTT,"-1,67"
04/05/2026,159078,Hallz,AF - ISAC,0,0,0, R$  -   ,,,,NLH,"0,88"
04/05/2026,179759,fredykrueger,AF - ISAC,0,"0,1",0," R$  0,10 ","0,00%","100,00%","0,00%",MTT,"0,6"
04/05/2026,181583,faguirre,AF - ISAC,0,"0,6",0," R$  0,60 ","0,00%","100,00%","0,00%",MTT,"-0,29"
04/05/2026,183322,liviozada,AF - ISAC,0,"0,1",0," R$  0,10 ","0,00%","100,00%","0,00%",MTT,"1,96"
04/05/2026,195693,all in pre flop,AF - ISAC,0,0,0, R$  -   ,,,,NLH,0
04/05/2026,159634,TuêLombrado,AF - ISAC,0,0,0, R$  -   ,,,,NLH,-25
04/05/2026,122562,Richelly,AF - ISAC,0,0,0, R$  -   ,,,,NLH,0
04/05/2026,132058,DELICI0,AF - ISAC,0,0,0, R$  -   ,,,,NLH,0
04/05/2026,138562,JOOKER,AF - ISAC,0,"8,8","36,87"," R$  45,67 ","0,00%","19,27%","80,73%",PLO6,33
04/05/2026,160050,symphony of death,AF - ISAC,"0,67",0,"1,45"," R$  2,12 ","31,60%","0,00%","68,40%",PLO6,"-8,41"
04/05/2026,160321,GameOver,AF - ISAC,0,56,"1421,52"," R$  1.477,52 ","0,00%","3,79%","96,21%",PLO6,"-8095,38"
04/05/2026,180131,Sabor Ganhar,AF - ISAC,0,0,"121,21"," R$  121,21 ","0,00%","0,00%","100,00%",PLO6,-33
04/05/2026,150540,semgalantia,AF - ISAC,"40,1",45,"32,85"," R$  117,95 ","34,00%","38,15%","27,85%",MTT,"-496,89"
04/05/2026,139240,3333badboy,AF - ISAC,"32,39",0,0," R$  32,39 ","100,00%","0,00%","0,00%",NLH,"-50,57"
04/05/2026,134166,LincolnLau,AF - ISAC,0,"0,2",0," R$  0,20 ","0,00%","100,00%","0,00%",MTT,"0,04"
04/05/2026,138239,Anna Trovão 17,AF - ISAC,0,0,0, R$  -   ,,,,NLH,"1,24"
04/05/2026,145975,Maverick81,AF - ISAC,0,"11,3",0," R$  11,30 ","0,00%","100,00%","0,00%",MTT,"-107,28"
04/05/2026,148138,Xurisbela,AF - ISAC,0,0,0, R$  -   ,,,,NLH,"1,41"
04/05/2026,178296,Hawk,AF - ISAC,0,0,0, R$  -   ,,,,NLH,0
04/05/2026,165543,isaqueramos@,AF - ISAC,"4,44",0,"24,28"," R$  28,72 ","15,46%","0,00%","84,54%",PLO6,"130,69"
04/05/2026,147053,? Halloween ?,AF - ISAC,0,3,0," R$  3,00 ","0,00%","100,00%","0,00%",MTT,-20
04/05/2026,161141,JamaicAA,AF - ISAC,0,"22,34",0," R$  22,34 ","0,00%","100,00%","0,00%",MTT,"202,47"
04/05/2026,187658,DomAttaide,AF - ISAC,0,0,"1,14"," R$  1,14 ","0,00%","0,00%","100,00%",PLO6,-15
04/05/2026,123432,chucaku,AF - ISAC,0,0,0, R$  -   ,,,,NLH,0
04/05/2026,153056,f3lliP1,AF - ISAC,"3,58",0,0," R$  3,58 ","100,00%","0,00%","0,00%",NLH,-45
04/05/2026,153278,Amanhã,AF - ISAC,0,0,0, R$  -   ,,,,NLH,"2,82"
04/05/2026,192048,kauaaugustto,AF - ISAC,0,0,0, R$  -   ,,,,NLH,0
04/05/2026,132503,Novaes,AF - ISAC,0,0,0, R$  -   ,,,,NLH,0
04/05/2026,138027,annaalice17,AF - ISAC,0,0,0, R$  -   ,,,,NLH,0
04/05/2026,138803,Anna Alice,AF - ISAC,0,"0,1",0," R$  0,10 ","0,00%","100,00%","0,00%",MTT,"0,24"
04/05/2026,136655,IAAUUUUUU,AF - ISAC,0,"29,05","59,05"," R$  88,10 ","0,00%","32,97%","67,03%",PLO6,"-664,09"
04/05/2026,156590,DimKenney,AF - ISAC,"0,58","9,3",0," R$  9,88 ","5,87%","94,13%","0,00%",MTT,"16,79"
04/05/2026,137926,kinho11,AF - ISAC,0,0,0, R$  -   ,,,,NLH,0
04/05/2026,138808,kinho17,AF - ISAC,0,0,0, R$  -   ,,,,NLH,0
04/05/2026,146513,lalice,AF - ISAC,0,0,0, R$  -   ,,,,NLH,0
04/05/2026,153492,Anna11,AF - ISAC,0,0,0, R$  -   ,,,,NLH,0
04/05/2026,169004,zoin___bala,AF - ISAC,0,0,0, R$  -   ,,,,NLH,0
04/05/2026,173010,ludjan,AF - ISAC,"16,63",0,0," R$  16,63 ","100,00%","0,00%","0,00%",NLH,-80
04/05/2026,177964,Joker ??,AF - ISAC,0,"6,5",0," R$  6,50 ","0,00%","100,00%","0,00%",MTT,-65
04/05/2026,153375,MrDemite,AF - ISAC,0,"13,1",0," R$  13,10 ","0,00%","100,00%","0,00%",MTT,-131
04/05/2026,153389,Mrperez,AF - ISAC,0,8,0," R$  8,00 ","0,00%","100,00%","0,00%",MTT,"-74,28"
04/05/2026,159721,GSouzaraizer,AF - ISAC,"1,19","3,1",0," R$  4,29 ","27,74%","72,26%","0,00%",MTT,"-48,15"
04/05/2026,172191,Pru Pru,AF - ISAC,"1,36",0,"7,67"," R$  9,03 ","15,06%","0,00%","84,94%",PLO6,"-0,15"
04/05/2026,165725,DouglasAlmeida,AF - ISAC,0,0,0, R$  -   ,,,,NLH,0
04/05/2026,180867,Bocao,AF - ISAC,0,0,0, R$  -   ,,,,NLH,0
04/05/2026,173648,Iphones,AF - ISAC,"63,2",0,0," R$  63,20 ","100,00%","0,00%","0,00%",NLH,"98,1"
04/05/2026,157767,のちモ匕モ2,AF - ISAC,"0,97","2,5",0," R$  3,47 ","27,95%","72,05%","0,00%",MTT,"-30,77"
04/05/2026,165123,Fr0?D,AF - ISAC,"8,16","0,8",0," R$  8,96 ","91,07%","8,93%","0,00%",NLH,"-4,36"
04/05/2026,110437,O Embaixador,AF - ISAC,0,0,0, R$  -   ,,,,NLH,0
04/05/2026,147068,FRANK,AF - ISAC,0,0,"7,04"," R$  7,04 ","0,00%","0,00%","100,00%",PLO6,-3
04/05/2026,151293,rogbl,AF - ISAC,0,"0,1",0," R$  0,10 ","0,00%","100,00%","0,00%",MTT,-1
04/05/2026,103605,Eu_Amorim,AF - ISAC,0,3,0," R$  3,00 ","0,00%","100,00%","0,00%",MTT,-30
04/05/2026,180453,chapado?,AF - ISAC,0,"12,5","5,95"," R$  18,45 ","0,00%","67,75%","32,25%",MTT,"-157,75"
04/05/2026,152070,PlinioMacedo,AF - ISAC,"3,85","3,9",0," R$  7,75 ","49,68%","50,32%","0,00%",MTT,-24
04/05/2026,166672,Professor!,AF - ISAC,0,0,0, R$  -   ,,,,NLH,0
04/05/2026,177051,A2All-in,AF - ISAC,0,0,0, R$  -   ,,,,NLH,0
04/05/2026,159265,BANKER,AF - ISAC,0,0,"116,49"," R$  116,49 ","0,00%","0,00%","100,00%",PLO6,"3081,2"
04/05/2026,123541,DanyLima,AF - ISAC,0,"0,84",0," R$  0,84 ","0,00%","100,00%","0,00%",MTT,"-8,4"
04/05/2026,154740,Papai Smurf,AF - ISAC,0,0,0, R$  -   ,,,,NLH,0
04/05/2026,140861,AllissonAb,AF - ISAC,0,"4,5",0," R$  4,50 ","0,00%","100,00%","0,00%",MTT,-45
04/05/2026,165271,nene_4:20,AF - ISAC,"9,44",0,0," R$  9,44 ","100,00%","0,00%","0,00%",NLH,-100
04/05/2026,186062,Poker_RP,AF - ISAC,"2,79",0,0," R$  2,79 ","100,00%","0,00%","0,00%",NLH,-22
04/05/2026,175064,oCalvoDoPoker,AF - ISAC,0,12,0," R$  12,00 ","0,00%","100,00%","0,00%",MTT,"918,55"
04/05/2026,160088,DANGER,AF - ISAC,0,0,597," R$  597,00 ","0,00%","0,00%","100,00%",PLO6,1908
04/05/2026,127627,Cristiano Ronaldo.,AF - ISAC,0,0,0, R$  -   ,,,,NLH,0
04/05/2026,136890,barakaplayer,AF - ISAC,0,0,"21,31"," R$  21,31 ","0,00%","0,00%","100,00%",PLO6,"9,08"
04/05/2026,187404,Alex Poatan ??,AF - ISAC,0,0,"0,29"," R$  0,29 ","0,00%","0,00%","100,00%",PLO6,"-1,74"
04/05/2026,151398,dagun,AF - ISAC,"3,96",21,"82,41"," R$  107,37 ","3,69%","19,56%","76,75%",PLO6,-388
04/05/2026,187086,usainfold,AF - ISAC,"1,42",0,"7,2"," R$  8,62 ","16,47%","0,00%","83,53%",PLO6,-65
04/05/2026,146021,AraujoBR,AF - ISAC,0,"0,7",0," R$  0,70 ","0,00%","100,00%","0,00%",MTT,"21,5"
04/05/2026,157482,XXMECCIN10,AF - ISAC,0,0,0, R$  -   ,,,,NLH,0
04/05/2026,178711,JapaPoker,AF - ISAC,0,0,0, R$  -   ,,,,NLH,0
04/05/2026,171794,Streetpokerr,AF - ISAC,0,20,"132,93"," R$  152,93 ","0,00%","13,08%","86,92%",PLO6,"1367,51"
04/05/2026,167568,Cearazin,AF - ISAC,0,0,0, R$  -   ,,,,NLH,0
04/05/2026,139283,sai do meio,AF - ISAC,0,0,0, R$  -   ,,,,NLH,0
04/05/2026,156750,calango,AF - ISAC,0,0,0, R$  -   ,,,,NLH,0
04/05/2026,195892,pix195892,AF - ISAC,0,0,0, R$  -   ,,,,NLH,0
04/05/2026,123684,Batagin,AF - ISAC,0,1,0," R$  1,00 ","0,00%","100,00%","0,00%",MTT,-10
04/05/2026,108346,chicleteiro ??,AF - ISAC,0,0,"15,6"," R$  15,60 ","0,00%","0,00%","100,00%",PLO6,-54
04/05/2026,155798,LampiãoMCZ,None,0,"14,54","17,8"," R$  32,34 ","0,00%","44,96%","55,04%",PLO6,"853,13"
04/05/2026,195636,MatheusBorges061,None,0,"28,6",0," R$  28,60 ","0,00%","100,00%","0,00%",MTT,"-219,95"
04/05/2026,184129,FurosLanches,None,0,"1,8","28,31"," R$  30,11 ","0,00%","5,98%","94,02%",PLO6,110
04/05/2026,190091,joca 0 rey,None,"3,09",0,"219,09"," R$  222,18 ","1,39%","0,00%","98,61%",PLO6,"-249,12"
04/05/2026,133375,bébé pixbet,None,0,"0,8",0," R$  0,80 ","0,00%","100,00%","0,00%",MTT,-8
04/05/2026,195776,pix195776,None,0,0,"257,18"," R$  257,18 ","0,00%","0,00%","100,00%",PLO6,"-1060,42"
04/05/2026,121438,chavess,None,"1,5",0,"109,82"," R$  111,32 ","1,35%","0,00%","98,65%",PLO6,"-321,41"
04/05/2026,101709,pix101709,None,0,0,0, R$  -   ,,,,NLH,0
04/05/2026,111169,pix111169,None,0,0,0, R$  -   ,,,,NLH,"1,29"
04/05/2026,114402,pix114402,None,0,0,0, R$  -   ,,,,NLH,0
04/05/2026,116764,leandroSant,None,0,"0,2",0," R$  0,20 ","0,00%","100,00%","0,00%",MTT,"1,56"
04/05/2026,126206,meduza,None,0,0,0, R$  -   ,,,,NLH,0
04/05/2026,126226,torapreula,None,0,0,0, R$  -   ,,,,NLH,0
04/05/2026,126233,telasko,None,0,0,0, R$  -   ,,,,NLH,0
04/05/2026,128702,pix128702,None,0,0,0, R$  -   ,,,,NLH,0
04/05/2026,138917,pix138917,None,0,"0,6",0," R$  0,60 ","0,00%","100,00%","0,00%",MTT,"-4,45"
04/05/2026,143654,BingaBinga,None,0,0,0, R$  -   ,,,,NLH,0
04/05/2026,143782,celia184,None,0,6,0," R$  6,00 ","0,00%","100,00%","0,00%",MTT,"-30,11"
04/05/2026,148613,pix148613,None,0,0,0, R$  -   ,,,,NLH,0
04/05/2026,153965,Nunca nem vi,None,0,0,0, R$  -   ,,,,NLH,0
04/05/2026,154310,COMECU,None,"1,48",0,0," R$  1,48 ","100,00%","0,00%","0,00%",NLH,"-5,65"
04/05/2026,154630,PepSolano,None,0,0,0, R$  -   ,,,,NLH,0
04/05/2026,160339,eduardo aguiar,None,0,"0,3",0," R$  0,30 ","0,00%","100,00%","0,00%",MTT,-3
04/05/2026,161561,GuZman$,None,0,0,0, R$  -   ,,,,NLH,0
04/05/2026,161570,cristianderson,None,0,0,0, R$  -   ,,,,NLH,"1,83"
04/05/2026,161737,ABSOLUT,None,0,"0,1",0," R$  0,10 ","0,00%","100,00%","0,00%",MTT,"-0,1"
04/05/2026,162710,poker aí,None,0,0,0, R$  -   ,,,,NLH,"3,43"
04/05/2026,166767,calleri?,None,0,"1,2",0," R$  1,20 ","0,00%","100,00%","0,00%",MTT,"2,07"
04/05/2026,166793,AA+JJ+36,None,0,"0,1",0," R$  0,10 ","0,00%","100,00%","0,00%",MTT,-1
04/05/2026,169796,pix169796,None,0,0,0, R$  -   ,,,,NLH,0
04/05/2026,170216,tia naia,None,0,"0,6",0," R$  0,60 ","0,00%","100,00%","0,00%",MTT,"-5,36"
04/05/2026,170218,chicoo,None,0,"0,2",0," R$  0,20 ","0,00%","100,00%","0,00%",MTT,"-1,23"
04/05/2026,171876,pedro123321,None,0,0,0, R$  -   ,,,,NLH,0
04/05/2026,172444,app manipulado,None,0,0,0, R$  -   ,,,,NLH,0
04/05/2026,172445,Goza e dormi,None,0,0,0, R$  -   ,,,,NLH,0
04/05/2026,172446,4002,None,0,"0,1",0," R$  0,10 ","0,00%","100,00%","0,00%",MTT,"-0,07"
04/05/2026,172447,O donoo,None,0,0,0, R$  -   ,,,,NLH,0
04/05/2026,172984,SeuZé$,None,0,"0,1",0," R$  0,10 ","0,00%","100,00%","0,00%",MTT,-1
04/05/2026,173048,murillinho,None,0,0,0, R$  -   ,,,,NLH,0
04/05/2026,176164,1 centavo,None,0,"0,2",0," R$  0,20 ","0,00%","100,00%","0,00%",MTT,"0,7"
04/05/2026,176165,garfield,None,0,"0,2","0,37"," R$  0,57 ","0,00%","35,09%","64,91%",PLO6,"-8,85"
04/05/2026,176186,Açai vencido,None,0,"0,2",0," R$  0,20 ","0,00%","100,00%","0,00%",MTT,"-0,03"
04/05/2026,176187,meçi careka,None,"0,18",0,0," R$  0,18 ","100,00%","0,00%","0,00%",NLH,"-1,33"
04/05/2026,176188,Kiku lombrado,None,"0,4","0,3",0," R$  0,70 ","57,14%","42,86%","0,00%",NLH,"-0,56"
04/05/2026,178267,Wilson Reis,None,0,0,0, R$  -   ,,,,NLH,0
04/05/2026,179757,zorrokkk,None,0,"0,1","0,48"," R$  0,58 ","0,00%","17,24%","82,76%",PLO6,"-0,72"
04/05/2026,179788,th200,None,0,0,"0,52"," R$  0,52 ","0,00%","0,00%","100,00%",PLO6,"1,01"
04/05/2026,179836,Regispacajus,None,0,0,0, R$  -   ,,,,NLH,0
04/05/2026,180282,pixmaicon,None,0,"0,3",0," R$  0,30 ","0,00%","100,00%","0,00%",MTT,"-0,39"
04/05/2026,180519,renatorusso,None,0,"0,4",0," R$  0,40 ","0,00%","100,00%","0,00%",MTT,"-2,21"
04/05/2026,180523,psao7608,None,0,"0,1",0," R$  0,10 ","0,00%","100,00%","0,00%",MTT,"1,63"
04/05/2026,181043,Foldei mane,None,0,"0,5",0," R$  0,50 ","0,00%","100,00%","0,00%",MTT,"1,42"
04/05/2026,182382,gomes22,None,0,0,0, R$  -   ,,,,NLH,0
04/05/2026,182466,pix182466,None,0,"11,9","6,89"," R$  18,79 ","0,00%","63,33%","36,67%",MTT,"-28,26"
04/05/2026,183315,pix183315,None,0,0,0, R$  -   ,,,,NLH,0
04/05/2026,185424,pix185424,None,0,0,0, R$  -   ,,,,NLH,0
04/05/2026,185426,pix185426,None,0,0,0, R$  -   ,,,,NLH,"1,08"
04/05/2026,185429,PixpoKKer,None,0,0,0, R$  -   ,,,,NLH,0
04/05/2026,189512,pix189512,None,0,0,0, R$  -   ,,,,NLH,0
04/05/2026,191331,pix191331,None,0,0,0, R$  -   ,,,,NLH,0
04/05/2026,191332,pix191332,None,0,0,0, R$  -   ,,,,NLH,0
04/05/2026,192079,Gleristontnt,None,"0,91",0,0," R$  0,91 ","100,00%","0,00%","0,00%",NLH,"-5,9"
04/05/2026,192149,pix192149,None,0,0,0, R$  -   ,,,,NLH,0
04/05/2026,194679,Nicoletti$,None,0,"0,3",0," R$  0,30 ","0,00%","100,00%","0,00%",MTT,"1,62"
04/05/2026,194772,pix194772,None,0,0,0, R$  -   ,,,,NLH,"9,2"
04/05/2026,195262,dona estressada,None,0,"0,1","0,46"," R$  0,56 ","0,00%","17,86%","82,14%",PLO6,"-1,95"
04/05/2026,195591,djenos,None,0,"1,1",0," R$  1,10 ","0,00%","100,00%","0,00%",MTT,"-0,11"
04/05/2026,195607,pix195607,None,0,0,0, R$  -   ,,,,NLH,0
04/05/2026,195715,pix195715,None,0,0,0, R$  -   ,,,,NLH,"0,51"
04/05/2026,195802,pix195802,None,0,"0,1",0," R$  0,10 ","0,00%","100,00%","0,00%",MTT,"0,08"
04/05/2026,195803,pix195803,None,0,0,0, R$  -   ,,,,NLH,0
04/05/2026,139485,pix139485,None,0,0,"5,23"," R$  5,23 ","0,00%","0,00%","100,00%",PLO6,-48
04/05/2026,195464,ZebranoPixPoker,None,0,"0,5","3,77"," R$  4,27 ","0,00%","11,71%","88,29%",PLO6,-5
04/05/2026,195661,trembala,None,0,"11,9","208,43"," R$  220,33 ","0,00%","5,40%","94,60%",PLO6,"364,6"
04/05/2026,195809,pix195809,None,"11,14",0,"354,83"," R$  365,97 ","3,04%","0,00%","96,96%",PLO6,"-435,15"
04/05/2026,190837,LOKOLOKO,None,"0,34","88,1",0," R$  88,44 ","0,38%","99,62%","0,00%",MTT,"-808,88"
04/05/2026,152890,guilherm souto,None,0,"3,5","6,43"," R$  9,93 ","0,00%","35,25%","64,75%",PLO6,"-51,13"
04/05/2026,193994,moído,None,0,0,"5,91"," R$  5,91 ","0,00%","0,00%","100,00%",PLO6,"-51,64"
04/05/2026,195841,pix195841,None,0,0,"14,77"," R$  14,77 ","0,00%","0,00%","100,00%",PLO6,-170
04/05/2026,123911,IAGODT,None,"0,37",0,0," R$  0,37 ","100,00%","0,00%","0,00%",NLH,-4
04/05/2026,124177,Popotão,None,"11,32",0,0," R$  11,32 ","100,00%","0,00%","0,00%",NLH,"-23,85"
04/05/2026,141480,Founar,None,"3,91","2,7",0," R$  6,61 ","59,15%","40,85%","0,00%",NLH,"-57,98"
04/05/2026,144133,ALEXMANGA,None,"25,52",0,0," R$  25,52 ","100,00%","0,00%","0,00%",NLH,"-78,8"
04/05/2026,147247,oficial,None,"59,27",0,"0,03"," R$  59,30 ","99,95%","0,00%","0,05%",NLH,"35,59"
04/05/2026,176727,ZE KAU,None,"9,4",0,0," R$  9,40 ","100,00%","0,00%","0,00%",NLH,-40
04/05/2026,187978,zoroo,None,"62,38",0,0," R$  62,38 ","100,00%","0,00%","0,00%",NLH,"-146,8"
04/05/2026,195477,pix195477,None,"5,12",0,0," R$  5,12 ","100,00%","0,00%","0,00%",NLH,-67
04/05/2026,195750,pix195750,None,"16,04",0,"85,23"," R$  101,27 ","15,84%","0,00%","84,16%",PLO6,"-1023,83"
04/05/2026,195674,galandopoker,None,"0,74",0,"1,49"," R$  2,23 ","33,18%","0,00%","66,82%",PLO6,-20
04/05/2026,181970,3A5T0S,None,"1,66","7,6",0," R$  9,26 ","17,93%","82,07%","0,00%",MTT,"-9,06"
04/05/2026,195473,MiguelCavalcanti,None,"19,76","0,5","25,92"," R$  46,18 ","42,79%","1,08%","56,13%",PLO6,"-15,86"
04/05/2026,195523,Ramonzito,None,"0,38","1,4","0,75"," R$  2,53 ","15,02%","55,34%","29,64%",MTT,-32
04/05/2026,195579,pix195579,None,"76,97",0,0," R$  76,97 ","100,00%","0,00%","0,00%",NLH,"-234,96"
04/05/2026,195789,lucas021,None,"2,35",0,"0,2"," R$  2,55 ","92,16%","0,00%","7,84%",NLH,"-29,38"
04/05/2026,142783,Dinhostar,None,0,"9,5",0," R$  9,50 ","0,00%","100,00%","0,00%",MTT,-95
04/05/2026,147176,Andrade4,None,"5,1",0,0," R$  5,10 ","100,00%","0,00%","0,00%",NLH,"-49,82"
04/05/2026,165654,playboydapedreira,None,"6,33",0,0," R$  6,33 ","100,00%","0,00%","0,00%",NLH,"68,23"
04/05/2026,195672,pau na guela,None,"124,14","6,2",0," R$  130,34 ","95,24%","4,76%","0,00%",NLH,"-327,72"
04/05/2026,100215,Gorete.BallCat,None,0,20,"1047,11"," R$  1.067,11 ","0,00%","1,87%","98,13%",PLO6,"-756,1"
04/05/2026,107107,LucasPT,None,0,0,"14,47"," R$  14,47 ","0,00%","0,00%","100,00%",PLO6,-187
04/05/2026,147221,muvukinha,None,0,"60,1","10,63"," R$  70,73 ","0,00%","84,97%","15,03%",MTT,"654,3"
04/05/2026,155750,Jovem,None,0,"0,6",0," R$  0,60 ","0,00%","100,00%","0,00%",MTT,-6
04/05/2026,160013,pluh,None,"0,06","4,45",0," R$  4,51 ","1,33%","98,67%","0,00%",MTT,"-34,32"
04/05/2026,185697,levigbrl,None,0,"0,1",0," R$  0,10 ","0,00%","100,00%","0,00%",MTT,-1
04/05/2026,190899,Ely19 ?,None,0,"0,5",0," R$  0,50 ","0,00%","100,00%","0,00%",MTT,"-2,69"
04/05/2026,194445,michaelLeonny,None,0,"13,2",0," R$  13,20 ","0,00%","100,00%","0,00%",MTT,"151,83"
04/05/2026,195363,pix195363,None,0,"0,2",0," R$  0,20 ","0,00%","100,00%","0,00%",MTT,-2
04/05/2026,195642,Dioguinho123,None,"7,32","10,3",0," R$  17,62 ","41,54%","58,46%","0,00%",MTT,-142
04/05/2026,195496,joao.gostosinho,None,"14,02",3,0," R$  17,02 ","82,37%","17,63%","0,00%",NLH,-16
04/05/2026,115715,malvadao96,None,"5,3","31,5",0," R$  36,80 ","14,40%","85,60%","0,00%",MTT,"-220,6"
04/05/2026,162415,phzivisk,None,"3,53",0,"0,04"," R$  3,57 ","98,88%","0,00%","1,12%",NLH,-30
04/05/2026,184486,RAFAELDAVI,None,"19,63",0,0," R$  19,63 ","100,00%","0,00%","0,00%",NLH,"27,15"
04/05/2026,181916,Rafael Fonseca,None,"9,55",0,0," R$  9,55 ","100,00%","0,00%","0,00%",NLH,"-70,1"
04/05/2026,195687,Anao,None,"0,57",0,0," R$  0,57 ","100,00%","0,00%","0,00%",NLH,"-6,67"
04/05/2026,109677,rafaelsanntos,None,"30,42","19,3","2100,16"," R$  2.149,88 ","1,41%","0,90%","97,69%",PLO6,"-4103,09"
04/05/2026,195657,vaqueirosm,None,"1,73","0,1","72,76"," R$  74,59 ","2,32%","0,13%","97,55%",PLO6,-130
04/05/2026,103255,pix103255,None,0,0,0, R$  -   ,,,,NLH,0
04/05/2026,104890,pix104890,None,0,"0,1",0," R$  0,10 ","0,00%","100,00%","0,00%",MTT,"0,11"
04/05/2026,110683,Muriele Vieira,None,0,0,0, R$  -   ,,,,NLH,"2,25"
04/05/2026,115802,Nauersiq,None,0,0,0, R$  -   ,,,,NLH,"7,22"
04/05/2026,117406,Guimarães,None,0,0,0, R$  -   ,,,,NLH,"0,64"
04/05/2026,120955,pix120955,None,0,"0,3",0," R$  0,30 ","0,00%","100,00%","0,00%",MTT,"0,2"
04/05/2026,124306,punicaoalimpers,None,0,"0,2",0," R$  0,20 ","0,00%","100,00%","0,00%",MTT,"-0,35"
04/05/2026,124391,veraluciafar,None,0,"0,1",0," R$  0,10 ","0,00%","100,00%","0,00%",MTT,-1
04/05/2026,124401,killthemall,None,0,0,0, R$  -   ,,,,NLH,0
04/05/2026,124409,camisa7,None,0,0,0, R$  -   ,,,,NLH,0
04/05/2026,124413,catrupe,None,0,0,0, R$  -   ,,,,NLH,0
04/05/2026,124444,jubileu333,None,0,0,0, R$  -   ,,,,NLH,0
04/05/2026,124454,20mata,None,0,0,0, R$  -   ,,,,NLH,0
04/05/2026,124461,obaralhao,None,0,0,0, R$  -   ,,,,NLH,"0,4"
04/05/2026,124630,fungonaunha,None,0,"0,2",0," R$  0,20 ","0,00%","100,00%","0,00%",MTT,"0,5"
04/05/2026,124634,filmetriste,None,0,0,0, R$  -   ,,,,NLH,0
04/05/2026,127416,PRIMEPOKER,None,0,0,0, R$  -   ,,,,NLH,0
04/05/2026,131114,Rodrigo lindo,None,0,0,0, R$  -   ,,,,NLH,0
04/05/2026,133051,Diegueira,None,0,0,0, R$  -   ,,,,NLH,"3,21"
04/05/2026,143861,KAROÁ,None,0,0,0, R$  -   ,,,,NLH,"1,33"
04/05/2026,144033,pixLV,None,0,0,0, R$  -   ,,,,NLH,"0,77"
04/05/2026,148239,Oscar Alho,None,0,"0,1",0," R$  0,10 ","0,00%","100,00%","0,00%",MTT,"-0,4"
04/05/2026,150851,pix150851,None,0,"0,1",0," R$  0,10 ","0,00%","100,00%","0,00%",MTT,"0,6"
04/05/2026,153636,Mussolini,None,0,"0,1",0," R$  0,10 ","0,00%","100,00%","0,00%",MTT,"1,22"
04/05/2026,153730,Gil do Vigor,None,0,"0,1",0," R$  0,10 ","0,00%","100,00%","0,00%",MTT,-1
04/05/2026,155859,Jett Mafioso,None,0,0,0, R$  -   ,,,,NLH,0
04/05/2026,156615,Tutubarão83,None,0,"0,1",0," R$  0,10 ","0,00%","100,00%","0,00%",MTT,"0,52"
04/05/2026,157958,jayistrange,None,0,0,0, R$  -   ,,,,NLH,0
04/05/2026,164386,pix164386,None,0,0,0, R$  -   ,,,,NLH,0
04/05/2026,164390,John82,None,0,"0,1",0," R$  0,10 ","0,00%","100,00%","0,00%",MTT,"-0,3"
04/05/2026,169526,soniamgfm2,None,0,"0,3",0," R$  0,30 ","0,00%","100,00%","0,00%",MTT,"-0,06"
04/05/2026,170099,Alexandre fm,None,0,0,0, R$  -   ,,,,NLH,0
04/05/2026,170102,pix170102,None,0,0,0, R$  -   ,,,,NLH,0
04/05/2026,171052,pix171052,None,0,"4,4",0," R$  4,40 ","0,00%","100,00%","0,00%",MTT,-44
04/05/2026,172407,CanindeCearaBrasil,None,0,0,0, R$  -   ,,,,NLH,0
04/05/2026,172478,sir inga,None,0,0,0, R$  -   ,,,,NLH,"2,67"
04/05/2026,173743,pix173743,None,0,0,0, R$  -   ,,,,NLH,0
04/05/2026,173780,pix173780,None,0,0,0, R$  -   ,,,,NLH,0
04/05/2026,176827,Rudrigu,None,0,0,0, R$  -   ,,,,NLH,0
04/05/2026,177117,Cheque Reizé,None,0,"0,2",0," R$  0,20 ","0,00%","100,00%","0,00%",MTT,"0,04"
04/05/2026,177922,É o Galo ?,None,0,0,0, R$  -   ,,,,NLH,0
04/05/2026,178556,Sajaum,None,0,0,"0,3"," R$  0,30 ","0,00%","0,00%","100,00%",PLO6,0
04/05/2026,178557,Grazi Mourão ?,None,0,0,0, R$  -   ,,,,NLH,0
04/05/2026,178559,Agnes Nunes,None,0,0,0, R$  -   ,,,,NLH,0
04/05/2026,178561,Gi Genesini,None,0,0,0, R$  -   ,,,,NLH,0
04/05/2026,181687,Lampião ?,None,0,"0,2",0," R$  0,20 ","0,00%","100,00%","0,00%",MTT,"1,67"
04/05/2026,182861,Nikolau ?,None,0,"0,1",0," R$  0,10 ","0,00%","100,00%","0,00%",MTT,"3,4"
04/05/2026,185392,pix185392,None,0,0,0, R$  -   ,,,,NLH,0
04/05/2026,186748,Mulherdomeumarido33,None,0,"0,1",0," R$  0,10 ","0,00%","100,00%","0,00%",MTT,-1
04/05/2026,188969,Gylly CWB,None,0,0,0, R$  -   ,,,,NLH,0
04/05/2026,188990,Jacke,None,0,"0,2",0," R$  0,20 ","0,00%","100,00%","0,00%",MTT,"-0,4"
04/05/2026,189281,pix189281,None,0,0,0, R$  -   ,,,,NLH,0
04/05/2026,189539,pix189539,None,0,0,0, R$  -   ,,,,NLH,0
04/05/2026,193624,pix193624,None,0,"0,3",0," R$  0,30 ","0,00%","100,00%","0,00%",MTT,-3
04/05/2026,193695,pix193695,None,0,0,0, R$  -   ,,,,NLH,0
04/05/2026,193782,pix193782,None,0,0,0, R$  -   ,,,,NLH,0
04/05/2026,194366,Buhaiov,None,0,"0,6",0," R$  0,60 ","0,00%","100,00%","0,00%",MTT,"-2,57"
04/05/2026,195080,cassiov7,None,0,0,0, R$  -   ,,,,NLH,"2,82"
04/05/2026,195362,pix195362,None,0,0,0, R$  -   ,,,,NLH,"0,51"
04/05/2026,195543,lavx,None,0,0,0, R$  -   ,,,,NLH,0
04/05/2026,195549,GASJ9,None,0,0,0, R$  -   ,,,,NLH,0
04/05/2026,195608,vick444,None,0,0,0, R$  -   ,,,,NLH,0
04/05/2026,195653,polaco atentado,None,0,0,0, R$  -   ,,,,NLH,0
04/05/2026,195668,FullHaxx,None,0,"0,3",0," R$  0,30 ","0,00%","100,00%","0,00%",MTT,"0,06"
04/05/2026,195800,NiinjaCe,None,0,4,"1,21"," R$  5,21 ","0,00%","76,78%","23,22%",MTT,"-44,5"
04/05/2026,195810,pix195810,None,0,0,0, R$  -   ,,,,NLH,"2,75"
04/05/2026,195832,CFreire,None,0,0,0, R$  -   ,,,,NLH,0
04/05/2026,195842,pinoteh,None,"0,14",0,0," R$  0,14 ","100,00%","0,00%","0,00%",NLH,"0,41"
04/05/2026,180186,golpe.baixo,None,"7,35","1,4","11,31"," R$  20,06 ","36,64%","6,98%","56,38%",PLO6,"-93,45"
04/05/2026,144591,gabi87,None,0,"3,25",0," R$  3,25 ","0,00%","100,00%","0,00%",MTT,"-32,5"
04/05/2026,167404,Morinh@,None,0,"0,5",0," R$  0,50 ","0,00%","100,00%","0,00%",MTT,-5
04/05/2026,195843,Caio Renê,None,0,3,0," R$  3,00 ","0,00%","100,00%","0,00%",MTT,-30
04/05/2026,103133,Lainzine,None,"0,29","1,6",0," R$  1,89 ","15,34%","84,66%","0,00%",MTT,"-5,8"
04/05/2026,177227,ET_BILU,None,"0,77","1,7",0," R$  2,47 ","31,17%","68,83%","0,00%",MTT,"-32,77"
04/05/2026,180037,pix180037,None,0,"0,1",0," R$  0,10 ","0,00%","100,00%","0,00%",MTT,-1
04/05/2026,140920,Nunes06,None,"0,44","5,3",0," R$  5,74 ","7,67%","92,33%","0,00%",MTT,"69,17"
04/05/2026,118141,mozo,None,"24,7",0,"0,07"," R$  24,77 ","99,72%","0,00%","0,28%",NLH,15
04/05/2026,130203,Guimo,None,"2,82",0,0," R$  2,82 ","100,00%","0,00%","0,00%",NLH,"-1,9"
04/05/2026,195831,pix195831,None,"0,61",0,0," R$  0,61 ","100,00%","0,00%","0,00%",NLH,-8
04/05/2026,129000,pix129000,None,0,20,0," R$  20,00 ","0,00%","100,00%","0,00%",MTT,"-143,75"
04/05/2026,146971,RF-SB1,None,0,"5,3","156,32"," R$  161,62 ","0,00%","3,28%","96,72%",PLO6,"-509,53"
04/05/2026,193619,ZulianJV,None,0,"5,1",0," R$  5,10 ","0,00%","100,00%","0,00%",MTT,-51
04/05/2026,195692,MaxWill,None,0,28,0," R$  28,00 ","0,00%","100,00%","0,00%",MTT,-280
04/05/2026,195844,pix195844,None,0,4,0," R$  4,00 ","0,00%","100,00%","0,00%",MTT,-40
04/05/2026,171194,pix171194,None,"0,86",0,0," R$  0,86 ","100,00%","0,00%","0,00%",NLH,-8
04/05/2026,173110,Jompa10,None,"51,5","3,5","1,16"," R$  56,16 ","91,70%","6,23%","2,07%",NLH,"-87,15"
04/05/2026,174440,Cold4Bet,None,"1,37","31,38",0," R$  32,75 ","4,18%","95,82%","0,00%",MTT,"130,85"
04/05/2026,183339,mugthebest,None,"2,76","2,1",0," R$  4,86 ","56,79%","43,21%","0,00%",NLH,"-14,19"
04/05/2026,193328,Japoneis,None,"1,07",0,0," R$  1,07 ","100,00%","0,00%","0,00%",NLH,"-3,48"
04/05/2026,195546,Saul2A,None,"0,83","1,1",0," R$  1,93 ","43,01%","56,99%","0,00%",MTT,-6
04/05/2026,195578,gessica,None,"17,53",0,0," R$  17,53 ","100,00%","0,00%","0,00%",NLH,"36,8"
04/05/2026,195751,pix195751,None,"0,17","0,9",0," R$  1,07 ","15,89%","84,11%","0,00%",MTT,"-8,97"
04/05/2026,195784,alexxx,None,"2,35","14,8",0," R$  17,15 ","13,70%","86,30%","0,00%",MTT,"-171,25"
04/05/2026,195849,gilmarbala,None,"96,46","5,5","21,16"," R$  123,12 ","78,35%","4,47%","17,19%",NLH,-411
04/05/2026,114522,GuerraPqd,None,0,"4,8",0," R$  4,80 ","0,00%","100,00%","0,00%",MTT,"0,55"
04/05/2026,129753,FabioAlpha,None,0,"0,3",0," R$  0,30 ","0,00%","100,00%","0,00%",MTT,-3
04/05/2026,131044,BINNA$,None,0,"0,2",0," R$  0,20 ","0,00%","100,00%","0,00%",MTT,-2
04/05/2026,153304,confuso sobrinho,None,"0,18","0,3",0," R$  0,48 ","37,50%","62,50%","0,00%",MTT,"-1,74"
04/05/2026,165324,Polegar,None,0,"0,2",0," R$  0,20 ","0,00%","100,00%","0,00%",MTT,-2
04/05/2026,180036,pix180036,None,0,"0,3",0," R$  0,30 ","0,00%","100,00%","0,00%",MTT,-3
04/05/2026,194315,pix194315,None,0,"0,1",0," R$  0,10 ","0,00%","100,00%","0,00%",MTT,"-0,12"
04/05/2026,195263,dramática,None,0,"0,1",0," R$  0,10 ","0,00%","100,00%","0,00%",MTT,-1
04/05/2026,195274,Jabulani,None,0,"0,1",0," R$  0,10 ","0,00%","100,00%","0,00%",MTT,-1
04/05/2026,113290,paulov13,None,"3,05",0,0," R$  3,05 ","100,00%","0,00%","0,00%",NLH,"-17,13"
04/05/2026,106660,osj261067,None,0,"0,2",0," R$  0,20 ","0,00%","100,00%","0,00%",MTT,"3,4"
04/05/2026,107336,slawer,None,0,0,0, R$  -   ,,,,NLH,0
04/05/2026,115711,IR ???,None,0,0,0, R$  -   ,,,,NLH,0
04/05/2026,125929,Riih,None,0,0,0, R$  -   ,,,,NLH,0
04/05/2026,131141,Ags95,None,0,0,0, R$  -   ,,,,NLH,0
04/05/2026,134364,trincadonoflop,None,"0,45",1,"2,72"," R$  4,17 ","10,79%","23,98%","65,23%",PLO6,-10
04/05/2026,134373,fio bao,None,0,0,0, R$  -   ,,,,NLH,"1,52"
04/05/2026,135895,yanpaiva,None,0,"0,2",0," R$  0,20 ","0,00%","100,00%","0,00%",MTT,"7,37"
04/05/2026,139645,XANDO_RJ,None,0,0,0, R$  -   ,,,,NLH,0
04/05/2026,141672,pix141672,None,0,0,0, R$  -   ,,,,NLH,0
04/05/2026,142773,thaisgonçalves,None,0,0,0, R$  -   ,,,,NLH,0
04/05/2026,143064,pawerrangersrosa,None,0,0,0, R$  -   ,,,,NLH,0
04/05/2026,143066,mulher gato,None,0,0,0, R$  -   ,,,,NLH,0
04/05/2026,144081,Wender ws,None,0,"0,5",0," R$  0,50 ","0,00%","100,00%","0,00%",MTT,"0,62"
04/05/2026,147269,paracetamol,None,0,0,0, R$  -   ,,,,NLH,0
04/05/2026,154918,pix154918,None,0,0,0, R$  -   ,,,,NLH,0
04/05/2026,156257,TAINANPAZ,None,0,"0,4",0," R$  0,40 ","0,00%","100,00%","0,00%",MTT,"-2,99"
04/05/2026,158564,AKQJ10,None,0,0,0, R$  -   ,,,,NLH,0
04/05/2026,159736,FunEngine,None,"3,54",0,0," R$  3,54 ","100,00%","0,00%","0,00%",NLH,"-9,52"
04/05/2026,160127,totohaole,None,0,"0,1",0," R$  0,10 ","0,00%","100,00%","0,00%",MTT,"-0,23"
04/05/2026,160495,gmorett,None,0,0,0, R$  -   ,,,,NLH,"0,75"
04/05/2026,161533,pix161533,None,0,"0,1",0," R$  0,10 ","0,00%","100,00%","0,00%",MTT,-1
04/05/2026,162091,Veronica bg,None,0,"0,9",0," R$  0,90 ","0,00%","100,00%","0,00%",MTT,"-8,49"
04/05/2026,165386,pix165386,None,0,"0,5",0," R$  0,50 ","0,00%","100,00%","0,00%",MTT,"1,5"
04/05/2026,167752,mugbala,None,0,0,0, R$  -   ,,,,NLH,0
04/05/2026,170783,Galego de Nanai ?,None,0,0,0, R$  -   ,,,,NLH,0
04/05/2026,171735,veronicabc,None,0,"0,2",0," R$  0,20 ","0,00%","100,00%","0,00%",MTT,-2
04/05/2026,172448,Milgrau,None,0,0,0, R$  -   ,,,,NLH,"1,33"
04/05/2026,172648,Badpix69,None,0,0,0, R$  -   ,,,,NLH,"6,86"
04/05/2026,172698,pix172698,None,0,0,0, R$  -   ,,,,NLH,0
04/05/2026,173018,pix173018,None,"5,16",0,"0,99"," R$  6,15 ","83,90%","0,00%","16,10%",NLH,"0,45"
04/05/2026,173019,pix173019,None,0,0,0, R$  -   ,,,,NLH,0
04/05/2026,173020,pix173020,None,0,0,0, R$  -   ,,,,NLH,0
04/05/2026,173640,pix173640,None,0,0,0, R$  -   ,,,,NLH,0
04/05/2026,174471,TINANAN,None,0,"0,1",0," R$  0,10 ","0,00%","100,00%","0,00%",MTT,"1,08"
04/05/2026,174473,Marcos De Neuma,None,0,0,0, R$  -   ,,,,NLH,0
04/05/2026,174474,Antoin De Nestor,None,0,0,0, R$  -   ,,,,NLH,"0,4"
04/05/2026,174477,pix174477,None,0,0,0, R$  -   ,,,,NLH,"0,7"
04/05/2026,175460,pix175460,None,0,"0,1",0," R$  0,10 ","0,00%","100,00%","0,00%",MTT,"0,21"
04/05/2026,178690,Synergye,None,0,0,0, R$  -   ,,,,NLH,0
04/05/2026,180375,LCS13BR,None,0,0,0, R$  -   ,,,,NLH,0
04/05/2026,181910,pix181910,None,0,0,0, R$  -   ,,,,NLH,0
04/05/2026,182027,Capivara,None,0,0,0, R$  -   ,,,,NLH,0
04/05/2026,182216,Xinxa Da Cebola,None,0,0,0, R$  -   ,,,,NLH,0
04/05/2026,182217,pix182217,None,0,0,0, R$  -   ,,,,NLH,0
04/05/2026,182219,pix182219,None,0,0,0, R$  -   ,,,,NLH,"0,48"
04/05/2026,183246,detona pato,None,"4,22","0,4",0," R$  4,62 ","91,34%","8,66%","0,00%",NLH,"26,98"
04/05/2026,183527,pix183527,None,0,0,0, R$  -   ,,,,NLH,0
04/05/2026,183533,pix183533,None,0,0,0, R$  -   ,,,,NLH,0
04/05/2026,185849,sisi,None,0,0,0, R$  -   ,,,,NLH,0
04/05/2026,187871,pix187871,None,0,0,0, R$  -   ,,,,NLH,0
04/05/2026,188236,pix188236,None,0,"0,2","4,43"," R$  4,63 ","0,00%","4,32%","95,68%",PLO6,"0,83"
04/05/2026,188591,jujivell,None,0,0,0, R$  -   ,,,,NLH,0
04/05/2026,189662,Kabulozo,None,0,0,0, R$  -   ,,,,NLH,0
04/05/2026,190020,pix190020,None,0,0,0, R$  -   ,,,,NLH,0
04/05/2026,190884,bezzera11,None,0,0,0, R$  -   ,,,,NLH,0
04/05/2026,192188,Suzana25,None,0,"0,2",0," R$  0,20 ","0,00%","100,00%","0,00%",MTT,"-0,54"
04/05/2026,193564,Alison pires,None,0,0,0, R$  -   ,,,,NLH,"0,4"
04/05/2026,193572,pix193572,None,0,0,0, R$  -   ,,,,NLH,0
04/05/2026,193573,PIXBAD157,None,0,0,0, R$  -   ,,,,NLH,"0,48"
04/05/2026,195270,Advogado catão,None,0,"0,1",0," R$  0,10 ","0,00%","100,00%","0,00%",MTT,"3,23"
04/05/2026,195271,Mardoni PT,None,0,"0,1",0," R$  0,10 ","0,00%","100,00%","0,00%",MTT,"0,11"
04/05/2026,195272,Super Catao,None,0,0,0, R$  -   ,,,,NLH,0
04/05/2026,195273,Neymagro,None,0,"0,1",0," R$  0,10 ","0,00%","100,00%","0,00%",MTT,"-0,4"
04/05/2026,195277,pix195277,None,0,0,0, R$  -   ,,,,NLH,0
04/05/2026,195662,Asteroid Destroyer,None,0,0,0, R$  -   ,,,,NLH,0
04/05/2026,195671,terroristadopoker,None,"130,97",10,0," R$  140,97 ","92,91%","7,09%","0,00%",NLH,-800
04/05/2026,195846,pix195846,None,0,0,0, R$  -   ,,,,NLH,0
04/05/2026,195847,marioaratani,None,0,0,0, R$  -   ,,,,NLH,0
04/05/2026,195582,pix195582,None,0,"35,2",0," R$  35,20 ","0,00%","100,00%","0,00%",MTT,"-169,22"
04/05/2026,175362,pix175362,None,"0,45",0,0," R$  0,45 ","100,00%","0,00%","0,00%",NLH,"-5,82"
04/05/2026,105324,pix105324,None,0,0,0, R$  -   ,,,,NLH,"0,6"
04/05/2026,127633,GL4DIAD0R,None,0,0,0, R$  -   ,,,,NLH,0
04/05/2026,132044,FASH1N4,None,"0,49","1,1",0," R$  1,59 ","30,82%","69,18%","0,00%",MTT,"-15,32"
04/05/2026,132049,B4NDID0,None,0,0,0, R$  -   ,,,,NLH,0
04/05/2026,132062,COM3D0R,None,0,0,0, R$  -   ,,,,NLH,0
04/05/2026,153487,vamboragaroto,None,0,0,0, R$  -   ,,,,NLH,0
04/05/2026,158183,vitinn,None,0,0,0, R$  -   ,,,,NLH,0
04/05/2026,160298,HenzoGabriel,None,0,0,0, R$  -   ,,,,NLH,0
04/05/2026,162801,pix162801,None,0,"0,1",0," R$  0,10 ","0,00%","100,00%","0,00%",MTT,"-0,07"
04/05/2026,171622,Cptcoring4,None,0,"0,6",0," R$  0,60 ","0,00%","100,00%","0,00%",MTT,"1,34"
04/05/2026,176694,veroniicabc,None,0,0,0, R$  -   ,,,,NLH,0
04/05/2026,177358,Veronicaborges,None,0,0,0, R$  -   ,,,,NLH,0
04/05/2026,177983,Aelton,None,0,0,0, R$  -   ,,,,NLH,0
04/05/2026,187477,EwertonK2,None,0,"0,7","0,3"," R$  1,00 ","0,00%","70,00%","30,00%",MTT,-11
04/05/2026,191135,carlosvolt,None,0,0,0, R$  -   ,,,,NLH,0
04/05/2026,192148,pix192148,None,0,"0,1",0," R$  0,10 ","0,00%","100,00%","0,00%",MTT,"0,24"
04/05/2026,194706,jojodemel,None,0,0,0, R$  -   ,,,,NLH,"2,46"
04/05/2026,195603,pix195603,None,"9,79","1,2","9,41"," R$  20,40 ","47,99%","5,88%","46,13%",NLH,"-150,19"
04/05/2026,195851,pix195851,None,0,0,0, R$  -   ,,,,NLH,"0,86"
04/05/2026,151057,Beto $alada,None,0,"21,1","2,98"," R$  24,08 ","0,00%","87,62%","12,38%",MTT,"-133,52"
04/05/2026,195852,pix195852,None,0,3,"4,58"," R$  7,58 ","0,00%","39,58%","60,42%",PLO6,-50
04/05/2026,195863,Sr.Dhe,None,"0,61","3,8","11,67"," R$  16,08 ","3,79%","23,63%","72,57%",PLO6,-30
04/05/2026,187316,XoTTin,None,0,"4,3","3,09"," R$  7,39 ","0,00%","58,19%","41,81%",MTT,-55
04/05/2026,167664,linharess,None,0,1,0," R$  1,00 ","0,00%","100,00%","0,00%",MTT,-10
04/05/2026,193218,box405,None,0,0,"31,55"," R$  31,55 ","0,00%","0,00%","100,00%",PLO6,-400
04/05/2026,183499,pix183499,None,0,"0,2","0,43"," R$  0,63 ","0,00%","31,75%","68,25%",PLO6,"0,21"
04/05/2026,106148,migué,None,0,0,0, R$  -   ,,,,NLH,0
04/05/2026,144641,FoiLost,None,0,0,0, R$  -   ,,,,NLH,0
04/05/2026,146390,V_C_B,None,0,0,0, R$  -   ,,,,NLH,0
04/05/2026,148154,rafagm2005,None,0,0,0, R$  -   ,,,,NLH,0
04/05/2026,158189,moblef,None,0,0,0, R$  -   ,,,,NLH,0
04/05/2026,159392,Drps,None,0,0,0, R$  -   ,,,,NLH,0
04/05/2026,171656,wallisson,None,0,0,0, R$  -   ,,,,NLH,0
04/05/2026,172697,pix172697,None,0,0,0, R$  -   ,,,,NLH,0
04/05/2026,177067,FCS9,None,0,"0,5",0," R$  0,50 ","0,00%","100,00%","0,00%",MTT,"-3,48"
04/05/2026,192223,pix192223,None,0,0,0, R$  -   ,,,,NLH,0
04/05/2026,192799,johannes,None,0,0,0, R$  -   ,,,,NLH,0
04/05/2026,195227,pix195227,None,0,0,0, R$  -   ,,,,NLH,0
04/05/2026,195660,Matias44,None,0,0,0, R$  -   ,,,,NLH,0
04/05/2026,195669,pix195669,None,0,0,0, R$  -   ,,,,NLH,0
04/05/2026,195853,blefo no river,None,"25,82","0,7",0," R$  26,52 ","97,36%","2,64%","0,00%",NLH,-64
04/05/2026,195630,pix195630,None,"2,18",0,0," R$  2,18 ","100,00%","0,00%","0,00%",NLH,-30
04/05/2026,195818,pix195818,None,"6,84",0,"4,84"," R$  11,68 ","58,56%","0,00%","41,44%",NLH,-40
04/05/2026,195702,BatzNinja,None,0,1,"0,04"," R$  1,04 ","0,00%","96,15%","3,85%",MTT,"-10,62"
04/05/2026,112367,Reis86,None,0,0,"12,25"," R$  12,25 ","0,00%","0,00%","100,00%",PLO6,-99
04/05/2026,195866,pix195866,None,0,0,"9,52"," R$  9,52 ","0,00%","0,00%","100,00%",PLO6,-100
04/05/2026,187314,pix187314,None,0,0,"14,45"," R$  14,45 ","0,00%","0,00%","100,00%",PLO6,"-42,61"
04/05/2026,194117,polizudo,None,0,"9,6",0," R$  9,60 ","0,00%","100,00%","0,00%",MTT,-120
04/05/2026,195864,pix195864,None,"2,61","42,3",0," R$  44,91 ","5,81%","94,19%","0,00%",MTT,"-196,38"
04/05/2026,191922,jubzin7,None,0,5,0," R$  5,00 ","0,00%","100,00%","0,00%",MTT,-50
04/05/2026,144604,Mortee,None,0,"0,1",0," R$  0,10 ","0,00%","100,00%","0,00%",MTT,-1
04/05/2026,148522,pix148522,None,0,0,"8,7"," R$  8,70 ","0,00%","0,00%","100,00%",PLO6,-48
04/05/2026,195561,verissimo001,None,"0,84",0,0," R$  0,84 ","100,00%","0,00%","0,00%",NLH,-12
04/05/2026,102785,Joaofilho,None,0,0,0, R$  -   ,,,,NLH,0
04/05/2026,102820,dual core,None,0,0,0, R$  -   ,,,,NLH,0
04/05/2026,114771,CRVGPOKER10,None,0,0,0, R$  -   ,,,,NLH,"0,64"
04/05/2026,123058,pix123058,None,0,0,0, R$  -   ,,,,NLH,0
04/05/2026,125132,williannuts,None,0,0,"0,15"," R$  0,15 ","0,00%","0,00%","100,00%",PLO6,-4
04/05/2026,139127,Júnior Furtado,None,0,0,"3,87"," R$  3,87 ","0,00%","0,00%","100,00%",PLO6,-30
04/05/2026,141875,pix141875,None,0,0,0, R$  -   ,,,,NLH,0
04/05/2026,149758,pix149758,None,0,0,0, R$  -   ,,,,NLH,"1,29"
04/05/2026,154231,77tattoo,None,"0,58",0,0," R$  0,58 ","100,00%","0,00%","0,00%",NLH,"7,95"
04/05/2026,166985,Campeão,None,0,0,0, R$  -   ,,,,NLH,0
04/05/2026,172462,melll577,None,0,0,0, R$  -   ,,,,NLH,"1,33"
04/05/2026,181557,_L4jus_,None,0,"0,2",0," R$  0,20 ","0,00%","100,00%","0,00%",MTT,"-1,49"
04/05/2026,185013,Padrinho,None,0,0,0, R$  -   ,,,,NLH,"1,33"
04/05/2026,189082,luketa_,None,0,0,0, R$  -   ,,,,NLH,0
04/05/2026,189597,pix189597,None,0,0,0, R$  -   ,,,,NLH,0
04/05/2026,191227,pix191227,None,0,0,0, R$  -   ,,,,NLH,0
04/05/2026,194757,Wellington Ramon,None,0,0,0, R$  -   ,,,,NLH,0
04/05/2026,194835,Gladiador2026,None,0,0,0, R$  -   ,,,,NLH,0
04/05/2026,194836,Ester2026,None,0,0,0, R$  -   ,,,,NLH,0
04/05/2026,194837,Gatuno,None,0,0,0, R$  -   ,,,,NLH,0
04/05/2026,194859,paulo haxixe,None,0,0,0, R$  -   ,,,,NLH,0
04/05/2026,195537,pix195537,None,0,0,0, R$  -   ,,,,NLH,0
04/05/2026,195836,pix195836,None,0,0,0, R$  -   ,,,,NLH,"0,51"
04/05/2026,117490,kelv3s,None,"5,27",0,0," R$  5,27 ","100,00%","0,00%","0,00%",NLH,-32
04/05/2026,169830,pix169830,None,0,0,0, R$  -   ,,,,NLH,"2,58"
04/05/2026,172246,FoiNadaaa,None,0,"0,1",0," R$  0,10 ","0,00%","100,00%","0,00%",MTT,"0,24"
04/05/2026,174582,pix174582,None,0,"0,1",0," R$  0,10 ","0,00%","100,00%","0,00%",MTT,"20,26"
04/05/2026,182817,CreisoN25,None,0,0,0, R$  -   ,,,,NLH,"1,29"
04/05/2026,183176,pix183176,None,0,0,0, R$  -   ,,,,NLH,0
04/05/2026,183407,pix183407,None,0,0,0, R$  -   ,,,,NLH,0
04/05/2026,188795,pix188795,None,0,0,0, R$  -   ,,,,NLH,0
04/05/2026,190975,jully2915,None,0,0,0, R$  -   ,,,,NLH,0
04/05/2026,191837,modelo,None,0,0,0, R$  -   ,,,,NLH,0
04/05/2026,193532,pix193532,None,0,0,0, R$  -   ,,,,NLH,0
04/05/2026,194965,call toda hora,None,0,0,0, R$  -   ,,,,NLH,0
04/05/2026,195856,pix195856,None,0,0,0, R$  -   ,,,,NLH,0
04/05/2026,195857,pix195857,None,0,0,0, R$  -   ,,,,NLH,0
04/05/2026,195858,pix195858,None,0,0,0, R$  -   ,,,,NLH,"0,51"
04/05/2026,195859,pix195859,None,0,0,0, R$  -   ,,,,NLH,"1,54"
04/05/2026,195860,pix195860,None,"0,3",0,0," R$  0,30 ","100,00%","0,00%","0,00%",NLH,"0,01"
04/05/2026,146820,pix146820,None,"25,42","26,65",0," R$  52,07 ","48,82%","51,18%","0,00%",MTT,"55,61"
04/05/2026,195729,pix195729,None,"115,35",0,0," R$  115,35 ","100,00%","0,00%","0,00%",NLH,-18
04/05/2026,108574,Nery,None,"6,32",0,"1,3"," R$  7,62 ","82,94%","0,00%","17,06%",NLH,"4,03"
04/05/2026,165370,Campinense,None,"0,46",0,0," R$  0,46 ","100,00%","0,00%","0,00%",NLH,"-4,15"
04/05/2026,182023,PEIXÃO??,None,"0,64",0,0," R$  0,64 ","100,00%","0,00%","0,00%",NLH,"-5,04"
04/05/2026,195072,PKzynn,None,"22,87",0,0," R$  22,87 ","100,00%","0,00%","0,00%",NLH,43
04/05/2026,195872,pix195872,None,"9,29","18,5","2,35"," R$  30,14 ","30,82%","61,38%","7,80%",MTT,"-164,21"
04/05/2026,153394,pix153394,None,0,20,"19,72"," R$  39,72 ","0,00%","50,35%","49,65%",MTT,"-32,47"
04/05/2026,163810,pix163810,None,"0,61","0,7",0," R$  1,31 ","46,56%","53,44%","0,00%",MTT,"4,68"
04/05/2026,158020,pix158020,None,"14,35",0,"0,26"," R$  14,61 ","98,22%","0,00%","1,78%",NLH,-80
04/05/2026,195606,vencedor090,None,"111,87",0,"0,53"," R$  112,40 ","99,53%","0,00%","0,47%",NLH,230
04/05/2026,195768,pix195768,None,"2,51",0,0," R$  2,51 ","100,00%","0,00%","0,00%",NLH,-30
04/05/2026,143422,ML GOL,None,0,0,0, R$  -   ,,,,NLH,0
04/05/2026,150638,Wanessa CAM,None,0,0,0, R$  -   ,,,,NLH,0
04/05/2026,156500,Laurole10,None,0,0,0, R$  -   ,,,,NLH,0
04/05/2026,169061,gbalasb,None,0,0,0, R$  -   ,,,,NLH,0
04/05/2026,169067,zoin22,None,0,0,0, R$  -   ,,,,NLH,0
04/05/2026,171178,JeessiQueiroz,None,0,0,0, R$  -   ,,,,NLH,0
04/05/2026,172160,Luizzzeraaa,None,0,0,0, R$  -   ,,,,NLH,0
04/05/2026,173106,pix173106,None,0,0,0, R$  -   ,,,,NLH,"1,05"
04/05/2026,177691,pix177691,None,0,0,0, R$  -   ,,,,NLH,0
04/05/2026,187469,visaodecego,None,0,0,0, R$  -   ,,,,NLH,0
04/05/2026,195868,VictorCouti,None,0,0,0, R$  -   ,,,,NLH,0
04/05/2026,162578,Ediel,None,"0,81","0,5",0," R$  1,31 ","61,83%","38,17%","0,00%",NLH,"-5,57"
04/05/2026,155207,Oliver_king,None,"5,68",0,0," R$  5,68 ","100,00%","0,00%","0,00%",NLH,"14,32"
04/05/2026,192448,gbfrs,None,"0,63",0,0," R$  0,63 ","100,00%","0,00%","0,00%",NLH,"-8,94"
04/05/2026,152235,namastê!,None,0,0,"3,6"," R$  3,60 ","0,00%","0,00%","100,00%",PLO6,-62
04/05/2026,168634,Willdde,None,0,"1,1",0," R$  1,10 ","0,00%","100,00%","0,00%",MTT,-11
04/05/2026,157816,pix157816,None,0,60,0," R$  60,00 ","0,00%","100,00%","0,00%",MTT,-600
04/05/2026,167656,Bigodinhopoker,None,1,"1,85",0," R$  2,85 ","35,09%","64,91%","0,00%",MTT,"-10,62"
04/05/2026,195873,pix195873,None,"2,54",0,"9,37"," R$  11,91 ","21,33%","0,00%","78,67%",PLO6,"-49,89"
04/05/2026,110402,BetoPz11,None,0,0,0, R$  -   ,,,,NLH,0
04/05/2026,125040,Mércia,None,0,"0,1",0," R$  0,10 ","0,00%","100,00%","0,00%",MTT,"0,52"
04/05/2026,133976,pix133976,None,0,0,0, R$  -   ,,,,NLH,0
04/05/2026,141774,pix141774,None,0,0,0, R$  -   ,,,,NLH,0
04/05/2026,145320,pix145320,None,0,0,0, R$  -   ,,,,NLH,0
04/05/2026,149578,atrevido2,None,0,0,0, R$  -   ,,,,NLH,0
04/05/2026,154364,TAV19,None,0,0,0, R$  -   ,,,,NLH,0
04/05/2026,160408,pix160408,None,0,0,0, R$  -   ,,,,NLH,0
04/05/2026,164085,DrawingDead,None,0,0,0, R$  -   ,,,,NLH,0
04/05/2026,165346,pix165346,None,0,0,0, R$  -   ,,,,NLH,0
04/05/2026,171995,pix171995,None,0,0,0, R$  -   ,,,,NLH,0
04/05/2026,172016,pix172016,None,0,0,0, R$  -   ,,,,NLH,0
04/05/2026,172026,pix172026,None,0,"0,1",0," R$  0,10 ","0,00%","100,00%","0,00%",MTT,"0,05"
04/05/2026,174153,ROYALE POKER AG,None,0,0,0, R$  -   ,,,,NLH,0
04/05/2026,176151,nabira,None,0,0,0, R$  -   ,,,,NLH,0
04/05/2026,176525,KKing,None,0,0,0, R$  -   ,,,,NLH,0
04/05/2026,176656,yuyu,None,0,0,0, R$  -   ,,,,NLH,0
04/05/2026,184776,Kilau,None,0,0,0, R$  -   ,,,,NLH,0
04/05/2026,189357,Tiquinho,None,0,0,0, R$  -   ,,,,NLH,0
04/05/2026,190634,pix190634,None,0,0,0, R$  -   ,,,,NLH,"0,51"
04/05/2026,103074,L4UR1,None,0,15,0," R$  15,00 ","0,00%","100,00%","0,00%",MTT,"686,5"
04/05/2026,167984,leidegaga,None,0,0,"0,88"," R$  0,88 ","0,00%","0,00%","100,00%",PLO6,"-0,14"
04/05/2026,132945,k99999,None,"3,23","19,8",0," R$  23,03 ","14,03%","85,97%","0,00%",MTT,"-107,84"
04/05/2026,145781,nandolemoos,None,"7,41","11,4",0," R$  18,81 ","39,39%","60,61%","0,00%",MTT,"-156,96"
04/05/2026,157821,eliasvilar,None,"29,13",0,0," R$  29,13 ","100,00%","0,00%","0,00%",NLH,"-99,39"
04/05/2026,195079,Malves,None,"17,15","2,1",0," R$  19,25 ","89,09%","10,91%","0,00%",NLH,"-29,89"
04/05/2026,168888,Scofieldd,None,"0,91",0,0," R$  0,91 ","100,00%","0,00%","0,00%",NLH,"-4,08"
04/05/2026,123490,largatixa,None,0,0,0, R$  -   ,,,,NLH,0
04/05/2026,124575,pix124575,None,0,0,0, R$  -   ,,,,NLH,0
04/05/2026,143199,Trobertom33,None,0,0,0, R$  -   ,,,,NLH,0
04/05/2026,143201,TR33,None,0,0,0, R$  -   ,,,,NLH,0
04/05/2026,153303,Marc Pk five,None,0,0,0, R$  -   ,,,,NLH,0
04/05/2026,153305,Marconi galego,None,0,0,0, R$  -   ,,,,NLH,"0,73"
04/05/2026,153713,noia.38off,None,0,0,0, R$  -   ,,,,NLH,0
04/05/2026,161802,Thiagom33,None,0,0,0, R$  -   ,,,,NLH,0
04/05/2026,161804,ThiagoMR,None,0,0,0, R$  -   ,,,,NLH,0
04/05/2026,163027,pix163027,None,0,0,0, R$  -   ,,,,NLH,0
04/05/2026,164056,TR34,None,0,0,0, R$  -   ,,,,NLH,0
04/05/2026,171114,Vapor Z/S,None,0,0,0, R$  -   ,,,,NLH,0
04/05/2026,173515,pix173515,None,0,0,0, R$  -   ,,,,NLH,0
04/05/2026,174860,Sheika,None,"0,4",0,0," R$  0,40 ","100,00%","0,00%","0,00%",NLH,0
04/05/2026,176746,Mark Ivey,None,0,0,0, R$  -   ,,,,NLH,0
04/05/2026,177012,Como Tchê,None,0,0,"2,09"," R$  2,09 ","0,00%","0,00%","100,00%",PLO6,"-0,43"
04/05/2026,177013,Leiguinho,None,0,0,0, R$  -   ,,,,NLH,0
04/05/2026,177126,duhx7,None,0,"0,2",0," R$  0,20 ","0,00%","100,00%","0,00%",MTT,"-1,25"
04/05/2026,180293,pix180293,None,0,0,0, R$  -   ,,,,NLH,0
04/05/2026,181996,pix181996,None,0,"0,2",0," R$  0,20 ","0,00%","100,00%","0,00%",MTT,"-0,14"
04/05/2026,186909,pix186909,None,0,0,0, R$  -   ,,,,NLH,0
04/05/2026,195877,straightrush,None,0,0,0, R$  -   ,,,,NLH,"1,8"
04/05/2026,195815,ggreal,None,0,0,"90,86"," R$  90,86 ","0,00%","0,00%","100,00%",PLO6,"-1587,13"
04/05/2026,194433,pix194433,None,0,0,"44,59"," R$  44,59 ","0,00%","0,00%","100,00%",PLO6,-69
04/05/2026,118640,WEASLEY,None,0,"82,9","642,03"," R$  724,93 ","0,00%","11,44%","88,56%",PLO6,"-3083,45"
04/05/2026,188016,pix188016,None,"51,02",0,0," R$  51,02 ","100,00%","0,00%","0,00%",NLH,"70,76"
04/05/2026,148572,pix148572,None,0,0,"218,52"," R$  218,52 ","0,00%","0,00%","100,00%",PLO6,-5219
04/05/2026,132364,El chapo33,None,0,0,0, R$  -   ,,,,NLH,0
04/05/2026,135400,Mercia09,None,0,0,0, R$  -   ,,,,NLH,0
04/05/2026,145204,Cebola do sertão,None,"0,41",0,"0,32"," R$  0,73 ","56,16%","0,00%","43,84%",NLH,0
04/05/2026,183758,pix183758,None,0,0,0, R$  -   ,,,,NLH,0
04/05/2026,185810,Silvio,None,0,0,0, R$  -   ,,,,NLH,0
04/05/2026,188843,Aniquilador,None,0,0,0, R$  -   ,,,,NLH,0
04/05/2026,189146,pix189146,None,0,0,0, R$  -   ,,,,NLH,0
04/05/2026,189150,pix189150,None,0,0,0, R$  -   ,,,,NLH,0
04/05/2026,189154,pix189154,None,0,0,0, R$  -   ,,,,NLH,0
04/05/2026,189158,pix189158,None,0,0,0, R$  -   ,,,,NLH,0
04/05/2026,192259,pix192259,None,0,"0,1","1,01"," R$  1,11 ","0,00%","9,01%","90,99%",PLO6,"-0,51"
04/05/2026,194860,FlushFlower,None,0,0,0, R$  -   ,,,,NLH,0
04/05/2026,195855,Toblerone,None,"14,3","10,35",0," R$  24,65 ","58,01%","41,99%","0,00%",NLH,"563,56"
04/05/2026,188073,Xtz34,None,0,14,0," R$  14,00 ","0,00%","100,00%","0,00%",MTT,-140
04/05/2026,195886,Bob Dealer,None,0,"7,3",0," R$  7,30 ","0,00%","100,00%","0,00%",MTT,"-72,36"
04/05/2026,143190,Erivan01,None,0,0,0, R$  -   ,,,,NLH,0
04/05/2026,143211,pix143211,None,0,0,0, R$  -   ,,,,NLH,0
04/05/2026,160409,erivandoido,None,0,0,0, R$  -   ,,,,NLH,0
04/05/2026,160410,aquarela,None,0,0,0, R$  -   ,,,,NLH,0
04/05/2026,160412,pix160412,None,0,0,0, R$  -   ,,,,NLH,0
04/05/2026,165307,mulukulo,None,0,0,0, R$  -   ,,,,NLH,0
04/05/2026,168276,pix168276,None,0,0,0, R$  -   ,,,,NLH,0
04/05/2026,170734,pix170734,None,0,0,0, R$  -   ,,,,NLH,0
04/05/2026,171644,kell,None,0,0,0, R$  -   ,,,,NLH,0
04/05/2026,171791,pix171791,None,0,0,0, R$  -   ,,,,NLH,0
04/05/2026,172258,pix172258,None,0,0,0, R$  -   ,,,,NLH,0
04/05/2026,179097,pix179097,None,0,0,0, R$  -   ,,,,NLH,"1,52"
04/05/2026,185700,BISAQUE,None,0,0,0, R$  -   ,,,,NLH,0
04/05/2026,187062,chacal$74,None,0,0,0, R$  -   ,,,,NLH,0
04/05/2026,188904,pix188904,None,0,0,0, R$  -   ,,,,NLH,"0,51"
04/05/2026,188905,MTTTt,None,0,0,0, R$  -   ,,,,NLH,"0,73"
04/05/2026,190633,pix190633,None,0,0,0, R$  -   ,,,,NLH,0
04/05/2026,192772,pix192772,None,0,0,0, R$  -   ,,,,NLH,0
04/05/2026,193920,pix193920,None,0,0,0, R$  -   ,,,,NLH,0
04/05/2026,194127,pix194127,None,0,0,0, R$  -   ,,,,NLH,0
04/05/2026,195891,pix195891,None,0,0,0, R$  -   ,,,,NLH,0
04/05/2026,195892,pix195892,None,0,0,0, R$  -   ,,,,NLH,0
04/05/2026,114345,Itaypava,None,0,0,"0,73"," R$  0,73 ","0,00%","0,00%","100,00%",PLO6,-4
04/05/2026,195645,Paco_Sc,None,"24,71",0,"59,56"," R$  84,27 ","29,32%","0,00%","70,68%",PLO6,17
04/05/2026,159659,T G,None,0,"2,1","363,33"," R$  365,43 ","0,00%","0,57%","99,43%",PLO6,"155,67"
04/05/2026,195759,pix195759,None,0,0,"7,9"," R$  7,90 ","0,00%","0,00%","100,00%",PLO6,-108
04/05/2026,162826,Wendly46,None,"15,58",0,0," R$  15,58 ","100,00%","0,00%","0,00%",NLH,-66
04/05/2026,195893,pix195893,None,"8,64",0,"1,11"," R$  9,75 ","88,62%","0,00%","11,38%",NLH,-82
04/05/2026,195890,Ronildo 2004,None,"2,22",0,"0,42"," R$  2,64 ","84,09%","0,00%","15,91%",NLH,-31
04/05/2026,195811,pix195811,None,"6,47","4,2",0," R$  10,67 ","60,64%","39,36%","0,00%",NLH,"-52,41"
04/05/2026,154739,Zé piqueno,None,0,0,0, R$  -   ,,,,NLH,0
04/05/2026,166342,R.o.H,None,0,0,0, R$  -   ,,,,NLH,0
04/05/2026,172470,优胜者,None,0,0,0, R$  -   ,,,,NLH,0
04/05/2026,145299,Sir Unknow,None,0,0,"1438,62"," R$  1.438,62 ","0,00%","0,00%","100,00%",PLO6,"4131,44"
04/05/2026,195905,SEV7N.exe,None,"5,12",0,"234,89"," R$  240,01 ","2,13%","0,00%","97,87%",PLO6,"-832,84"
04/05/2026,107807,Adriano Peixoto,None,"4,76",0,0," R$  4,76 ","100,00%","0,00%","0,00%",NLH,"-31,69"
04/05/2026,108114,BuGaD0,None,"7,14",0,0," R$  7,14 ","100,00%","0,00%","0,00%",NLH,"15,27"
04/05/2026,135268,bieldopastel,None,"3,54",0,0," R$  3,54 ","100,00%","0,00%","0,00%",NLH,"14,5"
04/05/2026,155385,pix155385,None,"1,51",0,0," R$  1,51 ","100,00%","0,00%","0,00%",NLH,"-10,86"
04/05/2026,118130,Renanloc,None,"3,66",0,0," R$  3,66 ","100,00%","0,00%","0,00%",NLH,-50
04/05/2026,165639,VS 21,None,"2,39",0,0," R$  2,39 ","100,00%","0,00%","0,00%",NLH,"-30,82"
04/05/2026,171655,BayHarbor,None,"9,87",0,0," R$  9,87 ","100,00%","0,00%","0,00%",NLH,-50
04/05/2026,135267,hugomais,None,"20,25",5,0," R$  25,25 ","80,20%","19,80%","0,00%",NLH,"-104,73"
04/05/2026,145767,pix145767,None,0,0,"61,71"," R$  61,71 ","0,00%","0,00%","100,00%",PLO6,"-167,25"
04/05/2026,171217,xLordRandall,None,0,"1,7",0," R$  1,70 ","0,00%","100,00%","0,00%",MTT,-17
04/05/2026,190234,pix190234,None,0,"1,45",0," R$  1,45 ","0,00%","100,00%","0,00%",MTT,"-14,5"
04/05/2026,172110,JACAREZINHO,None,"9,13",0,0," R$  9,13 ","100,00%","0,00%","0,00%",NLH,"-5,33"
04/05/2026,195908,214lves,None,"11,61",0,0," R$  11,61 ","100,00%","0,00%","0,00%",NLH,-67
04/05/2026,136910,AndreyPoker1,None,0,0,0, R$  -   ,,,,NLH,0
04/05/2026,138629,baianinhodemaua_,None,0,0,0, R$  -   ,,,,NLH,0
04/05/2026,149121,Jucelio,None,0,0,0, R$  -   ,,,,NLH,0
04/05/2026,156815,bolo fofo,None,0,0,0, R$  -   ,,,,NLH,0
04/05/2026,167737,vinijr7,None,0,0,0, R$  -   ,,,,NLH,0
04/05/2026,168077,Sarkozy77,None,0,0,0, R$  -   ,,,,NLH,0
04/05/2026,172043,GuiAL,None,0,0,0, R$  -   ,,,,NLH,0
04/05/2026,180033,itsbacana,None,0,0,0, R$  -   ,,,,NLH,"1,05"
04/05/2026,185701,gato a jato,None,0,0,0, R$  -   ,,,,NLH,0
04/05/2026,186055,xilitinho,None,0,0,0, R$  -   ,,,,NLH,0
04/05/2026,186056,pix186056,None,0,0,0, R$  -   ,,,,NLH,0
04/05/2026,186831,Andriel,None,0,0,0, R$  -   ,,,,NLH,0
04/05/2026,188902,pix188902,None,"0,17",0,"0,01"," R$  0,18 ","94,44%","0,00%","5,56%",NLH,"-0,03"
04/05/2026,190818,lascado,None,0,0,0, R$  -   ,,,,NLH,0
04/05/2026,191492,charles Thierry,None,0,0,0, R$  -   ,,,,NLH,0
04/05/2026,193437,pix193437,None,0,0,0, R$  -   ,,,,NLH,0
04/05/2026,195898,pix195898,None,0,0,0, R$  -   ,,,,NLH,0
04/05/2026,195899,pix195899,None,0,0,0, R$  -   ,,,,NLH,0
04/05/2026,195900,pix195900,None,0,0,0, R$  -   ,,,,NLH,0
04/05/2026,195901,pix195901,None,0,0,0, R$  -   ,,,,NLH,0
04/05/2026,195902,pix195902,None,0,0,0, R$  -   ,,,,NLH,0
04/05/2026,195904,pix195904,None,0,0,0, R$  -   ,,,,NLH,0
04/05/2026,195665,Mendes26,None,"0,44",0,0," R$  0,44 ","100,00%","0,00%","0,00%",NLH,"-3,65"
04/05/2026,102474,Nisha,None,0,2,0," R$  2,00 ","0,00%","100,00%","0,00%",MTT,-20
04/05/2026,192767,Mobubuzu,None,0,"0,6",0," R$  0,60 ","0,00%","100,00%","0,00%",MTT,-6
04/05/2026,142781,joao8893,None,"1,03",0,"1,33"," R$  2,36 ","43,64%","0,00%","56,36%",PLO6,"19,84"
04/05/2026,195528,pix195528,None,"16,28",0,0," R$  16,28 ","100,00%","0,00%","0,00%",NLH,-35
04/05/2026,150541,MaldsNeto,None,0,"1,7",0," R$  1,70 ","0,00%","100,00%","0,00%",MTT,-17
04/05/2026,154652,BB das Rima,None,0,0,"121,17"," R$  121,17 ","0,00%","0,00%","100,00%",PLO6,"-1069,2"
04/05/2026,195620,vertmont,None,"29,39",0,0," R$  29,39 ","100,00%","0,00%","0,00%",NLH,"-36,47"
04/05/2026,195907,Toji,None,"17,31",0,"0,01"," R$  17,32 ","99,94%","0,00%","0,06%",NLH,"-30,62"
04/05/2026,115860,imbroxavel,None,0,0,"30,2"," R$  30,20 ","0,00%","0,00%","100,00%",PLO6,36
04/05/2026,145859,Walber_,None,0,0,0, R$  -   ,,,,NLH,0
04/05/2026,156401,slcNcompensa,None,0,0,0, R$  -   ,,,,NLH,0
04/05/2026,162785,BlackRiver,None,0,0,0, R$  -   ,,,,NLH,0
04/05/2026,171136,vainotrem,None,0,0,0, R$  -   ,,,,NLH,0
04/05/2026,172607,pix172607,None,0,0,0, R$  -   ,,,,NLH,0
04/05/2026,179715,joker777louco,None,0,"0,3",0," R$  0,30 ","0,00%","100,00%","0,00%",MTT,-3
04/05/2026,179716,51épingachoraporco,None,0,0,0, R$  -   ,,,,NLH,0
04/05/2026,182860,Pesadoo,None,0,0,0, R$  -   ,,,,NLH,"2,14"
04/05/2026,184773,pix184773,None,0,0,0, R$  -   ,,,,NLH,0
04/05/2026,188325,pix188325,None,0,0,0, R$  -   ,,,,NLH,0
04/05/2026,189016,Cicinh0,None,0,0,0, R$  -   ,,,,NLH,0
04/05/2026,194353,pasteldefeira,None,0,"0,8",0," R$  0,80 ","0,00%","100,00%","0,00%",MTT,"-3,46"
04/05/2026,113116,ZacQQ,None,"0,95",0,"2,6"," R$  3,55 ","26,76%","0,00%","73,24%",PLO6,-20
04/05/2026,164041,espetinhodosandro,None,"0,07","0,5","0,24"," R$  0,81 ","8,64%","61,73%","29,63%",MTT,"-0,6"
04/05/2026,171661,joseneto77,None,"0,04","4,4",0," R$  4,44 ","0,90%","99,10%","0,00%",MTT,"176,56"
04/05/2026,194973,wolf777,None,0,0,"33,85"," R$  33,85 ","0,00%","0,00%","100,00%",PLO6,"314,87"
04/05/2026,185360,T7off,None,0,0,"18,2"," R$  18,20 ","0,00%","0,00%","100,00%",PLO6,-200
04/05/2026,195162,pix195162,None,"13,97",1,"27,56"," R$  42,53 ","32,85%","2,35%","64,80%",PLO6,-44
04/05/2026,195552,CREU!,None,0,0,"2,84"," R$  2,84 ","0,00%","0,00%","100,00%",PLO6,-30
04/05/2026,112930,Betopequeno,None,0,0,"10,24"," R$  10,24 ","0,00%","0,00%","100,00%",PLO6,-208
04/05/2026,195931,pix195931,None,0,0,"6,56"," R$  6,56 ","0,00%","0,00%","100,00%",PLO6,-100
04/05/2026,195928,pix195928,None,"0,2",0,"1,1"," R$  1,30 ","15,38%","0,00%","84,62%",PLO6,-5
04/05/2026,146725,Mestre Dos Magis,None,"1,38",0,0," R$  1,38 ","100,00%","0,00%","0,00%",NLH,-20
04/05/2026,195927,pix195927,None,"12,78",0,"9,88"," R$  22,66 ","56,40%","0,00%","43,60%",NLH,-149
04/05/2026,189022,LadieStars,None,0,3,0," R$  3,00 ","0,00%","100,00%","0,00%",MTT,-30
04/05/2026,153307,carinhadenenem,None,"0,31",0,"0,01"," R$  0,32 ","96,88%","0,00%","3,13%",NLH,"0,01"
04/05/2026,187827,Calibre_38,None,0,0,"0,06"," R$  0,06 ","0,00%","0,00%","100,00%",PLO6,"4,12"
04/05/2026,136368,balakauu,None,0,"4,6",0," R$  4,60 ","0,00%","100,00%","0,00%",MTT,-46
04/05/2026,146622,Silvio Santos poker,None,0,0,0, R$  -   ,,,,NLH,0
04/05/2026,156380,Goku Lombrado,None,0,0,0, R$  -   ,,,,NLH,0
04/05/2026,156387,Mai Tá Certo,None,0,0,0, R$  -   ,,,,NLH,0
04/05/2026,158991,Frodo Baggins,None,0,0,0, R$  -   ,,,,NLH,0
04/05/2026,195797,Putiane?,None,0,0,0, R$  -   ,,,,NLH,0
04/05/2026,195929,cúverde,None,0,0,0, R$  -   ,,,,NLH,0
04/05/2026,156961,brianeltink11,None,0,2,0," R$  2,00 ","0,00%","100,00%","0,00%",MTT,"-18,4"
04/05/2026,153989,"ALAGOAS""CSA",None,"0,71",0,0," R$  0,71 ","100,00%","0,00%","0,00%",NLH,-8
04/05/2026,195933,pix195933,None,"0,78",0,0," R$  0,78 ","100,00%","0,00%","0,00%",NLH,"-3,75"
04/05/2026,106260,kidpoker,None,0,0,0, R$  -   ,,,,NLH,0
04/05/2026,112267,vinicartas,None,0,0,0, R$  -   ,,,,NLH,0
04/05/2026,148477,eleitor do lula,None,0,0,0, R$  -   ,,,,NLH,"0,86"
04/05/2026,153455,Scalybu,None,0,0,0, R$  -   ,,,,NLH,0
04/05/2026,153458,Scooby Doo,None,0,0,0, R$  -   ,,,,NLH,0
04/05/2026,153460,Trimilique Pudim,None,0,0,0, R$  -   ,,,,NLH,0
04/05/2026,154646,Robben,None,0,0,0, R$  -   ,,,,NLH,0
04/05/2026,156017,Manda100Manda50,None,0,0,0, R$  -   ,,,,NLH,0
04/05/2026,157881,manda o pix,None,0,0,0, R$  -   ,,,,NLH,0
04/05/2026,195940,pix195940,None,"23,78",0,0," R$  23,78 ","100,00%","0,00%","0,00%",NLH,"155,23"
04/05/2026,137128,glagares,None,0,0,"3,65"," R$  3,65 ","0,00%","0,00%","100,00%",PLO6,-50
04/05/2026,152671,Laelzito,None,"1,94",0,0," R$  1,94 ","100,00%","0,00%","0,00%",NLH,-20
04/05/2026,106526,Malandro,None,"8,84",0,0," R$  8,84 ","100,00%","0,00%","0,00%",NLH,48
04/05/2026,152009,NsMM,None,"0,23",0,0," R$  0,23 ","100,00%","0,00%","0,00%",NLH,"1,49"
04/05/2026,195639,pix195639,None,"9,29",0,0," R$  9,29 ","100,00%","0,00%","0,00%",NLH,"-40,7"
04/05/2026,195945,pix195945,None,"9,1",0,0," R$  9,10 ","100,00%","0,00%","0,00%",NLH,-14
04/05/2026,117288,Bullįtt,None,"5,59",0,"0,07"," R$  5,66 ","98,76%","0,00%","1,24%",NLH,"-41,03"
04/05/2026,195937,Borracha,None,"20,3",0,0," R$  20,30 ","100,00%","0,00%","0,00%",NLH,-124
04/05/2026,195934,ribeiropha,None,0,"11,2",0," R$  11,20 ","0,00%","100,00%","0,00%",MTT,-112
04/05/2026,195935,pix195935,None,0,"17,05","2,18"," R$  19,23 ","0,00%","88,66%","11,34%",MTT,-200
04/05/2026,110855,RodrigoVerdaoAA,None,0,0,0, R$  -   ,,,,NLH,0
04/05/2026,123166,bryanwinner,None,0,0,0, R$  -   ,,,,NLH,0
04/05/2026,138679,BadbitAA,None,0,0,0, R$  -   ,,,,NLH,"7,22"
04/05/2026,139373,BOLOTEEEEEE,None,0,0,0, R$  -   ,,,,NLH,0
04/05/2026,143790,Bleff,None,0,0,0, R$  -   ,,,,NLH,"1,11"
04/05/2026,159745,pix159745,None,0,0,0, R$  -   ,,,,NLH,0
04/05/2026,177060,pix177060,None,0,0,0, R$  -   ,,,,NLH,0
04/05/2026,181074,pix181074,None,0,0,0, R$  -   ,,,,NLH,0
04/05/2026,181567,pix181567,None,0,0,0, R$  -   ,,,,NLH,0
04/05/2026,181568,pix181568,None,0,0,0, R$  -   ,,,,NLH,0
04/05/2026,181570,pix181570,None,0,0,0, R$  -   ,,,,NLH,0
04/05/2026,195248,enzoJJ,None,0,0,0, R$  -   ,,,,NLH,0
04/05/2026,195885,pix195885,None,0,0,0, R$  -   ,,,,NLH,0
04/05/2026,195938,pix195938,None,0,0,"33,92"," R$  33,92 ","0,00%","0,00%","100,00%",PLO6,-1000
04/05/2026,186329,gabrielmnds,None,0,1,0," R$  1,00 ","0,00%","100,00%","0,00%",MTT,-10
04/05/2026,195939,pix195939,None,"6,51",2,0," R$  8,51 ","76,50%","23,50%","0,00%",NLH,-80
04/05/2026,162831,FabioPirata,None,0,9,0," R$  9,00 ","0,00%","100,00%","0,00%",MTT,-90
04/05/2026,194345,gasparorcajo,None,0,87,0," R$  87,00 ","0,00%","100,00%","0,00%",MTT,-870
04/05/2026,148971,pix148971,None,0,20,0," R$  20,00 ","0,00%","100,00%","0,00%",MTT,-200
04/05/2026,195926,pix195926,None,0,12,0," R$  12,00 ","0,00%","100,00%","0,00%",MTT,-120
04/05/2026,150865,Aciole,None,0,8,0," R$  8,00 ","0,00%","100,00%","0,00%",MTT,0
04/05/2026,154087,123?,None,0,8,0," R$  8,00 ","0,00%","100,00%","0,00%",MTT,0
04/05/2026,176263,pix176263,None,0,26,0," R$  26,00 ","0,00%","100,00%","0,00%",MTT,-260
04/05/2026,195837,Lucas Casagrande,None,0,8,0," R$  8,00 ","0,00%","100,00%","0,00%",MTT,-80
04/05/2026,195936,pix195936,None,0,26,0," R$  26,00 ","0,00%","100,00%","0,00%",MTT,-260
04/05/2026,189674,pix189674,None,"9,53",0,0," R$  9,53 ","100,00%","0,00%","0,00%",NLH,"-53,34"
04/05/2026,195946,pix195946,None,"3,71",0,0," R$  3,71 ","100,00%","0,00%","0,00%",NLH,-60
04/05/2026,144895,pix144895,None,0,"1,5",0," R$  1,50 ","0,00%","100,00%","0,00%",MTT,-15
04/05/2026,115848,L.M?,None,0,0,"3,18"," R$  3,18 ","0,00%","0,00%","100,00%",PLO6,"29,08"
04/05/2026,157769,vpzera,AF - LEANDRO,"2,76","11,8",1," R$  15,56 ","17,74%","75,84%","6,43%",MTT,"27,49"
04/05/2026,170947,vofoldar,AF - LEANDRO,"1,53","48,6",0," R$  50,13 ","3,05%","96,95%","0,00%",MTT,"-221,64"
04/05/2026,117424,ManoPepa ??,AF - LEANDRO,"22,01",0,"84,66"," R$  106,67 ","20,63%","0,00%","79,37%",PLO6,"175,62"
04/05/2026,158242,pix158242,AF - LEANDRO,"1,67",0,"67,73"," R$  69,40 ","2,41%","0,00%","97,59%",PLO6,"-131,08"
04/05/2026,112206,thebest,AF - LEANDRO,0,"0,1","185,71"," R$  185,81 ","0,00%","0,05%","99,95%",PLO6,"427,88"
04/05/2026,130833,joakspk,AF - LEANDRO,0,"0,5",0," R$  0,50 ","0,00%","100,00%","0,00%",MTT,"7,04"
04/05/2026,132060,GAAALLLOOOOOOOOO,AF - LEANDRO,0,0,0, R$  -   ,,,,NLH,0
04/05/2026,136662,PERICANO,AF - LEANDRO,"1,72",0,"10,07"," R$  11,79 ","14,59%","0,00%","85,41%",PLO6,"1,32"
04/05/2026,146053,MANDALORIAN-146053,AF - LEANDRO,0,"0,4",0," R$  0,40 ","0,00%","100,00%","0,00%",MTT,"14,21"
04/05/2026,151420,pitbul,AF - LEANDRO,"3,76",0,"31,03"," R$  34,79 ","10,81%","0,00%","89,19%",PLO6,-108
04/05/2026,119181,AstecK,AF - LEANDRO,"81,21",0,"1,06"," R$  82,27 ","98,71%","0,00%","1,29%",NLH,"117,31"
04/05/2026,133735,Balodinhosx777,AF - LEANDRO,"1,27","0,1","15,17"," R$  16,54 ","7,68%","0,60%","91,72%",PLO6,-32
04/05/2026,151970,METEORO,AF - LEANDRO,0,0,"7,15"," R$  7,15 ","0,00%","0,00%","100,00%",PLO6,"-83,38"
04/05/2026,158350,ZEDUPEIXE,AF - LEANDRO,"22,83",3,"30,61"," R$  56,44 ","40,45%","5,32%","54,23%",PLO6,"257,82"
04/05/2026,155125,NUTS ????,AF - LEANDRO,"7,91","0,3","1,55"," R$  9,76 ","81,05%","3,07%","15,88%",NLH,"-48,56"
04/05/2026,146272,A??,AF - LEANDRO,"3,96","25,4","0,85"," R$  30,21 ","13,11%","84,08%","2,81%",MTT,-272
04/05/2026,152368,TôNemAÍ,AF - LEANDRO,0,"27,2","8,26"," R$  35,46 ","0,00%","76,71%","23,29%",MTT,"-248,89"
04/05/2026,156136,jucazao_81,AF - LEANDRO,0,0,"16,35"," R$  16,35 ","0,00%","0,00%","100,00%",PLO6,-90
04/05/2026,105336,Mestre Coringa,AF - LEANDRO,"4,58",3,"18,22"," R$  25,80 ","17,75%","11,63%","70,62%",PLO6,"69,64"
04/05/2026,108942,Galeego,AF - LEANDRO,"44,82",0,"10,29"," R$  55,11 ","81,33%","0,00%","18,67%",NLH,"142,37"
04/05/2026,171573,Gabriel.Lacerda,AF - LEANDRO,"422,9","9,2","22,66"," R$  454,76 ","92,99%","2,02%","4,98%",NLH,"-110,32"
04/05/2026,152138,jlucas283941,AF - LEANDRO,"1,88","168,5",0," R$  170,38 ","1,10%","98,90%","0,00%",MTT,"-37,08"
04/05/2026,156755,perereco,AF - LEANDRO,"7,18",1,"455,03"," R$  463,21 ","1,55%","0,22%","98,23%",PLO6,-1136
04/05/2026,157541,LucasLeite,AF - LEANDRO,"3,32",0,"8,38"," R$  11,70 ","28,38%","0,00%","71,62%",PLO6,-12
04/05/2026,162745,TOMATao,AF - LEANDRO,0,0,"3,16"," R$  3,16 ","0,00%","0,00%","100,00%",PLO6,"-31,04"
04/05/2026,165787,Azarado22,AF - LEANDRO,"1,6",0,"34,58"," R$  36,18 ","4,42%","0,00%","95,58%",PLO6,"-104,45"
04/05/2026,140127,so nuts,AF - LEANDRO,"0,48",0,"130,17"," R$  130,65 ","0,37%","0,00%","99,63%",PLO6,"-481,63"
04/05/2026,176575,Vela,AF - LEANDRO,"200,06",0,0," R$  200,06 ","100,00%","0,00%","0,00%",NLH,"-429,02"
04/05/2026,153437,edimar delicia,AF - LEANDRO,"0,21","5,4",0," R$  5,61 ","3,74%","96,26%","0,00%",MTT,"-46,59"
04/05/2026,160798,necrótico?,AF - LEANDRO,0,"43,7",0," R$  43,70 ","0,00%","100,00%","0,00%",MTT,"82,48"
04/05/2026,153971,pix153971,AF - LEANDRO,0,0,"740,32"," R$  740,32 ","0,00%","0,00%","100,00%",PLO6,"-1914,16"
04/05/2026,139265,DiegoPicaPau,AF - LEANDRO,"0,57","4,7",0," R$  5,27 ","10,82%","89,18%","0,00%",MTT,"-34,83"
04/05/2026,125576,Sdcam011,AF - LEANDRO,0,"1,5",0," R$  1,50 ","0,00%","100,00%","0,00%",MTT,"1,84"
04/05/2026,127645,Erick Vinny,AF - LEANDRO,"3,37",0,0," R$  3,37 ","100,00%","0,00%","0,00%",NLH,-8
04/05/2026,143578,Drxx,AF - LEANDRO,"19,06","27,14",0," R$  46,20 ","41,26%","58,74%","0,00%",MTT,"642,95"
04/05/2026,167302,DrOpenHeimer,AF - LEANDRO,0,"0,1",0," R$  0,10 ","0,00%","100,00%","0,00%",MTT,-1
04/05/2026,168454,G2___,AF - LEANDRO,"2,79","0,1","0,52"," R$  3,41 ","81,82%","2,93%","15,25%",NLH,-9
04/05/2026,172006,Moreira Filho,AF - LEANDRO,0,0,0, R$  -   ,,,,NLH,0
04/05/2026,173137,Batllesquiva,AF - LEANDRO,0,0,0, R$  -   ,,,,NLH,0
04/05/2026,171210,Coringa??,AF - LEANDRO,0,"10,5",0," R$  10,50 ","0,00%","100,00%","0,00%",MTT,-105
04/05/2026,140434,Risotto,AF - LEANDRO,"0,93","7,9",0," R$  8,83 ","10,53%","89,47%","0,00%",MTT,-79
04/05/2026,183953,GordoNuts,AF - LEANDRO,0,"0,5",0," R$  0,50 ","0,00%","100,00%","0,00%",MTT,-5
04/05/2026,154475,DENVER,AF - LEANDRO,"0,46","34,94",0," R$  35,40 ","1,30%","98,70%","0,00%",MTT,"404,6"
04/05/2026,150696,Derel?,AF - LEANDRO,"33,42",0,0," R$  33,42 ","100,00%","0,00%","0,00%",NLH,-82
04/05/2026,155238,RigoShelbyy,AF - LEANDRO,"6,69",0,0," R$  6,69 ","100,00%","0,00%","0,00%",NLH,-34
04/05/2026,152313,JP777,AF - LEANDRO,0,"1,7",0," R$  1,70 ","0,00%","100,00%","0,00%",MTT,-17
04/05/2026,162734,abdujaballl,AF - LEANDRO,0,"0,3",0," R$  0,30 ","0,00%","100,00%","0,00%",MTT,-3
04/05/2026,165311,boruto,AF - LEANDRO,0,"0,1",0," R$  0,10 ","0,00%","100,00%","0,00%",MTT,"-0,42"
04/05/2026,135735,Tchamba,AF - LEANDRO,0,0,"73,51"," R$  73,51 ","0,00%","0,00%","100,00%",PLO6,"158,15"
04/05/2026,164460,J h o n z i n h o10k,AF - LEANDRO,"2,55","6,2","49,59"," R$  58,34 ","4,37%","10,63%","85,00%",PLO6,-229
04/05/2026,135527,KayaTT,AF - LEANDRO,"2,43","0,5",0," R$  2,93 ","82,94%","17,06%","0,00%",NLH,-25
04/05/2026,155377,GabrielFallett,AF - LEANDRO,0,0,0, R$  -   ,,,,NLH,0
04/05/2026,156730,atrevido3,AF - LEANDRO,0,0,0, R$  -   ,,,,NLH,0
04/05/2026,159010,MESTRESHEIK,AF - LEANDRO,0,0,0, R$  -   ,,,,NLH,"0,51"
04/05/2026,170781,Ester S,AF - LEANDRO,0,0,0, R$  -   ,,,,NLH,0
04/05/2026,111763,patifari@ poker,AF - LEANDRO,"53,98","25,3",0," R$  79,28 ","68,09%","31,91%","0,00%",NLH,"409,17"
04/05/2026,102939,HirlleSousa,AF - LEANDRO,0,"0,1",0," R$  0,10 ","0,00%","100,00%","0,00%",MTT,"0,11"
04/05/2026,149115,carlito157,AF - LEANDRO,0,"0,2","2,01"," R$  2,21 ","0,00%","9,05%","90,95%",PLO6,"-9,03"
04/05/2026,153398,741520,AF - LEANDRO,0,0,0, R$  -   ,,,,NLH,0
04/05/2026,165375,SAROBEIRO ?,AF - LEANDRO,"5,52",0,"41,43"," R$  46,95 ","11,76%","0,00%","88,24%",PLO6,"-151,73"
04/05/2026,158000,MoRPhEo,AF - LEANDRO,"9,48",0,0," R$  9,48 ","100,00%","0,00%","0,00%",NLH,"49,96"
04/05/2026,177738,Clarinha157,AF - LEANDRO,"6,04",0,0," R$  6,04 ","100,00%","0,00%","0,00%",NLH,"-2,47"
04/05/2026,146222,YpiokAA,AF - LEANDRO,0,0,"59,19"," R$  59,19 ","0,00%","0,00%","100,00%",PLO6,-341
04/05/2026,159560,maumaudastramanhas,AF - LEANDRO,"14,7",0,0," R$  14,70 ","100,00%","0,00%","0,00%",NLH,"-41,14"
04/05/2026,153141,Arthur2mm,AF - LEANDRO,"23,3","0,5","6,14"," R$  29,94 ","77,82%","1,67%","20,51%",NLH,-68
04/05/2026,146963,kinho011,AF - LEANDRO,0,"0,1",0," R$  0,10 ","0,00%","100,00%","0,00%",MTT,"-0,07"
04/05/2026,147243,BiaFreitas,AF - LEANDRO,0,0,0, R$  -   ,,,,NLH,0
04/05/2026,147363,FreitasJr,AF - LEANDRO,0,"0,2",0," R$  0,20 ","0,00%","100,00%","0,00%",MTT,"-0,03"
04/05/2026,114406,perna longa,AF - LEANDRO,"1,51",0,"16,08"," R$  17,59 ","8,58%","0,00%","91,42%",PLO6,49
04/05/2026,121205,nylmar,AF - LEANDRO,0,"3,5",0," R$  3,50 ","0,00%","100,00%","0,00%",MTT,-35
04/05/2026,157911,33,AF - LEANDRO,0,"3,7",0," R$  3,70 ","0,00%","100,00%","0,00%",MTT,-37
04/05/2026,139541,Boca,AF - LEANDRO,"11,57","0,5","5,85"," R$  17,92 ","64,56%","2,79%","32,65%",NLH,"15,7"
04/05/2026,142316,Tomzera Apelão,AF - LEANDRO,"3,74","10,3","11,01"," R$  25,05 ","14,93%","41,12%","43,95%",PLO6,"-173,64"
04/05/2026,129998,Gengis Khan,AF - LEANDRO,"1,89",0,0," R$  1,89 ","100,00%","0,00%","0,00%",NLH,-27
04/05/2026,138132,Petrolina SFC,AF - LEANDRO,0,0,0, R$  -   ,,,,NLH,0
04/05/2026,145256,FabrícioVoctor,AF - LEANDRO,0,0,0, R$  -   ,,,,NLH,0
04/05/2026,194136,paracatu,AF - LEANDRO,0,"4,34",0," R$  4,34 ","0,00%","100,00%","0,00%",MTT,"-42,63"
04/05/2026,110187,pix110187,AF - LEANDRO,"7,36",0,"3,44"," R$  10,80 ","68,15%","0,00%","31,85%",NLH,-83
04/05/2026,152328,ALEMDALOMBRA??,AF - LEANDRO,"131,72",0,0," R$  131,72 ","100,00%","0,00%","0,00%",NLH,"397,04"
04/05/2026,164147,DavidRam,AF - LEANDRO,"10,54",0,"3,55"," R$  14,09 ","74,80%","0,00%","25,20%",NLH,-90
04/05/2026,144856,RaffaJoker,AF - LEANDRO,0,0,0, R$  -   ,,,,NLH,0
04/05/2026,153680,ToGi,AF - LEANDRO,0,8,0," R$  8,00 ","0,00%","100,00%","0,00%",MTT,-80
04/05/2026,150617,urameshi,AF - LEANDRO,0,"0,5",0," R$  0,50 ","0,00%","100,00%","0,00%",MTT,"16,81"
04/05/2026,156079,Alyson01,AF - LEANDRO,0,"0,1",0," R$  0,10 ","0,00%","100,00%","0,00%",MTT,-1
04/05/2026,148508,atrevido,AF - LEANDRO,0,0,0, R$  -   ,,,,NLH,0
04/05/2026,139476,willamys,AF - LEANDRO,"11,8","3,5","13,4"," R$  28,70 ","41,11%","12,20%","46,69%",PLO6,-59
04/05/2026,148430,marquindopoker,AF - LEANDRO,"5,5",0,0," R$  5,50 ","100,00%","0,00%","0,00%",NLH,-20
04/05/2026,149792,EDNEYZINPOKER,AF - LEANDRO,"13,63",0,"1,65"," R$  15,28 ","89,20%","0,00%","10,80%",NLH,-70
04/05/2026,162657,xiiu,AF - LEANDRO,"3,04",0,0," R$  3,04 ","100,00%","0,00%","0,00%",NLH,-52
04/05/2026,179740,energyronald,AF - LEANDRO,"2,67",0,0," R$  2,67 ","100,00%","0,00%","0,00%",NLH,-26
04/05/2026,138374,pix138374,AF - LEANDRO,0,0,0, R$  -   ,,,,NLH,0
04/05/2026,156447,QuebraBanca,AF - LEANDRO,"3,87",0,0," R$  3,87 ","100,00%","0,00%","0,00%",NLH,"11,25"
04/05/2026,107566,BruxoAl,AF - LEANDRO,0,"11,05",0," R$  11,05 ","0,00%","100,00%","0,00%",MTT,"-110,5"
04/05/2026,180159,JOT4ÉRRE,AF - LEANDRO,0,1,0," R$  1,00 ","0,00%","100,00%","0,00%",MTT,-10
04/05/2026,159067,Brenooo,AF - LEANDRO,0,0,"24,63"," R$  24,63 ","0,00%","0,00%","100,00%",PLO6,-48
04/05/2026,114556,Santista Roxo,AF - LEANDRO,0,0,0, R$  -   ,,,,NLH,"1,11"
04/05/2026,163958,Netobala,AF - LEANDRO,0,0,0, R$  -   ,,,,NLH,0
04/05/2026,150298,Msanto,AF - LEANDRO,"2,3",0,0," R$  2,30 ","100,00%","0,00%","0,00%",NLH,"19,83"
04/05/2026,151610,general,AF - LEANDRO,0,"1,8",0," R$  1,80 ","0,00%","100,00%","0,00%",MTT,-18
04/05/2026,193714,pix193714,AF - LEANDRO,0,0,0, R$  -   ,,,,NLH,0
04/05/2026,147889,Nc12,AF - LEANDRO,0,0,"9,52"," R$  9,52 ","0,00%","0,00%","100,00%",PLO6,"1,97"
04/05/2026,143787,bobdilanGOOD,AF - LEANDRO,"0,24",0,0," R$  0,24 ","100,00%","0,00%","0,00%",NLH,-4
04/05/2026,151135,tutu151135,AF - LEANDRO,0,0,"5,53"," R$  5,53 ","0,00%","0,00%","100,00%",PLO6,-108
04/05/2026,171775,Popo2519,AF - LEANDRO,0,"5,4",0," R$  5,40 ","0,00%","100,00%","0,00%",MTT,-54
04/05/2026,141565,shameless,AF - LEANDRO,"0,22",0,"1,78"," R$  2,00 ","11,00%","0,00%","89,00%",PLO6,-32
04/05/2026,139289,JoaoAdibe,AF - LEANDRO,0,13,"307,95"," R$  320,95 ","0,00%","4,05%","95,95%",PLO6,"-610,34"
04/05/2026,130760,B L O S,AF - LEANDRO,0,0,"2,56"," R$  2,56 ","0,00%","0,00%","100,00%",PLO6,"-35,94"
04/05/2026,150323,CAIPISXIT,AF - LEANDRO,0,0,0, R$  -   ,,,,NLH,0
04/05/2026,163914,KronoZ,AF - LEANDRO,0,0,"1,58"," R$  1,58 ","0,00%","0,00%","100,00%",PLO6,"-10,81"
04/05/2026,138504,Pilantragem,AF - LEANDRO,0,0,23," R$  23,00 ","0,00%","0,00%","100,00%",PLO6,-100
04/05/2026,153698,Ojuara??,AF - LEANDRO,0,10,0," R$  10,00 ","0,00%","100,00%","0,00%",MTT,-100
04/05/2026,151379,Garel?,AF - LEANDRO,"1,5",0,0," R$  1,50 ","100,00%","0,00%","0,00%",NLH,-19
04/05/2026,194205,pix194205,AF - LEANDRO,0,0,"11,62"," R$  11,62 ","0,00%","0,00%","100,00%",PLO6,-50
04/05/2026,180200,WilsonB,AF - LEANDRO,0,0,0, R$  -   ,,,,NLH,0
04/05/2026,166162,Homer LABS,AF - LEANDRO,0,0,"32,48"," R$  32,48 ","0,00%","0,00%","100,00%",PLO6,"7,13"
04/05/2026,153963,Bandeira10,AF - LEANDRO,0,0,0, R$  -   ,,,,NLH,0
04/05/2026,154852,enejota,AF - LEANDRO,0,2,0," R$  2,00 ","0,00%","100,00%","0,00%",MTT,-20
04/05/2026,172533,Cravei ?,AF - PHYETRO,0,"535,6","247,9"," R$  783,50 ","0,00%","68,36%","31,64%",MTT,"3310,22"
04/05/2026,173287,FlipGrind,AF - PHYETRO,0,"120,2",0," R$  120,20 ","0,00%","100,00%","0,00%",MTT,"484,27"
04/05/2026,173802,TonyRedgrave,AF - PHYETRO,0,"155,5","73,55"," R$  229,05 ","0,00%","67,89%","32,11%",MTT,"-1137,92"
04/05/2026,101831,Faz o K,AF - PHYETRO,0,"170,5","9,11"," R$  179,61 ","0,00%","94,93%","5,07%",MTT,"-1013,24"
04/05/2026,102446,MD420,AF - PHYETRO,0,220,"167,21"," R$  387,21 ","0,00%","56,82%","43,18%",MTT,"3045,3"
04/05/2026,102551,Felipe Dylon,AF - PHYETRO,0,90,0," R$  90,00 ","0,00%","100,00%","0,00%",MTT,"554,74"
04/05/2026,193650,Dog$,AF - MATHEUS HENRIQU,"21,81","45,6",984," R$  1.051,41 ","2,07%","4,34%","93,59%",PLO6,"-795,52"
04/05/2026,111265,henry.22,AF - MATHEUS HENRIQU,"7,86",0,"70,33"," R$  78,19 ","10,05%","0,00%","89,95%",PLO6,"-290,8"
04/05/2026,194363,meydson,AF - MATHEUS HENRIQU,"6,81",0,0," R$  6,81 ","100,00%","0,00%","0,00%",NLH,7
04/05/2026,155779,RomeuJr,AF - MATHEUS HENRIQU,0,0,"147,97"," R$  147,97 ","0,00%","0,00%","100,00%",PLO6,"-852,55"
04/05/2026,160621,Débora Araújo,AF - MATHEUS HENRIQU,0,0,0, R$  -   ,,,,NLH,0
04/05/2026,171678,ArmandoBestafera,AF - MATHEUS HENRIQU,0,0,0, R$  -   ,,,,NLH,0
04/05/2026,194170,xwillx,AF - FAMTH,0,"45,4",0," R$  45,40 ","0,00%","100,00%","0,00%",MTT,"-368,13"
04/05/2026,194171,...NANAI...,AF - FAMTH,0,"15,6",0," R$  15,60 ","0,00%","100,00%","0,00%",MTT,"-129,55"
04/05/2026,193099,John_Stewart,AF - FAMTH,0,"8,4","38,63"," R$  47,03 ","0,00%","17,86%","82,14%",PLO6,"-199,7"
04/05/2026,131348,AADVOGADO-AM,AF - FAMTH,0,19,"992,26"," R$  1.011,26 ","0,00%","1,88%","98,12%",PLO6,"286,42"
04/05/2026,193106,AmazonPro,AF - FAMTH,0,0,"891,9"," R$  891,90 ","0,00%","0,00%","100,00%",PLO6,"-2616,61"
04/05/2026,135792,MGPS1,AF - FAMTH,"8,1",0,0," R$  8,10 ","100,00%","0,00%","0,00%",NLH,"5,21"
04/05/2026,103179,RicardinhoMotAA,AF - FAMTH,0,0,"358,99"," R$  358,99 ","0,00%","0,00%","100,00%",PLO6,-120
04/05/2026,155080,Mike Ross,AF - MAURICIO,0,0,"2210,88"," R$  2.210,88 ","0,00%","0,00%","100,00%",PLO6,"809,17"
04/05/2026,119612,DoeuAi??,AF - MAURICIO,"3,62",0,"212,12"," R$  215,74 ","1,68%","0,00%","98,32%",PLO6,157
04/05/2026,145547,pokerplayer,AF - MAURICIO,0,"0,6",0," R$  0,60 ","0,00%","100,00%","0,00%",MTT,"2,42"
04/05/2026,152588,Eumesmonao,AF - MAURICIO,0,0,0, R$  -   ,,,,NLH,"9,47"
04/05/2026,163478,irmão de theozin,AF - MAURICIO,0,0,0, R$  -   ,,,,NLH,"0,61"
04/05/2026,171360,Jclever,AF - MAURICIO,0,0,0, R$  -   ,,,,NLH,"1,83"
04/05/2026,176161,400 conto,AF - MAURICIO,0,"0,2",0," R$  0,20 ","0,00%","100,00%","0,00%",MTT,"1,5"
04/05/2026,176163,roxo pá,AF - MAURICIO,0,"0,2",0," R$  0,20 ","0,00%","100,00%","0,00%",MTT,"-0,63"
04/05/2026,145508,BRUMBRUM,AF - MAURICIO,"6,67","55,2","820,41"," R$  882,28 ","0,76%","6,26%","92,99%",PLO6,"-881,57"
04/05/2026,137659,JP duda,AF - MAURICIO,0,"6,55","1,08"," R$  7,63 ","0,00%","85,85%","14,15%",MTT,"-71,86"
04/05/2026,127125,Gabriel.PB,AF - MAURICIO,"106,9","61,18",0," R$  168,08 ","63,60%","36,40%","0,00%",NLH,"-689,92"
04/05/2026,156199,dtrzin,AF - MAURICIO,"45,48",1,0," R$  46,48 ","97,85%","2,15%","0,00%",NLH,"-87,48"
04/05/2026,162335,PerôPB,AF - MAURICIO,"55,07","2,4","9,58"," R$  67,05 ","82,13%","3,58%","14,29%",NLH,"-64,87"
04/05/2026,120599,CoronelCalazans7,AF - MAURICIO,0,0,"122,6"," R$  122,60 ","0,00%","0,00%","100,00%",PLO6,"-511,12"
04/05/2026,119793,Taícia,AF - MAURICIO,0,0,"4,71"," R$  4,71 ","0,00%","0,00%","100,00%",PLO6,-40
04/05/2026,137763,pix ad + le,AF - MAURICIO,"3,1","5,9","28,88"," R$  37,88 ","8,18%","15,58%","76,24%",PLO6,"-292,4"
04/05/2026,147319,MOSSORÓ084,AF - MAURICIO,0,0,"52,26"," R$  52,26 ","0,00%","0,00%","100,00%",PLO6,"742,28"
04/05/2026,176189,melicianus,AF - MAURICIO,"0,85","0,2","1,39"," R$  2,44 ","34,84%","8,20%","56,97%",PLO6,"-0,45"
04/05/2026,185066,VitinPoker,AF - MAURICIO,0,0,"8,27"," R$  8,27 ","0,00%","0,00%","100,00%",PLO6,"-62,57"
04/05/2026,139401,FreitasAAKK,AF - MAURICIO,"1,55","2,6",0," R$  4,15 ","37,35%","62,65%","0,00%",MTT,"-6,13"
04/05/2026,108585,coveirodoriver,AF - MAURICIO,"5,23",0,"35,05"," R$  40,28 ","12,98%","0,00%","87,02%",PLO6,-136
04/05/2026,118639,paulo Nunes,AF - MAURICIO,"13,72","36,76",0," R$  50,48 ","27,18%","72,82%","0,00%",MTT,"-281,46"
04/05/2026,195034,pix195034,AF - MAURICIO,0,"47,6",0," R$  47,60 ","0,00%","100,00%","0,00%",MTT,"81,29"
04/05/2026,125821,bacia,AF - MAURICIO,0,1,"19,65"," R$  20,65 ","0,00%","4,84%","95,16%",PLO6,-210
04/05/2026,107225,100Medo,AF - MAURICIO,"12,37",0,0," R$  12,37 ","100,00%","0,00%","0,00%",NLH,-56
04/05/2026,146218,pix146218baton,AF - MAURICIO,0,"1,6","102,27"," R$  103,87 ","0,00%","1,54%","98,46%",PLO6,284
04/05/2026,180443,@mau.jr7,AF - MAURICIO,0,41,"166,47"," R$  207,47 ","0,00%","19,76%","80,24%",PLO6,"-388,52"
04/05/2026,139597,Dr.Wender,AF - MAURICIO,0,0,"57,61"," R$  57,61 ","0,00%","0,00%","100,00%",PLO6,-187
04/05/2026,138771,GoldNomad,AF - MAURICIO,0,"3,4",0," R$  3,40 ","0,00%","100,00%","0,00%",MTT,"81,47"
04/05/2026,139417,Doidoo,AF - MAURICIO,0,0,0, R$  -   ,,,,NLH,0
04/05/2026,144408,CORINGA0101,AF - MAURICIO,0,0,0, R$  -   ,,,,NLH,0
04/05/2026,171527,Maverica,AF - MAURICIO,0,"0,2",0," R$  0,20 ","0,00%","100,00%","0,00%",MTT,"0,97"
04/05/2026,178673,Ricco Marcondes,AF - MAURICIO,0,0,0, R$  -   ,,,,NLH,"0,88"
04/05/2026,181686,Inocram ?,AF - MAURICIO,0,0,0, R$  -   ,,,,NLH,0
04/05/2026,132085,Só blef..,AF - MAURICIO,"0,25",0,"168,08"," R$  168,33 ","0,15%","0,00%","99,85%",PLO6,452
04/05/2026,101589,SEGURAAA__,AF - MAURICIO,0,"0,5","10,8"," R$  11,30 ","0,00%","4,42%","95,58%",PLO6,-135
04/05/2026,108331,Serginho Balotelli,AF - MAURICIO,"4,88",0,0," R$  4,88 ","100,00%","0,00%","0,00%",NLH,"8,21"
04/05/2026,159788,Heitor99,AF - MAURICIO,"153,63",0,"19,45"," R$  173,08 ","88,76%","0,00%","11,24%",NLH,"116,85"
04/05/2026,109925,Ch blefe,AF - MAURICIO,"18,28","18,65",0," R$  36,93 ","49,50%","50,50%","0,00%",MTT,-187
04/05/2026,150152,Trastezin Lima??,AF - MAURICIO,"2,59","0,1",0," R$  2,69 ","96,28%","3,72%","0,00%",NLH,"157,81"
04/05/2026,170977,Alyssoni,AF - MAURICIO,"3,13","0,1","1,96"," R$  5,19 ","60,31%","1,93%","37,76%",NLH,-60
04/05/2026,173951,PSestourado,AF - MAURICIO,0,0,0, R$  -   ,,,,NLH,0
04/05/2026,132045,Mineirinho,AF - MAURICIO,0,2,0," R$  2,00 ","0,00%","100,00%","0,00%",MTT,-20
04/05/2026,132046,C4DEL0,AF - MAURICIO,0,0,0, R$  -   ,,,,NLH,0
04/05/2026,132054,PEG4D0R,AF - MAURICIO,0,0,0, R$  -   ,,,,NLH,0
04/05/2026,173857,Thogai,AF - MAURICIO,0,0,0, R$  -   ,,,,NLH,0
04/05/2026,102022,Me Chupa,AF - MAURICIO,0,0,"2,93"," R$  2,93 ","0,00%","0,00%","100,00%",PLO6,"6,04"
04/05/2026,119119,Welshowman,AF - MAURICIO,"0,31","1,5","135,83"," R$  137,64 ","0,23%","1,09%","98,68%",PLO6,"-289,59"
04/05/2026,140296,Coringa??,AF - MAURICIO,0,0,"2,55"," R$  2,55 ","0,00%","0,00%","100,00%",PLO6,-18
04/05/2026,159805,pix159805,AF - MAURICIO,"4,46",0,"2,28"," R$  6,74 ","66,17%","0,00%","33,83%",NLH,-50
04/05/2026,141801,DihBankai,AF - MAURICIO,0,0,0, R$  -   ,,,,NLH,0
04/05/2026,121051,hahahahahah,AF - MAURICIO,0,"1,6",0," R$  1,60 ","0,00%","100,00%","0,00%",MTT,-20
04/05/2026,195430,hjunior,AF - MAURICIO,0,0,0, R$  -   ,,,,NLH,"1,52"
04/05/2026,109162,ORIGINAL poker??,AF - MAURICIO,"6,37","1,2","18,6"," R$  26,17 ","24,34%","4,59%","71,07%",PLO6,"135,56"
04/05/2026,170156,Presidente GL,AF - MAURICIO,0,"0,1",0," R$  0,10 ","0,00%","100,00%","0,00%",MTT,"1,05"
04/05/2026,195359,pix195359,AF - MAURICIO,0,"0,1",0," R$  0,10 ","0,00%","100,00%","0,00%",MTT,"-0,23"
04/05/2026,195360,pix195360,AF - MAURICIO,0,0,0, R$  -   ,,,,NLH,"0,72"
04/05/2026,106444,TonySoprano,AF - MAURICIO,"159,69",0,0," R$  159,69 ","100,00%","0,00%","0,00%",NLH,-17
04/05/2026,114516,SÓ AA,AF - MAURICIO,"1,58",0,0," R$  1,58 ","100,00%","0,00%","0,00%",NLH,-12
04/05/2026,116882,Queiroga,AF - MAURICIO,"0,38",0,0," R$  0,38 ","100,00%","0,00%","0,00%",NLH,-5
04/05/2026,137658,wlademirjr,AF - MAURICIO,"2,32",0,0," R$  2,32 ","100,00%","0,00%","0,00%",NLH,"20,44"
04/05/2026,138225,pipico,AF - MAURICIO,0,0,"0,3"," R$  0,30 ","0,00%","0,00%","100,00%",PLO6,-4
04/05/2026,101767,c.nedeR,AF - MAURICIO,"24,17",0,0," R$  24,17 ","100,00%","0,00%","0,00%",NLH,"-10,04"
04/05/2026,195361,pix195361,AF - MAURICIO,"0,97",0,0," R$  0,97 ","100,00%","0,00%","0,00%",NLH,"0,01"
04/05/2026,188865,pix188865,AF - MAURICIO,0,"99,4",0," R$  99,40 ","0,00%","100,00%","0,00%",MTT,"-730,1"
04/05/2026,105568,Nirk,AF - MAURICIO,0,0,0, R$  -   ,,,,NLH,0
04/05/2026,186097,Aquario,AF - MAURICIO,0,"1,5",0," R$  1,50 ","0,00%","100,00%","0,00%",MTT,-15
04/05/2026,134699,@griga,AF - MAURICIO,0,12,"389,02"," R$  401,02 ","0,00%","2,99%","97,01%",PLO6,-607
04/05/2026,148557,bitnator,AF - MAURICIO,"3,08",0,0," R$  3,08 ","100,00%","0,00%","0,00%",NLH,-8
04/05/2026,138322,Tchura,AF - MAURICIO,0,0,0, R$  -   ,,,,NLH,0
04/05/2026,154690,pix ad + lee,AF - MAURICIO,0,0,0, R$  -   ,,,,NLH,0
04/05/2026,108062,dodosc,AF - MAURICIO,0,0,"2,58"," R$  2,58 ","0,00%","0,00%","100,00%",PLO6,-50
04/05/2026,109489,Damião,AF - MAURICIO,0,0,0, R$  -   ,,,,NLH,0
04/05/2026,107313,?SORTUDO777?,AF - MAURICIO,0,"1,1","12,13"," R$  13,23 ","0,00%","8,31%","91,69%",PLO6,-55
04/05/2026,139113,@jrmaiag_poker,AF - MAURICIO,0,0,0, R$  -   ,,,,NLH,0
04/05/2026,106821,PH 17,AF - MAURICIO,0,0,"1,2"," R$  1,20 ","0,00%","0,00%","100,00%",PLO6,"17,1"
04/05/2026,152762,roger424344,AF - MAURICIO,0,"9,1",0," R$  9,10 ","0,00%","100,00%","0,00%",MTT,-91
04/05/2026,107972,Vingativa,AF - MAURICIO,"4,42",0,0," R$  4,42 ","100,00%","0,00%","0,00%",NLH,"12,39"
04/05/2026,106368,seu joao,AF - MAURICIO,0,18,"172,31"," R$  190,31 ","0,00%","9,46%","90,54%",PLO6,"-357,65"
04/05/2026,132424,glenda,AF - MAURICIO,0,0,"0,41"," R$  0,41 ","0,00%","0,00%","100,00%",PLO6,-6
04/05/2026,178503,Mateusbad,AF - MAURICIO,0,0,0, R$  -   ,,,,NLH,0
04/05/2026,100193,azedinho,AF - AZEDINHO,0,122,"594,8"," R$  716,80 ","0,00%","17,02%","82,98%",PLO6,"919,9"
04/05/2026,193827,KilllerThePote,AF - AZEDINHO,0,10,"138,79"," R$  148,79 ","0,00%","6,72%","93,28%",PLO6,-712
04/05/2026,100240,Abacatudo,AF - MARKETING,0,"9,5","122,18"," R$  131,68 ","0,00%","7,21%","92,79%",PLO6,"-297,19"
04/05/2026,171907,zeus?,AF - MARKETING,"17,82",1,"167,95"," R$  186,77 ","9,54%","0,54%","89,92%",PLO6,"-491,37"
04/05/2026,156209,calvin88,AF - MARKETING,0,"65,9","2499,19"," R$  2.565,09 ","0,00%","2,57%","97,43%",PLO6,-3141
04/05/2026,104508,reidobaralho,AF - MARKETING,0,0,"331,7"," R$  331,70 ","0,00%","0,00%","100,00%",PLO6,"-2348,11"
04/05/2026,160843,DaColombia??,AF - MARKETING,0,"0,9","96,03"," R$  96,93 ","0,00%","0,93%","99,07%",PLO6,"-108,23"
04/05/2026,101840,Leo Lizzo ??,AF - MARKETING,0,0,"19,06"," R$  19,06 ","0,00%","0,00%","100,00%",PLO6,"-177,69"
04/05/2026,162931,coroa da lancha,AF - MARKETING,"4,74","43,46",0," R$  48,20 ","9,83%","90,17%","0,00%",MTT,"-477,23"
04/05/2026,172857,julioAA,AF - MARKETING,0,0,0, R$  -   ,,,,NLH,0
04/05/2026,186297,Joda,AF - MARKETING,0,"3,4",0," R$  3,40 ","0,00%","100,00%","0,00%",MTT,"-14,52"
04/05/2026,102930,pix102930,AF - MARKETING,0,"162,1",0," R$  162,10 ","0,00%","100,00%","0,00%",MTT,"556,28"
04/05/2026,157560,cachorro,AF - MARKETING,"13,03",0,"87,88"," R$  100,91 ","12,91%","0,00%","87,09%",PLO6,"-423,2"
04/05/2026,172775,pix172775,AF - MARKETING,"830,47",0,"21,48"," R$  851,95 ","97,48%","0,00%","2,52%",NLH,-550
04/05/2026,156809,AL ?,AF - MARKETING,"0,61",0,"9,54"," R$  10,15 ","6,01%","0,00%","93,99%",PLO6,-80
04/05/2026,146204,Mia colute,AF - MARKETING,0,0,"117,45"," R$  117,45 ","0,00%","0,00%","100,00%",PLO6,"-273,38"
04/05/2026,157052,winnikes,AF - MARKETING,0,"70,6",0," R$  70,60 ","0,00%","100,00%","0,00%",MTT,"-317,55"
04/05/2026,124675,tsousa,AF - MARKETING,0,6,"66,15"," R$  72,15 ","0,00%","8,32%","91,68%",PLO6,"403,23"
04/05/2026,157957,Diogo posture,AF - MARKETING,0,2,"3,33"," R$  5,33 ","0,00%","37,52%","62,48%",PLO6,-15
04/05/2026,174738,the best,AF - MARKETING,0,20,"525,46"," R$  545,46 ","0,00%","3,67%","96,33%",PLO6,"-1445,41"
04/05/2026,100709,DITOX,AF - MARKETING,0,"157,5",0," R$  157,50 ","0,00%","100,00%","0,00%",MTT,"1770,55"
04/05/2026,173885,TCHATCHA,AF - MARKETING,0,"73,6",0," R$  73,60 ","0,00%","100,00%","0,00%",MTT,"170,79"
04/05/2026,179579,Linopraxedes,AF - MARKETING,0,22,"35,59"," R$  57,59 ","0,00%","38,20%","61,80%",PLO6,-220
04/05/2026,156346,kxa28,AF - MARKETING,"0,89","33,1",0," R$  33,99 ","2,62%","97,38%","0,00%",MTT,"34,6"
04/05/2026,144889,NaMalda.,AF - MARKETING,0,"10,5",0," R$  10,50 ","0,00%","100,00%","0,00%",MTT,-105
04/05/2026,145442,bayma,AF - MARKETING,0,0,"18,72"," R$  18,72 ","0,00%","0,00%","100,00%",PLO6,-62
04/05/2026,159041,silverio,AF - MARKETING,0,0,"1,07"," R$  1,07 ","0,00%","0,00%","100,00%",PLO6,-12
04/05/2026,171090,Gu_Abrahão,AF - MARKETING,0,0,0, R$  -   ,,,,NLH,0
04/05/2026,179178,akazin27,AF - MARKETING,0,"65,9","20,65"," R$  86,55 ","0,00%","76,14%","23,86%",MTT,"-1200,49"
04/05/2026,144330,????,AF - MARKETING,"40,1",0,"156,07"," R$  196,17 ","20,44%","0,00%","79,56%",PLO6,"-87,34"
04/05/2026,130211,udacmota,AF - MARKETING,0,"15,6",0," R$  15,60 ","0,00%","100,00%","0,00%",MTT,212
04/05/2026,130270,Picademel,AF - MARKETING,"0,07",0,"1,99"," R$  2,06 ","3,40%","0,00%","96,60%",PLO6,-10
04/05/2026,169327,GeMare,AF - MARKETING,0,0,"18,01"," R$  18,01 ","0,00%","0,00%","100,00%",PLO6,-40
04/05/2026,155342,dudubzr,AF - MARKETING,0,0,"38,41"," R$  38,41 ","0,00%","0,00%","100,00%",PLO6,-105
04/05/2026,133124,I.Oliveira,AF - MARKETING,0,0,"11,71"," R$  11,71 ","0,00%","0,00%","100,00%",PLO6,-80
04/05/2026,178010,BruxOscar,AF - MARKETING,0,0,"8,42"," R$  8,42 ","0,00%","0,00%","100,00%",PLO6,-150
04/05/2026,157694,guitaborda88,AF - MARKETING,0,"0,3",0," R$  0,30 ","0,00%","100,00%","0,00%",MTT,-3
04/05/2026,129552,MeuMAAlvado,AF - MARKETING,0,50,0," R$  50,00 ","0,00%","100,00%","0,00%",MTT,"112,5"
04/05/2026,155555,Alustau,AF - MARKETING,0,0,0, R$  -   ,,,,NLH,0
04/05/2026,169786,Aluci,AF - MARKETING,0,2,"8,06"," R$  10,06 ","0,00%","19,88%","80,12%",PLO6,-96
04/05/2026,100174,Sizak,AF - MARKETING,0,0,0, R$  -   ,,,,NLH,0
04/05/2026,170934,Monstro sagrado,AF - MARKETING,0,0,0, R$  -   ,,,,NLH,0
04/05/2026,172832,A LENDA1010,AF - MARKETING,0,0,0, R$  -   ,,,,NLH,0
04/05/2026,131753,egoísta,AF - MARKETING,0,"5,7",0," R$  5,70 ","0,00%","100,00%","0,00%",MTT,-57
04/05/2026,157465,Pikitin,AF - MARKETING,0,"1,2",0," R$  1,20 ","0,00%","100,00%","0,00%",MTT,"161,5"
04/05/2026,176410,GJCruz,AF - MARKETING,0,0,0, R$  -   ,,,,NLH,0
04/05/2026,108815,negodrama,AF - MARKETING,0,0,"10,05"," R$  10,05 ","0,00%","0,00%","100,00%",PLO6,"203,5"
04/05/2026,153229,bencinha,AF - MARKETING,0,28,"124,69"," R$  152,69 ","0,00%","18,34%","81,66%",PLO6,"-297,97"
04/05/2026,102264,biu77,AF - MARKETING,"2,55","1,24",0," R$  3,79 ","67,28%","32,72%","0,00%",NLH,"-25,54"
04/05/2026,151547,lucasmateus,AF - MARKETING,0,0,"18,32"," R$  18,32 ","0,00%","0,00%","100,00%",PLO6,70
04/05/2026,175198,SOATEREZA,AF - MARKETING,0,62,"0,2"," R$  62,20 ","0,00%","99,68%","0,32%",MTT,"19,57"
04/05/2026,144175,DexterM,AF - MARKETING,0,"0,3","5,49"," R$  5,79 ","0,00%","5,18%","94,82%",PLO6,-63
04/05/2026,174963,Haycar,AF - MARKETING,0,0,"36,83"," R$  36,83 ","0,00%","0,00%","100,00%",PLO6,-315
04/05/2026,168163,Micael Rafles,AF - MARKETING,0,"4,5",0," R$  4,50 ","0,00%","100,00%","0,00%",MTT,"-41,25"
04/05/2026,167249,bigodi,AF - MARKETING,0,0,"18,92"," R$  18,92 ","0,00%","0,00%","100,00%",PLO6,-200
04/05/2026,175876,BATMAN HONEY HONEY,AF - MARKETING,0,0,"1,65"," R$  1,65 ","0,00%","0,00%","100,00%",PLO6,-14
04/05/2026,166745,Joaosnow,AF - MARKETING,0,"26,5",0," R$  26,50 ","0,00%","100,00%","0,00%",MTT,"149,02"
04/05/2026,170576,cavalinho??,AF - MARKETING,0,0,"1,13"," R$  1,13 ","0,00%","0,00%","100,00%",PLO6,-8
04/05/2026,174022,S.P.Clube,AF - MARKETING,0,"12,5",0," R$  12,50 ","0,00%","100,00%","0,00%",MTT,-125
04/05/2026,167530,pfson,AF - MARKETING,0,"3,5",0," R$  3,50 ","0,00%","100,00%","0,00%",MTT,-35
04/05/2026,185326,SBRN,AF - MARKETING,0,0,0, R$  -   ,,,,NLH,0
04/05/2026,124704,ALLIN.e,AF - MARKETING,0,"1,5",0," R$  1,50 ","0,00%","100,00%","0,00%",MTT,-15
04/05/2026,100451,zumbi da noite,AF - RR,0,0,"189,01"," R$  189,01 ","0,00%","0,00%","100,00%",PLO6,"-845,52"
04/05/2026,126204,djoker,AF - RR,0,"0,4","8,53"," R$  8,93 ","0,00%","4,48%","95,52%",PLO6,-9
04/05/2026,126584,K13b50n007,AF - RR,0,0,0, R$  -   ,,,,NLH,"0,7"
04/05/2026,166945,Noia?,AF - RR,0,0,0, R$  -   ,,,,NLH,0
04/05/2026,146025,BrunnoAdv,AF - RR,0,8,"43,41"," R$  51,41 ","0,00%","15,56%","84,44%",PLO6,"-103,41"
04/05/2026,111865,pix111865,AF - RR,0,0,"305,57"," R$  305,57 ","0,00%","0,00%","100,00%",PLO6,"-1007,84"
04/05/2026,106956,IgorStone,AF - RR,0,0,"87,41"," R$  87,41 ","0,00%","0,00%","100,00%",PLO6,"-199,38"
04/05/2026,165746,Brunoboka,AF - RR,0,0,"307,47"," R$  307,47 ","0,00%","0,00%","100,00%",PLO6,"-799,8"
04/05/2026,119842,1314tg,AF - RR,0,3,0," R$  3,00 ","0,00%","100,00%","0,00%",MTT,"93,73"
04/05/2026,100442,pixbet,AF - RR,0,8,0," R$  8,00 ","0,00%","100,00%","0,00%",MTT,0
04/05/2026,123011,balachocabalachoca,AF - RR,0,8,0," R$  8,00 ","0,00%","100,00%","0,00%",MTT,0
04/05/2026,102125,Bolsonaroo22,AF - KZAA CLUB,0,0,"111,75"," R$  111,75 ","0,00%","0,00%","100,00%",PLO6,"-38,35"
04/05/2026,144100,Jogador69,AF - KZAA CLUB,0,0,"351,41"," R$  351,41 ","0,00%","0,00%","100,00%",PLO6,"-1959,95"
04/05/2026,100333,OFF.,AF - KZAA CLUB,0,0,"35,52"," R$  35,52 ","0,00%","0,00%","100,00%",PLO6,"-154,19"
04/05/2026,100265,BreckPK,AF - KZAA CLUB,0,"4,5",0," R$  4,50 ","0,00%","100,00%","0,00%",MTT,-45
04/05/2026,100796,PixPlay,AF - KZAA CLUB,0,"0,3",0," R$  0,30 ","0,00%","100,00%","0,00%",MTT,"0,5"
04/05/2026,107169,danilo10,AF - KZAA CLUB,0,10,"229,56"," R$  239,56 ","0,00%","4,17%","95,83%",PLO6,"905,04"
04/05/2026,100217,Bino ??,AF - KZAA CLUB,0,0,"54,93"," R$  54,93 ","0,00%","0,00%","100,00%",PLO6,"445,76"
04/05/2026,144244,pix 2399057,AF - KZAA CLUB,0,"100,1",0," R$  100,10 ","0,00%","100,00%","0,00%",MTT,"573,56"
04/05/2026,169277,Kakaroto?,AF - KZAA CLUB,0,0,"5,37"," R$  5,37 ","0,00%","0,00%","100,00%",PLO6,-62
04/05/2026,104648,nilsonsergio15,AF - KZAA CLUB,0,0,"4048,59"," R$  4.048,59 ","0,00%","0,00%","100,00%",PLO6,"-745,24"
04/05/2026,130918,pix130918,AF - KZAA CLUB,0,0,"6392,08"," R$  6.392,08 ","0,00%","0,00%","100,00%",PLO6,"12002,91"
04/05/2026,131074,pix270576,AF - KZAA CLUB,0,"0,1","0,19"," R$  0,29 ","0,00%","34,48%","65,52%",PLO6,-1
04/05/2026,115616,pix559079,AF - KZAA CLUB,0,8,"232,35"," R$  240,35 ","0,00%","3,33%","96,67%",PLO6,"662,75"
04/05/2026,123623,pix123623,AF - KZAA CLUB,0,0,"710,21"," R$  710,21 ","0,00%","0,00%","100,00%",PLO6,"-387,71"
04/05/2026,100259,Josenildo,AF - KZAA CLUB,0,0,0, R$  -   ,,,,NLH,0
04/05/2026,100266,BerôPB,AF - KZAA CLUB,0,"0,5","25,02"," R$  25,52 ","0,00%","1,96%","98,04%",PLO6,"132,69"
04/05/2026,100397,Professor,AF - KZAA CLUB,0,"35,5",0," R$  35,50 ","0,00%","100,00%","0,00%",MTT,-350
04/05/2026,157331,TIO GILNETO,AF - KZAA CLUB,0,3,"990,24"," R$  993,24 ","0,00%","0,30%","99,70%",PLO6,"2358,69"
04/05/2026,123154,Greey,AF - KZAA CLUB,0,0,"118,48"," R$  118,48 ","0,00%","0,00%","100,00%",PLO6,-300
04/05/2026,100140,Diego Manga,AF - KZAA CLUB,0,"22,5","5185,73"," R$  5.208,23 ","0,00%","0,43%","99,57%",PLO6,"-5176,43"
04/05/2026,100448,Paga,AF - KZAA CLUB,"0,1",0,"364,77"," R$  364,87 ","0,03%","0,00%","99,97%",PLO6,"-3018,21"
04/05/2026,127997,wagne,AF - KZAA CLUB,0,0,"72,8"," R$  72,80 ","0,00%","0,00%","100,00%",PLO6,-889
04/05/2026,100154,pixbad,AF - KZAA CLUB,0,"106,5","21,25"," R$  127,75 ","0,00%","83,37%","16,63%",MTT,"1479,85"
04/05/2026,150122,MXavier13,AF - KZAA CLUB,"11,03",0,0," R$  11,03 ","100,00%","0,00%","0,00%",NLH,"-50,68"
04/05/2026,104915,PinoKio,AF - KZAA CLUB,0,20,0," R$  20,00 ","0,00%","100,00%","0,00%",MTT,-200
04/05/2026,100418,Stonerax,AF - KZAA CLUB,"0,07",0,"3,58"," R$  3,65 ","1,92%","0,00%","98,08%",PLO6,-49
04/05/2026,129586,sussuarana,AF - KZAA CLUB,0,0,"40,87"," R$  40,87 ","0,00%","0,00%","100,00%",PLO6,-200
04/05/2026,100136,AllInSemDó,AF - KZAA CLUB,0,0,"83,42"," R$  83,42 ","0,00%","0,00%","100,00%",PLO6,-500
04/05/2026,121187,x.poker,AF - KZAA CLUB,0,0,"85,52"," R$  85,52 ","0,00%","0,00%","100,00%",PLO6,-500
04/05/2026,100247,Guto Holanda,AF - KZAA CLUB,0,0,"7,98"," R$  7,98 ","0,00%","0,00%","100,00%",PLO6,-60
04/05/2026,137554,Baiaanoo,AF - KZAA CLUB,0,0,"3,68"," R$  3,68 ","0,00%","0,00%","100,00%",PLO6,"-97,81"
04/05/2026,100208,ojuara*,AF - KZAA CLUB,0,6,"63,72"," R$  69,72 ","0,00%","8,61%","91,39%",PLO6,"-21,99"
04/05/2026,107490,Josanny,AF - KZAA CLUB,0,0,"40,08"," R$  40,08 ","0,00%","0,00%","100,00%",PLO6,-205
04/05/2026,171708,pix171708,AF - KZAA CLUB,0,0,"58,56"," R$  58,56 ","0,00%","0,00%","100,00%",PLO6,-145
04/05/2026,120841,NHONHOj6,AF - NHONHO,0,25,"4169,58"," R$  4.194,58 ","0,00%","0,60%","99,40%",PLO6,"-3986,35"
04/05/2026,147619,Luffygear4,AF - NHONHO,0,0,"454,14"," R$  454,14 ","0,00%","0,00%","100,00%",PLO6,"-172,86"
04/05/2026,122587,pix122587,AF - NHONHO,0,0,"271,88"," R$  271,88 ","0,00%","0,00%","100,00%",PLO6,"390,7"
04/05/2026,124365,??cuidado??,AF - NHONHO,0,0,"303,52"," R$  303,52 ","0,00%","0,00%","100,00%",PLO6,"221,38"
04/05/2026,128731,SPIGA,AF - NHONHO,0,0,"609,82"," R$  609,82 ","0,00%","0,00%","100,00%",PLO6,"46,08"
04/05/2026,106868,Novo,AF - NHONHO,0,"10,4","20,75"," R$  31,15 ","0,00%","33,39%","66,61%",PLO6,"-409,38"
04/05/2026,124395,Escanor,AF - NHONHO,0,0,0, R$  -   ,,,,NLH,"5,62"
04/05/2026,123480,SapongaFC,AF - NHONHO,0,0,0, R$  -   ,,,,NLH,0
04/05/2026,147208,pix147208,AF - NHONHO,"0,83",0,"0,28"," R$  1,11 ","74,77%","0,00%","25,23%",NLH,"-2,29"
04/05/2026,124726,I Love Warung,AF - JEFFERSON P.,"15,56",0,"568,86"," R$  584,42 ","2,66%","0,00%","97,34%",PLO6,"-2572,46"
04/05/2026,144451,Oiregor81,AF - JEFFERSON P.,0,0,"490,01"," R$  490,01 ","0,00%","0,00%","100,00%",PLO6,"734,2"
04/05/2026,152301,Chuck,AF - JEFFERSON P.,0,0,"258,7"," R$  258,70 ","0,00%","0,00%","100,00%",PLO6,"64,11"
04/05/2026,173301,JowB99,AF - JEFFERSON P.,0,"4,26","68,89"," R$  73,15 ","0,00%","5,82%","94,18%",PLO6,"37,7"
04/05/2026,148157,@AlugaGames,AF - JEFFERSON P.,0,10,"2308,93"," R$  2.318,93 ","0,00%","0,43%","99,57%",PLO6,"12956,57"
04/05/2026,149123,AAKKratos,AF - JEFFERSON P.,0,"93,6",0," R$  93,60 ","0,00%","100,00%","0,00%",MTT,"-913,5"
04/05/2026,141493,Sidnei?,AF - JEFFERSON P.,0,0,"13,2"," R$  13,20 ","0,00%","0,00%","100,00%",PLO6,-39
04/05/2026,177226,CeasaCamp,AF - JEFFERSON P.,0,"9,1",0," R$  9,10 ","0,00%","100,00%","0,00%",MTT,-91
04/05/2026,144097,mahirt,AF - JEFFERSON P.,0,0,"6,47"," R$  6,47 ","0,00%","0,00%","100,00%",PLO6,-50
04/05/2026,126726,HSODAK,AF - ELOY,0,4,"35,1"," R$  39,10 ","0,00%","10,23%","89,77%",PLO6,"-49,58"
04/05/2026,129762,EriForte,AF - ELOY,0,0,"5,37"," R$  5,37 ","0,00%","0,00%","100,00%",PLO6,"23,47"
04/05/2026,106837,ALANN,AF - ELOY,0,0,0, R$  -   ,,,,NLH,0
04/05/2026,145619,Fofura,AF - ELOY,0,20,"253,27"," R$  273,27 ","0,00%","7,32%","92,68%",PLO6,"3298,74"
04/05/2026,139145,bbbb,AF - ELOY,"18,99",0,0," R$  18,99 ","100,00%","0,00%","0,00%",NLH,-98
04/05/2026,142062,CACH0LÃ0,AF - ELOY,0,164,"72,21"," R$  236,21 ","0,00%","69,43%","30,57%",MTT,-1935
04/05/2026,145637,Srº Mentira 81,AF - ELOY,0,"0,1",0," R$  0,10 ","0,00%","100,00%","0,00%",MTT,"0,05"
04/05/2026,139402,Nogueirinha,AF - ELOY,0,"23,8","30,73"," R$  54,53 ","0,00%","43,65%","56,35%",PLO6,"-510,73"
04/05/2026,128081,pix128081,AF - ELOY,0,0,"36,71"," R$  36,71 ","0,00%","0,00%","100,00%",PLO6,"-243,9"
04/05/2026,135877,PedroBatera,AF - ELOY,0,"30,5","9,48"," R$  39,98 ","0,00%","76,29%","23,71%",MTT,"-57,7"
04/05/2026,100598,BiltAAs,AF - ELOY,0,"6,4",0," R$  6,40 ","0,00%","100,00%","0,00%",MTT,520
04/05/2026,127129,ZecaPokerPE,AF - ELOY,0,0,0, R$  -   ,,,,NLH,0
04/05/2026,139529,Abcfamilia2015,AF - ELOY,0,"3,8",0," R$  3,80 ","0,00%","100,00%","0,00%",MTT,-38
04/05/2026,134826,ValaSeteJ7,AF - ELOY,"0,38","16,7","15,49"," R$  32,57 ","1,17%","51,27%","47,56%",MTT,"-267,84"
04/05/2026,102954,usujaDR,AF - ELOY,"3,88",38,0," R$  41,88 ","9,26%","90,74%","0,00%",MTT,"-71,19"
04/05/2026,139399,lavineG,AF - ELOY,0,"10,6","102,73"," R$  113,33 ","0,00%","9,35%","90,65%",PLO6,"-50,03"
04/05/2026,127500,SiuoL bluff,AF - ELOY,0,"3,5",0," R$  3,50 ","0,00%","100,00%","0,00%",MTT,"307,51"
04/05/2026,145890,pix145890,AF - ELOY,0,20,0," R$  20,00 ","0,00%","100,00%","0,00%",MTT,-200
04/05/2026,123470,PIX123470,AF - ELOY,0,44,0," R$  44,00 ","0,00%","100,00%","0,00%",MTT,-440
04/05/2026,145942,Luiz Filipy,AF - ELOY,0,20,0," R$  20,00 ","0,00%","100,00%","0,00%",MTT,-200
04/05/2026,136575,Blef_Nuts,AF -JR. CALAZANS,0,"7,04",198," R$  205,04 ","0,00%","3,43%","96,57%",PLO6,"-516,57"
04/05/2026,178284,tuffs,AF -JR. CALAZANS,"33,29","22,5","403,2"," R$  458,99 ","7,25%","4,90%","87,85%",PLO6,"-2860,77"
04/05/2026,124340,Bab$,AF -JR. CALAZANS,0,207,"2229,59"," R$  2.436,59 ","0,00%","8,50%","91,50%",PLO6,"-5625,18"
04/05/2026,137862,runeruner,AF -JR. CALAZANS,"33,91","48,2",0," R$  82,11 ","41,30%","58,70%","0,00%",MTT,"357,07"
04/05/2026,131291,Pam Pam,AF -JR. CALAZANS,0,5,"2563,24"," R$  2.568,24 ","0,00%","0,19%","99,81%",PLO6,"-6680,01"
04/05/2026,131603,tiabuh,AF -JR. CALAZANS,0,10,"29,72"," R$  39,72 ","0,00%","25,18%","74,82%",PLO6,-306
04/05/2026,183056,Profeta10,AF -JR. CALAZANS,0,35,"315,45"," R$  350,45 ","0,00%","9,99%","90,01%",PLO6,"-1916,25"
04/05/2026,192627,timãoepumba,AF -JR. CALAZANS,0,0,"303,96"," R$  303,96 ","0,00%","0,00%","100,00%",PLO6,-3708
04/05/2026,183037,Bingo,AF -JR. CALAZANS,0,0,"91,12"," R$  91,12 ","0,00%","0,00%","100,00%",PLO6,-800
04/05/2026,130350,Sete4,AF -JR. CALAZANS,0,152,"981,77"," R$  1.133,77 ","0,00%","13,41%","86,59%",PLO6,"-581,94"
04/05/2026,135727,D. Luffy,AF -JR. CALAZANS,0,"8,4",0," R$  8,40 ","0,00%","100,00%","0,00%",MTT,"53,07"
04/05/2026,166183,Durcall,AF -JR. CALAZANS,0,"83,5",0," R$  83,50 ","0,00%","100,00%","0,00%",MTT,"-223,71"
04/05/2026,129018,Alfredão,AF -JR. CALAZANS,0,0,"908,2"," R$  908,20 ","0,00%","0,00%","100,00%",PLO6,"-3192,22"
04/05/2026,193386,eltikito,AF -JR. CALAZANS,0,0,"69,85"," R$  69,85 ","0,00%","0,00%","100,00%",PLO6,-500
04/05/2026,188987,Apple,AF -JR. CALAZANS,0,32,"1296,53"," R$  1.328,53 ","0,00%","2,41%","97,59%",PLO6,"3564,45"
04/05/2026,149182,Alan Jatobá,AF -JR. CALAZANS,0,"5,2",0," R$  5,20 ","0,00%","100,00%","0,00%",MTT,-52
04/05/2026,192387,pix192387,AF -JR. CALAZANS,0,0,"3,02"," R$  3,02 ","0,00%","0,00%","100,00%",PLO6,"-32,03"
04/05/2026,141799,Malboro,AF - LEONARDO DUARTE,0,0,"3,79"," R$  3,79 ","0,00%","0,00%","100,00%",PLO6,"-10,11"
04/05/2026,109252,Kakarotoo,AF - LEONARDO DUARTE,0,0,"91,56"," R$  91,56 ","0,00%","0,00%","100,00%",PLO6,"10,46"
04/05/2026,186673,GamblerAlencar,AF - LEONARDO DUARTE,0,37,0," R$  37,00 ","0,00%","100,00%","0,00%",MTT,"-347,5"
04/05/2026,161958,pix161958,AF - LEONARDO DUARTE,0,0,"1540,3"," R$  1.540,30 ","0,00%","0,00%","100,00%",PLO6,"-6860,57"
04/05/2026,163618,Pep Guardiola,AF - LEONARDO DUARTE,0,0,"54,67"," R$  54,67 ","0,00%","0,00%","100,00%",PLO6,"-227,86"
04/05/2026,167387,pix167387,AF - LEONARDO DUARTE,0,0,"297,91"," R$  297,91 ","0,00%","0,00%","100,00%",PLO6,"339,42"
04/05/2026,161604,pix161604,AF - LEONARDO DUARTE,0,0,"778,7"," R$  778,70 ","0,00%","0,00%","100,00%",PLO6,"2166,16"
04/05/2026,187369,FelipeJoia24,AF - LEONARDO DUARTE,0,"2,6",0," R$  2,60 ","0,00%","100,00%","0,00%",MTT,-26
04/05/2026,145461,ficha no pano,AF - ARTHUR CABRAL,0,"0,8","215,01"," R$  215,81 ","0,00%","0,37%","99,63%",PLO6,-795
04/05/2026,183813,modaskk,AF - ARTHUR CABRAL,"2,53","19,1","316,02"," R$  337,65 ","0,75%","5,66%","93,59%",PLO6,"168,6"
04/05/2026,177979,Ôh CheFe,AF - ARTHUR CABRAL,"54,66",0,"826,22"," R$  880,88 ","6,21%","0,00%","93,79%",PLO6,"-4823,49"
04/05/2026,125345,BR071,AF - ARTHUR CABRAL,0,2,"26,88"," R$  28,88 ","0,00%","6,93%","93,07%",PLO6,"-150,35"
04/05/2026,187825,rutra,AF - ARTHUR CABRAL,"0,11","7,8","57,54"," R$  65,45 ","0,17%","11,92%","87,91%",PLO6,"270,47"
04/05/2026,147268,DOM P,AF - ARTHUR CABRAL,0,0,"195,42"," R$  195,42 ","0,00%","0,00%","100,00%",PLO6,"754,26"
04/05/2026,194235,davidamico777,AF - ARTHUR CABRAL,0,0,"0,68"," R$  0,68 ","0,00%","0,00%","100,00%",PLO6,-20
04/05/2026,150716,Choi Mu-jin,AF - ARTHUR CABRAL,"3,57","39,7","1,54"," R$  44,81 ","7,97%","88,60%","3,44%",MTT,"234,34"
04/05/2026,172476,willasmir poker,AF - ARTHUR CABRAL,"0,91",0,0," R$  0,91 ","100,00%","0,00%","0,00%",NLH,"-9,94"
04/05/2026,177717,regularizando,AF - ARTHUR CABRAL,"95,41","3,5","8,43"," R$  107,34 ","88,89%","3,26%","7,85%",NLH,"15,52"
04/05/2026,104400,Brenin10,AF - ARTHUR CABRAL,0,0,"306,33"," R$  306,33 ","0,00%","0,00%","100,00%",PLO6,"-857,67"
04/05/2026,159448,sem noção,AF - ARTHUR CABRAL,"161,05",0,"6,89"," R$  167,94 ","95,90%","0,00%","4,10%",NLH,"-196,87"
04/05/2026,172353,GARRUDA27??,AF - ARTHUR CABRAL,"1,21","0,1","41,08"," R$  42,39 ","2,85%","0,24%","96,91%",PLO6,"-139,86"
04/05/2026,187576,Power Rangers,AF - ARTHUR CABRAL,"31,56",0,"179,59"," R$  211,15 ","14,95%","0,00%","85,05%",PLO6,"-568,92"
04/05/2026,123791,Jota1010,AF - ARTHUR CABRAL,0,"3,5","357,76"," R$  361,26 ","0,00%","0,97%","99,03%",PLO6,"811,94"
04/05/2026,194632,SHEIN,AF - ARTHUR CABRAL,0,0,"1534,45"," R$  1.534,45 ","0,00%","0,00%","100,00%",PLO6,"-4168,33"
04/05/2026,195717,-MVMV-,AF - ARTHUR CABRAL,0,0,"81,81"," R$  81,81 ","0,00%","0,00%","100,00%",PLO6,-349
04/05/2026,105506,Tetopoker,AF - ARTHUR CABRAL,0,0,"25,58"," R$  25,58 ","0,00%","0,00%","100,00%",PLO6,-224
04/05/2026,106802,??Sued??,AF - ARTHUR CABRAL,"344,69",0,0," R$  344,69 ","100,00%","0,00%","0,00%",NLH,"-624,21"
04/05/2026,150078,Shaco ?,AF - ARTHUR CABRAL,"104,2","54,9","2,13"," R$  161,23 ","64,63%","34,05%","1,32%",NLH,-505
04/05/2026,162392,deminho,AF - ARTHUR CABRAL,"0,26","1,5",0," R$  1,76 ","14,77%","85,23%","0,00%",MTT,"-10,08"
04/05/2026,160421,S777,AF - ARTHUR CABRAL,"25,08","51,6",0," R$  76,68 ","32,71%","67,29%","0,00%",MTT,"-291,43"
04/05/2026,174221,XANDINHO,AF - ARTHUR CABRAL,"126,36",0,"1575,77"," R$  1.702,13 ","7,42%","0,00%","92,58%",PLO6,"-2609,87"
04/05/2026,179903,pix179903,AF - ARTHUR CABRAL,"232,32",10,"91,11"," R$  333,43 ","69,68%","3,00%","27,33%",NLH,"567,06"
04/05/2026,143629,Lascou-se,AF - ARTHUR CABRAL,0,5,"479,61"," R$  484,61 ","0,00%","1,03%","98,97%",PLO6,"-2117,65"
04/05/2026,148618,Rei do bleff,AF - ARTHUR CABRAL,0,"0,3",0," R$  0,30 ","0,00%","100,00%","0,00%",MTT,-3
04/05/2026,159522,?BM?,AF - ARTHUR CABRAL,"0,43",20,"2,32"," R$  22,75 ","1,89%","87,91%","10,20%",MTT,"-6,99"
04/05/2026,143900,Caralh0,AF - ARTHUR CABRAL,"12,62","0,5",0," R$  13,12 ","96,19%","3,81%","0,00%",NLH,-80
04/05/2026,104519,Poseidon,AF - ARTHUR CABRAL,0,"1,3","3,33"," R$  4,63 ","0,00%","28,08%","71,92%",PLO6,"-31,76"
04/05/2026,178476,FiscaldeFlop,AF - ARTHUR CABRAL,"300,09",3,0," R$  303,09 ","99,01%","0,99%","0,00%",NLH,-263
04/05/2026,193154,viniciusdezes,AF - ARTHUR CABRAL,"1,36",0,0," R$  1,36 ","100,00%","0,00%","0,00%",NLH,-5
04/05/2026,132383,pix132383,AF - ARTHUR CABRAL,0,0,0, R$  -   ,,,,NLH,"3,7"
04/05/2026,155888,Salamanca,AF - ARTHUR CABRAL,0,0,0, R$  -   ,,,,NLH,"1,33"
04/05/2026,159834,SoLamento,AF - ARTHUR CABRAL,"9,94","3,94",0," R$  13,88 ","71,61%","28,39%","0,00%",NLH,"16,67"
04/05/2026,163452,pix163452,AF - ARTHUR CABRAL,0,"3,6",0," R$  3,60 ","0,00%","100,00%","0,00%",MTT,-36
04/05/2026,182855,Teo pixpoker,AF - ARTHUR CABRAL,0,"0,1",0," R$  0,10 ","0,00%","100,00%","0,00%",MTT,"1,34"
04/05/2026,195438,pix195438,AF - ARTHUR CABRAL,"20,25",0,0," R$  20,25 ","100,00%","0,00%","0,00%",NLH,-46
04/05/2026,115718,Gladiador+,AF - ARTHUR CABRAL,0,"104,5",0," R$  104,50 ","0,00%","100,00%","0,00%",MTT,"1606,04"
04/05/2026,134707,GUGUINHA,AF - ARTHUR CABRAL,0,0,"47,74"," R$  47,74 ","0,00%","0,00%","100,00%",PLO6,"-204,84"
04/05/2026,150117,corujaNI,AF - ARTHUR CABRAL,0,10,0," R$  10,00 ","0,00%","100,00%","0,00%",MTT,"22,5"
04/05/2026,154703,CLUB POKER CBB,AF - ARTHUR CABRAL,0,"9,9",0," R$  9,90 ","0,00%","100,00%","0,00%",MTT,-99
04/05/2026,165523,Proibido,AF - ARTHUR CABRAL,0,2,0," R$  2,00 ","0,00%","100,00%","0,00%",MTT,-20
04/05/2026,186161,Samengo,AF - ARTHUR CABRAL,0,"1,6",0," R$  1,60 ","0,00%","100,00%","0,00%",MTT,"73,68"
04/05/2026,114323,do agro?,AF - ARTHUR CABRAL,0,0,0, R$  -   ,,,,NLH,0
04/05/2026,158421,BOLSONARO??,AF - ARTHUR CABRAL,0,"5,2","2,56"," R$  7,76 ","0,00%","67,01%","32,99%",MTT,"-67,27"
04/05/2026,170645,JAHPARAIBA,AF - ARTHUR CABRAL,0,"0,2",0," R$  0,20 ","0,00%","100,00%","0,00%",MTT,-2
04/05/2026,180496,Supremo359,AF - ARTHUR CABRAL,0,0,762," R$  762,00 ","0,00%","0,00%","100,00%",PLO6,"8549,25"
04/05/2026,173040,Careca1kGrau,AF - ARTHUR CABRAL,"1,08","0,5",0," R$  1,58 ","68,35%","31,65%","0,00%",NLH,"-7,2"
04/05/2026,173038,JaxT???,AF - ARTHUR CABRAL,"74,55","7,3","1,32"," R$  83,17 ","89,64%","8,78%","1,59%",NLH,-300
04/05/2026,170941,PagodaO-,AF - ARTHUR CABRAL,"133,08",0,"544,05"," R$  677,13 ","19,65%","0,00%","80,35%",PLO6,"3332,48"
04/05/2026,172412,GRT9,AF - ARTHUR CABRAL,"1,17","1,1",0," R$  2,27 ","51,54%","48,46%","0,00%",NLH,"-14,5"
04/05/2026,112389,luis.angelim,AF - ARTHUR CABRAL,"76,15","109,6","3,16"," R$  188,91 ","40,31%","58,02%","1,67%",MTT,"178,51"
04/05/2026,151781,doadorAA,AF - ARTHUR CABRAL,"8,11",0,"0,78"," R$  8,89 ","91,23%","0,00%","8,77%",NLH,"5,45"
04/05/2026,123425,Lisura,AF - ARTHUR CABRAL,0,0,"739,11"," R$  739,11 ","0,00%","0,00%","100,00%",PLO6,"-7299,85"
04/05/2026,100230,#NJR#,AF - ARTHUR CABRAL,"3,35",0,"2,86"," R$  6,21 ","53,95%","0,00%","46,05%",NLH,-74
04/05/2026,171967,chico bala,AF - ARTHUR CABRAL,0,0,0, R$  -   ,,,,NLH,0
04/05/2026,125296,FoldNutts,AF - ARTHUR CABRAL,"310,45",0,"306,72"," R$  617,17 ","50,30%","0,00%","49,70%",NLH,"449,62"
04/05/2026,167813,Edivaldo ??,AF - ARTHUR CABRAL,"21,6","2,5",0," R$  24,10 ","89,63%","10,37%","0,00%",NLH,"83,55"
04/05/2026,151720,Merlin,AF - ARTHUR CABRAL,0,3,0," R$  3,00 ","0,00%","100,00%","0,00%",MTT,-30
04/05/2026,159377,papaléguas?,AF - ARTHUR CABRAL,"366,04",0,0," R$  366,04 ","100,00%","0,00%","0,00%",NLH,"687,62"
04/05/2026,160830,LeandroFloriani,AF - ARTHUR CABRAL,"92,38",0,0," R$  92,38 ","100,00%","0,00%","0,00%",NLH,"-591,78"
04/05/2026,193500,peteco peteco,AF - ARTHUR CABRAL,0,0,"50,17"," R$  50,17 ","0,00%","0,00%","100,00%",PLO6,"286,69"
04/05/2026,134710,Pretaothug,AF - ARTHUR CABRAL,0,"13,4","124,07"," R$  137,47 ","0,00%","9,75%","90,25%",PLO6,"-558,78"
04/05/2026,151971,Neto Sinuca Ipuense,AF - ARTHUR CABRAL,"1,34",0,0," R$  1,34 ","100,00%","0,00%","0,00%",NLH,-18
04/05/2026,110272,A NO TURN,AF - ARTHUR CABRAL,0,0,0, R$  -   ,,,,NLH,0
04/05/2026,145384,Rufles,AF - ARTHUR CABRAL,0,0,0, R$  -   ,,,,NLH,"1,6"
04/05/2026,190995,Jhon Arias,AF - ARTHUR CABRAL,0,0,0, R$  -   ,,,,NLH,"1,11"
04/05/2026,148056,?BRG1 ? JJ,AF - ARTHUR CABRAL,"13,98","0,5",0," R$  14,48 ","96,55%","3,45%","0,00%",NLH,"320,35"
04/05/2026,161331,BibliaDeGivaldo,AF - ARTHUR CABRAL,"34,54",0,0," R$  34,54 ","100,00%","0,00%","0,00%",NLH,"-300,12"
04/05/2026,154992,Laiho.W.F,AF - ARTHUR CABRAL,"0,57",0,0," R$  0,57 ","100,00%","0,00%","0,00%",NLH,-8
04/05/2026,159155,Fortunato.137,AF - ARTHUR CABRAL,"9,34",0,"2,56"," R$  11,90 ","78,49%","0,00%","21,51%",NLH,"0,15"
04/05/2026,127787,Cupisco,AF - ARTHUR CABRAL,0,0,0, R$  -   ,,,,NLH,"0,86"
04/05/2026,148405,ferraro7416,AF - ARTHUR CABRAL,"13,49","2,4",0," R$  15,89 ","84,90%","15,10%","0,00%",NLH,"25,17"
04/05/2026,140474,Edilson07,AF - ARTHUR CABRAL,0,0,0, R$  -   ,,,,NLH,0
04/05/2026,164697,pedrorenilson_,AF - ARTHUR CABRAL,0,0,0, R$  -   ,,,,NLH,0
04/05/2026,112648,maniaco da praça,AF - ARTHUR CABRAL,"5,43",0,"71,46"," R$  76,89 ","7,06%","0,00%","92,94%",PLO6,"99,4"
04/05/2026,182616,urubu do pixe,AF - ARTHUR CABRAL,0,"2,4","7,61"," R$  10,01 ","0,00%","23,98%","76,02%",PLO6,"-50,8"
04/05/2026,100473,FlaPix,AF - ARTHUR CABRAL,0,0,"12,77"," R$  12,77 ","0,00%","0,00%","100,00%",PLO6,-50
04/05/2026,120690,myegss,AF - ARTHUR CABRAL,0,0,"34,16"," R$  34,16 ","0,00%","0,00%","100,00%",PLO6,"73,15"
04/05/2026,156396,Gonzagão Tiltado,AF - ARTHUR CABRAL,0,0,0, R$  -   ,,,,NLH,0
04/05/2026,147389,Dlira14,AF - ARTHUR CABRAL,0,3,0," R$  3,00 ","0,00%","100,00%","0,00%",MTT,-30
04/05/2026,159243,JL0211,AF - BERNARDO,0,"9,2","102,37"," R$  111,57 ","0,00%","8,25%","91,75%",PLO6,"67,64"
04/05/2026,100533,Boqueirão PB?,AF - BERNARDO,0,0,0, R$  -   ,,,,NLH,0
04/05/2026,146754,ricardo ribeiro,AF - BERNARDO,0,6,"76,84"," R$  82,84 ","0,00%","7,24%","92,76%",PLO6,"-205,56"
04/05/2026,139677,Branquelo de Neve,AF - BERNARDO,0,0,"3,85"," R$  3,85 ","0,00%","0,00%","100,00%",PLO6,-90
04/05/2026,148812,Arthur Morgan,AF - BERNARDO,0,"0,8","21,9"," R$  22,70 ","0,00%","3,52%","96,48%",PLO6,"-106,44"
04/05/2026,120745,Doutorzin,AF - BERNARDO,0,0,"279,29"," R$  279,29 ","0,00%","0,00%","100,00%",PLO6,"-635,12"
04/05/2026,180056,TILT????,AF - RYAN CARVALHO,0,"46,85","60,82"," R$  107,67 ","0,00%","43,51%","56,49%",PLO6,"264,75"
04/05/2026,182977,Playboy,AF - RYAN CARVALHO,"30,89","150,04","13,1"," R$  194,03 ","15,92%","77,33%","6,75%",MTT,778
04/05/2026,173878,Romário Barreto,AF - RYAN CARVALHO,0,"3,5",0," R$  3,50 ","0,00%","100,00%","0,00%",MTT,"20,29"
04/05/2026,180237,aylla17,AF - RYAN CARVALHO,"4,21",0,"2,21"," R$  6,42 ","65,58%","0,00%","34,42%",NLH,"-15,39"
04/05/2026,181833,Cozinheiro Hemp,AF - RYAN CARVALHO,0,"21,2","14,67"," R$  35,87 ","0,00%","59,10%","40,90%",MTT,"120,96"
04/05/2026,103225,olisee,AF - RYAN CARVALHO,"25,83","4,4","10,08"," R$  40,31 ","64,08%","10,92%","25,01%",NLH,"-178,28"
04/05/2026,173807,pix palmeiras @,AF - RYAN CARVALHO,0,"61,98","170,92"," R$  232,90 ","0,00%","26,61%","73,39%",PLO6,"-338,48"
04/05/2026,180389,VivianSaliba??,AF - RYAN CARVALHO,"68,73",0,0," R$  68,73 ","100,00%","0,00%","0,00%",NLH,-362
04/05/2026,177859,TARJA PRETA,AF - RYAN CARVALHO,0,"5,6","14,88"," R$  20,48 ","0,00%","27,34%","72,66%",PLO6,"-75,27"
04/05/2026,181198,vitferrazpina,AF - RYAN CARVALHO,"1,19","34,5",0," R$  35,69 ","3,33%","96,67%","0,00%",MTT,"-5,6"
04/05/2026,124057,phmb06,AF - RYAN CARVALHO,"7,3",0,"101,52"," R$  108,82 ","6,71%","0,00%","93,29%",PLO6,-676
04/05/2026,168944,tropa do 7,AF - RYAN CARVALHO,0,"0,1",0," R$  0,10 ","0,00%","100,00%","0,00%",MTT,-1
04/05/2026,181205,pdrogatheking,AF - RYAN CARVALHO,0,"18,5",0," R$  18,50 ","0,00%","100,00%","0,00%",MTT,"-48,98"
04/05/2026,182032,Kakashi Hatake,AF - RYAN CARVALHO,"7,22","100,35",0," R$  107,57 ","6,71%","93,29%","0,00%",MTT,"-638,09"
04/05/2026,181917,Carlos Andrade,AF - RYAN CARVALHO,0,"89,9",0," R$  89,90 ","0,00%","100,00%","0,00%",MTT,"-726,39"
04/05/2026,161128,Edinho jl,AF - RYAN CARVALHO,0,0,0, R$  -   ,,,,NLH,0
04/05/2026,183010,STANLEY ????,AF - RYAN CARVALHO,0,"11,8",0," R$  11,80 ","0,00%","100,00%","0,00%",MTT,-118
04/05/2026,175867,manoelchef,AF - RYAN CARVALHO,0,0,0, R$  -   ,,,,NLH,0
04/05/2026,195292,MaJinBOO,AF - RYAN CARVALHO,0,0,0, R$  -   ,,,,NLH,0
04/05/2026,186210,joaoboka,AF - RYAN CARVALHO,0,0,0, R$  -   ,,,,NLH,0
04/05/2026,153425,R daylove,AF - RYAN CARVALHO,0,"30,45","1,27"," R$  31,72 ","0,00%","96,00%","4,00%",MTT,"62,68"
04/05/2026,160167,Tapana2,AF - RYAN CARVALHO,0,"2,8",0," R$  2,80 ","0,00%","100,00%","0,00%",MTT,-28
04/05/2026,188903,savio14,AF - RYAN CARVALHO,0,0,0, R$  -   ,,,,NLH,"0,51"
04/05/2026,179249,@Bobbyzii_,AF - RYAN CARVALHO,"0,16","23,2",0," R$  23,36 ","0,68%","99,32%","0,00%",MTT,"-143,29"
04/05/2026,177343,vitindograu,AF - RYAN CARVALHO,0,0,0, R$  -   ,,,,NLH,0
04/05/2026,195894,Victorpro,AF - RYAN CARVALHO,0,0,0, R$  -   ,,,,NLH,0
04/05/2026,194445,michaelLeonny,AF - RYAN CARVALHO,0,"2,3",0," R$  2,30 ","0,00%","100,00%","0,00%",MTT,-23
04/05/2026,181523,Espelho,AF - RYAN CARVALHO,0,0,0, R$  -   ,,,,NLH,"5,9"
04/05/2026,181853,jiraiadeteo,AF - RYAN CARVALHO,0,0,0, R$  -   ,,,,NLH,0
04/05/2026,183560,lampiao007,AF - RYAN CARVALHO,0,"0,5",0," R$  0,50 ","0,00%","100,00%","0,00%",MTT,0
04/05/2026,181934,pededu,AF - CARLA JP,0,1,"10,59"," R$  11,59 ","0,00%","8,63%","91,37%",PLO6,"-133,77"
04/05/2026,147505,D??N,AF - CARLA JP,0,"61,5","2,91"," R$  64,41 ","0,00%","95,48%","4,52%",MTT,-650
04/05/2026,187106,nego bidu2,AF - CARLA JP,0,17,0," R$  17,00 ","0,00%","100,00%","0,00%",MTT,"-114,33"
04/05/2026,194202,CashOUT,AF - CARLA JP,0,"82,8",0," R$  82,80 ","0,00%","100,00%","0,00%",MTT,"-378,01"
04/05/2026,167732,Gregory55,AF - CARLA JP,0,"0,25","32,17"," R$  32,42 ","0,00%","0,77%","99,23%",PLO6,-100
04/05/2026,194174,GalegoBC,AF - CARLA JP,0,"1,6",0," R$  1,60 ","0,00%","100,00%","0,00%",MTT,"-11,39"
04/05/2026,178700,Lamborghini,AF - CARLA JP,0,0,"29,94"," R$  29,94 ","0,00%","0,00%","100,00%",PLO6,"-723,41"
04/05/2026,121370,TôlinnRabano,AF - CARLA JP,"0,23","1,3","0,4"," R$  1,93 ","11,92%","67,36%","20,73%",MTT,"-9,32"
04/05/2026,135771,michaelmdss,AF - CARLA JP,0,0,0, R$  -   ,,,,NLH,"7,34"
04/05/2026,188529,trempix69,AF - CARLA JP,0,"0,7",0," R$  0,70 ","0,00%","100,00%","0,00%",MTT,"-4,68"
04/05/2026,193845,thiagocpr2005,AF - CARLA JP,0,2,0," R$  2,00 ","0,00%","100,00%","0,00%",MTT,-20
04/05/2026,188011,jajanteii,AF - CARLA JP,0,0,"36,62"," R$  36,62 ","0,00%","0,00%","100,00%",PLO6,-35
04/05/2026,195656,FCrispim,AF - CARLA JP,0,"3,4",0," R$  3,40 ","0,00%","100,00%","0,00%",MTT,-34
04/05/2026,195741,Amo-Groot,AF - CARLA JP,0,"4,4","33,86"," R$  38,26 ","0,00%","11,50%","88,50%",PLO6,"-19,53"
04/05/2026,159905,zecaaa,AF - CARLA JP,0,0,"5,35"," R$  5,35 ","0,00%","0,00%","100,00%",PLO6,-15
04/05/2026,194108,nathant,AF - CARLA JP,"6,61","3,4","0,14"," R$  10,15 ","65,12%","33,50%","1,38%",NLH,"-106,1"
04/05/2026,188878,Flopper,AF - CARLA JP,"10,44","0,4",0," R$  10,84 ","96,31%","3,69%","0,00%",NLH,"-54,93"
04/05/2026,156724,CARLOS GRANDE,AF - CARLA JP,0,10,"750,2"," R$  760,20 ","0,00%","1,32%","98,68%",PLO6,"253,66"
04/05/2026,160268,Hedizin,AF - CARLA JP,0,"21,4","62,6"," R$  84,00 ","0,00%","25,48%","74,52%",PLO6,"432,91"
04/05/2026,166288,Muryo Kusho,AF - CARLA JP,0,0,"357,44"," R$  357,44 ","0,00%","0,00%","100,00%",PLO6,"366,35"
04/05/2026,184144,Light4i20,AF - CARLA JP,"11,67","1,6","125,77"," R$  139,04 ","8,39%","1,15%","90,46%",PLO6,-963
04/05/2026,195840,LuksReis77,AF - CARLA JP,0,7,0," R$  7,00 ","0,00%","100,00%","0,00%",MTT,-70
04/05/2026,195670,ADias,AF - CARLA JP,"60,98",0,0," R$  60,98 ","100,00%","0,00%","0,00%",NLH,"80,36"
04/05/2026,106934,mazetto83,AF - CARLA JP,0,0,"14,86"," R$  14,86 ","0,00%","0,00%","100,00%",PLO6,-125
04/05/2026,136477,cidoka,AF - CARLA JP,0,"0,1",0," R$  0,10 ","0,00%","100,00%","0,00%",MTT,"-0,23"
04/05/2026,137180,Caco_Play,AF - CARLA JP,0,0,0, R$  -   ,,,,NLH,0
04/05/2026,139949,tomillo,AF - CARLA JP,0,0,0, R$  -   ,,,,NLH,0
04/05/2026,193416,Santiago83,AF - CARLA JP,0,"11,2",0," R$  11,20 ","0,00%","100,00%","0,00%",MTT,"-110,88"
04/05/2026,154196,CoxinhaPoker,AF - CARLA JP,0,"18,4","29,67"," R$  48,07 ","0,00%","38,28%","61,72%",PLO6,"-95,67"
04/05/2026,194040,B.D.G.,AF - CARLA JP,0,0,"19,85"," R$  19,85 ","0,00%","0,00%","100,00%",PLO6,"-151,69"
04/05/2026,117342,Carla Renna,AF - CARLA JP,0,"20,4",0," R$  20,40 ","0,00%","100,00%","0,00%",MTT,-220
04/05/2026,136965,Hiago38,AF - CARLA JP,0,"2,75",0," R$  2,75 ","0,00%","100,00%","0,00%",MTT,"-27,5"
04/05/2026,170178,Zangetsu,AF - CARLA JP,"13,75","2,1","4,8"," R$  20,65 ","66,59%","10,17%","23,24%",NLH,"-38,5"
04/05/2026,174895,ThomasBruns,AF - CARLA JP,0,3,0," R$  3,00 ","0,00%","100,00%","0,00%",MTT,-30
04/05/2026,182828,ur3a_,AF - CARLA JP,0,"2,5",0," R$  2,50 ","0,00%","100,00%","0,00%",MTT,-25
04/05/2026,195550,pix195550,AF - CARLA JP,0,"14,7",0," R$  14,70 ","0,00%","100,00%","0,00%",MTT,-165
04/05/2026,151310,arthurpix,AF - CARLA JP,0,0,"71,51"," R$  71,51 ","0,00%","0,00%","100,00%",PLO6,-710
04/05/2026,178216,ibañez ??,AF - CARLA JP,0,"5,2","2,67"," R$  7,87 ","0,00%","66,07%","33,93%",MTT,"-24,97"
04/05/2026,111925,XAN?,AF - CARLA JP,"1,55",0,26," R$  27,55 ","5,63%","0,00%","94,37%",PLO6,"-135,35"
04/05/2026,176816,victini,AF - CARLA JP,0,"12,04",0," R$  12,04 ","0,00%","100,00%","0,00%",MTT,"-72,66"
04/05/2026,143649,chibata83,AF - CARLA JP,0,0,"2646,92"," R$  2.646,92 ","0,00%","0,00%","100,00%",PLO6,"-10530,97"
04/05/2026,153074,AzarDaMzrHomi,AF - CARLA JP,0,0,"25,55"," R$  25,55 ","0,00%","0,00%","100,00%",PLO6,"-23,3"
04/05/2026,177784,Sheep,AF - CARLA JP,"8,51","4,1","8,27"," R$  20,88 ","40,76%","19,64%","39,61%",NLH,"-30,62"
04/05/2026,136268,jobelis,AF - CARLA JP,0,11,"0,57"," R$  11,57 ","0,00%","95,07%","4,93%",MTT,-114
04/05/2026,160784,miltinhosensação,AF - CARLA JP,0,"13,5",0," R$  13,50 ","0,00%","100,00%","0,00%",MTT,-135
04/05/2026,106447,TREVAS,AF - CARLA JP,0,0,0, R$  -   ,,,,NLH,0
04/05/2026,115863,Bruninho Olliver,AF - CARLA JP,"4,45","12,71","5,53"," R$  22,69 ","19,61%","56,02%","24,37%",MTT,"289,18"
04/05/2026,171552,@AllefAraujjo,AF - CARLA JP,0,0,0, R$  -   ,,,,NLH,"0,64"
04/05/2026,179086,marretadAA,AF - CARLA JP,0,0,"479,91"," R$  479,91 ","0,00%","0,00%","100,00%",PLO6,-135
04/05/2026,184737,Carlos Alberto,AF - CARLA JP,0,0,"16,36"," R$  16,36 ","0,00%","0,00%","100,00%",PLO6,"-109,76"
04/05/2026,120712,Marçal01,AF - CARLA JP,"19,15",0,"8,27"," R$  27,42 ","69,84%","0,00%","30,16%",NLH,"-246,79"
04/05/2026,147790,guzAApoker,AF - CARLA JP,0,"104,5",0," R$  104,50 ","0,00%","100,00%","0,00%",MTT,"984,58"
04/05/2026,118354,Daniboy/PB,AF - CARLA JP,0,"7,2",0," R$  7,20 ","0,00%","100,00%","0,00%",MTT,210
04/05/2026,158406,Velho Tarado,AF - CARLA JP,0,"7,2",0," R$  7,20 ","0,00%","100,00%","0,00%",MTT,-90
04/05/2026,118105,Targino,AF - CARLA JP,0,0,0, R$  -   ,,,,NLH,0
04/05/2026,127033,pix127033,AF - CARLA JP,"32,25",0,0," R$  32,25 ","100,00%","0,00%","0,00%",NLH,"-126,46"
04/05/2026,117404,Cnhhh,AF - CARLA JP,0,0,"7,47"," R$  7,47 ","0,00%","0,00%","100,00%",PLO6,-110
04/05/2026,118251,bebelteam,AF - CARLA JP,"0,8","0,6","8,81"," R$  10,21 ","7,84%","5,88%","86,29%",PLO6,"-59,31"
04/05/2026,115704,viper pb,AF - CARLA JP,0,"13,4","15,32"," R$  28,72 ","0,00%","46,66%","53,34%",PLO6,"-186,27"
04/05/2026,162087,o jovem,AF - CARLA JP,"5,37","10,4",0," R$  15,77 ","34,05%","65,95%","0,00%",MTT,"-51,28"
04/05/2026,170605,Lasmar,AF - CARLA JP,0,"30,64",0," R$  30,64 ","0,00%","100,00%","0,00%",MTT,"-306,4"
04/05/2026,152376,Charles L.,AF - CARLA JP,0,"11,3",0," R$  11,30 ","0,00%","100,00%","0,00%",MTT,"183,9"
04/05/2026,146758,jrdoido,AF - CARLA JP,0,0,"56,91"," R$  56,91 ","0,00%","0,00%","100,00%",PLO6,-238
04/05/2026,191156,_007_,AF - CARLA JP,0,"3,24","8,91"," R$  12,15 ","0,00%","26,67%","73,33%",PLO6,-113
04/05/2026,146188,trempagador,AF - CARLA JP,0,10,0," R$  10,00 ","0,00%","100,00%","0,00%",MTT,-100
04/05/2026,195735,Joaquim França,AF - CARLA JP,"3,19","2,1",0," R$  5,29 ","60,30%","39,70%","0,00%",NLH,"27,92"
04/05/2026,191044,Gulio081,AF - CARLA JP,"7,32","10,8",0," R$  18,12 ","40,40%","59,60%","0,00%",MTT,"-165,16"
04/05/2026,136956,ChrisFT21,AF - CARLA JP,"2,78",0,0," R$  2,78 ","100,00%","0,00%","0,00%",NLH,-22
04/05/2026,172954,menofmayhem,AF - CARLA JP,"2,73",0,0," R$  2,73 ","100,00%","0,00%","0,00%",NLH,-25
04/05/2026,194819,pix194819,AF - CARLA JP,"3,55",3,0," R$  6,55 ","54,20%","45,80%","0,00%",NLH,19
04/05/2026,182244,TiiBilu1010,AF - BRENO BIGNARD,"16,07",16,"294,25"," R$  326,32 ","4,92%","4,90%","90,17%",PLO6,"52,43"
04/05/2026,162179,pedro.,AF - BRENO BIGNARD,"24,55",0,"52,03"," R$  76,58 ","32,06%","0,00%","67,94%",PLO6,"-202,77"
04/05/2026,182598,allanzinho91,AF - BRENO BIGNARD,"11,24","11,21",0," R$  22,45 ","50,07%","49,93%","0,00%",NLH,"-154,72"
04/05/2026,164986,Deide costa,AF - BRENO BIGNARD,"0,38",3,"40,02"," R$  43,40 ","0,88%","6,91%","92,21%",PLO6,"-207,57"
04/05/2026,179068,Piu Piu doido,AF - BRENO BIGNARD,"22,6","17,86","16,83"," R$  57,29 ","39,45%","31,17%","29,38%",NLH,"-312,05"
04/05/2026,111575,TH4N0S,AF - BRENO BIGNARD,"208,97","40,7","2,54"," R$  252,21 ","82,86%","16,14%","1,01%",NLH,-745
04/05/2026,149811,bezerro,AF - BRENO BIGNARD,"110,52",0,"12,3"," R$  122,82 ","89,99%","0,00%","10,01%",NLH,"137,51"
04/05/2026,160617,pix160617,AF - BRENO BIGNARD,"56,84",18,0," R$  74,84 ","75,95%","24,05%","0,00%",NLH,"-11,34"
04/05/2026,180225,deus e bom,AF - BRENO BIGNARD,"36,82","4,7","21,69"," R$  63,21 ","58,25%","7,44%","34,31%",NLH,-12
04/05/2026,192998,pix192998,AF - BRENO BIGNARD,"95,31",0,0," R$  95,31 ","100,00%","0,00%","0,00%",NLH,"10,94"
04/05/2026,194954,AA?,AF - BRENO BIGNARD,"103,49",0,"116,86"," R$  220,35 ","46,97%","0,00%","53,03%",PLO6,"-1089,02"
04/05/2026,188467,TheNerdXama,AF - BRENO BIGNARD,0,"31,8",0," R$  31,80 ","0,00%","100,00%","0,00%",MTT,-318
04/05/2026,172367,flaviobolsonaroooooo,AF - BRENO BIGNARD,0,"97,7",0," R$  97,70 ","0,00%","100,00%","0,00%",MTT,"55,95"
04/05/2026,158010,sacoleeeeee,AF - BRENO BIGNARD,"10,53",0,0," R$  10,53 ","100,00%","0,00%","0,00%",NLH,-80
04/05/2026,178564,blef?,AF - BRENO BIGNARD,"11,8",0,"0,16"," R$  11,96 ","98,66%","0,00%","1,34%",NLH,-111
04/05/2026,170702,Depay,AF - BRENO BIGNARD,0,0,0, R$  -   ,,,,NLH,0
04/05/2026,131569,Gilsão,AF - BRENO BIGNARD,0,"67,6",0," R$  67,60 ","0,00%","100,00%","0,00%",MTT,"1029,34"
04/05/2026,135743,piotr,AF - BRENO BIGNARD,"57,32","47,6",0," R$  104,92 ","54,63%","45,37%","0,00%",NLH,"272,55"
04/05/2026,173765,tartaruga ?,AF - BRENO BIGNARD,"7,44","1,2",0," R$  8,64 ","86,11%","13,89%","0,00%",NLH,"-8,61"
04/05/2026,190294,harrypotter,AF - BRENO BIGNARD,0,"49,4",0," R$  49,40 ","0,00%","100,00%","0,00%",MTT,-474
04/05/2026,162915,OldSeaWolf,AF - BRENO BIGNARD,"34,8",0,0," R$  34,80 ","100,00%","0,00%","0,00%",NLH,"64,81"
04/05/2026,164244,neguinho do gás,AF - BRENO BIGNARD,"68,53",0,0," R$  68,53 ","100,00%","0,00%","0,00%",NLH,"15,01"
04/05/2026,164324,NerdSilva,AF - BRENO BIGNARD,"71,13",0,0," R$  71,13 ","100,00%","0,00%","0,00%",NLH,"-180,2"
04/05/2026,172891,tecomeu,AF - BRENO BIGNARD,0,55,"91,7"," R$  146,70 ","0,00%","37,49%","62,51%",PLO6,"-884,48"
04/05/2026,133213,Rafael2,AF - BRENO BIGNARD,0,0,0, R$  -   ,,,,NLH,0
04/05/2026,178308,nicolauuu,AF - BRENO BIGNARD,"16,27",0,"7,75"," R$  24,02 ","67,74%","0,00%","32,26%",NLH,"-94,74"
04/05/2026,179880,raymene,AF - BRENO BIGNARD,"3,52",0,0," R$  3,52 ","100,00%","0,00%","0,00%",NLH,-50
04/05/2026,171258,Washigton Salles,AF - BRENO BIGNARD,"22,24",0,0," R$  22,24 ","100,00%","0,00%","0,00%",NLH,"166,53"
04/05/2026,171469,PX 1986RN,AF - BRENO BIGNARD,"74,24",0,0," R$  74,24 ","100,00%","0,00%","0,00%",NLH,"304,56"
04/05/2026,162860,pix162860,AF - BRENO BIGNARD,0,0,"3,37"," R$  3,37 ","0,00%","0,00%","100,00%",PLO6,"-50,44"
04/05/2026,171011,NETOGRAVACOES,AF - BRENO BIGNARD,0,0,"6,1"," R$  6,10 ","0,00%","0,00%","100,00%",PLO6,-30
04/05/2026,183300,gbala380,AF - BRENO BIGNARD,"10,52",0,"0,78"," R$  11,30 ","93,10%","0,00%","6,90%",NLH,"-32,28"
04/05/2026,171202,jhony@AK,AF - BRENO BIGNARD,0,0,"45,78"," R$  45,78 ","0,00%","0,00%","100,00%",PLO6,"-149,17"
04/05/2026,192961,pix192961,AF - TRAF. BRUNO F.,0,0,"141,8"," R$  141,80 ","0,00%","0,00%","100,00%",PLO6,"-489,34"
04/05/2026,172458,radar55,AF - TRAF. BRUNO F.,"2,48","1,1","30,52"," R$  34,10 ","7,27%","3,23%","89,50%",PLO6,-103
04/05/2026,188916,g.ferreira,AF - TRAF. BRUNO F.,0,0,0, R$  -   ,,,,NLH,0
04/05/2026,189242,LekoTR,AF - TRAF. BRUNO F.,"2,23",0,"16,64"," R$  18,87 ","11,82%","0,00%","88,18%",PLO6,-109
04/05/2026,192354,CHORA.bb,AF - TRAF. BRUNO F.,"10,39",0,"0,73"," R$  11,12 ","93,44%","0,00%","6,56%",NLH,-50
04/05/2026,193347,pix193347,AF - TRAF. BRUNO F.,0,0,0, R$  -   ,,,,NLH,0
04/05/2026,193596,passamai,AF - TRAF. BRUNO F.,0,"0,2",0," R$  0,20 ","0,00%","100,00%","0,00%",MTT,"-0,44"
04/05/2026,193379,pix193379,AF - TRAF. BRUNO F.,0,"7,2",0," R$  7,20 ","0,00%","100,00%","0,00%",MTT,-72
04/05/2026,187633,GustavOrsi,AF - TRAF. BRUNO F.,"0,71","0,3",0," R$  1,01 ","70,30%","29,70%","0,00%",NLH,-10
04/05/2026,192934,pix192934,AF - TRAF. BRUNO F.,0,0,0, R$  -   ,,,,NLH,0
04/05/2026,193004,AleeKK,AF - TRAF. BRUNO F.,0,0,0, R$  -   ,,,,NLH,0
04/05/2026,191973,pix191973,AF - TRAF. BRUNO F.,0,0,0, R$  -   ,,,,NLH,0
04/05/2026,187927,herdeiro,AF - TRAF. BRUNO F.,"5,36",0,0," R$  5,36 ","100,00%","0,00%","0,00%",NLH,-64
04/05/2026,188742,JALVESPOKER,AF - TRAF. BRUNO F.,0,"2,2",0," R$  2,20 ","0,00%","100,00%","0,00%",MTT,-22
04/05/2026,192441,Guuuh1000,AF - TRAF. BRUNO F.,"1,63","10,1","1,5"," R$  13,23 ","12,32%","76,34%","11,34%",MTT,"-37,46"
04/05/2026,191574,pix191574,AF - TRAF. BRUNO F.,0,0,0, R$  -   ,,,,NLH,0
04/05/2026,193479,pix193479,AF - TRAF. BRUNO F.,0,0,0, R$  -   ,,,,NLH,0
04/05/2026,191465,MynssenAA,AF - TRAF. BRUNO F.,0,0,0, R$  -   ,,,,NLH,0
04/05/2026,193548,Ma2ponto0,AF - TRAF. BRUNO F.,0,0,0, R$  -   ,,,,NLH,0
04/05/2026,194024,chama na bota,AF - RAPHAEL A.,0,0,"423,67"," R$  423,67 ","0,00%","0,00%","100,00%",PLO6,"-1036,6"
04/05/2026,100220,Martin Kabrhel,AF - RAPHAEL A.,0,"0,75","12,84"," R$  13,59 ","0,00%","5,52%","94,48%",PLO6,"40,06"
04/05/2026,193309,LLL3,AF - RAPHAEL A.,0,"0,1",0," R$  0,10 ","0,00%","100,00%","0,00%",MTT,-1
04/05/2026,186000,Arapuca.armada,AF - RAPHAEL A.,0,"0,6","72,91"," R$  73,51 ","0,00%","0,82%","99,18%",PLO6,-56
04/05/2026,145480,parDeKK,AF - RAPHAEL A.,0,0,"734,69"," R$  734,69 ","0,00%","0,00%","100,00%",PLO6,"1097,54"
04/05/2026,183282,ricardin,AF - RAPHAEL A.,0,0,"72,36"," R$  72,36 ","0,00%","0,00%","100,00%",PLO6,-11
04/05/2026,102379,pix102379,AF - RAPHAEL A.,0,0,0, R$  -   ,,,,NLH,0
04/05/2026,149672,SACO DE BOI,AF - FERNANDO M.,0,"39,7",0," R$  39,70 ","0,00%","100,00%","0,00%",MTT,"-230,69"
04/05/2026,148848,meno K,AF - FERNANDO M.,0,"3,9","122,38"," R$  126,28 ","0,00%","3,09%","96,91%",PLO6,-829
04/05/2026,170113,Larry Bird 33#,AF - FERNANDO M.,"2,88","1,4","4,22"," R$  8,50 ","33,88%","16,47%","49,65%",PLO6,-41
04/05/2026,148451,Serimac,AF - FERNANDO M.,0,0,"395,47"," R$  395,47 ","0,00%","0,00%","100,00%",PLO6,"-3269,43"
04/05/2026,170439,esthercruzv,AF - FERNANDO M.,0,0,0, R$  -   ,,,,NLH,0
04/05/2026,147900,MHConline,AF - FERNANDO M.,"0,56",0,0," R$  0,56 ","100,00%","0,00%","0,00%",NLH,"-8,44"
04/05/2026,156181,KidCaucaia,AF - FERNANDO M.,0,"1,1",0," R$  1,10 ","0,00%","100,00%","0,00%",MTT,"0,49"
04/05/2026,170717,litlle nerd,AF - FERNANDO M.,0,"0,2",0," R$  0,20 ","0,00%","100,00%","0,00%",MTT,"1,22"
04/05/2026,143105,Xoxonho,AF - FERNANDO M.,0,26,0," R$  26,00 ","0,00%","100,00%","0,00%",MTT,-260
04/05/2026,175423,pix175423,AF - BRUNO FOSTER,0,"27,1",0," R$  27,10 ","0,00%","100,00%","0,00%",MTT,-61
04/05/2026,176592,ruiperesdilsinho,AF - BRUNO FOSTER,"10,92","22,2",0," R$  33,12 ","32,97%","67,03%","0,00%",MTT,"-234,17"
04/05/2026,177933,exe;,AF - BRUNO FOSTER,0,0,"336,84"," R$  336,84 ","0,00%","0,00%","100,00%",PLO6,"-1068,71"
04/05/2026,182891,Joz1ka,AF - BRUNO FOSTER,0,"0,3","69,91"," R$  70,21 ","0,00%","0,43%","99,57%",PLO6,-152
04/05/2026,170907,MenteGelada,AF - BRUNO FOSTER,"46,31","4,4","42,27"," R$  92,98 ","49,81%","4,73%","45,46%",NLH,-211
04/05/2026,186550,VT10,AF - BRUNO FOSTER,"151,13",0,"2,95"," R$  154,08 ","98,09%","0,00%","1,91%",NLH,"-83,75"
04/05/2026,176862,pix176862,AF - BRUNO FOSTER,0,0,"165,93"," R$  165,93 ","0,00%","0,00%","100,00%",PLO6,"-547,86"
04/05/2026,177628,papacman,AF - BRUNO FOSTER,"0,83","26,6","21,04"," R$  48,47 ","1,71%","54,88%","43,41%",MTT,-234
04/05/2026,175098,K7PAU,AF - BRUNO FOSTER,"33,6","4,96","2,16"," R$  40,72 ","82,51%","12,18%","5,30%",NLH,-202
04/05/2026,183349,Vegeta San,AF - BRUNO FOSTER,0,"2,5",0," R$  2,50 ","0,00%","100,00%","0,00%",MTT,-25
04/05/2026,179067,ekdidk,AF - BRUNO FOSTER,"16,65",0,0," R$  16,65 ","100,00%","0,00%","0,00%",NLH,"65,44"
04/05/2026,157566,Maximus ??,AF - BRUNO FOSTER,0,0,"34,69"," R$  34,69 ","0,00%","0,00%","100,00%",PLO6,-46
04/05/2026,175149,pix175149,AF - BRUNO FOSTER,0,0,"0,95"," R$  0,95 ","0,00%","0,00%","100,00%",PLO6,-14
04/05/2026,189825,POKER STAR,AF - BRUNO FOSTER,"43,32","36,5","5323,92"," R$  5.403,74 ","0,80%","0,68%","98,52%",PLO6,"-10149,97"
04/05/2026,178483,Rï§øką,AF - BRUNO FOSTER,0,"0,5",0," R$  0,50 ","0,00%","100,00%","0,00%",MTT,"-3,5"
04/05/2026,179798,ValdeirTeixeira,AF - BRUNO FOSTER,0,6,0," R$  6,00 ","0,00%","100,00%","0,00%",MTT,-60
04/05/2026,185924,Tio wlack,AF - BRUNO FOSTER,0,2,"6,91"," R$  8,91 ","0,00%","22,45%","77,55%",PLO6,-5
04/05/2026,175072,sovimsacar,AF - BRUNO FOSTER,0,0,"94,12"," R$  94,12 ","0,00%","0,00%","100,00%",PLO6,-64
04/05/2026,175804,MANDIBULLA,AF - BRUNO FOSTER,0,0,0, R$  -   ,,,,NLH,0
04/05/2026,178692,pix178692,AF - BRUNO FOSTER,0,0,0, R$  -   ,,,,NLH,"5,84"
04/05/2026,182791,FabricioVrCity,AF - BRUNO FOSTER,0,0,0, R$  -   ,,,,NLH,0
04/05/2026,186212,pix186212,AF - BRUNO FOSTER,"0,56","1,1",0," R$  1,66 ","33,73%","66,27%","0,00%",MTT,"27,03"
04/05/2026,138369,pedropaulo,AF - BRUNO FOSTER,0,0,"0,61"," R$  0,61 ","0,00%","0,00%","100,00%",PLO6,-9
04/05/2026,178109,kawehzin,AF - BRUNO FOSTER,"0,38",0,"0,44"," R$  0,82 ","46,34%","0,00%","53,66%",PLO6,-12
04/05/2026,174958,pix174958,AF - BRUNO FOSTER,0,0,0, R$  -   ,,,,NLH,0
04/05/2026,182597,pix182597,AF - BRUNO FOSTER,0,0,"62,95"," R$  62,95 ","0,00%","0,00%","100,00%",PLO6,-300
04/05/2026,145168,Fagundes,AF - BRUNO FOSTER,0,"2,2",0," R$  2,20 ","0,00%","100,00%","0,00%",MTT,"65,36"
04/05/2026,184830,Filma $$,AF - BRUNO FOSTER,0,"8,36","3,7"," R$  12,06 ","0,00%","69,32%","30,68%",MTT,"54,78"
04/05/2026,176764,hanikilador,AF - BRUNO FOSTER,0,"34,8","104,36"," R$  139,16 ","0,00%","25,01%","74,99%",PLO6,430
04/05/2026,174175,Douglas 0724,AF - BRUNO FOSTER,0,0,0, R$  -   ,,,,NLH,0
04/05/2026,135561,Modetec,AF - BRUNO FOSTER,0,0,0, R$  -   ,,,,NLH,0
04/05/2026,180421,CASSINHO 1821,AF - BRUNO FOSTER,0,"0,1",0," R$  0,10 ","0,00%","100,00%","0,00%",MTT,-1
04/05/2026,185503,mmmaschio,AF - BRUNO FOSTER,0,0,0, R$  -   ,,,,NLH,0
04/05/2026,184733,pix184733,AF - BRUNO FOSTER,0,0,0, R$  -   ,,,,NLH,0
04/05/2026,175736,jokerlouco777,AF - BRUNO FOSTER,0,0,0, R$  -   ,,,,NLH,"0,77"
04/05/2026,180508,pix180508,AF - BRUNO FOSTER,0,0,0, R$  -   ,,,,NLH,0
04/05/2026,145871,Aposentado ??,AF - BRUNO FOSTER,0,32,"19,85"," R$  51,85 ","0,00%","61,72%","38,28%",MTT,"-1209,95"
04/05/2026,176359,dendele 2,AF - BRUNO FOSTER,0,0,0, R$  -   ,,,,NLH,0
04/05/2026,153086,Nick_Wallyson,AF - BRUNO FOSTER,0,0,"1,34"," R$  1,34 ","0,00%","0,00%","100,00%",PLO6,-12
04/05/2026,179947,pix179947,AF - BRUNO FOSTER,"17,75",0,"18,99"," R$  36,74 ","48,31%","0,00%","51,69%",PLO6,"-116,24"
04/05/2026,182047,joventralha1,AF - FABIO MURAKAMI,0,16,0," R$  16,00 ","0,00%","100,00%","0,00%",MTT,-160
04/05/2026,163679,Leo 73,AF - FABIO MURAKAMI,0,0,0, R$  -   ,,,,NLH,"0,86"
04/05/2026,147416,chicleeete,AF - FABIO MURAKAMI,0,"87,4","120,62"," R$  208,02 ","0,00%","42,02%","57,98%",PLO6,"-255,9"
04/05/2026,158904,SHARON??,AF - FABIO MURAKAMI,0,"12,3","0,37"," R$  12,67 ","0,00%","97,08%","2,92%",MTT,"212,73"
04/05/2026,163793,SHEIIK,AF - FABIO MURAKAMI,0,"0,1",0," R$  0,10 ","0,00%","100,00%","0,00%",MTT,-1
04/05/2026,144307,AANTONIOE,AF - FABIO MURAKAMI,0,"2,45",0," R$  2,45 ","0,00%","100,00%","0,00%",MTT,"-24,5"
04/05/2026,146545,Patativover,AF - FABIO MURAKAMI,0,"139,5",0," R$  139,50 ","0,00%","100,00%","0,00%",MTT,"-1073,45"
04/05/2026,172138,Russia,AF - FABIO MURAKAMI,88,0,0," R$  88,00 ","100,00%","0,00%","0,00%",NLH,"-52,62"
04/05/2026,130042,FabioK9,AF - FABIO MURAKAMI,0,"76,8",0," R$  76,80 ","0,00%","100,00%","0,00%",MTT,"-442,92"
04/05/2026,160733,TheKing92,AF - FABIO MURAKAMI,0,27,0," R$  27,00 ","0,00%","100,00%","0,00%",MTT,"68,95"
04/05/2026,153916,Xandovysk,AF - FABIO MURAKAMI,"0,99","15,6",0," R$  16,59 ","5,97%","94,03%","0,00%",MTT,"-39,95"
04/05/2026,148598,aabb,AF - FABIO MURAKAMI,0,"31,3","6,68"," R$  37,98 ","0,00%","82,41%","17,59%",MTT,"291,8"
04/05/2026,189476,SAMUKA YOSHI,AF - TRAF. RAMON P.,"2,7","0,8",0," R$  3,50 ","77,14%","22,86%","0,00%",NLH,"-21,79"
04/05/2026,188005,jefelima81,AF - TRAF. RAMON P.,"0,74",2,"7,06"," R$  9,80 ","7,55%","20,41%","72,04%",PLO6,-108
04/05/2026,139505,pix139505,AF - RAILSON,0,0,"372,46"," R$  372,46 ","0,00%","0,00%","100,00%",PLO6,"2024,21"
04/05/2026,173626,pix173626,CAMPANHA 1,0,0,"2104,07"," R$  2.104,07 ","0,00%","0,00%","100,00%",PLO6,"2147,66"
04/05/2026,162008,pix162008,CAMPANHA 1,0,0,"1304,13"," R$  1.304,13 ","0,00%","0,00%","100,00%",PLO6,168
04/05/2026,162174,AAMAA,CAMPANHA 1,0,"0,4",0," R$  0,40 ","0,00%","100,00%","0,00%",MTT,-4
04/05/2026,169382,ÉoPessa,CAMPANHA 1,"2,13",0,0," R$  2,13 ","100,00%","0,00%","0,00%",NLH,"-20,51"
04/05/2026,174170,Costela_07,CAMPANHA 1,"0,93",0,"0,14"," R$  1,07 ","86,92%","0,00%","13,08%",NLH,"-14,26"
04/05/2026,179799,JUJUBA25,CAMPANHA 1,0,"0,1",0," R$  0,10 ","0,00%","100,00%","0,00%",MTT,-1
04/05/2026,184190,RaufoJr.KJ,CAMPANHA 1,0,0,0, R$  -   ,,,,NLH,0
04/05/2026,186891,Andre f 16,CAMPANHA 1,0,"0,6","22,4"," R$  23,00 ","0,00%","2,61%","97,39%",PLO6,"35,83"
04/05/2026,192361,pix192361,CAMPANHA 1,0,0,0, R$  -   ,,,,NLH,0
04/05/2026,185612,pix185612,CAMPANHA 1,0,"5,7","596,36"," R$  602,06 ","0,00%","0,95%","99,05%",PLO6,-280
04/05/2026,151879,badbeat,CAMPANHA 1,"9,01","1,2","21,79"," R$  32,00 ","28,16%","3,75%","68,09%",PLO6,-107
04/05/2026,161295,dadopoker,CAMPANHA 1,0,0,0, R$  -   ,,,,NLH,0
04/05/2026,161716,supoker,CAMPANHA 1,0,0,0, R$  -   ,,,,NLH,0
04/05/2026,164351,pix164351,CAMPANHA 1,0,0,0, R$  -   ,,,,NLH,0
04/05/2026,166567,KevinDe9,CAMPANHA 1,"21,93","0,2","1,49"," R$  23,62 ","92,85%","0,85%","6,31%",NLH,-114
04/05/2026,167526,mandiocagaucha,CAMPANHA 1,0,0,0, R$  -   ,,,,NLH,0
04/05/2026,191062,claytonpi,CAMPANHA 1,0,0,0, R$  -   ,,,,NLH,0
04/05/2026,177513,kaballah,CAMPANHA 1,"76,32",0,0," R$  76,32 ","100,00%","0,00%","0,00%",NLH,"-233,59"
04/05/2026,165284,Stu Ivey,CAMPANHA 1,0,"0,5",0," R$  0,50 ","0,00%","100,00%","0,00%",MTT,-5
04/05/2026,175644,Tilas-Key,CAMPANHA 1,"3,66",0,0," R$  3,66 ","100,00%","0,00%","0,00%",NLH,-10
04/05/2026,175743,jr09,CAMPANHA 1,0,0,0, R$  -   ,,,,NLH,0
04/05/2026,176514,roots,CAMPANHA 1,"0,95","0,1",0," R$  1,05 ","90,48%","9,52%","0,00%",NLH,"-0,99"
04/05/2026,183170,Magofloripa,CAMPANHA 1,0,0,0, R$  -   ,,,,NLH,"1,21"
04/05/2026,184940,Allex066,CAMPANHA 1,0,0,0, R$  -   ,,,,NLH,"0,61"
04/05/2026,188417,pix188417,CAMPANHA 1,0,0,0, R$  -   ,,,,NLH,0
04/05/2026,192256,pix192256,CAMPANHA 1,0,0,0, R$  -   ,,,,NLH,0
04/05/2026,162021,dakuebom,CAMPANHA 1,0,0,0, R$  -   ,,,,NLH,0
04/05/2026,167342,Dantas.96,CAMPANHA 1,"10,63","0,6","12,66"," R$  23,89 ","44,50%","2,51%","52,99%",PLO6,"-8,49"
04/05/2026,180921,vitoorx,CAMPANHA 1,0,"5,6",0," R$  5,60 ","0,00%","100,00%","0,00%",MTT,-56
04/05/2026,122839,willismael,CAMPANHA 1,0,0,0, R$  -   ,,,,NLH,0
04/05/2026,145394,erlygameAA,CAMPANHA 1,0,0,0, R$  -   ,,,,NLH,0
04/05/2026,163069,Fserra,CAMPANHA 1,0,0,0, R$  -   ,,,,NLH,"3,03"
04/05/2026,161754,Akhenatom,CAMPANHA 1,0,0,0, R$  -   ,,,,NLH,0
04/05/2026,175324,Viel1996,CAMPANHA 1,"4,04",0,0," R$  4,04 ","100,00%","0,00%","0,00%",NLH,-100
04/05/2026,104971,0 maS be$tA,CAMPANHA 1,0,0,0, R$  -   ,,,,NLH,"-23,48"
04/05/2026,183079,pix183079,CAMPANHA 1,0,0,0, R$  -   ,,,,NLH,0
04/05/2026,176871,ViniBaralhão,CAMPANHA 1,0,0,0, R$  -   ,,,,NLH,"0,86"
04/05/2026,152970,ASOUTERROR,CAMPANHA 1,0,0,0, R$  -   ,,,,NLH,0
04/05/2026,173723,JJon,CAMPANHA 1,0,5,0," R$  5,00 ","0,00%","100,00%","0,00%",MTT,-50
04/05/2026,161487,JeH7,CAMPANHA 1,0,0,0, R$  -   ,,,,NLH,0
04/05/2026,167918,Miltinho,CAMPANHA 1,0,0,0, R$  -   ,,,,NLH,0
04/05/2026,163140,JOKER CRAZY,CAMPANHA 1,"0,69",0,"3,15"," R$  3,84 ","17,97%","0,00%","82,03%",PLO6,-11
04/05/2026,184372,GatoPreto,CAMPANHA 1,0,0,0, R$  -   ,,,,NLH,0
04/05/2026,139470,pix139470,AF - JOÃO MARCOS,0,0,"2370,1"," R$  2.370,10 ","0,00%","0,00%","100,00%",PLO6,"3680,68"
04/05/2026,145626,1997,AF - JOÃO MARCOS,0,0,"281,86"," R$  281,86 ","0,00%","0,00%","100,00%",PLO6,255
04/05/2026,140430,já ganhou,AF - JOÃO MARCOS,0,0,"57,13"," R$  57,13 ","0,00%","0,00%","100,00%",PLO6,"162,1"
04/05/2026,148236,BlackPhanton??,AF - ENRICO,0,"0,3","2,23"," R$  2,53 ","0,00%","11,86%","88,14%",PLO6,-45
04/05/2026,149252,kjmc-AL,AF - ENRICO,0,"22,4",0," R$  22,40 ","0,00%","100,00%","0,00%",MTT,-224
04/05/2026,155748,MaxFarias,AF - GABRIEL BENEVOL,0,"277,44",0," R$  277,44 ","0,00%","100,00%","0,00%",MTT,"1592,46"
04/05/2026,152510,BruceWayne,AF - GABRIEL BENEVOL,"27,9",0,0," R$  27,90 ","100,00%","0,00%","0,00%",NLH,-107
04/05/2026,107574,galega,AF - GABRIEL BENEVOL,0,0,"36,48"," R$  36,48 ","0,00%","0,00%","100,00%",PLO6,"-139,57"
04/05/2026,152791,Karintó,AF - GABRIEL BENEVOL,0,0,"203,58"," R$  203,58 ","0,00%","0,00%","100,00%",PLO6,-1882
04/05/2026,105512,Tebexreni,AF - GABRIEL BENEVOL,0,"24,8",0," R$  24,80 ","0,00%","100,00%","0,00%",MTT,-260
04/05/2026,140440,Rafiusky,AF - GABRIEL BENEVOL,0,"1,25","5,78"," R$  7,03 ","0,00%","17,78%","82,22%",PLO6,-50
04/05/2026,139352,henryzin,AF - GABRIEL BENEVOL,0,20,"195,16"," R$  215,16 ","0,00%","9,30%","90,70%",PLO6,"-2928,37"
04/05/2026,136771,curupira,AF - GABRIEL BENEVOL,0,"0,5",0," R$  0,50 ","0,00%","100,00%","0,00%",MTT,-5
04/05/2026,136520,Juninho007,AF - GABRIEL BENEVOL,0,"1,1","1,71"," R$  2,81 ","0,00%","39,15%","60,85%",PLO6,"-32,89"
04/05/2026,141352,RuiBR,AF - EDUARDO FRANÇA,0,"19,8","118,19"," R$  137,99 ","0,00%","14,35%","85,65%",PLO6,"-43,52"
04/05/2026,180290,Espankacu,AF - EDUARDO FRANÇA,0,0,0, R$  -   ,,,,NLH,"9,27"
04/05/2026,143740,Hidalgo,AF - EDUARDO FRANÇA,"260,97",18,"32,41"," R$  311,38 ","83,81%","5,78%","10,41%",NLH,37
04/05/2026,139605,meireles,AF - EDUARDO FRANÇA,0,1,0," R$  1,00 ","0,00%","100,00%","0,00%",MTT,-10
04/05/2026,135331,rsmjunior91,AF - EDUARDO FRANÇA,0,0,"16,97"," R$  16,97 ","0,00%","0,00%","100,00%",PLO6,16
04/05/2026,135146,BRshelby,AF - EDUARDO FRANÇA,0,"25,15",0," R$  25,15 ","0,00%","100,00%","0,00%",MTT,"-232,75"
04/05/2026,137607,netoredley,AF - EDUARDO FRANÇA,"5,53",0,"7,9"," R$  13,43 ","41,18%","0,00%","58,82%",PLO6,-54
04/05/2026,194850,pix194850,AF - EDUARDO FRANÇA,0,"9,6","52,53"," R$  62,13 ","0,00%","15,45%","84,55%",PLO6,664
04/05/2026,148112,Jean22,AF - EDUARDO FRANÇA,0,"0,1",0," R$  0,10 ","0,00%","100,00%","0,00%",MTT,"0,11"
04/05/2026,130369,Padeiro,AF - EDUARDO FRANÇA,0,9,"10,7"," R$  19,70 ","0,00%","45,69%","54,31%",PLO6,"-151,49"
04/05/2026,149053,mcl9vin,AF - EDUARDO FRANÇA,0,0,"2,21"," R$  2,21 ","0,00%","0,00%","100,00%",PLO6,-24
04/05/2026,135179,demolidor?,AF - EDUARDO FRANÇA,0,0,0, R$  -   ,,,,NLH,0
04/05/2026,142091,pau e choque,AF - JAPA,"0,1",0,"2281,03"," R$  2.281,13 ","0,00%","0,00%","100,00%",PLO6,-5506
04/05/2026,172369,Di Pace,AF - JAPA,0,"24,5",0," R$  24,50 ","0,00%","100,00%","0,00%",MTT,"-24,9"
04/05/2026,172370,ShoShoNilDo,AF - JAPA,0,0,"2303,08"," R$  2.303,08 ","0,00%","0,00%","100,00%",PLO6,"1583,69"
04/05/2026,187490,De Arrascaeta,AF - JAPA,0,92,0," R$  92,00 ","0,00%","100,00%","0,00%",MTT,"2583,4"
04/05/2026,169126,sai moleza,AF - JAPA,0,0,"1195,69"," R$  1.195,69 ","0,00%","0,00%","100,00%",PLO6,"-5024,25"
04/05/2026,147885,freshfrozen,AF - JAPA,0,76,0," R$  76,00 ","0,00%","100,00%","0,00%",MTT,-760
04/05/2026,181915,pix181915,AF - JAPA,0,0,"305,12"," R$  305,12 ","0,00%","0,00%","100,00%",PLO6,"-2570,62"
04/05/2026,152675,Semacordo,AF - RPSOP,0,0,"89,84"," R$  89,84 ","0,00%","0,00%","100,00%",PLO6,"-388,09"
04/05/2026,144512,Zé Costa,AF - RPSOP,0,0,"33,29"," R$  33,29 ","0,00%","0,00%","100,00%",PLO6,"-319,83"
04/05/2026,138244,Rafinha-guaraci,AF - RPSOP,0,4,0," R$  4,00 ","0,00%","100,00%","0,00%",MTT,-40
04/05/2026,148596,landreazzi,AF - RPSOP,0,8,0," R$  8,00 ","0,00%","100,00%","0,00%",MTT,0
04/05/2026,149046,pix149046,AF - RPSOP,0,36,0," R$  36,00 ","0,00%","100,00%","0,00%",MTT,-352
04/05/2026,155036,jussara,AF - RPSOP,0,"22,8",0," R$  22,80 ","0,00%","100,00%","0,00%",MTT,"-220,5"
04/05/2026,180233,Therok,AF - RPSOP,0,12,0," R$  12,00 ","0,00%","100,00%","0,00%",MTT,-120
04/05/2026,148198,Israel_1971,AF - RPSOP,0,3,0," R$  3,00 ","0,00%","100,00%","0,00%",MTT,-30
04/05/2026,150635,Pixsolidario,AF - RPSOP,"235,31",0,0," R$  235,31 ","100,00%","0,00%","0,00%",NLH,"-915,54"
04/05/2026,147338,MemphisBetei,AF - RPSOP,0,0,"58,28"," R$  58,28 ","0,00%","0,00%","100,00%",PLO6,"-178,8"
04/05/2026,149078,Purga,AF - RPSOP,"1,19","0,8",0," R$  1,99 ","59,80%","40,20%","0,00%",NLH,"-22,38"
04/05/2026,157563,Anônima,AF - RPSOP,0,"7,7",0," R$  7,70 ","0,00%","100,00%","0,00%",MTT,-77
04/05/2026,148973,Slide_roots,AF - RPSOP,0,12,0," R$  12,00 ","0,00%","100,00%","0,00%",MTT,-120
04/05/2026,161366,pix161366,AF - RPSOP,0,4,0," R$  4,00 ","0,00%","100,00%","0,00%",MTT,-40
04/05/2026,136990,Bianchi311,AF - TRAF. AMOR P.,0,"1,6",0," R$  1,60 ","0,00%","100,00%","0,00%",MTT,-16
04/05/2026,190498,CHORA MAIS LEK,AF - TRAF. AMOR P.,0,"0,1",0," R$  0,10 ","0,00%","100,00%","0,00%",MTT,-1
04/05/2026,147903,PanteradeSá,AF - CLUB DO POKER,0,0,0, R$  -   ,,,,NLH,0
04/05/2026,133402,blefeseco,AF - CLUB DO POKER,0,11,0," R$  11,00 ","0,00%","100,00%","0,00%",MTT,-110
04/05/2026,146111,stez,AF - CLUB DO POKER,0,7,0," R$  7,00 ","0,00%","100,00%","0,00%",MTT,-70
04/05/2026,146290,BruxoDeSá,AF - CLUB DO POKER,0,9,0," R$  9,00 ","0,00%","100,00%","0,00%",MTT,-90
04/05/2026,146444,Beni,AF - CLUB DO POKER,0,7,0," R$  7,00 ","0,00%","100,00%","0,00%",MTT,-70
04/05/2026,154847,Patrickodev,AF - CLUB DO POKER,0,2,0," R$  2,00 ","0,00%","100,00%","0,00%",MTT,-20
04/05/2026,177593,FelipeKR14,AF - CLUB DO POKER,0,15,0," R$  15,00 ","0,00%","100,00%","0,00%",MTT,-150
04/05/2026,158679,Medeiros CPA,AF - ENIO,"1,89","0,2",0," R$  2,09 ","90,43%","9,57%","0,00%",NLH,-31
04/05/2026,102200,Odete Roitman ?,AF - ENIO,0,0,"36,32"," R$  36,32 ","0,00%","0,00%","100,00%",PLO6,"-46,08"
04/05/2026,140297,TOIC?,AF - ENIO,"111,44",0,"56,4"," R$  167,84 ","66,40%","0,00%","33,60%",NLH,"-428,17"
04/05/2026,137597,Rurouni_Kenshin,AF - ENIO,0,0,"204,86"," R$  204,86 ","0,00%","0,00%","100,00%",PLO6,"-447,13"
04/05/2026,116070,Bergkamp,AF - ENIO,0,"3,55",0," R$  3,55 ","0,00%","100,00%","0,00%",MTT,"-35,5"
04/05/2026,158574,Ond@,AF - ENIO,0,0,"4,21"," R$  4,21 ","0,00%","0,00%","100,00%",PLO6,-50
04/05/2026,120989,X-Flame,AF - ENIO,"9,53",0,0," R$  9,53 ","100,00%","0,00%","0,00%",NLH,"42,15"
04/05/2026,160697,???,AF - RACHA PIX,"1,66","0,9",0," R$  2,56 ","64,84%","35,16%","0,00%",NLH,"3,27"
04/05/2026,165456,Aruu,AF - AX POKER CLUB,0,0,0, R$  -   ,,,,NLH,0
04/05/2026,179681,offzz07,AF - AX POKER CLUB,"2,86","1,5","5,05"," R$  9,41 ","30,39%","15,94%","53,67%",PLO6,"-22,02"
04/05/2026,144720,PSaraiva,AF - AX POKER CLUB,0,"1,6","38,05"," R$  39,65 ","0,00%","4,04%","95,96%",PLO6,214
04/05/2026,152520,Jeronimooo,AF - AX POKER CLUB,0,"1,3",0," R$  1,30 ","0,00%","100,00%","0,00%",MTT,"-11,67"
04/05/2026,155964,rodttneto,AF - AX POKER CLUB,0,"0,4",0," R$  0,40 ","0,00%","100,00%","0,00%",MTT,-4
04/05/2026,159984,fortal085,AF - AX POKER CLUB,"3,49",0,"15,77"," R$  19,26 ","18,12%","0,00%","81,88%",PLO6,-55
04/05/2026,179859,goec.math,AF - AX POKER CLUB,0,"3,3",0," R$  3,30 ","0,00%","100,00%","0,00%",MTT,"-31,88"
04/05/2026,145831,pedroigor,AF - AX POKER CLUB,0,"0,1",0," R$  0,10 ","0,00%","100,00%","0,00%",MTT,"0,01"
04/05/2026,108106,carlinhosfec,AF - AX POKER CLUB,0,0,0, R$  -   ,,,,NLH,0
04/05/2026,145264,Romin,AF - AX POKER CLUB,0,0,0, R$  -   ,,,,NLH,0
04/05/2026,148235,ElonNuts,AF - AX POKER CLUB,0,"14,9","15,96"," R$  30,86 ","0,00%","48,28%","51,72%",PLO6,"-97,45"
04/05/2026,171613,CaboFela,AF - AX POKER CLUB,0,"2,2","67,6"," R$  69,80 ","0,00%","3,15%","96,85%",PLO6,"-93,7"
04/05/2026,154689,Carl Johnson,AF - AX POKER CLUB,0,"0,1","0,3"," R$  0,40 ","0,00%","25,00%","75,00%",PLO6,"-0,88"
04/05/2026,134785,Andersonvercosa,AF - AX POKER CLUB,0,"1,6",0," R$  1,60 ","0,00%","100,00%","0,00%",MTT,-16
04/05/2026,144139,Lumina.Noctis,AF - AX POKER CLUB,"1,44","0,5","35,39"," R$  37,33 ","3,86%","1,34%","94,80%",PLO6,"28,81"
04/05/2026,153833,Guila38,AF - AX POKER CLUB,0,"0,2",0," R$  0,20 ","0,00%","100,00%","0,00%",MTT,"0,31"
04/05/2026,178623,Gui_Chave5,AF - AX POKER CLUB,0,0,0, R$  -   ,,,,NLH,0
04/05/2026,178685,Cruz.21,AF - AX POKER CLUB,"48,58",0,"2,5"," R$  51,08 ","95,11%","0,00%","4,89%",NLH,"199,54"
04/05/2026,101823,Herocall,AF - AX POKER CLUB,0,13,0," R$  13,00 ","0,00%","100,00%","0,00%",MTT,"591,39"
04/05/2026,194090,pix194090,AF - AX POKER CLUB,"7,62",0,0," R$  7,62 ","100,00%","0,00%","0,00%",NLH,-24
04/05/2026,111948,Alisom Gomes,AF - AX POKER CLUB,0,0,0, R$  -   ,,,,NLH,0
04/05/2026,135299,s_mpoker,AF - AX POKER CLUB,0,0,0, R$  -   ,,,,NLH,0
04/05/2026,137496,messi??,AF - AX POKER CLUB,0,20,0," R$  20,00 ","0,00%","100,00%","0,00%",MTT,-200
04/05/2026,140825,jonhalex,AF - AX POKER CLUB,0,32,0," R$  32,00 ","0,00%","100,00%","0,00%",MTT,-82
04/05/2026,184560,Vitão,AF - MILENA MAGRINI,0,0,0, R$  -   ,,,,NLH,0
04/05/2026,177786,Sortudorj,AF - MILENA MAGRINI,"24,36","1,4",0," R$  25,76 ","94,57%","5,43%","0,00%",NLH,"-40,2"
04/05/2026,156478,Will88,AF - MILENA MAGRINI,0,0,0, R$  -   ,,,,NLH,0
04/05/2026,182367,TRAPIÁ,AF - MILENA MAGRINI,0,0,0, R$  -   ,,,,NLH,0
04/05/2026,183097,Ribis,AF - MILENA MAGRINI,0,"0,1",0," R$  0,10 ","0,00%","100,00%","0,00%",MTT,-1
04/05/2026,181009,juanbrsp,AF - MILENA MAGRINI,0,0,0, R$  -   ,,,,NLH,0
04/05/2026,186523,sou profissional,AF - MILENA MAGRINI,"2,61","1,2",0," R$  3,81 ","68,50%","31,50%","0,00%",NLH,"-146,47"
04/05/2026,185939,GigaBananaCCPro,AF - MILENA MAGRINI,0,4,0," R$  4,00 ","0,00%","100,00%","0,00%",MTT,-40
04/05/2026,195448,thiagotng,AF - RICARDO SEHNEM,"423,15",0,0," R$  423,15 ","100,00%","0,00%","0,00%",NLH,"220,03"
04/05/2026,195694,CriadoPix,AF - RICARDO SEHNEM,"5,13",0,0," R$  5,13 ","100,00%","0,00%","0,00%",NLH,"2,5"
04/05/2026,150259,pix 192988,AF - OZÉIAS,0,0,"16,43"," R$  16,43 ","0,00%","0,00%","100,00%",PLO6,"-200,43"
04/05/2026,120179,pix120179,AF - OZÉIAS,0,0,"6,27"," R$  6,27 ","0,00%","0,00%","100,00%",PLO6,"61,97"
04/05/2026,128838,joguinhodele,AF - PALISSON M,0,0,"0,43"," R$  0,43 ","0,00%","0,00%","100,00%",PLO6,-12
04/05/2026,165566,pix165566,AF - ENZO VIEC,"355,86",0,0," R$  355,86 ","100,00%","0,00%","0,00%",NLH,"113,77"
04/05/2026,189721,bananudo,AF - FRED AGUIAR,"45,84","2,5",0," R$  48,34 ","94,83%","5,17%","0,00%",NLH,"186,66"
04/05/2026,162906,pix162906,AF - FRED AGUIAR,"30,1","30,5","0,63"," R$  61,23 ","49,16%","49,81%","1,03%",MTT,"727,39"
04/05/2026,194450,Luiss,AF - FRED AGUIAR,0,"1,5","25,28"," R$  26,78 ","0,00%","5,60%","94,40%",PLO6,-3
04/05/2026,137719,Noslimeda,AF - FRED AGUIAR,"1,62","0,1",0," R$  1,72 ","94,19%","5,81%","0,00%",NLH,"-21,66"
04/05/2026,163050,Andrersann,AF - FRED AGUIAR,"17,57",0,"1,34"," R$  18,91 ","92,91%","0,00%","7,09%",NLH,-100
04/05/2026,171047,tigresa,AF - FRED AGUIAR,"1,77",0,0," R$  1,77 ","100,00%","0,00%","0,00%",NLH,-20
04/05/2026,100203,ReidoFlip,AF - EMANUEL SOUZA,0,"92,1",0," R$  92,10 ","0,00%","100,00%","0,00%",MTT,"780,24"
04/05/2026,100195,pix100195,AF - EMANUEL SOUZA,"5,81","76,2",0," R$  82,01 ","7,08%","92,92%","0,00%",MTT,"110,81"
04/05/2026,159633,TudodoJorgitoo,AF - EMANUEL SOUZA,0,23,"0,04"," R$  23,04 ","0,00%","99,83%","0,17%",MTT,"151,47"
04/05/2026,100478,balashinekov,AF - SILVINHO,0,0,"27,9"," R$  27,90 ","0,00%","0,00%","100,00%",PLO6,"-27,19"
04/05/2026,132454,barbaxavier,AF - HERCULES,0,"9,7","80,53"," R$  90,23 ","0,00%","10,75%","89,25%",PLO6,"-610,65"
04/05/2026,175094,Vaimedoar,AF - HERCULES,0,1,"7,66"," R$  8,66 ","0,00%","11,55%","88,45%",PLO6,-47
04/05/2026,117702,abunadopacato,AF - HERCULES,0,107,"393,12"," R$  500,12 ","0,00%","21,39%","78,61%",PLO6,"3831,81"
04/05/2026,129768,NKSS,AF - HERCULES,0,"191,4",0," R$  191,40 ","0,00%","100,00%","0,00%",MTT,"-728,8"
04/05/2026,141776,SisenandoCalixto,AF - HERCULES,0,"32,55",0," R$  32,55 ","0,00%","100,00%","0,00%",MTT,"261,74"
04/05/2026,143465,arthur.zx.086,AF - HERCULES,0,0,0, R$  -   ,,,,NLH,0
04/05/2026,129639,MALBA,AF - HERCULES,0,"1,6",0," R$  1,60 ","0,00%","100,00%","0,00%",MTT,-16
04/05/2026,129665,bigo,AF - HERCULES,0,20,0," R$  20,00 ","0,00%","100,00%","0,00%",MTT,-200
04/05/2026,100249,CARINHA,AF - NATTAN CARINHA,0,5,"11,87"," R$  16,87 ","0,00%","29,64%","70,36%",PLO6,21
04/05/2026,102792,CGAP-.,AF - BOLINHA,0,0,"3,36"," R$  3,36 ","0,00%","0,00%","100,00%",PLO6,-24
04/05/2026,100283,PIXBOT#001,AF - BOLINHA,0,0,"3,3"," R$  3,30 ","0,00%","0,00%","100,00%",PLO6,-58
04/05/2026,173237,neto carneiro,AF - FULL HOUSE A.,0,"0,1","0,54"," R$  0,64 ","0,00%","15,63%","84,38%",PLO6,"-3,15"
04/05/2026,149092,NF_#1,AF - FULL HOUSE A.,0,0,"3184,15"," R$  3.184,15 ","0,00%","0,00%","100,00%",PLO6,"-4803,71"
04/05/2026,157816,pix157816,AF - FULL HOUSE A.,0,20,0," R$  20,00 ","0,00%","100,00%","0,00%",MTT,-200
04/05/2026,185617,pix185617,AF - NILDINHO,"3,71",1,"7,58"," R$  12,29 ","30,19%","8,14%","61,68%",PLO6,25
04/05/2026,167393,Tudo_Na_Telaaa,AF - NILDINHO,0,0,"1364,78"," R$  1.364,78 ","0,00%","0,00%","100,00%",PLO6,"0,05"
04/05/2026,167892,francimar,AF - NILDINHO,"11,96",7,0," R$  18,96 ","63,08%","36,92%","0,00%",NLH,"69,89"
04/05/2026,157681,Boiruna,AF - NILDINHO,0,0,0, R$  -   ,,,,NLH,"14,61"
04/05/2026,102070,Batatinha,AF - NILDINHO,0,0,0, R$  -   ,,,,NLH,0
04/05/2026,182720,rasgaroupa,AF - NILDINHO,0,0,"5,46"," R$  5,46 ","0,00%","0,00%","100,00%",PLO6,"87,61"
04/05/2026,165229,E-Medeiros,AF - NILDINHO,0,"5,3",0," R$  5,30 ","0,00%","100,00%","0,00%",MTT,-78
04/05/2026,134889,Júnior Picolé,AF - NILDINHO,0,"9,9",0," R$  9,90 ","0,00%","100,00%","0,00%",MTT,"371,83"
04/05/2026,177094,Eduardo21,AF - NILDINHO,0,5,0," R$  5,00 ","0,00%","100,00%","0,00%",MTT,"59,42"
04/05/2026,158497,Vanessa_FS,AF - NILDINHO,0,0,0, R$  -   ,,,,NLH,-75
04/05/2026,100116,Fazendeiro,AF - PAÇOCA,0,100,"12350,07"," R$  12.450,07 ","0,00%","0,80%","99,20%",PLO6,"16036,49"
04/05/2026,100198,发牌员亲儿子,AF - PAÇOCA,0,"194,8","3446,58"," R$  3.641,38 ","0,00%","5,35%","94,65%",PLO6,"179,62"
04/05/2026,194512,pix194512,AF - PAÇOCA,0,0,"1592,99"," R$  1.592,99 ","0,00%","0,00%","100,00%",PLO6,"-2923,74"
04/05/2026,124064,Presley,AF - PAÇOCA,0,116,0," R$  116,00 ","0,00%","100,00%","0,00%",MTT,-1115
04/05/2026,100227,pix1648639,AF - PAÇOCA,0,60,0," R$  60,00 ","0,00%","100,00%","0,00%",MTT,"-487,5"
04/05/2026,100204,Desconhecido,AF - DINHO,"1,14",0,"298,72"," R$  299,86 ","0,38%","0,00%","99,62%",PLO6,"-2064,32"
04/05/2026,110584,black,AF - BOLEIROS BRAS,0,0,"775,91"," R$  775,91 ","0,00%","0,00%","100,00%",PLO6,"-4299,68"
04/05/2026,113122,natashow16,AF - BOLEIROS BRAS,0,"83,6","178,49"," R$  262,09 ","0,00%","31,90%","68,10%",PLO6,"-1340,45"
04/05/2026,137589,MH22,AF - BOLEIROS BRAS,"73,86",17,"30,44"," R$  121,30 ","60,89%","14,01%","25,09%",NLH,"-713,46"
04/05/2026,130123,Pinguim$,AF - RILDO,0,0,"2549,31"," R$  2.549,31 ","0,00%","0,00%","100,00%",PLO6,"-7387,17"
04/05/2026,113639,guilermecosta,AF - RILDO,0,0,"937,47"," R$  937,47 ","0,00%","0,00%","100,00%",PLO6,"1669,36"
04/05/2026,161131,PokerStar,AF - YAMADA,0,0,"992,96"," R$  992,96 ","0,00%","0,00%","100,00%",PLO6,"12844,29"
04/05/2026,195160,5ªserie,AF - YAMADA,0,0,"3207,32"," R$  3.207,32 ","0,00%","0,00%","100,00%",PLO6,"447,72"
04/05/2026,145008,CAPS,AF - AMOR DE PESSOA,"157,8",0,"27,83"," R$  185,63 ","85,01%","0,00%","14,99%",NLH,"-731,13"
04/05/2026,126476,o gaiato!,AF - AMOR DE PESSOA,0,149,"102,81"," R$  251,81 ","0,00%","59,17%","40,83%",MTT,"-1417,17"
04/05/2026,120038,pix120038,AF - AMOR DE PESSOA,0,0,"173,42"," R$  173,42 ","0,00%","0,00%","100,00%",PLO6,"-620,1"
04/05/2026,140316,pocoyogay,AF - AMOR DE PESSOA,0,"1,5","31,61"," R$  33,11 ","0,00%","4,53%","95,47%",PLO6,"-92,68"
04/05/2026,100134,VaiVolta,GESTOR - ENZO,0,0,"8567,59"," R$  8.567,59 ","0,00%","0,00%","100,00%",PLO6,"-27156,11"
04/05/2026,154436,bombazero,AF - CCTH,0,"0,9",0," R$  0,90 ","0,00%","100,00%","0,00%",MTT,"-7,08"
04/05/2026,154458,CAP.AMERICA,AF - CCTH,0,10,0," R$  10,00 ","0,00%","100,00%","0,00%",MTT,-100
04/05/2026,154609,Felipecaio,AF - CCTH,0,32,0," R$  32,00 ","0,00%","100,00%","0,00%",MTT,-320
04/05/2026,120498,macabuco,AF - JEFERSONMARTINS,0,120,"290,79"," R$  410,79 ","0,00%","29,21%","70,79%",PLO6,"-11,72"
04/05/2026,194595,LICO,AF - BRENER VICENTE,"0,61","165,1","14,55"," R$  180,26 ","0,34%","91,59%","8,07%",MTT,"5294,25"
04/05/2026,136659,Galação,AF - JOANDERSON L.,0,10,"14,76"," R$  24,76 ","0,00%","40,39%","59,61%",PLO6,"-227,74"
04/05/2026,123328,caollho,AF - KLEYDSON,"0,95",0,0," R$  0,95 ","100,00%","0,00%","0,00%",NLH,-10
04/05/2026,190285,BalaDelas01,AF - TRAF. MILENA M.,0,"0,1",0," R$  0,10 ","0,00%","100,00%","0,00%",MTT,-1
04/05/2026,191820,aline,AF - TRAF. MILENA M.,0,0,0, R$  -   ,,,,NLH,0
04/05/2026,188335,Urubu Perneta1,AF - TRAF. MILENA M.,0,0,0, R$  -   ,,,,NLH,0
04/05/2026,138637,pix138637,AF - RENAN COELHO,"0,37","1,1","6,48"," R$  7,95 ","4,65%","13,84%","81,51%",PLO6,"-1,61"
04/05/2026,139668,jasontatum#0,AF - RENAN COELHO,0,0,"0,4"," R$  0,40 ","0,00%","0,00%","100,00%",PLO6,"-5,5"
04/05/2026,139670,bocapreta,AF - RENAN COELHO,0,0,0, R$  -   ,,,,NLH,0
04/05/2026,135257,littlegirl,AF - POKER BSB,0,0,0, R$  -   ,,,,NLH,0
04/05/2026,130508,Roblove,AF - POKER BSB,0,0,"2,09"," R$  2,09 ","0,00%","0,00%","100,00%",PLO6,"50,76"
04/05/2026,181388,NUTS_88,AF - PAULINHO,0,"22,2","7,47"," R$  29,67 ","0,00%","74,82%","25,18%",MTT,"-390,62"
04/05/2026,160225,Zekinhaflush,AF - TELES,0,0,"59,69"," R$  59,69 ","0,00%","0,00%","100,00%",PLO6,"-567,48"
04/05/2026,147381,JHerminio ?,AF - HERMINIO C,0,80,"150,15"," R$  230,15 ","0,00%","34,76%","65,24%",PLO6,"1473,07"
04/05/2026,174211,Anirrakell,AF - HERMINIO C,0,0,"67,47"," R$  67,47 ","0,00%","0,00%","100,00%",PLO6,"-211,35"
04/05/2026,160485,Frogz,AF - BOIN,0,"3,6",0," R$  3,60 ","0,00%","100,00%","0,00%",MTT,-36
04/05/2026,172849,pix172849,AF - HOUSTON CLUB,0,0,0, R$  -   ,,,,NLH,0
04/05/2026,100748,messi.,AF - MESSI,0,0,"30,09"," R$  30,09 ","0,00%","0,00%","100,00%",PLO6,"-450,59"