Data,ID do jogador,Apelido,Agente,NLH,MTT,PLO6,Total,NLH,MTT,PLO6,Jogo_Fav,PROFIT/LOSS
15/06/2026,100195,pix100195,AF - EMANUEL SOUZA,"13,5",183,0," R$  (763,81)","-1,77%","-23,96%","0,00%",PLO6,"-763,81"
15/06/2026,100203,ReidoFlip,AF - EMANUEL SOUZA,"21,43","134,3",0," R$  1.156,48 ","1,85%","11,61%","0,00%",MTT,"1156,48"
15/06/2026,159633,TudodoJorgitoo,AF - EMANUEL SOUZA,0,"6,6","119,63"," R$  (273,14)","0,00%","-2,42%","-43,80%",NLH,"-273,14"
15/06/2026,115288,vicluz10,AF - CATHOLÃO,"160,1","64,5","14,36"," R$  606,99 ","26,38%","10,63%","2,37%",NLH,"606,99"
15/06/2026,137593,J Ribeiro,AF - CATHOLÃO,0,0,"270,44"," R$  542,43 ","0,00%","0,00%","49,86%",PLO6,"542,43"
15/06/2026,149509,pix149509,AF - CATHOLÃO,0,0,0," R$  1,92 ","0,00%","0,00%","0,00%",NLH,"1,92"
15/06/2026,142879,birokingg,AF - CATHOLÃO,0,4,"1,09"," R$  (24,96)","0,00%","-16,03%","-4,37%",NLH,"-24,96"
15/06/2026,150374,?????,AF - CATHOLÃO,0,"19,5",0," R$  (195,00)","0,00%","-10,00%","0,00%",NLH,-195
15/06/2026,144391,Easy peasy,AF - CATHOLÃO,"63,76",0,0," R$  (337,60)","-18,89%","0,00%","0,00%",MTT,"-337,6"
15/06/2026,165527,LIÃO,AF - CATHOLÃO,"0,95",0,"2,56"," R$  (53,00)","-1,79%","0,00%","-4,83%",MTT,-53
15/06/2026,107390,complicado,AF - CATHOLÃO,0,0,"6,89"," R$  (10,00)","0,00%","0,00%","-68,90%",NLH,-10
15/06/2026,150819,HugoDaniel,AF - CATHOLÃO,0,0,"5,57"," R$  (75,00)","0,00%","0,00%","-7,43%",NLH,-75
15/06/2026,127125,??iP,AF - MAURICIO,"653,55","91,4","33,18"," R$  1.010,54 ","64,67%","9,04%","3,28%",NLH,"1010,54"
15/06/2026,137763,pix ad + le,AF - MAURICIO,"44,38","8,3","129,23"," R$  (468,06)","-9,48%","-1,77%","-27,61%",MTT,"-468,06"
15/06/2026,178503,Mateusbad,AF - MAURICIO,"2,31",0,"0,24"," R$  (28,16)","-8,20%","0,00%","-0,85%",MTT,"-28,16"
15/06/2026,155080,Mike Ross,AF - MAURICIO,0,0,"234,08"," R$  (848,29)","0,00%","0,00%","-27,59%",NLH,"-848,29"
15/06/2026,132085,Só blef..,AF - MAURICIO,"8,12",0,"30,16"," R$  (191,45)","-4,24%","0,00%","-15,75%",MTT,"-191,45"
15/06/2026,120599,CoronelCalazans7,AF - MAURICIO,0,5,"1749,65"," R$  1.601,22 ","0,00%","0,31%","109,27%",PLO6,"1601,22"
15/06/2026,137659,JP duda,AF - MAURICIO,0,"5,15","0,1"," R$  (79,42)","0,00%","-6,48%","-0,13%",NLH,"-79,42"
15/06/2026,152588,Eumesmonao,AF - MAURICIO,0,0,0, R$  -   ,,,,NLH,0
15/06/2026,171527,Maverica,AF - MAURICIO,"0,31",0,0," R$  (7,07)","-4,38%","0,00%","0,00%",MTT,"-7,07"
15/06/2026,173857,Thogai,AF - MAURICIO,"0,27",0,0," R$  (4,00)","-6,75%","0,00%","0,00%",MTT,-4
15/06/2026,106444,TonySoprano,AF - MAURICIO,"292,18",0,0," R$  103,00 ","283,67%","0,00%","0,00%",NLH,103
15/06/2026,159788,Heitor99,AF - MAURICIO,"227,9",0,0," R$  (570,00)","-39,98%","0,00%","0,00%",MTT,-570
15/06/2026,162335,PPparaiba,AF - MAURICIO,"34,28","2,6","4,93"," R$  (110,32)","-31,07%","-2,36%","-4,47%",MTT,"-110,32"
15/06/2026,185066,VitinPoker,AF - MAURICIO,0,"20,8","9,36"," R$  (197,00)","0,00%","-10,56%","-4,75%",NLH,-197
15/06/2026,195034,cangaço,AF - MAURICIO,0,"45,9",0," R$  600,38 ","0,00%","7,65%","0,00%",MTT,"600,38"
15/06/2026,109162,ORIGINAL poker??,AF - MAURICIO,"25,98","13,2","195,23"," R$  436,94 ","5,95%","3,02%","44,68%",PLO6,"436,94"
15/06/2026,109925,Ch blefe,AF - MAURICIO,"179,5","3,3",0," R$  210,45 ","85,29%","1,57%","0,00%",NLH,"210,45"
15/06/2026,170977,DoyleBrunson,AF - MAURICIO,"160,99","1,2","1,98"," R$  350,30 ","45,96%","0,34%","0,57%",NLH,"350,3"
15/06/2026,181800,elias7,AF - MAURICIO,"13,43",0,0," R$  (80,27)","-16,73%","0,00%","0,00%",MTT,"-80,27"
15/06/2026,107225,?9??,AF - MAURICIO,"243,43",0,0," R$  (620,00)","-39,26%","0,00%","0,00%",MTT,-620
15/06/2026,141801,DihBankai,AF - MAURICIO,"2,86",0,0," R$  (24,00)","-11,92%","0,00%","0,00%",MTT,-24
15/06/2026,119612,DoeuAi??,AF - MAURICIO,"1,42",1,"266,73"," R$  (45,93)","-3,09%","-2,18%","-580,73%",MTT,"-45,93"
15/06/2026,125821,bacia,AF - MAURICIO,0,0,"26,92"," R$  (158,00)","0,00%","0,00%","-17,04%",NLH,-158
15/06/2026,134699,@griga,AF - MAURICIO,0,24,"977,58"," R$  724,50 ","0,00%","3,31%","134,93%",PLO6,"724,5"
15/06/2026,108062,dodosc,AF - MAURICIO,0,0,"199,22"," R$  (1.223,98)","0,00%","0,00%","-16,28%",NLH,"-1223,98"
15/06/2026,102022,Me Chupa,AF - MAURICIO,"1,58",0,"73,85"," R$  (760,00)","-0,21%","0,00%","-9,72%",MTT,-760
15/06/2026,119119,Welshowman,AF - MAURICIO,0,1,"45,01"," R$  90,20 ","0,00%","1,11%","49,90%",PLO6,"90,2"
15/06/2026,107972,Vingativa,AF - MAURICIO,0,"0,1",0," R$  (1,00)","0,00%","-10,00%","0,00%",NLH,-1
15/06/2026,132045,Mineirinho,AF - MAURICIO,0,0,0, R$  -   ,,,,NLH,0
15/06/2026,132046,C4DEL0,AF - MAURICIO,0,0,0, R$  -   ,,,,NLH,0
15/06/2026,132054,PEG4D0R,AF - MAURICIO,0,0,0, R$  -   ,,,,NLH,0
15/06/2026,145547,pokerplayer,AF - MAURICIO,0,0,0, R$  -   ,,,,NLH,0
15/06/2026,170156,Presidente GL,AF - MAURICIO,0,0,0," R$  0,48 ","0,00%","0,00%","0,00%",NLH,"0,48"
15/06/2026,171360,Jclever,AF - MAURICIO,"39,95","1,4",0," R$  (16,00)","-249,69%","-8,75%","0,00%",PLO6,-16
15/06/2026,178673,Ricco Marcondes,AF - MAURICIO,0,0,0, R$  -   ,,,,NLH,0
15/06/2026,181686,Inocram ?,AF - MAURICIO,0,0,0," R$  0,58 ","0,00%","0,00%","0,00%",NLH,"0,58"
15/06/2026,146218,pix146218baton,AF - MAURICIO,0,0,"113,93"," R$  (454,73)","0,00%","0,00%","-25,05%",NLH,"-454,73"
15/06/2026,131354,Romário Craque,AF - MAURICIO,"2,05","22,5",0," R$  (63,78)","-3,21%","-35,28%","0,00%",PLO6,"-63,78"
15/06/2026,180443,@mau.jr7,AF - MAURICIO,0,"49,8","86,69"," R$  (574,30)","0,00%","-8,67%","-15,09%",NLH,"-574,3"
15/06/2026,150152,Marc BW,AF - MAURICIO,"2,64",0,0," R$  144,89 ","1,82%","0,00%","0,00%",NLH,"144,89"
15/06/2026,118639,paulo Nunes,AF - MAURICIO,"5,17","14,35",0," R$  10,00 ","51,70%","143,50%","0,00%",MTT,10
15/06/2026,106368,seu joao,AF - MAURICIO,"1,1","3,4","217,86"," R$  (638,15)","-0,17%","-0,53%","-34,14%",NLH,"-638,15"
15/06/2026,150547,liovalenti,AF - MAURICIO,"1,21",0,"18,18"," R$  (37,52)","-3,22%","0,00%","-48,45%",MTT,"-37,52"
15/06/2026,109489,Damião,AF - MAURICIO,0,0,0, R$  -   ,,,,NLH,0
15/06/2026,139417,Doidoo,AF - MAURICIO,0,"0,1",0," R$  0,78 ","0,00%","12,82%","0,00%",MTT,"0,78"
15/06/2026,144408,CORINGA0101,AF - MAURICIO,0,0,0," R$  1,33 ","0,00%","0,00%","0,00%",NLH,"1,33"
15/06/2026,152705,Erick,AF - MAURICIO,"2,03",0,0," R$  (11,99)","-16,93%","0,00%","0,00%",MTT,"-11,99"
15/06/2026,108585,coveirodoriver,AF - MAURICIO,"1,7",0,"73,4"," R$  (74,00)","-2,30%","0,00%","-99,19%",MTT,-74
15/06/2026,178751,baconzadasss,AF - MAURICIO,"7,34",0,0," R$  (81,53)","-9,00%","0,00%","0,00%",MTT,"-81,53"
15/06/2026,195430,hjunior,AF - MAURICIO,0,0,0," R$  2,57 ","0,00%","0,00%","0,00%",NLH,"2,57"
15/06/2026,147319,MOSSORÓ084,AF - MAURICIO,0,0,"44,99"," R$  (197,57)","0,00%","0,00%","-22,77%",NLH,"-197,57"
15/06/2026,177765,NicolásMaduro,AF - MAURICIO,"6,35",0,"3,57"," R$  (68,60)","-9,26%","0,00%","-5,20%",MTT,"-68,6"
15/06/2026,101203,Ruyter,AF - MAURICIO,0,0,"31,49"," R$  300,00 ","0,00%","0,00%","10,50%",PLO6,300
15/06/2026,108331,Serginho Balotelli,AF - MAURICIO,"8,89",0,"0,75"," R$  (0,11)","-8081,82%","0,00%","-681,82%",MTT,"-0,11"
15/06/2026,102701,NegreANUS,AF - MAURICIO,0,0,0, R$  -   ,,,,NLH,0
15/06/2026,105568,Nirk,AF - MAURICIO,0,0,0," R$  1,46 ","0,00%","0,00%","0,00%",NLH,"1,46"
15/06/2026,127377,pix127377,AF - MAURICIO,0,0,0," R$  0,40 ","0,00%","0,00%","0,00%",NLH,"0,4"
15/06/2026,139113,@jrmaiag_poker,AF - MAURICIO,0,0,0," R$  1,01 ","0,00%","0,00%","0,00%",NLH,"1,01"
15/06/2026,142111,MuriellR28,AF - MAURICIO,0,0,0, R$  -   ,,,,NLH,0
15/06/2026,188865,pix188865,AF - MAURICIO,0,"20,3",0," R$  (202,16)","0,00%","-10,04%","0,00%",NLH,"-202,16"
15/06/2026,105531,Neyleo,AF - MAURICIO,0,"4,9",0," R$  10,58 ","0,00%","46,31%","0,00%",MTT,"10,58"
15/06/2026,112943,pedro909r,AF - MAURICIO,"2,26",0,0," R$  (15,00)","-15,07%","0,00%","0,00%",MTT,-15
15/06/2026,126945,Dementador,AF - MAURICIO,0,0,"2,67"," R$  (38,00)","0,00%","0,00%","-7,03%",NLH,-38
15/06/2026,106821,PH 17,AF - MAURICIO,0,0,"2,24"," R$  23,48 ","0,00%","0,00%","9,54%",PLO6,"23,48"
15/06/2026,159588,MORFEUU,AF - MAURICIO,"0,38",0,"6,82"," R$  (6,52)","-5,83%","0,00%","-104,60%",MTT,"-6,52"
15/06/2026,101589,SEGURAAA__,AF - MAURICIO,0,0,"45,7"," R$  (60,00)","0,00%","0,00%","-76,17%",NLH,-60
15/06/2026,196095,pix196095,AF - MAURICIO,"26,79",0,"168,93"," R$  (420,00)","-6,38%","0,00%","-40,22%",MTT,-420
15/06/2026,154690,pix ad + lee,AF - MAURICIO,0,0,0, R$  -   ,,,,NLH,0
15/06/2026,163478,irmão de theozin,AF - MAURICIO,0,0,0, R$  -   ,,,,NLH,0
15/06/2026,116882,Queiroga,AF - MAURICIO,"4,61",0,0," R$  (24,00)","-19,21%","0,00%","0,00%",MTT,-24
15/06/2026,111737,manguin,AF - MAURICIO,"0,97",0,0," R$  1,84 ","52,72%","0,00%","0,00%",NLH,"1,84"
15/06/2026,135146,BRshelby,AF - EDUARDO FRANÇA,"5,68","110,84",0," R$  (693,48)","-0,82%","-15,98%","0,00%",PLO6,"-693,48"
15/06/2026,135331,rsmjunior91,AF - EDUARDO FRANÇA,0,0,"113,81"," R$  (448,28)","0,00%","0,00%","-25,39%",NLH,"-448,28"
15/06/2026,141352,RuiBR,AF - EDUARDO FRANÇA,0,"18,6","7,49"," R$  (249,00)","0,00%","-7,47%","-3,01%",NLH,-249
15/06/2026,143740,Hidalgo,AF - EDUARDO FRANÇA,"493,26",0,0," R$  (2.085,00)","-23,66%","0,00%","0,00%",MTT,-2085
15/06/2026,180290,Espankacu,AF - EDUARDO FRANÇA,"1,09","10,6",0," R$  58,52 ","1,86%","18,11%","0,00%",MTT,"58,52"
15/06/2026,135261,DamaS2,AF - EDUARDO FRANÇA,"3,38","97,49","1,49"," R$  (3,29)","-102,74%","-2963,22%","-45,29%",PLO6,"-3,29"
15/06/2026,146435,B0L$0NAR0,AF - EDUARDO FRANÇA,0,0,"103,92"," R$  (400,00)","0,00%","0,00%","-25,98%",NLH,-400
15/06/2026,130369,Padeiro,AF - EDUARDO FRANÇA,0,20,"65,82"," R$  (321,73)","0,00%","-6,22%","-20,46%",NLH,"-321,73"
15/06/2026,149053,mcl9vin,AF - EDUARDO FRANÇA,0,0,"11,87"," R$  25,00 ","0,00%","0,00%","47,48%",PLO6,25
15/06/2026,139489,londres,AF - EDUARDO FRANÇA,"7,74",0,"105,57"," R$  262,00 ","2,95%","0,00%","40,29%",PLO6,262
15/06/2026,177167,MrBabayaga,AF - EDUARDO FRANÇA,0,0,0, R$  -   ,,,,NLH,0
15/06/2026,136119,Zé da Manga,AF - EDUARDO FRANÇA,0,0,"2,16"," R$  (31,00)","0,00%","0,00%","-6,97%",NLH,-31
15/06/2026,134624,Vladpoker,AF - EDUARDO FRANÇA,0,23,0," R$  (230,00)","0,00%","-10,00%","0,00%",NLH,-230
15/06/2026,148112,Jean22,AF - EDUARDO FRANÇA,0,0,0, R$  -   ,,,,NLH,0
15/06/2026,140316,pocoyogay,AF - AMOR DE PESSOA,"3,15","16,4","67,94"," R$  349,00 ","0,90%","4,70%","19,47%",PLO6,349
15/06/2026,145008,CAPS,AF - AMOR DE PESSOA,"253,65",97,"19,87"," R$  (1.951,74)","-13,00%","-4,97%","-1,02%",PLO6,"-1951,74"
15/06/2026,127823,pix127823,AF - AMOR DE PESSOA,0,0,0, R$  -   ,,,,NLH,0
15/06/2026,126476,o gaiato!,AF - AMOR DE PESSOA,0,85,0," R$  (821,88)","0,00%","-10,34%","0,00%",NLH,"-821,88"
15/06/2026,143847,dossantos 1000,PIXPOKER,0,"148,14","7,45"," R$  422,30 ","0,00%","35,08%","1,76%",MTT,"422,3"
15/06/2026,146006,VERDADEIROMITO,PIXPOKER,"56,06","9,2","57,87"," R$  (624,23)","-8,98%","-1,47%","-9,27%",MTT,"-624,23"
15/06/2026,155033,zachs49,PIXPOKER,0,"8,3",0," R$  (12,07)","0,00%","-68,77%","0,00%",NLH,"-12,07"
15/06/2026,157461,Hellen_?,PIXPOKER,"2,86","40,08",0," R$  (335,82)","-0,85%","-11,93%","0,00%",PLO6,"-335,82"
15/06/2026,159619,??ET??,PIXPOKER,"12,41","16,99",0," R$  (18,00)","-68,94%","-94,39%","0,00%",PLO6,-18
15/06/2026,171835,TheRock99,PIXPOKER,"37,35","23,97",0," R$  (259,24)","-14,41%","-9,25%","0,00%",PLO6,"-259,24"
15/06/2026,188416,juliomoneymaker,PIXPOKER,0,"1,2",0," R$  (12,00)","0,00%","-10,00%","0,00%",NLH,-12
15/06/2026,194578,JacksonMcz,PIXPOKER,0,"7,1",0," R$  (71,00)","0,00%","-10,00%","0,00%",NLH,-71
15/06/2026,100934,monts237,PIXPOKER,"114,71",1,0," R$  (7,76)","-1478,22%","-12,89%","0,00%",PLO6,"-7,76"
15/06/2026,102512,Myster poker,PIXPOKER,"2,64","2,3",0," R$  (34,09)","-7,74%","-6,75%","0,00%",PLO6,"-34,09"
15/06/2026,153129,Zedd,PIXPOKER,"123,39",0,0," R$  1,25 ","9871,20%","0,00%","0,00%",NLH,"1,25"
15/06/2026,159245,Wick,PIXPOKER,"26,25",0,0," R$  34,18 ","76,80%","0,00%","0,00%",NLH,"34,18"
15/06/2026,170386,pix170386,PIXPOKER,"3,56","14,3","11,6"," R$  (225,20)","-1,58%","-6,35%","-5,15%",NLH,"-225,2"
15/06/2026,173035,JeffCGPB.,PIXPOKER,"3,74",0,0," R$  (32,96)","-11,35%","0,00%","0,00%",MTT,"-32,96"
15/06/2026,194304,Jujunaa,PIXPOKER,"18,92","4,1",0," R$  (121,28)","-15,60%","-3,38%","0,00%",PLO6,"-121,28"
15/06/2026,112641,tatuipoker,PIXPOKER,0,"66,38",0," R$  195,86 ","0,00%","33,89%","0,00%",MTT,"195,86"
15/06/2026,150253,rumo ao hexa,PIXPOKER,"7,1","11,06","41,78"," R$  253,67 ","2,80%","4,36%","16,47%",PLO6,"253,67"
15/06/2026,150634,Texurro,PIXPOKER,"57,06","18,66",0," R$  (191,00)","-29,87%","-9,77%","0,00%",PLO6,-191
15/06/2026,153705,BubutiCheio??,PIXPOKER,0,"1,8","16,09"," R$  (99,15)","0,00%","-1,82%","-16,23%",NLH,"-99,15"
15/06/2026,158093,Diegote86,PIXPOKER,"50,56","18,45","2,34"," R$  (328,88)","-15,37%","-5,61%","-0,71%",PLO6,"-328,88"
15/06/2026,161105,picanha,PIXPOKER,0,"26,8","0,42"," R$  (306,46)","0,00%","-8,75%","-0,14%",NLH,"-306,46"
15/06/2026,185688,Arc4njo,PIXPOKER,"10,2",4,0," R$  (86,00)","-11,86%","-4,65%","0,00%",PLO6,-86
15/06/2026,188365,vapovapo,PIXPOKER,"5,14","2,2",0," R$  (2,79)","-184,23%","-78,85%","0,00%",PLO6,"-2,79"
15/06/2026,190673,pix190673,PIXPOKER,"1,61","40,91","89,97"," R$  153,40 ","1,05%","26,67%","58,65%",PLO6,"153,4"
15/06/2026,193280,GODZZILLA,PIXPOKER,"0,94","11,52",0," R$  (54,00)","-1,74%","-21,33%","0,00%",PLO6,-54
15/06/2026,193504,Pixpokerofc??,PIXPOKER,0,"10,5","52,87"," R$  (265,00)","0,00%","-3,96%","-19,95%",NLH,-265
15/06/2026,195112,Betto,PIXPOKER,"6,93","153,5","5,62"," R$  (1.141,68)","-0,61%","-13,45%","-0,49%",PLO6,"-1141,68"
15/06/2026,102054,natan oficial,PIXPOKER,0,0,"390,99"," R$  (313,60)","0,00%","0,00%","-124,68%",NLH,"-313,6"
15/06/2026,128228,bobssdi,PIXPOKER,"9,5","12,9","263,04"," R$  559,95 ","1,70%","2,30%","46,98%",PLO6,"559,95"
15/06/2026,148445,gil pm,PIXPOKER,0,"106,5","1979,41"," R$  (2.803,42)","0,00%","-3,80%","-70,61%",NLH,"-2803,42"
15/06/2026,149545,pix149545,PIXPOKER,0,"2,5","773,9"," R$  410,33 ","0,00%","0,61%","188,60%",PLO6,"410,33"
15/06/2026,155671,abj0610 jj,PIXPOKER,0,0,"267,23"," R$  724,41 ","0,00%","0,00%","36,89%",PLO6,"724,41"
15/06/2026,156606,#****#,PIXPOKER,0,"10,6","359,04"," R$  286,38 ","0,00%","3,70%","125,37%",PLO6,"286,38"
15/06/2026,182112,22222222,PIXPOKER,0,0,"718,92"," R$  (676,00)","0,00%","0,00%","-106,35%",NLH,-676
15/06/2026,183216,preta02,PIXPOKER,0,0,"325,69"," R$  (81,31)","0,00%","0,00%","-400,55%",NLH,"-81,31"
15/06/2026,101534,sem perdão,PIXPOKER,0,0,"18,01"," R$  (133,00)","0,00%","0,00%","-13,54%",NLH,-133
15/06/2026,106840,rostinho,PIXPOKER,0,0,"18,29"," R$  (100,00)","0,00%","0,00%","-18,29%",NLH,-100
15/06/2026,120235,Brandão 08,PIXPOKER,0,0,"49,73"," R$  (123,31)","0,00%","0,00%","-40,33%",NLH,"-123,31"
15/06/2026,121506,Big big mecky,PIXPOKER,0,0,"43,82"," R$  7,66 ","0,00%","0,00%","572,06%",PLO6,"7,66"
15/06/2026,121760,velinho8657,PIXPOKER,0,0,"108,48"," R$  (758,44)","0,00%","0,00%","-14,30%",NLH,"-758,44"
15/06/2026,125825,pica-pau,PIXPOKER,0,0,"218,33"," R$  (952,28)","0,00%","0,00%","-22,93%",NLH,"-952,28"
15/06/2026,128921,pix128921,PIXPOKER,0,"7,6","193,1"," R$  115,74 ","0,00%","6,57%","166,84%",PLO6,"115,74"
15/06/2026,144386,pix144386,PIXPOKER,0,0,"147,79"," R$  (65,13)","0,00%","0,00%","-226,92%",NLH,"-65,13"
15/06/2026,151543,jotinhafelipe,PIXPOKER,0,0,"383,35"," R$  (1.447,90)","0,00%","0,00%","-26,48%",NLH,"-1447,9"
15/06/2026,153384,NutS,PIXPOKER,0,"11,5","126,3"," R$  (9,12)","0,00%","-126,10%","-1384,87%",NLH,"-9,12"
15/06/2026,158842,john lennon,PIXPOKER,0,0,"0,78"," R$  (19,00)","0,00%","0,00%","-4,11%",NLH,-19
15/06/2026,159370,pix159370,PIXPOKER,0,0,1," R$  (12,00)","0,00%","0,00%","-8,33%",NLH,-12
15/06/2026,159520,fritzlang,PIXPOKER,"1,01",0,"125,05"," R$  126,70 ","0,80%","0,00%","98,70%",PLO6,"126,7"
15/06/2026,160777,pix160777,PIXPOKER,0,0,"7,38"," R$  (102,00)","0,00%","0,00%","-7,24%",NLH,-102
15/06/2026,162136,pix162136,PIXPOKER,0,0,"85,12"," R$  (560,00)","0,00%","0,00%","-15,20%",NLH,-560
15/06/2026,167950,pix167950,PIXPOKER,"3,37",0,"376,66"," R$  (488,04)","-0,69%","0,00%","-77,18%",MTT,"-488,04"
15/06/2026,174549,pix174549,PIXPOKER,"1,96",0,"47,98"," R$  147,30 ","1,33%","0,00%","32,57%",PLO6,"147,3"
15/06/2026,182877,pix182877,PIXPOKER,0,1,"69,8"," R$  (34,08)","0,00%","-2,93%","-204,81%",NLH,"-34,08"
15/06/2026,188295,Blefudedor,PIXPOKER,0,0,"37,21"," R$  (187,11)","0,00%","0,00%","-19,89%",NLH,"-187,11"
15/06/2026,191481,binbalanagulha,PIXPOKER,0,0,"19,85"," R$  13,42 ","0,00%","0,00%","147,91%",PLO6,"13,42"
15/06/2026,191614,B.I.N.G.O,PIXPOKER,0,0,"70,77"," R$  669,41 ","0,00%","0,00%","10,57%",PLO6,"669,41"
15/06/2026,193682,pix193682,PIXPOKER,0,0,"317,32"," R$  450,24 ","0,00%","0,00%","70,48%",PLO6,"450,24"
15/06/2026,193817,pix193817,PIXPOKER,0,0,"361,02"," R$  335,62 ","0,00%","0,00%","107,57%",PLO6,"335,62"
15/06/2026,195016,Diogo Cesar AA,PIXPOKER,"6,87",0,"384,42"," R$  105,12 ","6,54%","0,00%","365,70%",PLO6,"105,12"
15/06/2026,195083,AAÉFOLD,PIXPOKER,0,0,"257,3"," R$  397,00 ","0,00%","0,00%","64,81%",PLO6,397
15/06/2026,107341,Luiz Carlos,PIXPOKER,"6,38","0,5","57,23"," R$  (422,77)","-1,51%","-0,12%","-13,54%",MTT,"-422,77"
15/06/2026,101280,boanoitepessual,PIXPOKER,"70,27","10,5","184,03"," R$  80,26 ","87,55%","13,08%","229,29%",PLO6,"80,26"
15/06/2026,105070,Lukspoki,PIXPOKER,"260,06","7,2",0," R$  (106,59)","-243,98%","-6,75%","0,00%",PLO6,"-106,59"
15/06/2026,120035,ok então,PIXPOKER,"56,47",0,"0,92"," R$  (102,00)","-55,36%","0,00%","-0,90%",MTT,-102
15/06/2026,153505,Gabriel Almeida,PIXPOKER,"165,59",0,"4,24"," R$  (503,79)","-32,87%","0,00%","-0,84%",MTT,"-503,79"
15/06/2026,165694,jr?,PIXPOKER,"48,08","6,8","158,5"," R$  (444,00)","-10,83%","-1,53%","-35,70%",MTT,-444
15/06/2026,190191,THªNOS,PIXPOKER,"154,32",0,"2,9"," R$  (703,00)","-21,95%","0,00%","-0,41%",MTT,-703
15/06/2026,126035,pix126035,PIXPOKER,0,0,"2,94"," R$  (50,00)","0,00%","0,00%","-5,88%",NLH,-50
15/06/2026,132740,ZeusPixpoker,PIXPOKER,0,"3,5","242,95"," R$  205,00 ","0,00%","1,71%","118,51%",PLO6,205
15/06/2026,139726,bananinha,PIXPOKER,0,"456,45","665,35"," R$  (3.246,08)","0,00%","-14,06%","-20,50%",NLH,"-3246,08"
15/06/2026,192836,guizin777,PIXPOKER,0,0,"178,97"," R$  (224,28)","0,00%","0,00%","-79,80%",NLH,"-224,28"
15/06/2026,193467,Mercado livre,PIXPOKER,0,0,"888,5"," R$  (3.235,60)","0,00%","0,00%","-27,46%",NLH,"-3235,6"
15/06/2026,150826,thpericlesbjj,PIXPOKER,0,"17,6",0," R$  (95,00)","0,00%","-18,53%","0,00%",NLH,-95
15/06/2026,177057,KAKASHI,PIXPOKER,0,"22,2",0," R$  (71,06)","0,00%","-31,24%","0,00%",NLH,"-71,06"
15/06/2026,187664,Dwbliu,PIXPOKER,0,"2,2","64,09"," R$  202,70 ","0,00%","1,09%","31,62%",PLO6,"202,7"
15/06/2026,189882,pix189882,PIXPOKER,"11,73","12,8","0,01"," R$  (57,00)","-20,58%","-22,46%","-0,02%",PLO6,-57
15/06/2026,100300,Barboza?,PIXPOKER,"2,92",0,"0,92"," R$  (11,15)","-26,19%","0,00%","-8,25%",MTT,"-11,15"
15/06/2026,102657,Edson ?,PIXPOKER,0,0,"49,68"," R$  (160,39)","0,00%","0,00%","-30,97%",NLH,"-160,39"
15/06/2026,102854,mrsflush,PIXPOKER,0,0,"0,6"," R$  (0,75)","0,00%","0,00%","-80,00%",NLH,"-0,75"
15/06/2026,102869,shogun,PIXPOKER,0,0,"0,08"," R$  (1,64)","0,00%","0,00%","-4,88%",NLH,"-1,64"
15/06/2026,102898,shark,PIXPOKER,0,0,"0,3"," R$  (1,35)","0,00%","0,00%","-22,22%",NLH,"-1,35"
15/06/2026,103301,gika,PIXPOKER,0,0,"0,31"," R$  (1,24)","0,00%","0,00%","-25,00%",NLH,"-1,24"
15/06/2026,109059,GBALA,PIXPOKER,0,0,0, R$  -   ,,,,NLH,0
15/06/2026,116753,Gabrrriel,PIXPOKER,0,"0,1","5,75"," R$  (33,00)","0,00%","-0,30%","-17,42%",NLH,-33
15/06/2026,117575,Let’s Go,PIXPOKER,0,"7,8",0," R$  (63,39)","0,00%","-12,30%","0,00%",NLH,"-63,39"
15/06/2026,129186,???Pato,PIXPOKER,"0,79",0,0," R$  (5,47)","-14,44%","0,00%","0,00%",MTT,"-5,47"
15/06/2026,136090,pixxx,PIXPOKER,0,0,0, R$  -   ,,,,NLH,0
15/06/2026,140055,jr oião motos,PIXPOKER,"2,59",0,0," R$  (37,00)","-7,00%","0,00%","0,00%",MTT,-37
15/06/2026,150113,predador ?,PIXPOKER,"1,29",0,"0,31"," R$  (20,00)","-6,45%","0,00%","-1,55%",MTT,-20
15/06/2026,151216,Matador 2024,PIXPOKER,0,0,0, R$  -   ,,,,NLH,0
15/06/2026,152602,toskdecorrente,PIXPOKER,0,0,0," R$  1,08 ","0,00%","0,00%","0,00%",NLH,"1,08"
15/06/2026,153195,ZackEfr0n,PIXPOKER,"0,29",0,0," R$  (1,13)","-25,66%","0,00%","0,00%",MTT,"-1,13"
15/06/2026,154633,pix154633,PIXPOKER,"4,63","0,1",0," R$  0,49 ","944,90%","20,41%","0,00%",NLH,"0,49"
15/06/2026,159020,Zlatan11,PIXPOKER,0,0,"76,15"," R$  (489,00)","0,00%","0,00%","-15,57%",NLH,-489
15/06/2026,168321,Breno Mendes,PIXPOKER,0,0,"1,22"," R$  (20,00)","0,00%","0,00%","-6,10%",NLH,-20
15/06/2026,168505,Bitenca,PIXPOKER,0,0,0," R$  2,94 ","0,00%","0,00%","0,00%",NLH,"2,94"
15/06/2026,170685,Pitheolico,PIXPOKER,0,1,0," R$  167,42 ","0,00%","0,60%","0,00%",MTT,"167,42"
15/06/2026,170892,sonoblefe,PIXPOKER,0,0,0," R$  0,75 ","0,00%","0,00%","0,00%",NLH,"0,75"
15/06/2026,172670,pix172670,PIXPOKER,0,0,0, R$  -   ,,,,NLH,0
15/06/2026,174658,Luka Magic,PIXPOKER,0,0,"0,65"," R$  (0,98)","0,00%","0,00%","-66,33%",NLH,"-0,98"
15/06/2026,174952,tremdofullhouse33,PIXPOKER,0,0,0, R$  -   ,,,,NLH,0
15/06/2026,175113,chau,PIXPOKER,"0,18",0,"1,21"," R$  5,31 ","3,39%","0,00%","22,79%",PLO6,"5,31"
15/06/2026,177504,100%,PIXPOKER,0,"4,4",0," R$  (44,00)","0,00%","-10,00%","0,00%",NLH,-44
15/06/2026,179744,pix179744,PIXPOKER,"0,59",0,"25,99"," R$  (26,00)","-2,27%","0,00%","-99,96%",MTT,-26
15/06/2026,179838,pix179838,PIXPOKER,0,0,0, R$  -   ,,,,NLH,0
15/06/2026,179909,Trilheiro???,PIXPOKER,"18,75","27,03",0," R$  (303,66)","-6,17%","-8,90%","0,00%",PLO6,"-303,66"
15/06/2026,182576,Bundinha de neném,PIXPOKER,0,0,0," R$  2,34 ","0,00%","0,00%","0,00%",NLH,"2,34"
15/06/2026,182909,Johnny walkr,PIXPOKER,"0,89","24,9",0," R$  (92,89)","-0,96%","-26,81%","0,00%",PLO6,"-92,89"
15/06/2026,185187,JJoNuTs,PIXPOKER,0,0,"18,48"," R$  1,31 ","0,00%","0,00%","1410,69%",PLO6,"1,31"
15/06/2026,188288,Maicon Santos,PIXPOKER,0,"0,4",0," R$  7,30 ","0,00%","5,48%","0,00%",MTT,"7,3"
15/06/2026,193550,carl$kk,PIXPOKER,0,0,0," R$  5,59 ","0,00%","0,00%","0,00%",NLH,"5,59"
15/06/2026,194761,Malcher,PIXPOKER,0,"0,9",0," R$  (8,25)","0,00%","-10,91%","0,00%",NLH,"-8,25"
15/06/2026,195114,Atena,PIXPOKER,"0,58",0,0," R$  (8,00)","-7,25%","0,00%","0,00%",MTT,-8
15/06/2026,195436,cochichola??,PIXPOKER,0,"3,2",0," R$  1,60 ","0,00%","200,00%","0,00%",MTT,"1,6"
15/06/2026,100486,Jr Holanda,PIXPOKER,0,"4,6","83,25"," R$  (349,00)","0,00%","-1,32%","-23,85%",NLH,-349
15/06/2026,158767,LoboDeWallStreat,PIXPOKER,"3,12","8,8","2,22"," R$  (4,00)","-78,00%","-220,00%","-55,50%",PLO6,-4
15/06/2026,193637,BeNSharK?,PIXPOKER,"29,2","71,7",0," R$  (340,62)","-8,57%","-21,05%","0,00%",PLO6,"-340,62"
15/06/2026,136435,KIKO_CPB,PIXPOKER,"10,37","1,6","35,52"," R$  (255,00)","-4,07%","-0,63%","-13,93%",MTT,-255
15/06/2026,145959,Adibe Jr 02,PIXPOKER,"3,74",0,"878,93"," R$  (283,73)","-1,32%","0,00%","-309,78%",MTT,"-283,73"
15/06/2026,162897,Totó ?,PIXPOKER,"25,08",0,"89,96"," R$  115,14 ","21,78%","0,00%","78,13%",PLO6,"115,14"
15/06/2026,163330,RN????,PIXPOKER,0,0,"262,58"," R$  315,29 ","0,00%","0,00%","83,28%",PLO6,"315,29"
15/06/2026,171909,bregas,PIXPOKER,"4,31","0,9","88,19"," R$  170,00 ","2,54%","0,53%","51,88%",PLO6,170
15/06/2026,176091,bananildo,PIXPOKER,0,0,"127,13"," R$  196,06 ","0,00%","0,00%","64,84%",PLO6,"196,06"
15/06/2026,181267,Menor LK,PIXPOKER,0,0,"950,87"," R$  797,08 ","0,00%","0,00%","119,29%",PLO6,"797,08"
15/06/2026,181613,tyago,PIXPOKER,"4,66",0,"7,36"," R$  (79,37)","-5,87%","0,00%","-9,27%",MTT,"-79,37"
15/06/2026,182921,biro22,PIXPOKER,"1,52","0,2","69,13"," R$  25,47 ","5,97%","0,79%","271,42%",PLO6,"25,47"
15/06/2026,188599,Chrys_Killer,PIXPOKER,0,"0,3","769,38"," R$  (2.019,66)","0,00%","-0,01%","-38,09%",NLH,"-2019,66"
15/06/2026,188964,…….,PIXPOKER,0,0,"35,96"," R$  7,00 ","0,00%","0,00%","513,71%",PLO6,7
15/06/2026,189811,Kushlemon,PIXPOKER,"6,62",0,"10,45"," R$  (71,00)","-9,32%","0,00%","-14,72%",MTT,-71
15/06/2026,195232,pix195232,PIXPOKER,"44,4",0,"130,6"," R$  138,00 ","32,17%","0,00%","94,64%",PLO6,138
15/06/2026,100346,DeinhAA,PIXPOKER,0,3,"190,38"," R$  89,71 ","0,00%","3,34%","212,22%",PLO6,"89,71"
15/06/2026,110511,elchapo?,PIXPOKER,0,0,"14,68"," R$  58,00 ","0,00%","0,00%","25,31%",PLO6,58
15/06/2026,186865,Tr_Chapinha,PIXPOKER,0,0,"159,91"," R$  48,20 ","0,00%","0,00%","331,76%",PLO6,"48,2"
15/06/2026,104131,all inn,PIXPOKER,"3,44",0,0," R$  (27,00)","-12,74%","0,00%","0,00%",MTT,-27
15/06/2026,110509,pix110509,PIXPOKER,"87,83",0,"0,81"," R$  (347,00)","-25,31%","0,00%","-0,23%",MTT,-347
15/06/2026,112136,VML$??,PIXPOKER,"23,13","10,8","186,96"," R$  (423,26)","-5,46%","-2,55%","-44,17%",MTT,"-423,26"
15/06/2026,118148,Diogolll,PIXPOKER,"209,17","16,3",0," R$  (790,00)","-26,48%","-2,06%","0,00%",PLO6,-790
15/06/2026,133382,martinsScc,PIXPOKER,"21,7",0,"0,3"," R$  (32,78)","-66,20%","0,00%","-0,92%",MTT,"-32,78"
15/06/2026,144289,gu já ug,PIXPOKER,"5,9",0,0," R$  (43,52)","-13,56%","0,00%","0,00%",MTT,"-43,52"
15/06/2026,147665,dleitao,PIXPOKER,"114,26",0,0," R$  254,74 ","44,85%","0,00%","0,00%",NLH,"254,74"
15/06/2026,154882,SixSevenNuts,PIXPOKER,"28,05",0,"7,63"," R$  (110,00)","-25,50%","0,00%","-6,94%",MTT,-110
15/06/2026,162312,WeydsonL,PIXPOKER,"435,95",0,"20,56"," R$  (523,54)","-83,27%","0,00%","-3,93%",MTT,"-523,54"
15/06/2026,164867,Arrascaeta 10,PIXPOKER,"195,15",0,0," R$  (190,48)","-102,45%","0,00%","0,00%",MTT,"-190,48"
15/06/2026,169703,Chicken Little,PIXPOKER,"29,83",0,"27,01"," R$  116,56 ","25,59%","0,00%","23,17%",NLH,"116,56"
15/06/2026,172125,pix172125,PIXPOKER,"39,77",0,"27,34"," R$  (185,00)","-21,50%","0,00%","-14,78%",MTT,-185
15/06/2026,172194,gringo01,PIXPOKER,"45,17",0,"1,23"," R$  (212,00)","-21,31%","0,00%","-0,58%",MTT,-212
15/06/2026,177526,XRafaBoassX,PIXPOKER,"4,69",0,"8,14"," R$  (140,00)","-3,35%","0,00%","-5,81%",MTT,-140
15/06/2026,185542,Gomess,PIXPOKER,"33,62",0,"138,19"," R$  344,71 ","9,75%","0,00%","40,09%",PLO6,"344,71"
15/06/2026,186001,Allwin Capone,PIXPOKER,"2,48","42,74","21,03"," R$  (30,00)","-8,27%","-142,47%","-70,10%",NLH,-30
15/06/2026,189622,TIJUBINA ?,PIXPOKER,"88,57",0,0, R$  -   ,,,,NLH,0
15/06/2026,191293,jh Júnior,PIXPOKER,"34,75",19,0," R$  (413,66)","-8,40%","-4,59%","0,00%",PLO6,"-413,66"
15/06/2026,193010,Marcelo Silva,PIXPOKER,"49,7","52,7","31,59"," R$  (448,27)","-11,09%","-11,76%","-7,05%",PLO6,"-448,27"
15/06/2026,141374,hrios,PIXPOKER,0,0,"3968,35"," R$  (9.900,77)","0,00%","0,00%","-40,08%",NLH,"-9900,77"
15/06/2026,149617,MQ17,PIXPOKER,"0,19",0,"1509,4"," R$  3.118,94 ","0,01%","0,00%","48,39%",PLO6,"3118,94"
15/06/2026,194476,pix194476,PIXPOKER,"60,99",0,"2,09"," R$  (242,91)","-25,11%","0,00%","-0,86%",MTT,"-242,91"
15/06/2026,137423,Godoy,PIXPOKER,0,"334,4",0," R$  (207,40)","0,00%","-161,23%","0,00%",NLH,"-207,4"
15/06/2026,153359,semreclamação,PIXPOKER,0,"94,5",0," R$  (651,62)","0,00%","-14,50%","0,00%",NLH,"-651,62"
15/06/2026,154531,allinsemolhar,PIXPOKER,0,"86,5","25,22"," R$  7,40 ","0,00%","1168,92%","340,81%",MTT,"7,4"
15/06/2026,173235,Estrutura,PIXPOKER,0,374,"67,37"," R$  (380,55)","0,00%","-98,28%","-17,70%",NLH,"-380,55"
15/06/2026,181795,henrique esc,PIXPOKER,0,10,0," R$  (100,00)","0,00%","-10,00%","0,00%",NLH,-100
15/06/2026,194654,Mr Pet,PIXPOKER,0,"122,2","370,98"," R$  (2.462,66)","0,00%","-4,96%","-15,06%",NLH,"-2462,66"
15/06/2026,121804,Descubra,PIXPOKER,"36,91",100,"760,72"," R$  (4.571,73)","-0,81%","-2,19%","-16,64%",NLH,"-4571,73"
15/06/2026,136600,pix136600,PIXPOKER,0,0,"878,58"," R$  3.667,19 ","0,00%","0,00%","23,96%",PLO6,"3667,19"
15/06/2026,138160,Chicão 01,PIXPOKER,"3,89",0,"300,98"," R$  (264,41)","-1,47%","0,00%","-113,83%",MTT,"-264,41"
15/06/2026,140015,NenTrindade,PIXPOKER,0,0,"405,05"," R$  (2.135,83)","0,00%","0,00%","-18,96%",NLH,"-2135,83"
15/06/2026,147593,pix147593,PIXPOKER,"3,19",0,"2810,71"," R$  (6.950,28)","-0,05%","0,00%","-40,44%",MTT,"-6950,28"
15/06/2026,155309,Andre13,PIXPOKER,0,0,"630,49"," R$  (3.894,73)","0,00%","0,00%","-16,19%",NLH,"-3894,73"
15/06/2026,157192,kakaziinho,PIXPOKER,0,"15,5","459,2"," R$  (1.691,58)","0,00%","-0,92%","-27,15%",NLH,"-1691,58"
15/06/2026,158650,pix158650,PIXPOKER,0,0,"2347,92"," R$  (9.672,16)","0,00%","0,00%","-24,28%",NLH,"-9672,16"
15/06/2026,162546,pix162546,PIXPOKER,0,0,"2519,48"," R$  5.905,17 ","0,00%","0,00%","42,67%",PLO6,"5905,17"
15/06/2026,185295,David blefador,PIXPOKER,0,0,"74,01"," R$  (329,54)","0,00%","0,00%","-22,46%",NLH,"-329,54"
15/06/2026,193434,CUIDAVAI,PIXPOKER,0,0,"6200,3"," R$  (26.099,14)","0,00%","0,00%","-23,76%",NLH,"-26099,14"
15/06/2026,195384,pix195384,PIXPOKER,0,0,"71,18"," R$  (250,00)","0,00%","0,00%","-28,47%",NLH,-250
15/06/2026,102916,Elthigas,PIXPOKER,0,"0,8","33,7"," R$  (23,50)","0,00%","-3,40%","-143,40%",NLH,"-23,5"
15/06/2026,136595,Jefin6710,PIXPOKER,"30,29","51,4",0," R$  (139,00)","-21,79%","-36,98%","0,00%",PLO6,-139
15/06/2026,145184,Chepinha,PIXPOKER,"2,05","72,31","6,03"," R$  (423,32)","-0,48%","-17,08%","-1,42%",NLH,"-423,32"
15/06/2026,147069,cryyy,PIXPOKER,"24,37","25,6","20,63"," R$  104,08 ","23,41%","24,60%","19,82%",MTT,"104,08"
15/06/2026,148535,amisraelchai??,PIXPOKER,0,"39,9",0," R$  (32,59)","0,00%","-122,43%","0,00%",NLH,"-32,59"
15/06/2026,180777,pix180777,PIXPOKER,"1,55",1,0," R$  (6,28)","-24,68%","-15,92%","0,00%",PLO6,"-6,28"
15/06/2026,181098,pix181098,PIXPOKER,0,"1,4",0," R$  (11,72)","0,00%","-11,95%","0,00%",NLH,"-11,72"
15/06/2026,194726,pix194726,PIXPOKER,0,"157,9",0," R$  1.332,02 ","0,00%","11,85%","0,00%",MTT,"1332,02"
15/06/2026,194815,pix194815,PIXPOKER,0,"190,8",0," R$  (78,32)","0,00%","-243,62%","0,00%",NLH,"-78,32"
15/06/2026,101251,Chupeta,PIXPOKER,0,0,"1407,42"," R$  4.248,38 ","0,00%","0,00%","33,13%",PLO6,"4248,38"
15/06/2026,145213,pix145213,PIXPOKER,0,0,"154,12"," R$  (612,01)","0,00%","0,00%","-25,18%",NLH,"-612,01"
15/06/2026,159587,PesoPesadoVoltou,PIXPOKER,0,0,"2577,94"," R$  2.357,64 ","0,00%","0,00%","109,34%",PLO6,"2357,64"
15/06/2026,167868,jusadelas_,PIXPOKER,0,0,"35,98"," R$  (229,00)","0,00%","0,00%","-15,71%",NLH,-229
15/06/2026,100557,AMARILDOJR,PIXPOKER,"114,32",7,"3,68"," R$  (6,80)","-1681,18%","-102,94%","-54,12%",PLO6,"-6,8"
15/06/2026,100726,Nattanzinho,PIXPOKER,"146,66",0,"2353,87"," R$  (15.599,35)","-0,94%","0,00%","-15,09%",MTT,"-15599,35"
15/06/2026,110951,SrAndrezito,PIXPOKER,"106,53",0,0," R$  2,00 ","5326,50%","0,00%","0,00%",NLH,2
15/06/2026,115919,ZéCall,PIXPOKER,"27,26",0,0," R$  7,97 ","342,03%","0,00%","0,00%",NLH,"7,97"
15/06/2026,125084,Binho21,PIXPOKER,"2,14","3,3","5,09"," R$  (35,00)","-6,11%","-9,43%","-14,54%",NLH,-35
15/06/2026,145865,pix145865,PIXPOKER,"2,18",0,0," R$  (25,00)","-8,72%","0,00%","0,00%",MTT,-25
15/06/2026,148134,pix148134,PIXPOKER,"4,95",0,0," R$  (64,00)","-7,73%","0,00%","0,00%",MTT,-64
15/06/2026,150186,el brocador,PIXPOKER,"4,81",0,0," R$  (46,00)","-10,46%","0,00%","0,00%",MTT,-46
15/06/2026,160398,FLOKI,PIXPOKER,"15,34","0,8","16,23"," R$  (111,12)","-13,80%","-0,72%","-14,61%",MTT,"-111,12"
15/06/2026,162289,Gabrielzm,PIXPOKER,"18,4",0,0," R$  (75,00)","-24,53%","0,00%","0,00%",MTT,-75
15/06/2026,162310,Ribeiro93,PIXPOKER,"1,2","19,25","63,89"," R$  (588,50)","-0,20%","-3,27%","-10,86%",NLH,"-588,5"
15/06/2026,162361,pix162361,PIXPOKER,"3,84",0,"12,42"," R$  (30,00)","-12,80%","0,00%","-41,40%",MTT,-30
15/06/2026,162898,Arturlm11,PIXPOKER,"16,39",3,"40,4"," R$  (198,00)","-8,28%","-1,52%","-20,40%",MTT,-198
15/06/2026,164168,draga,PIXPOKER,"30,42",0,"15,34"," R$  (110,00)","-27,65%","0,00%","-13,95%",MTT,-110
15/06/2026,166612,Emanuel Farias,PIXPOKER,"1,33","0,2",0," R$  (3,44)","-38,66%","-5,81%","0,00%",PLO6,"-3,44"
15/06/2026,171689,Felp0123,PIXPOKER,"15,79",0,0," R$  (110,00)","-14,35%","0,00%","0,00%",MTT,-110
15/06/2026,171911,pix171911,PIXPOKER,"26,14",0,0," R$  114,75 ","22,78%","0,00%","0,00%",NLH,"114,75"
15/06/2026,172386,pix172386,PIXPOKER,"14,8",0,"95,18"," R$  (710,04)","-2,08%","0,00%","-13,40%",MTT,"-710,04"
15/06/2026,175973,IFFC,PIXPOKER,"31,39","17,6","2,26"," R$  (277,71)","-11,30%","-6,34%","-0,81%",PLO6,"-277,71"
15/06/2026,178641,jeanHolden,PIXPOKER,"21,6",0,0," R$  (144,00)","-15,00%","0,00%","0,00%",MTT,-144
15/06/2026,179974,Bezim09,PIXPOKER,"32,32",0,0," R$  (23,00)","-140,52%","0,00%","0,00%",MTT,-23
15/06/2026,180358,AGRF,PIXPOKER,"69,29",0,"386,25"," R$  1.348,21 ","5,14%","0,00%","28,65%",PLO6,"1348,21"
15/06/2026,186438,pega noob,PIXPOKER,"0,48",0,"0,77"," R$  18,15 ","2,64%","0,00%","4,24%",PLO6,"18,15"
15/06/2026,188354,o galo,PIXPOKER,"48,13",0,"42,12"," R$  (160,00)","-30,08%","0,00%","-26,33%",MTT,-160
15/06/2026,191320,zobaa,PIXPOKER,"14,08",0,"8,4"," R$  (2,00)","-704,00%","0,00%","-420,00%",MTT,-2
15/06/2026,193178,10 ANO,PIXPOKER,"84,3","109,8","11,17"," R$  (307,23)","-27,44%","-35,74%","-3,64%",PLO6,"-307,23"
15/06/2026,193941,joaofurtado,PIXPOKER,"61,81","4,7",0," R$  (247,59)","-24,96%","-1,90%","0,00%",PLO6,"-247,59"
15/06/2026,194427,PAU.NAS.DO.JOB,PIXPOKER,"8,44",0,0," R$  (35,00)","-24,11%","0,00%","0,00%",MTT,-35
15/06/2026,194604,Aquiles77,PIXPOKER,"47,46","2,4","6,73"," R$  60,00 ","79,10%","4,00%","11,22%",NLH,60
15/06/2026,100211,Patrik Estrela,PIXPOKER,0,0,"126,16"," R$  (132,74)","0,00%","0,00%","-95,04%",NLH,"-132,74"
15/06/2026,100605,henrique,PIXPOKER,"12,91",0,"1,62"," R$  (40,04)","-32,24%","0,00%","-4,05%",MTT,"-40,04"
15/06/2026,129292,kinho$?,PIXPOKER,0,"0,9","103,39"," R$  (129,71)","0,00%","-0,69%","-79,71%",NLH,"-129,71"
15/06/2026,147160,VASCOPORRA,PIXPOKER,0,"1,3","265,96"," R$  (331,61)","0,00%","-0,39%","-80,20%",NLH,"-331,61"
15/06/2026,147553,ChicoCeza,PIXPOKER,"0,52",1,"258,34"," R$  44,50 ","1,17%","2,25%","580,54%",PLO6,"44,5"
15/06/2026,151112,SanMds,PIXPOKER,"2,53",0,"10,17"," R$  44,14 ","5,73%","0,00%","23,04%",PLO6,"44,14"
15/06/2026,153367,Gi.p,PIXPOKER,0,21,"49,69"," R$  70,48 ","0,00%","29,80%","70,50%",PLO6,"70,48"
15/06/2026,159222,MC81,PIXPOKER,0,0,"91,16"," R$  (17,61)","0,00%","0,00%","-517,66%",NLH,"-17,61"
15/06/2026,164927,jogador06233,PIXPOKER,0,2,"44,83"," R$  (100,88)","0,00%","-1,98%","-44,44%",NLH,"-100,88"
15/06/2026,180838,Cuiúdão,PIXPOKER,0,0,"20,36"," R$  (77,00)","0,00%","0,00%","-26,44%",NLH,-77
15/06/2026,186267,marion,PIXPOKER,0,0,"14,76"," R$  77,26 ","0,00%","0,00%","19,10%",PLO6,"77,26"
15/06/2026,188702,Aécio2064,PIXPOKER,"1,57",0,"42,93"," R$  (143,00)","-1,10%","0,00%","-30,02%",MTT,-143
15/06/2026,189260,pix189260,PIXPOKER,0,"1,6","7,64"," R$  (45,45)","0,00%","-3,52%","-16,81%",NLH,"-45,45"
15/06/2026,193561,Iperes,PIXPOKER,0,"162,4","30,32"," R$  805,00 ","0,00%","20,17%","3,77%",MTT,805
15/06/2026,193709,100Sorte?,PIXPOKER,0,"28,4","63,78"," R$  (584,88)","0,00%","-4,86%","-10,90%",NLH,"-584,88"
15/06/2026,103345,Homer Simpson,PIXPOKER,"11,84",0,"15,92"," R$  (345,00)","-3,43%","0,00%","-4,61%",MTT,-345
15/06/2026,111754,pix111754,PIXPOKER,"17,77","1,5","21,83"," R$  (345,00)","-5,15%","-0,43%","-6,33%",MTT,-345
15/06/2026,146573,CipriAA,PIXPOKER,"77,53",0,"4,32"," R$  (187,09)","-41,44%","0,00%","-2,31%",MTT,"-187,09"
15/06/2026,147096,vai que bata,PIXPOKER,"86,56",0,0," R$  (267,00)","-32,42%","0,00%","0,00%",MTT,-267
15/06/2026,178626,Vava13,PIXPOKER,"41,31",0,0," R$  (305,00)","-13,54%","0,00%","0,00%",MTT,-305
15/06/2026,103904,Cabuloso?,PIXPOKER,"233,77","16,2","15,72"," R$  (114,00)","-205,06%","-14,21%","-13,79%",PLO6,-114
15/06/2026,134557,reidocongo,PIXPOKER,0,4,0, R$  -   ,,,,NLH,0
15/06/2026,161583,Eddy10,PIXPOKER,0,10,0," R$  (100,00)","0,00%","-10,00%","0,00%",NLH,-100
15/06/2026,120485,RodrigOscar,PIXPOKER,"222,4",0,0," R$  5,93 ","3750,42%","0,00%","0,00%",NLH,"5,93"
15/06/2026,151521,geobalaaa,PIXPOKER,"0,99",1,"80,66"," R$  58,09 ","1,70%","1,72%","138,85%",PLO6,"58,09"
15/06/2026,151894,emersonTHE,PIXPOKER,"0,83",0,0," R$  (12,00)","-6,92%","0,00%","0,00%",MTT,-12
15/06/2026,160319,cremobinn,PIXPOKER,"75,28","23,55","28,19"," R$  (293,33)","-25,66%","-8,03%","-9,61%",MTT,"-293,33"
15/06/2026,163350,px34256871976,PIXPOKER,"1,4",0,"33,01"," R$  (288,00)","-0,49%","0,00%","-11,46%",MTT,-288
15/06/2026,170993,EleJot4,PIXPOKER,"17,89",0,"3,15"," R$  4,00 ","447,25%","0,00%","78,75%",NLH,4
15/06/2026,187114,KL7-,PIXPOKER,"57,96",0,"101,73"," R$  (305,50)","-18,97%","0,00%","-33,30%",MTT,"-305,5"
15/06/2026,105853,toblefando,PIXPOKER,0,0,"83,44"," R$  691,07 ","0,00%","0,00%","12,07%",PLO6,"691,07"
15/06/2026,106390,chca,PIXPOKER,"3,72",0,"44,82"," R$  (557,00)","-0,67%","0,00%","-8,05%",MTT,-557
15/06/2026,113958,pix113958,PIXPOKER,0,0,"101,09"," R$  (477,16)","0,00%","0,00%","-21,19%",NLH,"-477,16"
15/06/2026,120161,Forasteiro,PIXPOKER,0,0,"117,13"," R$  (458,66)","0,00%","0,00%","-25,54%",NLH,"-458,66"
15/06/2026,129250,dayvisonfranklin,PIXPOKER,0,0,"20,58"," R$  (8,80)","0,00%","0,00%","-233,86%",NLH,"-8,8"
15/06/2026,142293,KAMMIN,PIXPOKER,0,0,"319,78"," R$  760,67 ","0,00%","0,00%","42,04%",PLO6,"760,67"
15/06/2026,142465,crrc79,PIXPOKER,"4,87",250,"199,15"," R$  (2.434,35)","-0,20%","-10,27%","-8,18%",NLH,"-2434,35"
15/06/2026,162905,picanele,PIXPOKER,"1,58",0,"52,81"," R$  (309,00)","-0,51%","0,00%","-17,09%",MTT,-309
15/06/2026,171266,BALA 27,PIXPOKER,0,0,"251,95"," R$  752,22 ","0,00%","0,00%","33,49%",PLO6,"752,22"
15/06/2026,171369,pix171369,PIXPOKER,0,0,"52,37"," R$  (339,24)","0,00%","0,00%","-15,44%",NLH,"-339,24"
15/06/2026,172253,bob Marley,PIXPOKER,0,0,"549,88"," R$  1.178,23 ","0,00%","0,00%","46,67%",PLO6,"1178,23"
15/06/2026,186675,soninho,PIXPOKER,0,0,"144,89"," R$  (643,57)","0,00%","0,00%","-22,51%",NLH,"-643,57"
15/06/2026,190412,Pererestm,PIXPOKER,0,0,"11,13"," R$  (146,00)","0,00%","0,00%","-7,62%",NLH,-146
15/06/2026,123435,El Bandolero,PIXPOKER,0,0,"12,47"," R$  (150,02)","0,00%","0,00%","-8,31%",NLH,"-150,02"
15/06/2026,138157,Gigiroro,PIXPOKER,0,0,"3,55"," R$  418,26 ","0,00%","0,00%","0,85%",PLO6,"418,26"
15/06/2026,155905,MC LGK9,PIXPOKER,0,0,"629,44"," R$  154,35 ","0,00%","0,00%","407,80%",PLO6,"154,35"
15/06/2026,133545,tudo,PIXPOKER,"0,86",0,"8,76"," R$  (3,00)","-28,67%","0,00%","-292,00%",MTT,-3
15/06/2026,141508,SerialKiller,PIXPOKER,0,0,"7,08"," R$  (38,00)","0,00%","0,00%","-18,63%",NLH,-38
15/06/2026,150610,tudotudo,PIXPOKER,0,0,"1,59"," R$  (15,00)","0,00%","0,00%","-10,60%",NLH,-15
15/06/2026,153919,Boiadeiro,PIXPOKER,"4,75",0,"0,38"," R$  (30,00)","-15,83%","0,00%","-1,27%",MTT,-30
15/06/2026,158810,Psicopoker,PIXPOKER,0,"13,81","3,56"," R$  55,54 ","0,00%","24,86%","6,41%",MTT,"55,54"
15/06/2026,189391,Shell271,PIXPOKER,"0,03",0,"77,88"," R$  (411,00)","-0,01%","0,00%","-18,95%",MTT,-411
15/06/2026,193274,henriquecm_,PIXPOKER,0,0,"10,15"," R$  (55,00)","0,00%","0,00%","-18,45%",NLH,-55
15/06/2026,193559,Gabriellopes,PIXPOKER,"0,56",0,"1,35"," R$  (26,00)","-2,15%","0,00%","-5,19%",MTT,-26
15/06/2026,118027,EUROFARMA,PIXPOKER,0,1,"428,91"," R$  834,78 ","0,00%","0,12%","51,38%",PLO6,"834,78"
15/06/2026,158586,Naviuos,PIXPOKER,0,"84,8",0," R$  1.640,05 ","0,00%","5,17%","0,00%",MTT,"1640,05"
15/06/2026,183420,jheniffer,PIXPOKER,0,"6,5","7,63"," R$  (130,29)","0,00%","-4,99%","-5,86%",NLH,"-130,29"
15/06/2026,119997,brunobfb,PIXPOKER,0,0,"68,21"," R$  (277,70)","0,00%","0,00%","-24,56%",NLH,"-277,7"
15/06/2026,129800,NASA?,PIXPOKER,0,0,"25,19"," R$  (150,00)","0,00%","0,00%","-16,79%",NLH,-150
15/06/2026,163358,Léo Monteiro,PIXPOKER,0,0,"24,96"," R$  (339,50)","0,00%","0,00%","-7,35%",NLH,"-339,5"
15/06/2026,184304,fbarros,PIXPOKER,0,0,"0,5"," R$  (12,86)","0,00%","0,00%","-3,89%",NLH,"-12,86"
15/06/2026,195091,só o básico_14,PIXPOKER,0,0,"1,65"," R$  (18,00)","0,00%","0,00%","-9,17%",NLH,-18
15/06/2026,122560,F3RRAD0,PIXPOKER,"1,62","0,8",0," R$  (11,01)","-14,71%","-7,27%","0,00%",PLO6,"-11,01"
15/06/2026,151141,pix151141,PIXPOKER,"1,21",0,0," R$  (15,84)","-7,64%","0,00%","0,00%",MTT,"-15,84"
15/06/2026,158848,cherameusovos,PIXPOKER,"1,19","2,9",0," R$  (17,76)","-6,70%","-16,33%","0,00%",PLO6,"-17,76"
15/06/2026,171242,pix171242,PIXPOKER,"0,43",0,0," R$  (7,50)","-5,73%","0,00%","0,00%",MTT,"-7,5"
15/06/2026,171921,Arthuralp,PIXPOKER,"5,73",0,0," R$  (20,00)","-28,65%","0,00%","0,00%",MTT,-20
15/06/2026,187362,Higor00,PIXPOKER,"16,45",0,0," R$  (33,00)","-49,85%","0,00%","0,00%",MTT,-33
15/06/2026,188349,cheira crake,PIXPOKER,"19,58",0,"6,07"," R$  (128,00)","-15,30%","0,00%","-4,74%",MTT,-128
15/06/2026,190931,pix190931,PIXPOKER,"0,21",0,"0,8"," R$  (16,00)","-1,31%","0,00%","-5,00%",MTT,-16
15/06/2026,192635,jandao,PIXPOKER,"6,71",0,0," R$  11,09 ","60,50%","0,00%","0,00%",NLH,"11,09"
15/06/2026,194270,Laurinha,PIXPOKER,"12,58",0,"1,64"," R$  (52,00)","-24,19%","0,00%","-3,15%",MTT,-52
15/06/2026,156597,Tuttuba,PIXPOKER,0,"45,5",0," R$  954,57 ","0,00%","4,77%","0,00%",MTT,"954,57"
15/06/2026,194400,Joao Bosco,PIXPOKER,0,"13,1",0," R$  (131,00)","0,00%","-10,00%","0,00%",NLH,-131
15/06/2026,102004,RobertoM,PIXPOKER,"11,06",0,"167,09"," R$  (137,54)","-8,04%","0,00%","-121,48%",MTT,"-137,54"
15/06/2026,119022,SKROTO,PIXPOKER,0,0,"18,94"," R$  (8,30)","0,00%","0,00%","-228,19%",NLH,"-8,3"
15/06/2026,135274,usuario91,PIXPOKER,0,0,"236,18"," R$  (869,79)","0,00%","0,00%","-27,15%",NLH,"-869,79"
15/06/2026,148116,joker ?,PIXPOKER,0,0,"498,56"," R$  803,21 ","0,00%","0,00%","62,07%",PLO6,"803,21"
15/06/2026,153033,KreshXP,PIXPOKER,0,0,"10,42"," R$  127,82 ","0,00%","0,00%","8,15%",PLO6,"127,82"
15/06/2026,170172,eduucoosta,PIXPOKER,0,0,"5,98"," R$  (56,17)","0,00%","0,00%","-10,65%",NLH,"-56,17"
15/06/2026,105921,verdao,PIXPOKER,0,"1,4",0," R$  12,72 ","0,00%","11,01%","0,00%",MTT,"12,72"
15/06/2026,107059,Bolinh@,PIXPOKER,"21,02",0,0," R$  (108,00)","-19,46%","0,00%","0,00%",MTT,-108
15/06/2026,109387,Bigode,PIXPOKER,0,0,0," R$  0,93 ","0,00%","0,00%","0,00%",NLH,"0,93"
15/06/2026,116601,BGX30,PIXPOKER,0,0,"0,85"," R$  (20,00)","0,00%","0,00%","-4,25%",NLH,-20
15/06/2026,117746,bocao10,PIXPOKER,0,0,0, R$  -   ,,,,NLH,0
15/06/2026,136483,Alírio,PIXPOKER,0,0,0," R$  1,11 ","0,00%","0,00%","0,00%",NLH,"1,11"
15/06/2026,139469,WKPE,PIXPOKER,"6,74",0,"1,92"," R$  (43,00)","-15,67%","0,00%","-4,47%",MTT,-43
15/06/2026,145359,pix145359JJ,PIXPOKER,"13,69",28,"1,34"," R$  (218,63)","-6,26%","-12,81%","-0,61%",PLO6,"-218,63"
15/06/2026,149147,Priscilasantos,PIXPOKER,0,0,0, R$  -   ,,,,NLH,0
15/06/2026,149604,NoBru,PIXPOKER,0,0,0, R$  -   ,,,,NLH,0
15/06/2026,154247,king81,PIXPOKER,0,"4,8",0," R$  (70,18)","0,00%","-6,84%","0,00%",NLH,"-70,18"
15/06/2026,162093,pix162093,PIXPOKER,0,0,0, R$  -   ,,,,NLH,0
15/06/2026,171772,carlos.souza,PIXPOKER,0,"2,7","4,11"," R$  (54,99)","0,00%","-4,91%","-7,47%",NLH,"-54,99"
15/06/2026,173555,pix173555,PIXPOKER,0,"1,5",0," R$  (12,10)","0,00%","-12,40%","0,00%",NLH,"-12,1"
15/06/2026,177693,pix177693,PIXPOKER,0,0,0," R$  4,41 ","0,00%","0,00%","0,00%",NLH,"4,41"
15/06/2026,177942,pix177942,PIXPOKER,0,"0,2",0," R$  0,60 ","0,00%","33,33%","0,00%",MTT,"0,6"
15/06/2026,187173,pix187173,PIXPOKER,0,"0,5","84,14"," R$  (306,00)","0,00%","-0,16%","-27,50%",NLH,-306
15/06/2026,187278,VICTOR GUERRA,PIXPOKER,"1,93","1,9",0," R$  (35,00)","-5,51%","-5,43%","0,00%",PLO6,-35
15/06/2026,190570,pix190570,PIXPOKER,0,0,0, R$  -   ,,,,NLH,0
15/06/2026,191416,Thomasl17,PIXPOKER,"2,01",0,"0,65"," R$  (22,00)","-9,14%","0,00%","-2,95%",MTT,-22
15/06/2026,192657,IgorM,PIXPOKER,0,"0,1",0," R$  (1,00)","0,00%","-10,00%","0,00%",NLH,-1
15/06/2026,193366,pix193366,PIXPOKER,0,"0,4",0," R$  (2,33)","0,00%","-17,17%","0,00%",NLH,"-2,33"
15/06/2026,194472,Micha fold,PIXPOKER,0,0,0, R$  -   ,,,,NLH,0
15/06/2026,194735,Ivan gráfica pai,PIXPOKER,0,"1,3",0," R$  (11,67)","0,00%","-11,14%","0,00%",NLH,"-11,67"
15/06/2026,193970,Alvinx1,PIXPOKER,0,"113,6",0," R$  (615,69)","0,00%","-18,45%","0,00%",NLH,"-615,69"
15/06/2026,112160,Njr034,PIXPOKER,0,0,"22,59"," R$  (18,00)","0,00%","0,00%","-125,50%",NLH,-18
15/06/2026,116648,viltonsales,PIXPOKER,0,0,"117,38"," R$  (568,00)","0,00%","0,00%","-20,67%",NLH,-568
15/06/2026,143543,Amorica do vrau,PIXPOKER,"0,29","0,2","0,93"," R$  (9,93)","-2,92%","-2,01%","-9,37%",MTT,"-9,93"
15/06/2026,146392,pix146392,PIXPOKER,"3,5",4,"802,02"," R$  (2.689,00)","-0,13%","-0,15%","-29,83%",NLH,-2689
15/06/2026,147799,sabonete22,PIXPOKER,0,0,"297,99"," R$  (1.116,00)","0,00%","0,00%","-26,70%",NLH,-1116
15/06/2026,151375,Jamal,PIXPOKER,"6,71",0,"122,06"," R$  (305,00)","-2,20%","0,00%","-40,02%",MTT,-305
15/06/2026,159775,CarrimPorTras,PIXPOKER,0,"2,5","49,43"," R$  39,00 ","0,00%","6,41%","126,74%",PLO6,39
15/06/2026,160003,Ioribr (777),PIXPOKER,0,0,"5,6"," R$  (35,00)","0,00%","0,00%","-16,00%",NLH,-35
15/06/2026,171706,gukm,PIXPOKER,0,0,"73,76"," R$  (393,91)","0,00%","0,00%","-18,73%",NLH,"-393,91"
15/06/2026,190835,Velhote,PIXPOKER,0,"8,86","34,79"," R$  (119,47)","0,00%","-7,42%","-29,12%",NLH,"-119,47"
15/06/2026,100389,dorminhoco,PIXPOKER,0,"0,1",0," R$  (1,00)","0,00%","-10,00%","0,00%",NLH,-1
15/06/2026,101374,bea19M,PIXPOKER,0,"0,3",0," R$  5,63 ","0,00%","5,33%","0,00%",MTT,"5,63"
15/06/2026,157667,pix157667,PIXPOKER,"2,03",14,0," R$  42,60 ","4,77%","32,86%","0,00%",MTT,"42,6"
15/06/2026,190726,Spikeeee,PIXPOKER,0,"42,1","42,7"," R$  (445,27)","0,00%","-9,45%","-9,59%",NLH,"-445,27"
15/06/2026,193890,pix193890,PIXPOKER,"0,89","1,4","0,54"," R$  (19,27)","-4,62%","-7,27%","-2,80%",PLO6,"-19,27"
15/06/2026,194497,Hungria,PIXPOKER,"82,31","13,6","0,74"," R$  (112,00)","-73,49%","-12,14%","-0,66%",PLO6,-112
15/06/2026,152468,CADUMCC,PIXPOKER,"2,21","17,15",0," R$  (192,00)","-1,15%","-8,93%","0,00%",PLO6,-192
15/06/2026,174847,Nem fudendo,PIXPOKER,0,0,"5,29"," R$  (100,00)","0,00%","0,00%","-5,29%",NLH,-100
15/06/2026,186146,adriel,PIXPOKER,0,0,"82,27"," R$  43,00 ","0,00%","0,00%","191,33%",PLO6,43
15/06/2026,128079,italoko,PIXPOKER,0,0,"246,03"," R$  (1.050,38)","0,00%","0,00%","-23,42%",NLH,"-1050,38"
15/06/2026,145086,Dani,PIXPOKER,0,3,0," R$  (30,00)","0,00%","-10,00%","0,00%",NLH,-30
15/06/2026,152397,RRMcg,PIXPOKER,0,1,0," R$  (10,00)","0,00%","-10,00%","0,00%",NLH,-10
15/06/2026,189235,pix189235,PIXPOKER,0,"39,6",0," R$  (308,05)","0,00%","-12,86%","0,00%",NLH,"-308,05"
15/06/2026,137098,PMSC,PIXPOKER,0,4,"425,12"," R$  445,27 ","0,00%","0,90%","95,47%",PLO6,"445,27"
15/06/2026,186464,bebeto e romario,PIXPOKER,0,0,"85,4"," R$  519,61 ","0,00%","0,00%","16,44%",PLO6,"519,61"
15/06/2026,149021,ANTONOW,PIXPOKER,0,0,"85,17"," R$  (990,00)","0,00%","0,00%","-8,60%",NLH,-990
15/06/2026,100234,Pacauu,PIXPOKER,"0,2",4,0," R$  8,23 ","2,43%","48,60%","0,00%",MTT,"8,23"
15/06/2026,127799,W P S,PIXPOKER,"2,64",0,0," R$  16,11 ","16,39%","0,00%","0,00%",NLH,"16,11"
15/06/2026,158734,escaledita,PIXPOKER,"1,93","1,1",0," R$  (10,00)","-19,30%","-11,00%","0,00%",PLO6,-10
15/06/2026,164108,IramBODVEI,PIXPOKER,"11,71",0,0," R$  (60,00)","-19,52%","0,00%","0,00%",MTT,-60
15/06/2026,131761,Limpaibestao,PIXPOKER,0,17,0," R$  53,28 ","0,00%","31,91%","0,00%",MTT,"53,28"
15/06/2026,158730,RenAAnsa,PIXPOKER,0,10,0," R$  (100,00)","0,00%","-10,00%","0,00%",NLH,-100
15/06/2026,160141,Piaca2024,PIXPOKER,0,20,0," R$  (200,00)","0,00%","-10,00%","0,00%",NLH,-200
15/06/2026,176306,HLDR,PIXPOKER,0,50,"10,5"," R$  (625,00)","0,00%","-8,00%","-1,68%",NLH,-625
15/06/2026,155269,ghhz97,PIXPOKER,0,"11,2",0," R$  (112,00)","0,00%","-10,00%","0,00%",NLH,-112
15/06/2026,188115,RivaxL,PIXPOKER,0,5,0, R$  -   ,,,,NLH,0
15/06/2026,109291,shampooo,PIXPOKER,0,"5,4",0," R$  (54,00)","0,00%","-10,00%","0,00%",NLH,-54
15/06/2026,155550,aceitaumcha,PIXPOKER,0,"1,6",0," R$  (16,00)","0,00%","-10,00%","0,00%",NLH,-16
15/06/2026,179691,Bielvn,PIXPOKER,0,"1,6",0," R$  (16,00)","0,00%","-10,00%","0,00%",NLH,-16
15/06/2026,193402,porKoloKo,PIXPOKER,0,2,0," R$  (20,00)","0,00%","-10,00%","0,00%",NLH,-20
15/06/2026,194401,ColdCall,PIXPOKER,"15,7","3,2",0," R$  (77,00)","-20,39%","-4,16%","0,00%",PLO6,-77
15/06/2026,104697,gb__,PIXPOKER,0,"0,6",0," R$  (6,00)","0,00%","-10,00%","0,00%",NLH,-6
15/06/2026,149960,11678,PIXPOKER,0,0,"14208,86"," R$  (26.438,27)","0,00%","0,00%","-53,74%",NLH,"-26438,27"
15/06/2026,108144,Tudão Ap,PIXPOKER,0,0,"21,5"," R$  (114,00)","0,00%","0,00%","-18,86%",NLH,-114
15/06/2026,123060,Dayak,PIXPOKER,0,0,"13,88"," R$  (249,45)","0,00%","0,00%","-5,56%",NLH,"-249,45"
15/06/2026,189502,kid poker AA,PIXPOKER,"15,62",0,"283,14"," R$  (30,00)","-52,07%","0,00%","-943,80%",MTT,-30
15/06/2026,112234,AMSFOGO,PIXPOKER,"4,21",0,"0,61"," R$  (36,00)","-11,69%","0,00%","-1,69%",MTT,-36
15/06/2026,147415,ceezar,PIXPOKER,0,0,"9,27"," R$  (107,14)","0,00%","0,00%","-8,65%",NLH,"-107,14"
15/06/2026,120875,odonodogame,PIXPOKER,0,"0,1",0," R$  (1,00)","0,00%","-10,00%","0,00%",NLH,-1
15/06/2026,127748,pytter.parke,PIXPOKER,0,0,"82,03"," R$  (152,00)","0,00%","0,00%","-53,97%",NLH,-152
15/06/2026,157703,2127,PIXPOKER,0,0,"90,07"," R$  (430,00)","0,00%","0,00%","-20,95%",NLH,-430
15/06/2026,158399,ldcostta,PIXPOKER,"16,1",0,"49,86"," R$  (323,24)","-4,98%","0,00%","-15,43%",MTT,"-323,24"
15/06/2026,183808,LaCasita,PIXPOKER,0,0,"26,88"," R$  (200,00)","0,00%","0,00%","-13,44%",NLH,-200
15/06/2026,112088,Eu!!,PIXPOKER,"0,54",0,"0,83"," R$  (10,00)","-5,40%","0,00%","-8,30%",MTT,-10
15/06/2026,159197,zuzu,PIXPOKER,0,"17,4",0," R$  78,92 ","0,00%","22,05%","0,00%",MTT,"78,92"
15/06/2026,160289,jimmysdi,PIXPOKER,0,7,0," R$  (13,26)","0,00%","-52,79%","0,00%",NLH,"-13,26"
15/06/2026,173790,Eraldo,PIXPOKER,0,"3,5",0," R$  (85,00)","0,00%","-4,12%","0,00%",NLH,-85
15/06/2026,189226,Italokeppe,PIXPOKER,"7,32","48,55",0," R$  183,79 ","3,98%","26,42%","0,00%",MTT,"183,79"
15/06/2026,191631,CAIXA-BAIXA,PIXPOKER,0,"27,75","55,36"," R$  1.609,53 ","0,00%","1,72%","3,44%",PLO6,"1609,53"
15/06/2026,111233,khhk,PIXPOKER,0,0,"128,03"," R$  (540,00)","0,00%","0,00%","-23,71%",NLH,-540
15/06/2026,112533,xLove,PIXPOKER,0,"0,2","5,44"," R$  (48,00)","0,00%","-0,42%","-11,33%",NLH,-48
15/06/2026,119970,X2KK,PIXPOKER,0,"17,4","125,4"," R$  (762,00)","0,00%","-2,28%","-16,46%",NLH,-762
15/06/2026,135262,F3lp1s,PIXPOKER,"0,04","3,5","49,96"," R$  (313,00)","-0,01%","-1,12%","-15,96%",NLH,-313
15/06/2026,142359,breninmvp,PIXPOKER,0,0,"13,93"," R$  (118,00)","0,00%","0,00%","-11,81%",NLH,-118
15/06/2026,146599,pix146599,PIXPOKER,0,0,"353,27"," R$  928,31 ","0,00%","0,00%","38,06%",PLO6,"928,31"
15/06/2026,149244,vem bambo não,PIXPOKER,0,0,"48,67"," R$  (57,00)","0,00%","0,00%","-85,39%",NLH,-57
15/06/2026,152039,BrOLy,PIXPOKER,0,0,"14,92"," R$  (40,00)","0,00%","0,00%","-37,30%",NLH,-40
15/06/2026,153031,RUGAL0800,PIXPOKER,"0,34","44,6","8,97"," R$  (524,93)","-0,06%","-8,50%","-1,71%",NLH,"-524,93"
15/06/2026,157729,Mucurex ?,PIXPOKER,0,0,"122,68"," R$  225,39 ","0,00%","0,00%","54,43%",PLO6,"225,39"
15/06/2026,157737,raule de mel,PIXPOKER,0,0,"56,68"," R$  111,00 ","0,00%","0,00%","51,06%",PLO6,111
15/06/2026,159669,mainardi,PIXPOKER,"15,56",0,"353,45"," R$  (440,00)","-3,54%","0,00%","-80,33%",MTT,-440
15/06/2026,162893,Geladeira ?,PIXPOKER,"97,91","1,2","109,6"," R$  (149,89)","-65,32%","-0,80%","-73,12%",MTT,"-149,89"
15/06/2026,173441,Pão??,PIXPOKER,0,0,"3,71"," R$  (20,00)","0,00%","0,00%","-18,55%",NLH,-20
15/06/2026,174208,Negot,PIXPOKER,"1,74",0,"24,69"," R$  66,00 ","2,64%","0,00%","37,41%",PLO6,66
15/06/2026,175529,Leozim,PIXPOKER,0,0,"69,44"," R$  (346,00)","0,00%","0,00%","-20,07%",NLH,-346
15/06/2026,179590,lucas082,PIXPOKER,0,"0,5","50,64"," R$  (146,00)","0,00%","-0,34%","-34,68%",NLH,-146
15/06/2026,189011,pix189011,PIXPOKER,0,0,"6,77"," R$  (60,00)","0,00%","0,00%","-11,28%",NLH,-60
15/06/2026,100221,El Magron,PIXPOKER,0,"0,1",0," R$  (1,00)","0,00%","-10,00%","0,00%",NLH,-1
15/06/2026,100323,Foresths,PIXPOKER,0,0,0, R$  -   ,,,,NLH,0
15/06/2026,100576,Vitornspb,PIXPOKER,"0,57",0,0," R$  (4,94)","-11,54%","0,00%","0,00%",MTT,"-4,94"
15/06/2026,105339,Xiduzera,PIXPOKER,0,0,0, R$  -   ,,,,NLH,0
15/06/2026,106910,alexmast223,PIXPOKER,0,0,0," R$  2,83 ","0,00%","0,00%","0,00%",NLH,"2,83"
15/06/2026,109744,Paulão do flop,PIXPOKER,0,"0,1","3,78"," R$  (2,93)","0,00%","-3,41%","-129,01%",NLH,"-2,93"
15/06/2026,116140,Márcio Lins,PIXPOKER,"0,61","2,6",0," R$  (35,00)","-1,74%","-7,43%","0,00%",PLO6,-35
15/06/2026,120987,Ricardo420,PIXPOKER,0,0,0, R$  -   ,,,,NLH,0
15/06/2026,140263,Deivão,PIXPOKER,0,0,0, R$  -   ,,,,NLH,0
15/06/2026,159054,malfoy,PIXPOKER,"0,63",0,"16,76"," R$  74,43 ","0,85%","0,00%","22,52%",PLO6,"74,43"
15/06/2026,163863,kayblack,PIXPOKER,0,0,0, R$  -   ,,,,NLH,0
15/06/2026,165419,pix165419,PIXPOKER,"3,13",0,"25,86"," R$  (131,67)","-2,38%","0,00%","-19,64%",MTT,"-131,67"
15/06/2026,171589,kuskusiiiis,PIXPOKER,0,0,0, R$  -   ,,,,NLH,0
15/06/2026,173580,bitulety,PIXPOKER,"0,96","3,5",0," R$  (47,24)","-2,03%","-7,41%","0,00%",PLO6,"-47,24"
15/06/2026,175842,arthuzinho,PIXPOKER,"0,3",2,0," R$  (23,52)","-1,28%","-8,50%","0,00%",PLO6,"-23,52"
15/06/2026,176326,Ragnarok_176326,PIXPOKER,0,0,0," R$  1,05 ","0,00%","0,00%","0,00%",NLH,"1,05"
15/06/2026,187787,Alan99,PIXPOKER,0,"0,4",0," R$  (4,00)","0,00%","-10,00%","0,00%",NLH,-4
15/06/2026,188429,Flaviopoker77kg,PIXPOKER,"1,72",0,"0,16"," R$  (18,00)","-9,56%","0,00%","-0,89%",MTT,-18
15/06/2026,188674,Mancuso,PIXPOKER,0,0,0," R$  0,84 ","0,00%","0,00%","0,00%",NLH,"0,84"
15/06/2026,189220,boasorte,PIXPOKER,0,0,0, R$  -   ,,,,NLH,0
15/06/2026,191359,coldpaul,PIXPOKER,0,"0,1",0," R$  0,27 ","0,00%","37,04%","0,00%",MTT,"0,27"
15/06/2026,193356,pix193356,PIXPOKER,0,0,0, R$  -   ,,,,NLH,0
15/06/2026,193357,Negralha31,PIXPOKER,0,0,0, R$  -   ,,,,NLH,0
15/06/2026,193731,iangabriel,PIXPOKER,"3,25","2,5","33,16"," R$  (297,29)","-1,09%","-0,84%","-11,15%",MTT,"-297,29"
15/06/2026,193889,torres00,PIXPOKER,0,0,0, R$  -   ,,,,NLH,0
15/06/2026,193979,pix193979,PIXPOKER,0,0,0, R$  -   ,,,,NLH,0
15/06/2026,195176,pix195176,PIXPOKER,0,0,0, R$  -   ,,,,NLH,0
15/06/2026,190094,pix190094,PIXPOKER,"58,46",0,0," R$  3,61 ","1619,39%","0,00%","0,00%",NLH,"3,61"
15/06/2026,116085,thief,PIXPOKER,0,0,"7,31"," R$  (100,00)","0,00%","0,00%","-7,31%",NLH,-100
15/06/2026,153998,pix153998,PIXPOKER,0,0,"10,88"," R$  (151,00)","0,00%","0,00%","-7,21%",NLH,-151
15/06/2026,175860,Sussegado,PIXPOKER,0,"0,3",0," R$  (3,00)","0,00%","-10,00%","0,00%",NLH,-3
15/06/2026,100544,Amarildo Junior,PIXPOKER,0,0,0," R$  1,05 ","0,00%","0,00%","0,00%",NLH,"1,05"
15/06/2026,100616,ferrado,PIXPOKER,0,0,0, R$  -   ,,,,NLH,0
15/06/2026,107011,ABS99,PIXPOKER,"1,45","0,5","9,87"," R$  (80,66)","-1,80%","-0,62%","-12,24%",MTT,"-80,66"
15/06/2026,113348,Pedro Otávio,PIXPOKER,"9,12",0,"0,84"," R$  (38,00)","-24,00%","0,00%","-2,21%",MTT,-38
15/06/2026,144990,pix144990,PIXPOKER,0,0,0, R$  -   ,,,,NLH,0
15/06/2026,167549,pix167549,PIXPOKER,0,"0,3",0," R$  (0,96)","0,00%","-31,25%","0,00%",NLH,"-0,96"
15/06/2026,172242,Mike Wazowski,PIXPOKER,0,0,0," R$  2,76 ","0,00%","0,00%","0,00%",NLH,"2,76"
15/06/2026,187132,ninguém,PIXPOKER,"0,09",0,0," R$  3,40 ","2,65%","0,00%","0,00%",NLH,"3,4"
15/06/2026,191547,pix191547,PIXPOKER,0,0,0, R$  -   ,,,,NLH,0
15/06/2026,193238,ALEMÃO??,PIXPOKER,"1,56","0,1",0, R$  -   ,,,,NLH,0
15/06/2026,193240,pix193240,PIXPOKER,0,0,0, R$  -   ,,,,NLH,0
15/06/2026,101162,Messi10?,PIXPOKER,0,0,"221,13"," R$  (366,90)","0,00%","0,00%","-60,27%",NLH,"-366,9"
15/06/2026,101715,pix101715,PIXPOKER,0,0,"81,79"," R$  (27,00)","0,00%","0,00%","-302,93%",NLH,-27
15/06/2026,133713,Thekid,PIXPOKER,0,25,"1235,15"," R$  (3.399,93)","0,00%","-0,74%","-36,33%",NLH,"-3399,93"
15/06/2026,136352,DonaMaria,PIXPOKER,0,"31,4","360,24"," R$  1.138,14 ","0,00%","2,76%","31,65%",PLO6,"1138,14"
15/06/2026,140135,lukinhas05,PIXPOKER,0,0,"5,78", R$  -   ,,,,NLH,0
15/06/2026,151750,pix151750,PIXPOKER,0,0,"7,23"," R$  (100,00)","0,00%","0,00%","-7,23%",NLH,-100
15/06/2026,122502,thocu,PIXPOKER,0,0,"83,87"," R$  (320,00)","0,00%","0,00%","-26,21%",NLH,-320
15/06/2026,138540,papinha,PIXPOKER,0,0,"101,13"," R$  162,00 ","0,00%","0,00%","62,43%",PLO6,162
15/06/2026,144439,jhtissimo30,PIXPOKER,"61,83",0,"74,38"," R$  (284,00)","-21,77%","0,00%","-26,19%",MTT,-284
15/06/2026,107805,chuck62,PIXPOKER,0,0,"85,04"," R$  225,07 ","0,00%","0,00%","37,78%",PLO6,"225,07"
15/06/2026,145490,Gabriel Brayner,PIXPOKER,0,0,"165,46"," R$  (1.705,34)","0,00%","0,00%","-9,70%",NLH,"-1705,34"
15/06/2026,147410,Pirata,PIXPOKER,0,0,"202,28"," R$  (1.040,09)","0,00%","0,00%","-19,45%",NLH,"-1040,09"
15/06/2026,171491,pix171491,PIXPOKER,0,0,"170,52"," R$  (431,48)","0,00%","0,00%","-39,52%",NLH,"-431,48"
15/06/2026,101305,MAGON2.0,PIXPOKER,"0,14",0,"3,89"," R$  (29,00)","-0,48%","0,00%","-13,41%",MTT,-29
15/06/2026,143580,Avanti Palestra,PIXPOKER,0,0,"58,08"," R$  100,00 ","0,00%","0,00%","58,08%",PLO6,100
15/06/2026,156357,edadlam,PIXPOKER,0,0,"96,27"," R$  47,00 ","0,00%","0,00%","204,83%",PLO6,47
15/06/2026,158537,??fé no flop,PIXPOKER,0,0,"3,81"," R$  (45,00)","0,00%","0,00%","-8,47%",NLH,-45
15/06/2026,159500,pit jara,PIXPOKER,"0,6",0,"0,01"," R$  (9,00)","-6,67%","0,00%","-0,11%",MTT,-9
15/06/2026,178675,LEODEDIN,PIXPOKER,0,0,"2,54"," R$  (30,00)","0,00%","0,00%","-8,47%",NLH,-30
15/06/2026,194592,papilim,PIXPOKER,"0,09",0,"9,17"," R$  96,00 ","0,09%","0,00%","9,55%",PLO6,96
15/06/2026,105456,GabrielPRC,PIXPOKER,0,0,"3,17"," R$  (100,00)","0,00%","0,00%","-3,17%",NLH,-100
15/06/2026,155081,Bradesco $@,PIXPOKER,"12,58","28,9","24,22"," R$  (245,00)","-5,13%","-11,80%","-9,89%",NLH,-245
15/06/2026,158143,tudo35,PIXPOKER,0,"2,2","44,65"," R$  180,00 ","0,00%","1,22%","24,81%",PLO6,180
15/06/2026,109887,cucuriti,PIXPOKER,0,0,"19,75"," R$  (85,00)","0,00%","0,00%","-23,24%",NLH,-85
15/06/2026,119281,Juliocfh,PIXPOKER,0,0,"3,06"," R$  (65,00)","0,00%","0,00%","-4,71%",NLH,-65
15/06/2026,155367,pix155367,PIXPOKER,0,0,"243,06"," R$  (647,08)","0,00%","0,00%","-37,56%",NLH,"-647,08"
15/06/2026,116936,clenilson,PIXPOKER,"18,99",0,0," R$  (147,39)","-12,88%","0,00%","0,00%",MTT,"-147,39"
15/06/2026,121494,apicemotel01,PIXPOKER,"36,65","10,5","320,93"," R$  (1.522,95)","-2,41%","-0,69%","-21,07%",MTT,"-1522,95"
15/06/2026,163235,Jumenta preta ?,PIXPOKER,"8,19","5,6",0," R$  35,63 ","22,99%","15,72%","0,00%",NLH,"35,63"
15/06/2026,166608,TUDO DO TZ,PIXPOKER,"6,76",0,0," R$  (50,00)","-13,52%","0,00%","0,00%",MTT,-50
15/06/2026,179849,Marreta Show,PIXPOKER,"113,72",0,0," R$  (151,28)","-75,17%","0,00%","0,00%",MTT,"-151,28"
15/06/2026,190372,Naécio10,PIXPOKER,"10,65",1,"2,44"," R$  (7,00)","-152,14%","-14,29%","-34,86%",MTT,-7
15/06/2026,194244,PH Goiano,PIXPOKER,"11,55",0,0," R$  48,76 ","23,69%","0,00%","0,00%",NLH,"48,76"
15/06/2026,109150,vitinpe,PIXPOKER,0,"10,5","106,9"," R$  790,36 ","0,00%","1,33%","13,53%",PLO6,"790,36"
15/06/2026,194188,EliminadordeDonk,PIXPOKER,"1,49","15,7",0," R$  (58,64)","-2,54%","-26,77%","0,00%",PLO6,"-58,64"
15/06/2026,190078,MauroKK,PIXPOKER,0,0,"788,83"," R$  (1.339,46)","0,00%","0,00%","-58,89%",NLH,"-1339,46"
15/06/2026,146086,roberto all in,PIXPOKER,"1,06",0,"4,55"," R$  (121,57)","-0,87%","0,00%","-3,74%",MTT,"-121,57"
15/06/2026,193306,Galego da Forra,PIXPOKER,0,0,"41,56"," R$  (551,00)","0,00%","0,00%","-7,54%",NLH,-551
15/06/2026,152239,T.H.,PIXPOKER,"0,95",0,0," R$  (15,00)","-6,33%","0,00%","0,00%",MTT,-15
15/06/2026,141288,g777,PIXPOKER,"11,08","13,3","42,04"," R$  416,40 ","2,66%","3,19%","10,10%",PLO6,"416,4"
15/06/2026,157948,DonnieDarko17,PIXPOKER,"0,02","1,3","30,49"," R$  168,32 ","0,01%","0,77%","18,11%",PLO6,"168,32"
15/06/2026,181102,pix181102,PIXPOKER,0,0,"2,31"," R$  (15,89)","0,00%","0,00%","-14,54%",NLH,"-15,89"
15/06/2026,133117,daso AA,PIXPOKER,0,0,"113,63"," R$  (49,39)","0,00%","0,00%","-230,07%",NLH,"-49,39"
15/06/2026,175068,Urubudupix,PIXPOKER,"0,76",0,0," R$  (8,98)","-8,46%","0,00%","0,00%",MTT,"-8,98"
15/06/2026,165073,pix165073,PIXPOKER,0,0,"1,64"," R$  (20,00)","0,00%","0,00%","-8,20%",NLH,-20
15/06/2026,108417,Cariri,PIXPOKER,"15,36","43,2",0," R$  (338,75)","-4,53%","-12,75%","0,00%",PLO6,"-338,75"
15/06/2026,194166,Daniboy,PIXPOKER,"124,05",0,0," R$  (401,37)","-30,91%","0,00%","0,00%",MTT,"-401,37"
15/06/2026,149187,Kingx7,PIXPOKER,0,0,"0,45"," R$  (6,00)","0,00%","0,00%","-7,50%",NLH,-6
15/06/2026,135144,gabriel glerean,PIXPOKER,0,"2,6",0," R$  (26,00)","0,00%","-10,00%","0,00%",NLH,-26
15/06/2026,151377,Coisaruim,PIXPOKER,0,0,0, R$  -   ,,,,NLH,0
15/06/2026,152604,Chib4ta,PIXPOKER,0,0,0," R$  9,50 ","0,00%","0,00%","0,00%",NLH,"9,5"
15/06/2026,155242,Allon ?,PIXPOKER,0,0,0," R$  1,05 ","0,00%","0,00%","0,00%",NLH,"1,05"
15/06/2026,173021,pix173021,PIXPOKER,0,0,0, R$  -   ,,,,NLH,0
15/06/2026,180210,pix180210,PIXPOKER,0,0,0, R$  -   ,,,,NLH,0
15/06/2026,181845,pix181845,PIXPOKER,0,0,0, R$  -   ,,,,NLH,0
15/06/2026,183471,pix183471,PIXPOKER,0,0,0," R$  0,40 ","0,00%","0,00%","0,00%",NLH,"0,4"
15/06/2026,183952,behavio13,PIXPOKER,0,0,0," R$  1,46 ","0,00%","0,00%","0,00%",NLH,"1,46"
15/06/2026,129538,LucGoncalves,PIXPOKER,"6,64",0,0," R$  (15,00)","-44,27%","0,00%","0,00%",MTT,-15
15/06/2026,173268,nacton silvq,PIXPOKER,"10,13",0,0," R$  (51,96)","-19,50%","0,00%","0,00%",MTT,"-51,96"
15/06/2026,119847,ttAk,PIXPOKER,"1,36","19,1","64,95"," R$  (324,00)","-0,42%","-5,90%","-20,05%",NLH,-324
15/06/2026,180184,ROLUDU,PIXPOKER,0,0,"6,38"," R$  (84,22)","0,00%","0,00%","-7,58%",NLH,"-84,22"
15/06/2026,158902,minhocauhaha,PIXPOKER,0,3,0," R$  (30,00)","0,00%","-10,00%","0,00%",NLH,-30
15/06/2026,149427,JJsparrow,PIXPOKER,0,0,"10,3"," R$  (67,00)","0,00%","0,00%","-15,37%",NLH,-67
15/06/2026,144291,d. negreano,PIXPOKER,"0,36",0,"66,1"," R$  377,92 ","0,10%","0,00%","17,49%",PLO6,"377,92"
15/06/2026,152480,gbsampaio,PIXPOKER,0,0,"71,72"," R$  (341,58)","0,00%","0,00%","-21,00%",NLH,"-341,58"
15/06/2026,108683,Rei das Bruxas,PIXPOKER,0,3,0," R$  (30,00)","0,00%","-10,00%","0,00%",NLH,-30
15/06/2026,157960,Glorioso,PIXPOKER,0,"4,6",0," R$  (46,00)","0,00%","-10,00%","0,00%",NLH,-46
15/06/2026,188457,@Vinicius Lacerda,PIXPOKER,0,"120,4",0," R$  564,27 ","0,00%","21,34%","0,00%",MTT,"564,27"
15/06/2026,125022,pix125022,PIXPOKER,"6,12",0,"196,32"," R$  537,02 ","1,14%","0,00%","36,56%",PLO6,"537,02"
15/06/2026,148637,wesley ff,PIXPOKER,0,0,"63,21"," R$  (200,00)","0,00%","0,00%","-31,61%",NLH,-200
15/06/2026,191081,Olbis,PIXPOKER,0,2,0," R$  (20,00)","0,00%","-10,00%","0,00%",NLH,-20
15/06/2026,115700,pix115700,PIXPOKER,"1,57",14,"38,42"," R$  (586,44)","-0,27%","-2,39%","-6,55%",NLH,"-586,44"
15/06/2026,132763,129131,PIXPOKER,0,"148,5",45," R$  (866,00)","0,00%","-17,15%","-5,20%",NLH,-866
15/06/2026,195237,pix195237,PIXPOKER,"6,81",10,0," R$  42,50 ","16,02%","23,53%","0,00%",MTT,"42,5"
15/06/2026,176070,ªLL-YÏññ17º,PIXPOKER,"6,8",0,0," R$  55,00 ","12,36%","0,00%","0,00%",NLH,55
15/06/2026,153018,Madara??,PIXPOKER,0,"0,8","22,08"," R$  (58,00)","0,00%","-1,38%","-38,07%",NLH,-58
15/06/2026,160844,Willian Yabiku,PIXPOKER,0,"5,5",0," R$  (55,00)","0,00%","-10,00%","0,00%",NLH,-55
15/06/2026,180680,pix180680,PIXPOKER,0,"1,5",0," R$  (15,00)","0,00%","-10,00%","0,00%",NLH,-15
15/06/2026,188505,crazygambler,PIXPOKER,0,11,0," R$  (110,00)","0,00%","-10,00%","0,00%",NLH,-110
15/06/2026,101186,pix101186,PIXPOKER,0,0,0, R$  -   ,,,,NLH,0
15/06/2026,106309,AcademiaDePoker,PIXPOKER,0,0,0, R$  -   ,,,,NLH,0
15/06/2026,118893,eujhon,PIXPOKER,0,0,0, R$  -   ,,,,NLH,0
15/06/2026,155175,LyncolnK2,PIXPOKER,0,0,0, R$  -   ,,,,NLH,0
15/06/2026,158945,Smiken,PIXPOKER,0,"0,4",0," R$  (4,00)","0,00%","-10,00%","0,00%",NLH,-4
15/06/2026,168156,JhonBad,PIXPOKER,0,"21,5","0,89"," R$  (219,03)","0,00%","-9,82%","-0,41%",NLH,"-219,03"
15/06/2026,172054,kevenbrs,PIXPOKER,0,0,0, R$  -   ,,,,NLH,0
15/06/2026,172347,luccaspw,PIXPOKER,0,0,"53,6"," R$  (600,00)","0,00%","0,00%","-8,93%",NLH,-600
15/06/2026,178968,pix178968,PIXPOKER,0,"0,1",0," R$  (1,00)","0,00%","-10,00%","0,00%",NLH,-1
15/06/2026,180584,lagarto171,PIXPOKER,0,0,0, R$  -   ,,,,NLH,0
15/06/2026,189425,NeutrófiloX,PIXPOKER,"1,41","0,5",0," R$  (3,00)","-47,00%","-16,67%","0,00%",PLO6,-3
15/06/2026,189877,cauemororo,PIXPOKER,0,0,0, R$  -   ,,,,NLH,0
15/06/2026,192041,pix192041,PIXPOKER,0,0,0," R$  0,93 ","0,00%","0,00%","0,00%",NLH,"0,93"
15/06/2026,193840,sougg,PIXPOKER,0,0,0, R$  -   ,,,,NLH,0
15/06/2026,110378,McLovin,PIXPOKER,"2,04",1,0," R$  34,58 ","5,90%","2,89%","0,00%",NLH,"34,58"
15/06/2026,187443,CaioJr14,PIXPOKER,"4,35",0,0," R$  (15,00)","-29,00%","0,00%","0,00%",MTT,-15
15/06/2026,139869,Cachoeira,PIXPOKER,0,"2,5",0," R$  (25,00)","0,00%","-10,00%","0,00%",NLH,-25
15/06/2026,102618,Alony,PIXPOKER,0,0,"15,7"," R$  (40,00)","0,00%","0,00%","-39,25%",NLH,-40
15/06/2026,101338,KKraj_,PIXPOKER,0,0,0, R$  -   ,,,,NLH,0
15/06/2026,191271,Anthony Jonsson,PIXPOKER,0,0,0, R$  -   ,,,,NLH,0
15/06/2026,195241,stoex77,PIXPOKER,0,"0,1",0," R$  (1,00)","0,00%","-10,00%","0,00%",NLH,-1
15/06/2026,156515,Miquelangela,PIXPOKER,"6,45",0,"280,96"," R$  111,22 ","5,80%","0,00%","252,62%",PLO6,"111,22"
15/06/2026,167974,Cajueiro12,PIXPOKER,0,0,"1,32"," R$  (30,00)","0,00%","0,00%","-4,40%",NLH,-30
15/06/2026,195351,show10,PIXPOKER,0,0,"54,1"," R$  (77,00)","0,00%","0,00%","-70,26%",NLH,-77
15/06/2026,126452,Brunov86,PIXPOKER,"0,85",0,"0,57"," R$  (20,00)","-4,25%","0,00%","-2,85%",MTT,-20
15/06/2026,172629,pix172629,PIXPOKER,"134,96",0,"0,56"," R$  (275,65)","-48,96%","0,00%","-0,20%",MTT,"-275,65"
15/06/2026,107241,Tibau,PIXPOKER,0,0,"63,67"," R$  (920,00)","0,00%","0,00%","-6,92%",NLH,-920
15/06/2026,189205,fazer 1000,PIXPOKER,0,0,"141,34"," R$  (1.560,00)","0,00%","0,00%","-9,06%",NLH,-1560
15/06/2026,147059,GBC.10,PIXPOKER,"3,74","16,8","317,56"," R$  1.927,62 ","0,19%","0,87%","16,47%",PLO6,"1927,62"
15/06/2026,157908,PIPAPAPARAPA,PIXPOKER,"0,17",0,"173,54"," R$  (599,16)","-0,03%","0,00%","-28,96%",MTT,"-599,16"
15/06/2026,138930,Ljr?,PIXPOKER,0,1,"203,42"," R$  (999,79)","0,00%","-0,10%","-20,35%",NLH,"-999,79"
15/06/2026,133097,URACAN,PIXPOKER,"10,46",0,0," R$  (79,27)","-13,20%","0,00%","0,00%",MTT,"-79,27"
15/06/2026,151756,Mw81,PIXPOKER,0,"14,4",0," R$  (144,00)","0,00%","-10,00%","0,00%",NLH,-144
15/06/2026,101748,Rafinhachulapa,PIXPOKER,0,0,"6,56"," R$  (80,00)","0,00%","0,00%","-8,20%",NLH,-80
15/06/2026,178437,loucojoker777?,PIXPOKER,0,10,"25,11"," R$  (296,00)","0,00%","-3,38%","-8,48%",NLH,-296
15/06/2026,102331,Nelson,PIXPOKER,"2,43",0,"9,43"," R$  (20,02)","-12,14%","0,00%","-47,10%",MTT,"-20,02"
15/06/2026,108030,Pitbull Enraivado,PIXPOKER,"3,16","20,4","168,29"," R$  (456,52)","-0,69%","-4,47%","-36,86%",NLH,"-456,52"
15/06/2026,120746,toctoc,PIXPOKER,"0,07",0,"13,29"," R$  (154,95)","-0,05%","0,00%","-8,58%",MTT,"-154,95"
15/06/2026,149625,vanigor,PIXPOKER,"2,03",0,0," R$  (33,80)","-6,01%","0,00%","0,00%",MTT,"-33,8"
15/06/2026,152555,BossRico,PIXPOKER,"0,63",0,0," R$  (24,00)","-2,63%","0,00%","0,00%",MTT,-24
15/06/2026,176930,Lucas_padim,PIXPOKER,"3,81",0,0," R$  (24,00)","-15,88%","0,00%","0,00%",MTT,-24
15/06/2026,181768,RaVi999,PIXPOKER,"12,05",0,0," R$  11,50 ","104,78%","0,00%","0,00%",NLH,"11,5"
15/06/2026,171251,jhony@,PIXPOKER,"3,34",0,"58,63"," R$  (245,92)","-1,36%","0,00%","-23,84%",MTT,"-245,92"
15/06/2026,100384,AAgoniado,PIXPOKER,0,0,"3,07"," R$  (24,62)","0,00%","0,00%","-12,47%",NLH,"-24,62"
15/06/2026,120111,pix120111,PIXPOKER,0,0,"1,09"," R$  (20,00)","0,00%","0,00%","-5,45%",NLH,-20
15/06/2026,140832,VICIADA,PIXPOKER,0,3,"62,61"," R$  (10,16)","0,00%","-29,53%","-616,24%",NLH,"-10,16"
15/06/2026,147237,ftravagini,PIXPOKER,0,0,"10,5"," R$  (100,00)","0,00%","0,00%","-10,50%",NLH,-100
15/06/2026,158098,trem bala?,PIXPOKER,"2,49",0,"2,99"," R$  (21,00)","-11,86%","0,00%","-14,24%",MTT,-21
15/06/2026,163752,LIANDROaposentado,PIXPOKER,"136,62",0,0," R$  413,00 ","33,08%","0,00%","0,00%",NLH,413
15/06/2026,155289,Taldo155289,PIXPOKER,"4,59","0,1",0," R$  (16,38)","-28,02%","-0,61%","0,00%",PLO6,"-16,38"
15/06/2026,100188,Alys0n,PIXPOKER,0,0,0, R$  -   ,,,,NLH,0
15/06/2026,158851,Marques,PIXPOKER,"18,33",0,0," R$  (20,00)","-91,65%","0,00%","0,00%",MTT,-20
15/06/2026,189032,Gabriel G,PIXPOKER,"3,83","0,1",0," R$  (2,00)","-191,50%","-5,00%","0,00%",PLO6,-2
15/06/2026,110044,pix1642256,PIXPOKER,0,23,0," R$  (230,00)","0,00%","-10,00%","0,00%",NLH,-230
15/06/2026,178818,??BIRU??,PIXPOKER,"0,33","4,6",0," R$  (51,00)","-0,65%","-9,02%","0,00%",PLO6,-51
15/06/2026,100711,Mister...,PIXPOKER,0,0,"40,25"," R$  (86,00)","0,00%","0,00%","-46,80%",NLH,-86
15/06/2026,149966,ajex,PIXPOKER,0,0,"76,15"," R$  (340,00)","0,00%","0,00%","-22,40%",NLH,-340
15/06/2026,178447,pix178447,PIXPOKER,0,0,"37,95"," R$  (46,27)","0,00%","0,00%","-82,02%",NLH,"-46,27"
15/06/2026,187654,Luiz Henrique,PIXPOKER,0,0,"1,94"," R$  (20,00)","0,00%","0,00%","-9,70%",NLH,-20
15/06/2026,193871,pix193871,PIXPOKER,0,0,"3,02"," R$  (43,00)","0,00%","0,00%","-7,02%",NLH,-43
15/06/2026,129823,pix129823,PIXPOKER,0,0,"2,93"," R$  (10,00)","0,00%","0,00%","-29,30%",NLH,-10
15/06/2026,188526,Gabrielinstacall,PIXPOKER,0,0,"2,8"," R$  (50,00)","0,00%","0,00%","-5,60%",NLH,-50
15/06/2026,129424,KidMoney,PIXPOKER,0,4,"6,5"," R$  (62,00)","0,00%","-6,45%","-10,48%",NLH,-62
15/06/2026,117699,morankete,PIXPOKER,0,0,"540,06"," R$  (1.541,41)","0,00%","0,00%","-35,04%",NLH,"-1541,41"
15/06/2026,147674,Diego merrim,PIXPOKER,0,"1,8",0," R$  (18,00)","0,00%","-10,00%","0,00%",NLH,-18
15/06/2026,161330,ALLMUTED,PIXPOKER,"5,98",0,0," R$  (50,00)","-11,96%","0,00%","0,00%",MTT,-50
15/06/2026,176747,Infame,PIXPOKER,"1,56",0,0," R$  (20,00)","-7,80%","0,00%","0,00%",MTT,-20
15/06/2026,170374,5GTurbo,PIXPOKER,0,120,0," R$  1.052,40 ","0,00%","11,40%","0,00%",MTT,"1052,4"
15/06/2026,176073,marcusp159,PIXPOKER,0,"2,2",0," R$  (22,00)","0,00%","-10,00%","0,00%",NLH,-22
15/06/2026,188178,RETROESCAVADEIRA,PIXPOKER,0,1,0," R$  (10,00)","0,00%","-10,00%","0,00%",NLH,-10
15/06/2026,194831,BillyBoy,PIXPOKER,0,"3,4",0," R$  (34,00)","0,00%","-10,00%","0,00%",NLH,-34
15/06/2026,116811,joka,PIXPOKER,0,"1,1",0," R$  (11,00)","0,00%","-10,00%","0,00%",NLH,-11
15/06/2026,190448,andim,PIXPOKER,0,"0,9",0," R$  (9,00)","0,00%","-10,00%","0,00%",NLH,-9
15/06/2026,104266,valdinho forró,PIXPOKER,0,"3,6","0,61"," R$  (44,56)","0,00%","-8,08%","-1,37%",NLH,"-44,56"
15/06/2026,194997,wsantos10,PIXPOKER,0,"26,8","65,16"," R$  (1.060,00)","0,00%","-2,53%","-6,15%",NLH,-1060
15/06/2026,160486,pix160486,PIXPOKER,0,"32,7","42,74"," R$  (472,00)","0,00%","-6,93%","-9,06%",NLH,-472
15/06/2026,149559,Tata é  Fota,PIXPOKER,"147,17",8,"71,91"," R$  (496,00)","-29,67%","-1,61%","-14,50%",MTT,-496
15/06/2026,101227,MJ0906,PIXPOKER,0,0,0," R$  0,70 ","0,00%","0,00%","0,00%",NLH,"0,7"
15/06/2026,101229,OffThekingdepower,PIXPOKER,0,0,0, R$  -   ,,,,NLH,0
15/06/2026,170943,claytim,PIXPOKER,0,0,0, R$  -   ,,,,NLH,0
15/06/2026,185225,pix185225,PIXPOKER,"0,27",0,0," R$  (3,16)","-8,54%","0,00%","0,00%",MTT,"-3,16"
15/06/2026,187273,ELITE_13,PIXPOKER,0,0,0, R$  -   ,,,,NLH,0
15/06/2026,194580,rafah,PIXPOKER,0,0,0, R$  -   ,,,,NLH,0
15/06/2026,195449,Rutsonfc2K,PIXPOKER,"3,09",0,0," R$  (20,00)","-15,45%","0,00%","0,00%",MTT,-20
15/06/2026,136730,Pabin do gasolina,PIXPOKER,0,0,"505,14"," R$  (4.499,71)","0,00%","0,00%","-11,23%",NLH,"-4499,71"
15/06/2026,154470,Batgirl,PIXPOKER,0,"17,94",0," R$  (179,40)","0,00%","-10,00%","0,00%",NLH,"-179,4"
15/06/2026,182051,Abacatudo ?,PIXPOKER,0,0,0," R$  29,20 ","0,00%","0,00%","0,00%",NLH,"29,2"
15/06/2026,193755,RAFABER??,PIXPOKER,"84,96","10,6",0," R$  231,41 ","36,71%","4,58%","0,00%",NLH,"231,41"
15/06/2026,101391,FernandesPb,PIXPOKER,"1,07",0,0," R$  (10,92)","-9,80%","0,00%","0,00%",MTT,"-10,92"
15/06/2026,125910,Dekixter,PIXPOKER,0,0,0, R$  -   ,,,,NLH,0
15/06/2026,162039,deras,PIXPOKER,0,1,0," R$  (10,00)","0,00%","-10,00%","0,00%",NLH,-10
15/06/2026,195346,pix195346,PIXPOKER,0,0,0, R$  -   ,,,,NLH,0
15/06/2026,101336,ANDRADE,PIXPOKER,"1,05",0,0," R$  (19,00)","-5,53%","0,00%","0,00%",MTT,-19
15/06/2026,147278,Yordan,PIXPOKER,"0,32",0,0," R$  (4,00)","-8,00%","0,00%","0,00%",MTT,-4
15/06/2026,156622,alvaromontoro,PIXPOKER,"0,45","11,6",0," R$  (111,74)","-0,40%","-10,38%","0,00%",PLO6,"-111,74"
15/06/2026,160135,marciomelo,PIXPOKER,"7,63",0,0," R$  113,88 ","6,70%","0,00%","0,00%",NLH,"113,88"
15/06/2026,191116,Ladrão012,PIXPOKER,"1,24",0,0," R$  (16,95)","-7,32%","0,00%","0,00%",MTT,"-16,95"
15/06/2026,134522,ZEBEDEL,PIXPOKER,"1,72",0,0," R$  (25,00)","-6,88%","0,00%","0,00%",MTT,-25
15/06/2026,147818,Feker,PIXPOKER,"5,03",0,0," R$  (58,65)","-8,58%","0,00%","0,00%",MTT,"-58,65"
15/06/2026,157996,Tomfla36,PIXPOKER,"0,48",0,0," R$  4,79 ","10,02%","0,00%","0,00%",NLH,"4,79"
15/06/2026,143841,Rbraga,PIXPOKER,0,0,"1,41"," R$  (20,00)","0,00%","0,00%","-7,05%",NLH,-20
15/06/2026,102371,Sertão,PIXPOKER,0,0,"65,46"," R$  (298,13)","0,00%","0,00%","-21,96%",NLH,"-298,13"
15/06/2026,143424,eider junior,PIXPOKER,0,0,"16,24"," R$  (25,00)","0,00%","0,00%","-64,96%",NLH,-25
15/06/2026,146625,UngidoPix,PIXPOKER,0,0,"6,66"," R$  (41,00)","0,00%","0,00%","-16,24%",NLH,-41
15/06/2026,153561,MartinsSC,PIXPOKER,"2,78",0,0," R$  (40,98)","-6,78%","0,00%","0,00%",MTT,"-40,98"
15/06/2026,170570,levy  osterno,PIXPOKER,3,0,"31,26"," R$  (200,00)","-1,50%","0,00%","-15,63%",MTT,-200
15/06/2026,187618,RenannLima,PIXPOKER,"32,72",0,"6,17"," R$  (115,58)","-28,31%","0,00%","-5,34%",MTT,"-115,58"
15/06/2026,101128,bateu,PIXPOKER,"30,6",0,0," R$  (55,89)","-54,75%","0,00%","0,00%",MTT,"-55,89"
15/06/2026,124196,mjr.,PIXPOKER,0,21,"99,91"," R$  870,33 ","0,00%","2,41%","11,48%",PLO6,"870,33"
15/06/2026,133682,Disney,PIXPOKER,0,0,"5,3"," R$  (21,00)","0,00%","0,00%","-25,24%",NLH,-21
15/06/2026,155002,FFilho,PIXPOKER,0,0,"23,8"," R$  (65,00)","0,00%","0,00%","-36,62%",NLH,-65
15/06/2026,153312,jack,PIXPOKER,0,0,"13,96"," R$  (51,83)","0,00%","0,00%","-26,93%",NLH,"-51,83"
15/06/2026,133995,capitaoxrm,PIXPOKER,"6,9",6,0," R$  (110,00)","-6,27%","-5,45%","0,00%",PLO6,-110
15/06/2026,136607,NiKa,PIXPOKER,"2,9","59,3",0," R$  101,17 ","2,87%","58,61%","0,00%",MTT,"101,17"
15/06/2026,172833,Alves00,PIXPOKER,"7,88","16,5","0,15"," R$  31,78 ","24,80%","51,92%","0,47%",MTT,"31,78"
15/06/2026,125371,Everton abreu,PIXPOKER,"0,36",0,0," R$  (4,00)","-9,00%","0,00%","0,00%",MTT,-4
15/06/2026,193950,Danilopira,PIXPOKER,"0,71",0,0," R$  4,34 ","16,36%","0,00%","0,00%",NLH,"4,34"
15/06/2026,173657,Mordrix,PIXPOKER,0,"6,5",0," R$  (65,00)","0,00%","-10,00%","0,00%",NLH,-65
15/06/2026,158570,pix191416,PIXPOKER,"8,62",0,0," R$  (30,00)","-28,73%","0,00%","0,00%",MTT,-30
15/06/2026,172229,dagataa,PIXPOKER,"10,05",0,"1,64"," R$  (33,74)","-29,79%","0,00%","-4,86%",MTT,"-33,74"
15/06/2026,131552,Rod.kk,PIXPOKER,"13,15",0,"122,26"," R$  (302,00)","-4,35%","0,00%","-40,48%",MTT,-302
15/06/2026,170540,pix170540,PIXPOKER,0,0,"73,71"," R$  22,21 ","0,00%","0,00%","331,88%",PLO6,"22,21"
15/06/2026,100819,A:.L:.,PIXPOKER,0,"1,5",0," R$  (15,00)","0,00%","-10,00%","0,00%",NLH,-15
15/06/2026,122669,caçapix,PIXPOKER,0,"3,5",0," R$  81,97 ","0,00%","4,27%","0,00%",MTT,"81,97"
15/06/2026,187403,pix187403,PIXPOKER,0,"17,3",0," R$  423,90 ","0,00%","4,08%","0,00%",MTT,"423,9"
15/06/2026,193904,pix193904,PIXPOKER,0,"1,5",0," R$  (15,00)","0,00%","-10,00%","0,00%",NLH,-15
15/06/2026,123094,AurivanMoura,PIXPOKER,"37,32",0,0," R$  (20,00)","-186,60%","0,00%","0,00%",MTT,-20
15/06/2026,150452,Liorne,PIXPOKER,"12,72",0,0," R$  (50,79)","-25,04%","0,00%","0,00%",MTT,"-50,79"
15/06/2026,118366,choranoriver,PIXPOKER,0,"6,4",0," R$  (8,28)","0,00%","-77,29%","0,00%",NLH,"-8,28"
15/06/2026,150966,bola10,PIXPOKER,0,"9,6",0," R$  (27,89)","0,00%","-34,42%","0,00%",NLH,"-27,89"
15/06/2026,164151,pagou morreu,PIXPOKER,0,0,"24,8"," R$  50,18 ","0,00%","0,00%","49,42%",PLO6,"50,18"
15/06/2026,139234,Doom,PIXPOKER,0,0,"6,6"," R$  (70,00)","0,00%","0,00%","-9,43%",NLH,-70
15/06/2026,130831,SnAAcK,PIXPOKER,0,30,"0,87"," R$  (375,76)","0,00%","-7,98%","-0,23%",NLH,"-375,76"
15/06/2026,101185,dual,PIXPOKER,0,0,0, R$  -   ,,,,NLH,0
15/06/2026,126920,MisterBet,PIXPOKER,0,0,0, R$  -   ,,,,NLH,0
15/06/2026,174513,LasVegas171,PIXPOKER,0,0,0, R$  -   ,,,,NLH,0
15/06/2026,196577,pix196577,PIXPOKER,0,1,"11898,17"," R$  3.054,20 ","0,00%","0,03%","389,57%",PLO6,"3054,2"
15/06/2026,149703,azarado,PIXPOKER,0,"34,15",0," R$  541,75 ","0,00%","6,30%","0,00%",MTT,"541,75"
15/06/2026,194597,Razec,PIXPOKER,0,0,"91,37"," R$  (380,00)","0,00%","0,00%","-24,04%",NLH,-380
15/06/2026,193960,ms__1,PIXPOKER,"1,35","1,2",0," R$  (23,00)","-5,87%","-5,22%","0,00%",PLO6,-23
15/06/2026,191967,plmatadoreeporco,PIXPOKER,"0,49",0,"3,55"," R$  30,00 ","1,63%","0,00%","11,83%",PLO6,30
15/06/2026,195419,Pretinha ?,PIXPOKER,"2,89",0,"65,8"," R$  (50,00)","-5,78%","0,00%","-131,60%",MTT,-50
15/06/2026,136797,@ Inter $,PIXPOKER,0,0,"166,87"," R$  (145,00)","0,00%","0,00%","-115,08%",NLH,-145
15/06/2026,184045,Moitex,PIXPOKER,0,"9,3","87,19"," R$  (190,00)","0,00%","-4,89%","-45,89%",NLH,-190
15/06/2026,111444,amanga,PIXPOKER,0,0,"2,1"," R$  (26,00)","0,00%","0,00%","-8,08%",NLH,-26
15/06/2026,147747,JPOKER1K,PIXPOKER,"3,32",0,"4,55"," R$  (21,70)","-15,30%","0,00%","-20,97%",MTT,"-21,7"
15/06/2026,117948,Billgats,PIXPOKER,"52,21",0,"78,68"," R$  414,00 ","12,61%","0,00%","19,00%",PLO6,414
15/06/2026,103161,Beltranzin,PIXPOKER,"0,71",0,0," R$  (4,00)","-17,75%","0,00%","0,00%",MTT,-4
15/06/2026,155383,Xots,PIXPOKER,"0,15",0,0," R$  (4,00)","-3,75%","0,00%","0,00%",MTT,-4
15/06/2026,171895,BRR_magnificousSAGAZ,PIXPOKER,"3,14",0,"0,89"," R$  (20,00)","-15,70%","0,00%","-4,45%",MTT,-20
15/06/2026,192358,pix192358,PIXPOKER,"1,39",0,0," R$  (14,00)","-9,93%","0,00%","0,00%",MTT,-14
15/06/2026,150031,Nó Cego,PIXPOKER,0,0,"5,21"," R$  267,00 ","0,00%","0,00%","1,95%",PLO6,267
15/06/2026,161256,CÂMARA?,PIXPOKER,0,0,"29,62"," R$  (207,00)","0,00%","0,00%","-14,31%",NLH,-207
15/06/2026,145257,hoop shot,PIXPOKER,"13,78",0,0," R$  31,89 ","43,21%","0,00%","0,00%",NLH,"31,89"
15/06/2026,170159,PPelanda,PIXPOKER,0,4,0," R$  (40,00)","0,00%","-10,00%","0,00%",NLH,-40
15/06/2026,193927,Felipe Arcani,PIXPOKER,0,30,0," R$  (75,00)","0,00%","-40,00%","0,00%",NLH,-75
15/06/2026,188494,Laele10x,PIXPOKER,0,0,"60,6"," R$  (62,00)","0,00%","0,00%","-97,74%",NLH,-62
15/06/2026,184048,flmaia,PIXPOKER,0,15,0," R$  (150,00)","0,00%","-10,00%","0,00%",NLH,-150
15/06/2026,194473,segundopoker,PIXPOKER,"5,11","7,4",0," R$  (28,33)","-18,04%","-26,12%","0,00%",PLO6,"-28,33"
15/06/2026,194733,pimenta 19,PIXPOKER,"3,38",3,0," R$  (50,00)","-6,76%","-6,00%","0,00%",PLO6,-50
15/06/2026,118703,Joga10nJ,PIXPOKER,0,0,"1,47"," R$  (12,00)","0,00%","0,00%","-12,25%",NLH,-12
15/06/2026,154395,Maurinho Amaro,PIXPOKER,0,0,"19,52"," R$  20,73 ","0,00%","0,00%","94,16%",PLO6,"20,73"
15/06/2026,183918,magovk12,PIXPOKER,0,0,"14,53"," R$  (30,00)","0,00%","0,00%","-48,43%",NLH,-30
15/06/2026,190898,COME CASADAS,PIXPOKER,"1,67",0,"40,02"," R$  (48,85)","-3,42%","0,00%","-81,92%",MTT,"-48,85"
15/06/2026,101435,Euclides,PIXPOKER,0,0,"18,12"," R$  (38,00)","0,00%","0,00%","-47,68%",NLH,-38
15/06/2026,102042,MatheusCarvalho,PIXPOKER,0,"0,8","6,76"," R$  (108,02)","0,00%","-0,74%","-6,26%",NLH,"-108,02"
15/06/2026,112552,Andinho1505,PIXPOKER,"1,58",0,0," R$  (20,00)","-7,90%","0,00%","0,00%",MTT,-20
15/06/2026,120916,Jaburu9,PIXPOKER,"44,43","0,8","22,52"," R$  (217,00)","-20,47%","-0,37%","-10,38%",MTT,-217
15/06/2026,180249,Kelvin Kapê,PIXPOKER,0,"2,3",0," R$  (23,00)","0,00%","-10,00%","0,00%",NLH,-23
15/06/2026,131387,JoaoCbmpa,PIXPOKER,"17,23","11,3",0," R$  100,00 ","17,23%","11,30%","0,00%",NLH,100
15/06/2026,133756,Marinho 54,PIXPOKER,0,"5,3",0," R$  (53,00)","0,00%","-10,00%","0,00%",NLH,-53
15/06/2026,130437,pedrin att,PIXPOKER,0,0,0, R$  -   ,,,,NLH,0
15/06/2026,194598,pix194598,PIXPOKER,0,0,"128,55"," R$  (135,97)","0,00%","0,00%","-94,54%",NLH,"-135,97"
15/06/2026,169412,PreDestinad0,PIXPOKER,0,0,"22,55"," R$  (250,00)","0,00%","0,00%","-9,02%",NLH,-250
15/06/2026,171844,matarindo,PIXPOKER,0,0,"5,23"," R$  (14,57)","0,00%","0,00%","-35,90%",NLH,"-14,57"
15/06/2026,119093,paullorafael,PIXPOKER,"0,75",0,0," R$  (4,00)","-18,75%","0,00%","0,00%",MTT,-4
15/06/2026,124247,fragosinho789,PIXPOKER,"0,93",0,0," R$  (12,00)","-7,75%","0,00%","0,00%",MTT,-12
15/06/2026,102323,flavio,PIXPOKER,0,0,"3,63"," R$  (76,48)","0,00%","0,00%","-4,75%",NLH,"-76,48"
15/06/2026,108274,lenon,PIXPOKER,"0,17","1,5","46,08"," R$  (190,62)","-0,09%","-0,79%","-24,17%",NLH,"-190,62"
15/06/2026,129537,REI DO POKKER AA,PIXPOKER,0,0,"13,53"," R$  (50,00)","0,00%","0,00%","-27,06%",NLH,-50
15/06/2026,132619,pix132619,PIXPOKER,0,0,"44,7"," R$  (469,25)","0,00%","0,00%","-9,53%",NLH,"-469,25"
15/06/2026,147093,zé da moita,PIXPOKER,"79,81",0,"9,35"," R$  86,00 ","92,80%","0,00%","10,87%",NLH,86
15/06/2026,173795,KingJames24,PIXPOKER,0,0,"2,59"," R$  (40,00)","0,00%","0,00%","-6,48%",NLH,-40
15/06/2026,195315,pix195315,PIXPOKER,0,0,"9,31"," R$  (79,00)","0,00%","0,00%","-11,78%",NLH,-79
15/06/2026,195392,Menozinn,PIXPOKER,"3,82",0,"8,72"," R$  (95,00)","-4,02%","0,00%","-9,18%",MTT,-95
15/06/2026,145103,shazan,PIXPOKER,0,"15,9",0," R$  208,10 ","0,00%","7,64%","0,00%",MTT,"208,1"
15/06/2026,145436,zeboy,PIXPOKER,0,0,"21,61"," R$  (233,00)","0,00%","0,00%","-9,27%",NLH,-233
15/06/2026,174760,Sansãodelas,PIXPOKER,"13,93",0,"0,13"," R$  (100,00)","-13,93%","0,00%","-0,13%",MTT,-100
15/06/2026,108544,Zé Cambalhota,PIXPOKER,0,90,0," R$  5.668,96 ","0,00%","1,59%","0,00%",MTT,"5668,96"
15/06/2026,160558,lanelas,PIXPOKER,"0,5","0,8",0," R$  (7,00)","-7,14%","-11,43%","0,00%",PLO6,-7
15/06/2026,194294,pix194294,PIXPOKER,"6,07",0,0," R$  (30,00)","-20,23%","0,00%","0,00%",MTT,-30
15/06/2026,104631,vivode jogo,PIXPOKER,0,0,"4,85"," R$  (75,00)","0,00%","0,00%","-6,47%",NLH,-75
15/06/2026,191542,pix191542,PIXPOKER,"4,09",0,0," R$  42,83 ","9,55%","0,00%","0,00%",NLH,"42,83"
15/06/2026,138031,Tchipsss,PIXPOKER,0,"5,5",0," R$  201,37 ","0,00%","2,73%","0,00%",MTT,"201,37"
15/06/2026,172708,Mendess.v,PIXPOKER,0,"2,4",0," R$  (24,00)","0,00%","-10,00%","0,00%",NLH,-24
15/06/2026,123986,D10xxx,PIXPOKER,0,"1,2",0," R$  (12,00)","0,00%","-10,00%","0,00%",NLH,-12
15/06/2026,159826,ako_sp,PIXPOKER,0,0,"4,38"," R$  (59,00)","0,00%","0,00%","-7,42%",NLH,-59
15/06/2026,146768,Tonon,PIXPOKER,"1,79",0,0," R$  (24,00)","-7,46%","0,00%","0,00%",MTT,-24
15/06/2026,192692,pix192692,PIXPOKER,0,0,"2,88"," R$  (18,00)","0,00%","0,00%","-16,00%",NLH,-18
15/06/2026,194005,Tuts vida ?,PIXPOKER,0,0,"0,78"," R$  (8,93)","0,00%","0,00%","-8,73%",NLH,"-8,93"
15/06/2026,142288,Kauezoide,PIXPOKER,"0,56",0,"9,9"," R$  (150,00)","-0,37%","0,00%","-6,60%",MTT,-150
15/06/2026,190155,JUNIOR???,PIXPOKER,0,12,"47,24"," R$  (680,00)","0,00%","-1,76%","-6,95%",NLH,-680
15/06/2026,112885,Polly,PIXPOKER,0,0,"4,96"," R$  (50,00)","0,00%","0,00%","-9,92%",NLH,-50
15/06/2026,133470,PJSV,PIXPOKER,"0,39",0,0," R$  1,70 ","22,94%","0,00%","0,00%",NLH,"1,7"
15/06/2026,140785,_tiringa,PIXPOKER,"0,81",0,0," R$  (4,42)","-18,33%","0,00%","0,00%",MTT,"-4,42"
15/06/2026,195459,tanouss,PIXPOKER,"4,42",0,0," R$  81,34 ","5,43%","0,00%","0,00%",NLH,"81,34"
15/06/2026,136755,paixao,PIXPOKER,0,0,"0,05"," R$  3,27 ","0,00%","0,00%","1,53%",PLO6,"3,27"
15/06/2026,159308,canizo peixinho,PIXPOKER,0,3,"4,72"," R$  (65,00)","0,00%","-4,62%","-7,26%",NLH,-65
15/06/2026,191216,ALL in AA?,PIXPOKER,"0,85",0,0," R$  (2,24)","-37,95%","0,00%","0,00%",MTT,"-2,24"
15/06/2026,165296,pix165296,PIXPOKER,"4,13",0,0," R$  67,95 ","6,08%","0,00%","0,00%",NLH,"67,95"
15/06/2026,173088,Bia777,PIXPOKER,"2,08",0,0," R$  (24,00)","-8,67%","0,00%","0,00%",MTT,-24
15/06/2026,174728,PrisionBreak,PIXPOKER,"6,84",8,0," R$  (100,00)","-6,84%","-8,00%","0,00%",PLO6,-100
15/06/2026,169221,@Flavinholm,PIXPOKER,0,0,"5,01"," R$  (76,00)","0,00%","0,00%","-6,59%",NLH,-76
15/06/2026,147641,dieguinho08,PIXPOKER,0,0,"1,51"," R$  (20,03)","0,00%","0,00%","-7,54%",NLH,"-20,03"
15/06/2026,163196,jota20h,PIXPOKER,0,0,"6,69"," R$  (30,00)","0,00%","0,00%","-22,30%",NLH,-30
15/06/2026,172030,ChaparralJr,PIXPOKER,0,0,"3,33"," R$  (54,00)","0,00%","0,00%","-6,17%",NLH,-54
15/06/2026,182509,pix182509,PIXPOKER,0,0,"5,78"," R$  (24,00)","0,00%","0,00%","-24,08%",NLH,-24
15/06/2026,157853,bossfinal,PIXPOKER,0,0,"1,54"," R$  (22,62)","0,00%","0,00%","-6,81%",NLH,"-22,62"
15/06/2026,171411,?uturo?,PIXPOKER,0,7,0," R$  (61,00)","0,00%","-11,48%","0,00%",NLH,-61
15/06/2026,193603,ahladrao,PIXPOKER,0,0,"27,22"," R$  (201,48)","0,00%","0,00%","-13,51%",NLH,"-201,48"
15/06/2026,129221,CARRETÃO,PIXPOKER,0,40,0," R$  (400,00)","0,00%","-10,00%","0,00%",NLH,-400
15/06/2026,151827,juru pinga,PIXPOKER,"15,69",0,0," R$  (20,00)","-78,45%","0,00%","0,00%",MTT,-20
15/06/2026,114698,Bodevoador,PIXPOKER,0,0,"1,15"," R$  (15,00)","0,00%","0,00%","-7,67%",NLH,-15
15/06/2026,154267,bil,PIXPOKER,0,0,"3,85"," R$  (50,00)","0,00%","0,00%","-7,70%",NLH,-50
15/06/2026,146339,Abismo,AF - +EV,0,"18,36",0," R$  44,55 ","0,00%","41,21%","0,00%",MTT,"44,55"
15/06/2026,152944,THS_,AF - +EV,0,"34,92",0," R$  (244,98)","0,00%","-14,25%","0,00%",NLH,"-244,98"
15/06/2026,153763,pix153763,AF - +EV,0,0,"122,33"," R$  (410,00)","0,00%","0,00%","-29,84%",NLH,-410
15/06/2026,135967,MisterJohnny,AF - +EV,0,0,0, R$  -   ,,,,NLH,0
15/06/2026,139340,rehcorreiaa2,AF - +EV,0,10,0," R$  63,12 ","0,00%","15,84%","0,00%",MTT,"63,12"
15/06/2026,141008,sommelier,AF - +EV,0,0,"0,74"," R$  (0,64)","0,00%","0,00%","-115,63%",NLH,"-0,64"
15/06/2026,135997,SkywalkerLuke,AF - +EV,0,"19,8",0," R$  (132,69)","0,00%","-14,92%","0,00%",NLH,"-132,69"
15/06/2026,145466,cleberb,AF - +EV,0,168,0," R$  3.781,14 ","0,00%","4,44%","0,00%",MTT,"3781,14"
15/06/2026,151739,mariozinho,AF - +EV,0,15,0," R$  (63,75)","0,00%","-23,53%","0,00%",NLH,"-63,75"
15/06/2026,170568,Raul.Gold,AF - +EV,0,0,"41,64"," R$  (121,81)","0,00%","0,00%","-34,18%",NLH,"-121,81"
15/06/2026,137048,PHX1327,AF - +EV,0,0,0," R$  0,75 ","0,00%","0,00%","0,00%",NLH,"0,75"
15/06/2026,135164,pix135164,AF - +EV,0,1,0," R$  (10,00)","0,00%","-10,00%","0,00%",NLH,-10
15/06/2026,150716,Timóteo,AF - ARTHUR CABRAL,"3,76","29,1",0," R$  131,21 ","2,87%","22,18%","0,00%",MTT,"131,21"
15/06/2026,123791,Jota1010,AF - ARTHUR CABRAL,0,0,"354,2"," R$  (1.079,68)","0,00%","0,00%","-32,81%",NLH,"-1079,68"
15/06/2026,180496,Supremo359,AF - ARTHUR CABRAL,0,0,"237,73"," R$  (984,24)","0,00%","0,00%","-24,15%",NLH,"-984,24"
15/06/2026,143848,PrincipeDaMata?,AF - ARTHUR CABRAL,"74,54","5,8","102,43"," R$  (238,39)","-31,27%","-2,43%","-42,97%",MTT,"-238,39"
15/06/2026,173040,Careca1kGrau,AF - ARTHUR CABRAL,0,"0,1",0," R$  1,83 ","0,00%","5,46%","0,00%",MTT,"1,83"
15/06/2026,177052,BadPix,AF - ARTHUR CABRAL,0,0,0, R$  -   ,,,,NLH,0
15/06/2026,160421,S777,AF - ARTHUR CABRAL,0,51,0," R$  (95,51)","0,00%","-53,40%","0,00%",NLH,"-95,51"
15/06/2026,159522,?BM?,AF - ARTHUR CABRAL,"1,09",14,"4,32"," R$  128,49 ","0,85%","10,90%","3,36%",MTT,"128,49"
15/06/2026,187153,SóVouNuts,AF - ARTHUR CABRAL,"8,83","14,7","3,63"," R$  (151,99)","-5,81%","-9,67%","-2,39%",PLO6,"-151,99"
15/06/2026,195717,Copa,AF - ARTHUR CABRAL,0,0,"277,68"," R$  (270,00)","0,00%","0,00%","-102,84%",NLH,-270
15/06/2026,172353,ZEDOPIXEL?,AF - ARTHUR CABRAL,"1,16",0,"10,22"," R$  6,24 ","18,59%","0,00%","163,78%",PLO6,"6,24"
15/06/2026,106802,??Sued??,AF - ARTHUR CABRAL,"200,38","15,1",0," R$  (107,69)","-186,07%","-14,02%","0,00%",PLO6,"-107,69"
15/06/2026,169323,ZEMOCO,AF - ARTHUR CABRAL,"5,06",0,"1,84"," R$  9,00 ","56,22%","0,00%","20,44%",NLH,9
15/06/2026,172429,MIKE POKER CLUB,AF - ARTHUR CABRAL,"1,94","462,45","32,16"," R$  (1.085,55)","-0,18%","-42,60%","-2,96%",NLH,"-1085,55"
15/06/2026,134710,Pretaothug,AF - ARTHUR CABRAL,0,3,"1140,75"," R$  (3.590,72)","0,00%","-0,08%","-31,77%",NLH,"-3590,72"
15/06/2026,179903,farmaciia,AF - ARTHUR CABRAL,0,0,"635,6"," R$  (4.389,43)","0,00%","0,00%","-14,48%",NLH,"-4389,43"
15/06/2026,183813,Brinks,AF - ARTHUR CABRAL,0,13,"18,23"," R$  63,35 ","0,00%","20,52%","28,78%",PLO6,"63,35"
15/06/2026,177979,Ôh CheFe,AF - ARTHUR CABRAL,"1,23","4,5","394,19"," R$  530,20 ","0,23%","0,85%","74,35%",PLO6,"530,2"
15/06/2026,119176,BELÉM,AF - ARTHUR CABRAL,"3,88",0,0," R$  (38,00)","-10,21%","0,00%","0,00%",MTT,-38
15/06/2026,172412,GRT9,AF - ARTHUR CABRAL,"208,59","5,8","0,39"," R$  18,24 ","1143,59%","31,80%","2,14%",NLH,"18,24"
15/06/2026,170941,CUIUDOSEFODAFLW,AF - ARTHUR CABRAL,0,0,"4863,29"," R$  (8.390,69)","0,00%","0,00%","-57,96%",NLH,"-8390,69"
15/06/2026,187576,Zumbi dos Palmares,AF - ARTHUR CABRAL,"10,75","0,75","236,34"," R$  17,69 ","60,77%","4,24%","1336,01%",PLO6,"17,69"
15/06/2026,125296,Morada,AF - ARTHUR CABRAL,"164,25","9,5","707,67"," R$  230,64 ","71,21%","4,12%","306,83%",PLO6,"230,64"
15/06/2026,150078,Le Chiffre,AF - ARTHUR CABRAL,"31,1","3,6","1,29"," R$  (159,00)","-19,56%","-2,26%","-0,81%",PLO6,-159
15/06/2026,173038,JaxT???,AF - ARTHUR CABRAL,"223,41","15,55","4,6"," R$  (700,00)","-31,92%","-2,22%","-0,66%",PLO6,-700
15/06/2026,145323,PhelipeMatheus_,AF - ARTHUR CABRAL,"8,75","3,5","13,87"," R$  (298,44)","-2,93%","-1,17%","-4,65%",MTT,"-298,44"
15/06/2026,143629,Lascou-se,AF - ARTHUR CABRAL,0,19,"751,9"," R$  (114,30)","0,00%","-16,62%","-657,83%",NLH,"-114,3"
15/06/2026,162667,dr. marcones,AF - ARTHUR CABRAL,0,"2,5","2,81"," R$  (57,00)","0,00%","-4,39%","-4,93%",NLH,-57
15/06/2026,167813,Edivaldo ??,AF - ARTHUR CABRAL,"9,38","16,7",0," R$  (60,00)","-15,63%","-27,83%","0,00%",PLO6,-60
15/06/2026,110272,BELLICARD,AF - ARTHUR CABRAL,0,"3,6",0," R$  (33,60)","0,00%","-10,71%","0,00%",NLH,"-33,6"
15/06/2026,148618,Rei do bleff,AF - ARTHUR CABRAL,0,0,0," R$  1,33 ","0,00%","0,00%","0,00%",NLH,"1,33"
15/06/2026,155888,Salamanca,AF - ARTHUR CABRAL,0,"0,2","2,44"," R$  (15,99)","0,00%","-1,25%","-15,26%",NLH,"-15,99"
15/06/2026,159834,SoLamento,AF - ARTHUR CABRAL,"4,18",0,0," R$  (2,95)","-141,69%","0,00%","0,00%",MTT,"-2,95"
15/06/2026,172140,AdolfHitler,AF - ARTHUR CABRAL,0,"0,1",0," R$  (0,23)","0,00%","-43,48%","0,00%",NLH,"-0,23"
15/06/2026,115718,Gladiador+,AF - ARTHUR CABRAL,0,"262,5",0," R$  1.284,69 ","0,00%","20,43%","0,00%",MTT,"1284,69"
15/06/2026,187825,rutra,AF - ARTHUR CABRAL,0,"0,5","11,85"," R$  60,84 ","0,00%","0,82%","19,48%",PLO6,"60,84"
15/06/2026,154992,Laiho.W.F,AF - ARTHUR CABRAL,"2,81",0,"0,54"," R$  (6,74)","-41,69%","0,00%","-8,01%",MTT,"-6,74"
15/06/2026,145461,ficha no pano,AF - ARTHUR CABRAL,0,6,"158,25"," R$  (216,00)","0,00%","-2,78%","-73,26%",NLH,-216
15/06/2026,151720,Merlin,AF - ARTHUR CABRAL,0,"4,6",0," R$  (46,00)","0,00%","-10,00%","0,00%",NLH,-46
15/06/2026,161607,Smoke,AF - ARTHUR CABRAL,"0,28","1,8","1,94"," R$  (51,64)","-0,54%","-3,49%","-3,76%",NLH,"-51,64"
15/06/2026,112389,LuisAAngelim,AF - ARTHUR CABRAL,0,"32,5","18,49"," R$  (564,02)","0,00%","-5,76%","-3,28%",NLH,"-564,02"
15/06/2026,158421,BOLSONARO??,AF - ARTHUR CABRAL,0,6,"1,12"," R$  (66,37)","0,00%","-9,04%","-1,69%",NLH,"-66,37"
15/06/2026,182855,Teo pixpoker,AF - ARTHUR CABRAL,0,0,0," R$  3,63 ","0,00%","0,00%","0,00%",NLH,"3,63"
15/06/2026,163452,pix163452,AF - ARTHUR CABRAL,0,0,"4,24"," R$  (20,80)","0,00%","0,00%","-20,38%",NLH,"-20,8"
15/06/2026,182371,JF IMPORTS ?,AF - ARTHUR CABRAL,0,0,"57,09"," R$  226,98 ","0,00%","0,00%","25,15%",PLO6,"226,98"
15/06/2026,120690,myegss,AF - ARTHUR CABRAL,0,0,"1,95"," R$  (30,00)","0,00%","0,00%","-6,50%",NLH,-30
15/06/2026,194632,SHEIN,AF - ARTHUR CABRAL,0,0,"999,47"," R$  (2.493,46)","0,00%","0,00%","-40,08%",NLH,"-2493,46"
15/06/2026,178732,o jegue,AF - ARTHUR CABRAL,0,"6,5","9,16"," R$  (103,50)","0,00%","-6,28%","-8,85%",NLH,"-103,5"
15/06/2026,145206,José Isaac,AF - ARTHUR CABRAL,"4,57",0,0," R$  (61,00)","-7,49%","0,00%","0,00%",MTT,-61
15/06/2026,148405,ferraro7416,AF - ARTHUR CABRAL,"1,49",0,0," R$  9,02 ","16,52%","0,00%","0,00%",NLH,"9,02"
15/06/2026,159448,sem noção,AF - ARTHUR CABRAL,"30,09",0,"37,63"," R$  (211,26)","-14,24%","0,00%","-17,81%",MTT,"-211,26"
15/06/2026,193500,peteco peteco,AF - ARTHUR CABRAL,0,0,"2,87"," R$  (25,00)","0,00%","0,00%","-11,48%",NLH,-25
15/06/2026,138398,chama a carta,AF - ARTHUR CABRAL,0,"0,2",0," R$  (2,00)","0,00%","-10,00%","0,00%",NLH,-2
15/06/2026,140474,Edilson07,AF - ARTHUR CABRAL,0,0,0, R$  -   ,,,,NLH,0
15/06/2026,147170,N?T0744,AF - ARTHUR CABRAL,"0,43",0,0," R$  (10,00)","-4,30%","0,00%","0,00%",MTT,-10
15/06/2026,162392,deminho,AF - ARTHUR CABRAL,0,6,"5,51"," R$  (93,82)","0,00%","-6,40%","-5,87%",NLH,"-93,82"
15/06/2026,152896,juniorenaldo,AF - ARTHUR CABRAL,0,"19,6",0," R$  (157,88)","0,00%","-12,41%","0,00%",NLH,"-157,88"
15/06/2026,182616,urubu do pixe,AF - ARTHUR CABRAL,0,"5,95","7,78"," R$  (185,00)","0,00%","-3,22%","-4,21%",NLH,-185
15/06/2026,112648,maniaco da praça,AF - ARTHUR CABRAL,"22,09",0,"98,36"," R$  (239,00)","-9,24%","0,00%","-41,15%",MTT,-239
15/06/2026,168689,Duds00,AF - ARTHUR CABRAL,"0,56","0,1",0," R$  (8,00)","-7,00%","-1,25%","0,00%",PLO6,-8
15/06/2026,105506,Tetopoker,AF - ARTHUR CABRAL,0,0,"0,67"," R$  (5,00)","0,00%","0,00%","-13,40%",NLH,-5
15/06/2026,196119,pix196119,AF - ARTHUR CABRAL,"0,31",0,"772,95"," R$  566,67 ","0,05%","0,00%","136,40%",PLO6,"566,67"
15/06/2026,113118,OLD MONEY,AF - ARTHUR CABRAL,0,0,"6,07"," R$  (60,00)","0,00%","0,00%","-10,12%",NLH,-60
15/06/2026,150117,corujaNI,AF - ARTHUR CABRAL,0,160,0," R$  (7,39)","0,00%","-2165,09%","0,00%",NLH,"-7,39"
15/06/2026,127787,Cupisco,AF - ARTHUR CABRAL,0,0,0, R$  -   ,,,,NLH,0
15/06/2026,190995,Jhon Arias,AF - ARTHUR CABRAL,0,0,0, R$  -   ,,,,NLH,0
15/06/2026,161115,pix161115,AF - ARTHUR CABRAL,0,"0,8","2,28"," R$  2,50 ","0,00%","32,00%","91,20%",PLO6,"2,5"
15/06/2026,151781,doadorAA,AF - ARTHUR CABRAL,"2,73",0,0," R$  (34,00)","-8,03%","0,00%","0,00%",MTT,-34
15/06/2026,136407,GabrielDog,AF - ARTHUR CABRAL,"20,88",9,"8,25"," R$  0,82 ","2546,34%","1097,56%","1006,10%",NLH,"0,82"
15/06/2026,177717,regularizando,AF - ARTHUR CABRAL,"13,53",0,0," R$  (88,52)","-15,28%","0,00%","0,00%",MTT,"-88,52"
15/06/2026,100230,#NJR#,AF - ARTHUR CABRAL,"5,07",0,"7,26"," R$  (100,00)","-5,07%","0,00%","-7,26%",MTT,-100
15/06/2026,154703,CLUB POKER CBB,AF - ARTHUR CABRAL,0,"3,5","5,59"," R$  (51,00)","0,00%","-6,86%","-10,96%",NLH,-51
15/06/2026,100473,FlaPix,AF - ARTHUR CABRAL,0,"3,75","10,8"," R$  (85,00)","0,00%","-4,41%","-12,71%",NLH,-85
15/06/2026,173257,Sertaooooo,AF - ARTHUR CABRAL,"1,68","44,3","66,88"," R$  (582,60)","-0,29%","-7,60%","-11,48%",NLH,"-582,6"
15/06/2026,131359,tpguei,AF - ARTHUR CABRAL,0,3,"64,24"," R$  (613,00)","0,00%","-0,49%","-10,48%",NLH,-613
15/06/2026,113798,sorvetex,AF - ARTHUR CABRAL,0,"3,75",0," R$  (37,50)","0,00%","-10,00%","0,00%",NLH,"-37,5"
15/06/2026,128430,PixBot,AF - ARTHUR CABRAL,0,"3,5",0," R$  (35,00)","0,00%","-10,00%","0,00%",NLH,-35
15/06/2026,160576,MaiaIvysson,AF - ARTHUR CABRAL,0,"0,75","3,6"," R$  260,33 ","0,00%","0,29%","1,38%",PLO6,"260,33"
15/06/2026,172207,Paçoca Junior,AF - ARTHUR CABRAL,0,"14,75",0," R$  (147,50)","0,00%","-10,00%","0,00%",NLH,"-147,5"
15/06/2026,193013,anaoRD,AF - ARTHUR CABRAL,"1,91",0,0," R$  (20,00)","-9,55%","0,00%","0,00%",MTT,-20
15/06/2026,178476,FiscaldeFlop,AF - ARTHUR CABRAL,"39,09",0,0," R$  16,86 ","231,85%","0,00%","0,00%",NLH,"16,86"
15/06/2026,123425,Lisura,AF - ARTHUR CABRAL,0,0,"164,74"," R$  (1.500,00)","0,00%","0,00%","-10,98%",NLH,-1500
15/06/2026,150523,Reinoriver,AF - ARTHUR CABRAL,0,"7,4",0," R$  (74,00)","0,00%","-10,00%","0,00%",NLH,-74
15/06/2026,172476,willasmir poker,AF - ARTHUR CABRAL,"0,42",0,0," R$  (6,00)","-7,00%","0,00%","0,00%",MTT,-6
15/06/2026,151458,MiauMiauU,AF - RAFAEL MENEZES,0,"76,94",0," R$  (359,71)","0,00%","-21,39%","0,00%",NLH,"-359,71"
15/06/2026,180730,Wanessa,AF - RAFAEL MENEZES,"0,3","11,42",0," R$  (110,57)","-0,27%","-10,33%","0,00%",PLO6,"-110,57"
15/06/2026,127736,LAPAPODS,AF - RAFAEL MENEZES,"0,62",0,"455,52"," R$  (458,36)","-0,14%","0,00%","-99,38%",MTT,"-458,36"
15/06/2026,113106,Ademar,AF - RAFAEL MENEZES,"65,85",0,0," R$  (233,38)","-28,22%","0,00%","0,00%",MTT,"-233,38"
15/06/2026,144311,Robson#@,AF - RAFAEL MENEZES,"3,12","42,6",0," R$  (327,50)","-0,95%","-13,01%","0,00%",PLO6,"-327,5"
15/06/2026,159869,Lá e Loa ?,AF - RAFAEL MENEZES,"158,04","47,6",0," R$  (296,59)","-53,29%","-16,05%","0,00%",PLO6,"-296,59"
15/06/2026,151678,guijucca,AF - RAFAEL MENEZES,0,"0,1","14,78"," R$  (15,70)","0,00%","-0,64%","-94,14%",NLH,"-15,7"
15/06/2026,124326,Kabula_13,AF - RAFAEL MENEZES,"74,26",0,"5,93"," R$  (27,76)","-267,51%","0,00%","-21,36%",MTT,"-27,76"
15/06/2026,174141,Fold fácil,AF - RAFAEL MENEZES,0,"26,4","91,71"," R$  243,67 ","0,00%","10,83%","37,64%",PLO6,"243,67"
15/06/2026,125347,Padre Gato,AF - RAFAEL MENEZES,0,0,"534,32"," R$  (1.318,83)","0,00%","0,00%","-40,51%",NLH,"-1318,83"
15/06/2026,146449,Sem flertar AA,AF - RAFAEL MENEZES,"5,19","10,5","129,56"," R$  (540,00)","-0,96%","-1,94%","-23,99%",NLH,-540
15/06/2026,127609,Andreza Marques,AF - RAFAEL MENEZES,"11,57","26,8",47," R$  (172,19)","-6,72%","-15,56%","-27,30%",NLH,"-172,19"
15/06/2026,181789,Epson Júnior,AF - RAFAEL MENEZES,0,0,0," R$  0,70 ","0,00%","0,00%","0,00%",NLH,"0,7"
15/06/2026,104627,?MeninoNeyNaCopa,AF - RAFAEL MENEZES,"2,28","19,2",0," R$  (13,94)","-16,36%","-137,73%","0,00%",PLO6,"-13,94"
15/06/2026,158491,L.ALCEU,AF - RAFAEL MENEZES,"23,55","55,5","6,31"," R$  22,90 ","102,84%","242,36%","27,55%",MTT,"22,9"
15/06/2026,185010,ISAACcc,AF - RAFAEL MENEZES,0,"13,2","2,39"," R$  97,72 ","0,00%","13,51%","2,45%",MTT,"97,72"
15/06/2026,132222,Xp zero02,AF - RAFAEL MENEZES,0,8,0," R$  (67,38)","0,00%","-11,87%","0,00%",NLH,"-67,38"
15/06/2026,132226,mirassol.fc,AF - RAFAEL MENEZES,0,0,0, R$  -   ,,,,NLH,0
15/06/2026,164687,PatrickCWB,AF - RAFAEL MENEZES,0,0,0," R$  17,23 ","0,00%","0,00%","0,00%",NLH,"17,23"
15/06/2026,179215,ChavesCWB,AF - RAFAEL MENEZES,0,0,0, R$  -   ,,,,NLH,0
15/06/2026,174154,Mallory.,AF - RAFAEL MENEZES,0,0,"2,12"," R$  (30,00)","0,00%","0,00%","-7,07%",NLH,-30
15/06/2026,170454,Nivaldo bad,AF - RAFAEL MENEZES,"8,67","38,6",0," R$  (75,92)","-11,42%","-50,84%","0,00%",PLO6,"-75,92"
15/06/2026,109128,tomeeei,AF - RAFAEL MENEZES,0,5,"47,48"," R$  393,74 ","0,00%","1,27%","12,06%",PLO6,"393,74"
15/06/2026,151221,indomável,AF - RAFAEL MENEZES,0,"9,1",0," R$  (90,16)","0,00%","-10,09%","0,00%",NLH,"-90,16"
15/06/2026,164248,D1EG0,AF - RAFAEL MENEZES,0,"5,5",0," R$  (55,00)","0,00%","-10,00%","0,00%",NLH,-55
15/06/2026,196650,edsonjr26,AF - RAFAEL MENEZES,0,20,0," R$  (142,23)","0,00%","-14,06%","0,00%",NLH,"-142,23"
15/06/2026,193262,cafezito,AF - RAFAEL MENEZES,"1,24",0,0," R$  (9,00)","-13,78%","0,00%","0,00%",MTT,-9
15/06/2026,141530,MADDA,AF - RAFAEL MENEZES,0,0,"63,47"," R$  (49,15)","0,00%","0,00%","-129,14%",NLH,"-49,15"
15/06/2026,146775,ruanzin77,AF - RAFAEL MENEZES,"24,53",0,"5,46"," R$  (114,00)","-21,52%","0,00%","-4,79%",MTT,-114
15/06/2026,150204,TheJoker,AF - RAFAEL MENEZES,0,0,"18,5"," R$  (150,00)","0,00%","0,00%","-12,33%",NLH,-150
15/06/2026,153086,CARAMELO.,AF - BRUNO FOSTER,"5,15","110,1","1045,89"," R$  (490,14)","-1,05%","-22,46%","-213,39%",NLH,"-490,14"
15/06/2026,179067,ekdidk,AF - BRUNO FOSTER,"39,19",0,0," R$  (144,00)","-27,22%","0,00%","0,00%",MTT,-144
15/06/2026,184830,Filma $$,AF - BRUNO FOSTER,0,"39,6",0," R$  (147,16)","0,00%","-26,91%","0,00%",NLH,"-147,16"
15/06/2026,176862,pix176862,AF - BRUNO FOSTER,0,0,"78,34"," R$  (114,28)","0,00%","0,00%","-68,55%",NLH,"-114,28"
15/06/2026,177933,exe;,AF - BRUNO FOSTER,0,0,"5977,72"," R$  (1.342,79)","0,00%","0,00%","-445,17%",NLH,"-1342,79"
15/06/2026,174958,pix174958,AF - BRUNO FOSTER,0,0,0, R$  -   ,,,,NLH,0
15/06/2026,175804,MANDIBULLA,AF - BRUNO FOSTER,0,0,0," R$  1,86 ","0,00%","0,00%","0,00%",NLH,"1,86"
15/06/2026,183349,Vegeta San,AF - BRUNO FOSTER,0,"15,4",0," R$  (78,08)","0,00%","-19,72%","0,00%",NLH,"-78,08"
15/06/2026,186550,VT10,AF - BRUNO FOSTER,"25,57",0,"27,04"," R$  (116,02)","-22,04%","0,00%","-23,31%",MTT,"-116,02"
15/06/2026,189825,Gladiador$,AF - BRUNO FOSTER,"15,53",80,"7192,74"," R$  (25.552,79)","-0,06%","-0,31%","-28,15%",NLH,"-25552,79"
15/06/2026,138369,dauco,AF - BRUNO FOSTER,"5,84",1,"6,52"," R$  (120,00)","-4,87%","-0,83%","-5,43%",MTT,-120
15/06/2026,175072,sovimsacar,AF - BRUNO FOSTER,0,0,"93,58"," R$  628,00 ","0,00%","0,00%","14,90%",PLO6,628
15/06/2026,176592,ruiperesdezanet,AF - BRUNO FOSTER,"5,49","24,5",0," R$  51,96 ","10,57%","47,15%","0,00%",MTT,"51,96"
15/06/2026,175098,kUdeais,AF - BRUNO FOSTER,"40,9",0,0," R$  (94,00)","-43,51%","0,00%","0,00%",MTT,-94
15/06/2026,183660,FaelCompany,AF - BRUNO FOSTER,"0,25","0,1",0," R$  (0,81)","-30,86%","-12,35%","0,00%",PLO6,"-0,81"
15/06/2026,170907,MenteGelada,AF - BRUNO FOSTER,0,0,"9,09"," R$  (106,00)","0,00%","0,00%","-8,58%",NLH,-106
15/06/2026,178483,Rï§øką,AF - BRUNO FOSTER,0,"0,4",0," R$  (4,00)","0,00%","-10,00%","0,00%",NLH,-4
15/06/2026,182891,Joz1ka,AF - BRUNO FOSTER,"61,46",0,"353,88"," R$  (1.245,57)","-4,93%","0,00%","-28,41%",MTT,"-1245,57"
15/06/2026,157566,CR7?,AF - BRUNO FOSTER,0,0,"21,72"," R$  (139,00)","0,00%","0,00%","-15,63%",NLH,-139
15/06/2026,175423,pix175423,AF - BRUNO FOSTER,0,"10,4",0," R$  (104,00)","0,00%","-10,00%","0,00%",NLH,-104
15/06/2026,176021,Viníciusdao@,AF - BRUNO FOSTER,0,"0,1",0," R$  (1,00)","0,00%","-10,00%","0,00%",NLH,-1
15/06/2026,170189,Chapolin.RJ,AF - BRUNO FOSTER,0,"9,9","8,36"," R$  (30,00)","0,00%","-33,00%","-27,87%",NLH,-30
15/06/2026,176214,Cardoso22,AF - BRUNO FOSTER,0,0,0, R$  -   ,,,,NLH,0
15/06/2026,176359,dendele 2,AF - BRUNO FOSTER,0,0,0, R$  -   ,,,,NLH,0
15/06/2026,186212,pix186212,AF - BRUNO FOSTER,"7,05",6,0," R$  (35,97)","-19,60%","-16,68%","0,00%",PLO6,"-35,97"
15/06/2026,177685,pepebets,AF - BRUNO FOSTER,0,0,0, R$  -   ,,,,NLH,0
15/06/2026,178109,kawehzin,AF - BRUNO FOSTER,"0,13",0,"35,2"," R$  (120,00)","-0,11%","0,00%","-29,33%",MTT,-120
15/06/2026,180535,JOTA poker,AF - BRUNO FOSTER,0,0,0, R$  -   ,,,,NLH,0
15/06/2026,176675,darkjoao33,AF - BRUNO FOSTER,0,0,"38,75"," R$  (250,24)","0,00%","0,00%","-15,49%",NLH,"-250,24"
15/06/2026,145168,Fagundes,AF - BRUNO FOSTER,0,"17,7",0," R$  (177,00)","0,00%","-10,00%","0,00%",NLH,-177
15/06/2026,177800,??????,AF - BRUNO FOSTER,0,0,0, R$  -   ,,,,NLH,0
15/06/2026,185503,mmmaschio,AF - BRUNO FOSTER,0,"0,2","0,1"," R$  (2,77)","0,00%","-7,22%","-3,61%",NLH,"-2,77"
15/06/2026,183552,pix183552,AF - BRUNO FOSTER,"9,54","0,2","5,53"," R$  (66,00)","-14,45%","-0,30%","-8,38%",MTT,-66
15/06/2026,178066,LKAC,AF - BRUNO FOSTER,0,0,0, R$  -   ,,,,NLH,0
15/06/2026,179947,pix179947,AF - BRUNO FOSTER,0,0,0, R$  -   ,,,,NLH,0
15/06/2026,135561,Modetec,AF - BRUNO FOSTER,0,0,0, R$  -   ,,,,NLH,0
15/06/2026,175736,jokerlouco777,AF - BRUNO FOSTER,0,0,0, R$  -   ,,,,NLH,0
15/06/2026,177258,????,AF - BRUNO FOSTER,0,0,0, R$  -   ,,,,NLH,0
15/06/2026,182597,pix182597,AF - BRUNO FOSTER,0,0,"20,94"," R$  (90,00)","0,00%","0,00%","-23,27%",NLH,-90
15/06/2026,184733,pix184733,AF - BRUNO FOSTER,0,0,0, R$  -   ,,,,NLH,0
15/06/2026,176921,Pe572dro,AF - BRUNO FOSTER,"7,01","3,4",0," R$  31,86 ","22,00%","10,67%","0,00%",NLH,"31,86"
15/06/2026,155185,fogonabomba?,AF - ISAC,"0,13","61,86",0," R$  (78,93)","-0,16%","-78,37%","0,00%",PLO6,"-78,93"
15/06/2026,157300,mago.bet,AF - ISAC,0,"14,9","0,42"," R$  (160,00)","0,00%","-9,31%","-0,26%",NLH,-160
15/06/2026,165906,reservapoker,AF - ISAC,0,93,"125,15"," R$  1.282,02 ","0,00%","7,25%","9,76%",PLO6,"1282,02"
15/06/2026,134625,GILMRZ7,AF - ISAC,"9,59",0,"2,05"," R$  (6,00)","-159,83%","0,00%","-34,17%",MTT,-6
15/06/2026,172191,Pru Pru,AF - ISAC,"10,9","19,3","119,21"," R$  (19,42)","-56,13%","-99,38%","-613,85%",NLH,"-19,42"
15/06/2026,159806,ÓBITO,AF - ISAC,0,2,0," R$  (20,00)","0,00%","-10,00%","0,00%",NLH,-20
15/06/2026,184013,ALLinFOLD,AF - ISAC,"1,71","14,82",0," R$  24,77 ","6,90%","59,83%","0,00%",MTT,"24,77"
15/06/2026,185342,ExterminadorDoFuturo,AF - ISAC,"10,68","20,43",0," R$  (18,40)","-58,04%","-111,03%","0,00%",PLO6,"-18,4"
15/06/2026,160088,DANGER,AF - ISAC,"74,74","132,6","468,14"," R$  (1.244,93)","-6,00%","-10,65%","-37,60%",NLH,"-1244,93"
15/06/2026,160321,GameOver,AF - ISAC,"164,19","189,3","428,72"," R$  (283,44)","-57,93%","-66,79%","-151,26%",NLH,"-283,44"
15/06/2026,143623,Lk_777,AF - ISAC,0,0,"43,62"," R$  (117,00)","0,00%","0,00%","-37,28%",NLH,-117
15/06/2026,193482,skylerpescador,AF - ISAC,0,0,"5,35"," R$  (25,00)","0,00%","0,00%","-21,40%",NLH,-25
15/06/2026,187086,usainfold,AF - ISAC,"3,91",0,"21,2"," R$  (238,34)","-1,64%","0,00%","-8,89%",MTT,"-238,34"
15/06/2026,170330,Sarochim10,AF - ISAC,0,"26,3",0," R$  (59,36)","0,00%","-44,31%","0,00%",NLH,"-59,36"
15/06/2026,150707,Ramon Alencar,AF - ISAC,0,"0,7","72,63"," R$  (264,33)","0,00%","-0,26%","-27,48%",NLH,"-264,33"
15/06/2026,170517,Maxwell Vinicius,AF - ISAC,"13,8","24,16",0," R$  80,26 ","17,19%","30,10%","0,00%",MTT,"80,26"
15/06/2026,134315,cobrao45,AF - ISAC,0,0,0," R$  12,89 ","0,00%","0,00%","0,00%",NLH,"12,89"
15/06/2026,145591,bratherPB,AF - ISAC,"1,36",0,0," R$  (2,17)","-62,67%","0,00%","0,00%",MTT,"-2,17"
15/06/2026,148579,AAllin?,AF - ISAC,0,"0,94",0," R$  (8,68)","0,00%","-10,83%","0,00%",NLH,"-8,68"
15/06/2026,149973,VI$AO,AF - ISAC,"7,54","1,9","2,05"," R$  55,59 ","13,56%","3,42%","3,69%",NLH,"55,59"
15/06/2026,153463,RyanGay,AF - ISAC,0,"0,1",0," R$  0,08 ","0,00%","125,00%","0,00%",MTT,"0,08"
15/06/2026,162061,El. Gordito,AF - ISAC,0,0,0, R$  -   ,,,,NLH,0
15/06/2026,165708,Jocker,AF - ISAC,0,0,"3,09"," R$  (18,00)","0,00%","0,00%","-17,17%",NLH,-18
15/06/2026,166672,Professor!,AF - ISAC,0,0,0, R$  -   ,,,,NLH,0
15/06/2026,169007,BrankinhoVidaLoka,AF - ISAC,0,0,0, R$  -   ,,,,NLH,0
15/06/2026,173010,ludjan,AF - ISAC,"1,69","1,5","3,78"," R$  (71,16)","-2,37%","-2,11%","-5,31%",MTT,"-71,16"
15/06/2026,173754,TTrincA,AF - ISAC,0,0,0, R$  -   ,,,,NLH,0
15/06/2026,176196,carolll,AF - ISAC,0,0,0, R$  -   ,,,,NLH,0
15/06/2026,177051,A2All-in,AF - ISAC,0,0,0, R$  -   ,,,,NLH,0
15/06/2026,177361,carolinajj,AF - ISAC,"0,58",0,0," R$  (0,97)","-59,79%","0,00%","0,00%",MTT,"-0,97"
15/06/2026,179759,fredykrueger,AF - ISAC,0,"0,1",0," R$  (1,00)","0,00%","-10,00%","0,00%",NLH,-1
15/06/2026,180525,mari3455,AF - ISAC,0,0,0, R$  -   ,,,,NLH,0
15/06/2026,184381,MANDA_PRA_CÁ,AF - ISAC,0,0,0," R$  1,60 ","0,00%","0,00%","0,00%",NLH,"1,6"
15/06/2026,186309,B?MB?L@D?,AF - ISAC,"18,32","25,1",0," R$  151,43 ","12,10%","16,58%","0,00%",MTT,"151,43"
15/06/2026,196198,pix196198,AF - ISAC,0,"0,8","70,22"," R$  105,46 ","0,00%","0,76%","66,58%",PLO6,"105,46"
15/06/2026,157767,BetZeppelin,AF - ISAC,"92,64","50,6",0," R$  (121,83)","-76,04%","-41,53%","0,00%",PLO6,"-121,83"
15/06/2026,164762,#007,AF - ISAC,0,"14,4",0," R$  (81,67)","0,00%","-17,63%","0,00%",NLH,"-81,67"
15/06/2026,136655,IAAUUUUUU,AF - ISAC,0,"5,2","28,56"," R$  (350,00)","0,00%","-1,49%","-8,16%",NLH,-350
15/06/2026,179756,vampirão,AF - ISAC,0,"0,5","5,49"," R$  (35,00)","0,00%","-1,43%","-15,69%",NLH,-35
15/06/2026,138562,BPOTY,AF - ISAC,0,0,"55,36"," R$  (252,83)","0,00%","0,00%","-21,90%",NLH,"-252,83"
15/06/2026,147375,opsicologo,AF - ISAC,"74,96","22,4","0,79"," R$  (214,87)","-34,89%","-10,42%","-0,37%",PLO6,"-214,87"
15/06/2026,175494,Pescador ?,AF - ISAC,"364,94","0,8",0," R$  574,47 ","63,53%","0,14%","0,00%",NLH,"574,47"
15/06/2026,146489,Visionário,AF - ISAC,0,"112,1","8,36"," R$  139,47 ","0,00%","80,38%","5,99%",MTT,"139,47"
15/06/2026,146742,Andrè P,AF - ISAC,0,0,"238,6"," R$  (523,30)","0,00%","0,00%","-45,60%",NLH,"-523,3"
15/06/2026,147781,Cachorro Locco,AF - ISAC,0,"100,79","42,05"," R$  (221,65)","0,00%","-45,47%","-18,97%",NLH,"-221,65"
15/06/2026,168507,HACK,AF - ISAC,"26,41","13,5","39,73"," R$  99,96 ","26,42%","13,51%","39,75%",PLO6,"99,96"
15/06/2026,168605,PlayBorges,AF - ISAC,"23,24","1,56","1,94"," R$  (12,20)","-190,49%","-12,79%","-15,90%",MTT,"-12,2"
15/06/2026,179839,KnalhAA,AF - ISAC,"29,41","2,7","0,28"," R$  (139,08)","-21,15%","-1,94%","-0,20%",PLO6,"-139,08"
15/06/2026,144320,zovão BOB,AF - ISAC,"85,84",0,"30,11"," R$  (408,00)","-21,04%","0,00%","-7,38%",MTT,-408
15/06/2026,159310,Dimenor__,AF - ISAC,0,"0,7","17,36"," R$  117,32 ","0,00%","0,60%","14,80%",PLO6,"117,32"
15/06/2026,196539,Harry Kane ?,AF - ISAC,0,"63,96","91,85"," R$  (383,00)","0,00%","-16,70%","-23,98%",NLH,-383
15/06/2026,148865,Kamila??,AF - ISAC,0,"7,34",0," R$  27,37 ","0,00%","26,82%","0,00%",MTT,"27,37"
15/06/2026,172820,SapatoBranco,AF - ISAC,0,"11,3",0," R$  (113,00)","0,00%","-10,00%","0,00%",NLH,-113
15/06/2026,162837,LucasSilva,AF - ISAC,0,"5,7","21,54"," R$  25,00 ","0,00%","22,80%","86,16%",PLO6,25
15/06/2026,182480,Sabor Poker,AF - ISAC,0,40,"5,42"," R$  (365,33)","0,00%","-10,95%","-1,48%",NLH,"-365,33"
15/06/2026,159721,PÉ Sujo,AF - ISAC,"8,32",2,0," R$  (132,40)","-6,28%","-1,51%","0,00%",PLO6,"-132,4"
15/06/2026,160496,joker?,AF - ISAC,"0,8",0,0," R$  15,01 ","5,33%","0,00%","0,00%",NLH,"15,01"
15/06/2026,172406,RyanPaleta,AF - ISAC,"1,59",0,0," R$  24,29 ","6,55%","0,00%","0,00%",NLH,"24,29"
15/06/2026,183094,CR7 ?,AF - ISAC,"10,48","1,3",0," R$  (51,38)","-20,40%","-2,53%","0,00%",PLO6,"-51,38"
15/06/2026,183598,DSoares,AF - ISAC,"1,64","0,5",0," R$  (11,00)","-14,91%","-4,55%","0,00%",PLO6,-11
15/06/2026,172079,JPSaless,AF - ISAC,"4,29",0,"960,08"," R$  2.436,04 ","0,18%","0,00%","39,41%",PLO6,"2436,04"
15/06/2026,110437,O Embaixador,AF - ISAC,0,0,0," R$  1,29 ","0,00%","0,00%","0,00%",NLH,"1,29"
15/06/2026,115734,RiverRat??,AF - ISAC,0,0,0, R$  -   ,,,,NLH,0
15/06/2026,122562,Richelly,AF - ISAC,0,0,0, R$  -   ,,,,NLH,0
15/06/2026,127634,BROC4D0R,AF - ISAC,0,0,0," R$  3,33 ","0,00%","0,00%","0,00%",NLH,"3,33"
15/06/2026,132058,DELICI0,AF - ISAC,0,0,0, R$  -   ,,,,NLH,0
15/06/2026,134166,LincolnLau,AF - ISAC,0,0,0," R$  3,33 ","0,00%","0,00%","0,00%",NLH,"3,33"
15/06/2026,135701,AVLIS,AF - ISAC,0,0,0, R$  -   ,,,,NLH,0
15/06/2026,136024,EL GATURNO,AF - ISAC,0,0,0, R$  -   ,,,,NLH,0
15/06/2026,146445,S4FADA0,AF - ISAC,0,0,0, R$  -   ,,,,NLH,0
15/06/2026,148138,Xurisbela,AF - ISAC,0,0,0," R$  2,62 ","0,00%","0,00%","0,00%",NLH,"2,62"
15/06/2026,153278,Amanhã,AF - ISAC,0,0,0, R$  -   ,,,,NLH,0
15/06/2026,156750,calango,AF - ISAC,0,"0,1",0," R$  (0,25)","0,00%","-40,00%","0,00%",NLH,"-0,25"
15/06/2026,165123,Fr0?D,AF - ISAC,"18,17",0,0, R$  -   ,,,,NLH,0
15/06/2026,171064,valmp7,AF - ISAC,0,0,0, R$  -   ,,,,NLH,0
15/06/2026,172400,Xumaca,AF - ISAC,0,0,"1,76"," R$  0,93 ","0,00%","0,00%","189,25%",PLO6,"0,93"
15/06/2026,175841,Lacerd1nha flush,AF - ISAC,0,0,0, R$  -   ,,,,NLH,0
15/06/2026,178656,PH777,AF - ISAC,0,1,0," R$  (10,00)","0,00%","-10,00%","0,00%",NLH,-10
15/06/2026,181583,faguirre,AF - ISAC,0,"1,3",0," R$  0,13 ","0,00%","1000,00%","0,00%",MTT,"0,13"
15/06/2026,193803,upacai,AF - ISAC,0,0,0, R$  -   ,,,,NLH,0
15/06/2026,182585,Carneiro?,AF - ISAC,0,"317,5",0," R$  826,58 ","0,00%","38,41%","0,00%",MTT,"826,58"
15/06/2026,196568,marabo,AF - ISAC,"33,49","46,08","8,31"," R$  (239,00)","-14,01%","-19,28%","-3,48%",PLO6,-239
15/06/2026,145247,vem devagar,AF - ISAC,"0,43","0,2",0," R$  7,11 ","6,05%","2,81%","0,00%",NLH,"7,11"
15/06/2026,145975,Maverick81,AF - ISAC,0,"5,7",0," R$  (57,00)","0,00%","-10,00%","0,00%",NLH,-57
15/06/2026,179753,bb204kk,AF - ISAC,0,"0,1",0," R$  (0,39)","0,00%","-25,64%","0,00%",NLH,"-0,39"
15/06/2026,179075,Mendes_,AF - ISAC,"1,09","19,1",0," R$  (115,27)","-0,95%","-16,57%","0,00%",PLO6,"-115,27"
15/06/2026,160177,henrry,AF - ISAC,0,0,"1,55"," R$  (10,00)","0,00%","0,00%","-15,50%",NLH,-10
15/06/2026,138239,Anna Trovão 17,AF - ISAC,0,"0,3",0," R$  (3,00)","0,00%","-10,00%","0,00%",NLH,-3
15/06/2026,162422,Lucas Arantes,AF - ISAC,0,"0,2",0," R$  (2,00)","0,00%","-10,00%","0,00%",NLH,-2
15/06/2026,149929,AlexPoker1337,AF - ISAC,"0,31",0,0," R$  14,47 ","2,14%","0,00%","0,00%",NLH,"14,47"
15/06/2026,102273,MARCONDES,AF - ISAC,"8,49","104,6","0,43"," R$  (263,11)","-3,23%","-39,76%","-0,16%",PLO6,"-263,11"
15/06/2026,136196,Storo,AF - ISAC,0,0,"22,91"," R$  (100,50)","0,00%","0,00%","-22,80%",NLH,"-100,5"
15/06/2026,151398,dagun,AF - ISAC,0,32,"302,27"," R$  (418,00)","0,00%","-7,66%","-72,31%",NLH,-418
15/06/2026,138188,Orafa,AF - ISAC,0,0,0," R$  2,99 ","0,00%","0,00%","0,00%",NLH,"2,99"
15/06/2026,139827,Eddyoliveira,AF - ISAC,0,0,0, R$  -   ,,,,NLH,0
15/06/2026,172110,JACAREZINHO,AF - ISAC,"0,38",0,0," R$  38,00 ","1,00%","0,00%","0,00%",NLH,38
15/06/2026,178427,Rudii01,AF - ISAC,0,0,0, R$  -   ,,,,NLH,0
15/06/2026,180867,Bocao,AF - ISAC,0,0,0, R$  -   ,,,,NLH,0
15/06/2026,181112,dafugaa,AF - ISAC,"3,11",0,0," R$  (9,00)","-34,56%","0,00%","0,00%",MTT,-9
15/06/2026,187404,Alex Poatan ??,AF - ISAC,0,0,0, R$  -   ,,,,NLH,0
15/06/2026,195968,Trakinas,AF - ISAC,0,0,0, R$  -   ,,,,NLH,0
15/06/2026,195991,CAP_MAIA,AF - ISAC,0,"16,55",0," R$  (144,33)","0,00%","-11,47%","0,00%",NLH,"-144,33"
15/06/2026,156590,DimKenney,AF - ISAC,0,"11,4",0," R$  (114,00)","0,00%","-10,00%","0,00%",NLH,-114
15/06/2026,188333,Magaly,AF - ISAC,0,0,0, R$  -   ,,,,NLH,0
15/06/2026,136921,JokerBluff9,AF - ISAC,0,3,"110,68"," R$  250,00 ","0,00%","1,20%","44,27%",PLO6,250
15/06/2026,178296,Hawk,AF - ISAC,0,0,"7,88"," R$  (55,09)","0,00%","0,00%","-14,30%",NLH,"-55,09"
15/06/2026,180131,PARAÍBA,AF - ISAC,0,0,"88,39"," R$  114,00 ","0,00%","0,00%","77,54%",PLO6,114
15/06/2026,138808,kinho17,AF - ISAC,0,0,0," R$  1,27 ","0,00%","0,00%","0,00%",NLH,"1,27"
15/06/2026,151080,@thaleslima7,AF - ISAC,0,0,0," R$  1,46 ","0,00%","0,00%","0,00%",NLH,"1,46"
15/06/2026,153492,Anna11,AF - ISAC,0,0,0, R$  -   ,,,,NLH,0
15/06/2026,164419,TchauBozo,AF - ISAC,0,0,0, R$  -   ,,,,NLH,0
15/06/2026,179751,devil may cry,AF - ISAC,0,0,0, R$  -   ,,,,NLH,0
15/06/2026,179760,repanga73,AF - ISAC,0,0,0, R$  -   ,,,,NLH,0
15/06/2026,195693,all in pre flop,AF - ISAC,0,0,0, R$  -   ,,,,NLH,0
15/06/2026,195571,Dovgl@s,AF - ISAC,0,"4,5",0," R$  (45,00)","0,00%","-10,00%","0,00%",NLH,-45
15/06/2026,169027,joao013,AF - ISAC,"0,43",1,0," R$  (14,00)","-3,07%","-7,14%","0,00%",PLO6,-14
15/06/2026,181666,marvinea,AF - ISAC,0,13,0," R$  (130,00)","0,00%","-10,00%","0,00%",NLH,-130
15/06/2026,175064,oCalvoDoPoker,AF - ISAC,0,5,0," R$  (50,00)","0,00%","-10,00%","0,00%",NLH,-50
15/06/2026,125837,pix827372,AF - ISAC,"114,51","3,6","9,22"," R$  310,95 ","36,83%","1,16%","2,97%",NLH,"310,95"
15/06/2026,157482,XXMECCIN10,AF - ISAC,"20,68","2,8",0," R$  (19,34)","-106,93%","-14,48%","0,00%",PLO6,"-19,34"
15/06/2026,195297,pix195297,AF - ISAC,"2,99",0,0," R$  (2,19)","-136,53%","0,00%","0,00%",MTT,"-2,19"
15/06/2026,195641,ReiDaCallErrada,AF - ISAC,0,0,0, R$  -   ,,,,NLH,0
15/06/2026,196598,andrevictor1,AF - ISAC,0,"3,7",0," R$  (36,52)","0,00%","-10,13%","0,00%",NLH,"-36,52"
15/06/2026,131627,Lucas Davi,AF - ISAC,0,0,0, R$  -   ,,,,NLH,0
15/06/2026,135383,thxmx,AF - ISAC,0,0,"19,18"," R$  15,75 ","0,00%","0,00%","121,78%",PLO6,"15,75"
15/06/2026,155732,gomezzz,AF - ISAC,0,0,"3,33"," R$  (46,00)","0,00%","0,00%","-7,24%",NLH,-46
15/06/2026,127918,JC12,AF - ISAC,0,0,"23,15"," R$  (148,00)","0,00%","0,00%","-15,64%",NLH,-148
15/06/2026,158223,NIKE,AF - ISAC,"3,61","2,5",0," R$  (27,00)","-13,37%","-9,26%","0,00%",PLO6,-27
15/06/2026,153056,f3lliP1,AF - ISAC,"10,32",0,"42,42"," R$  (206,22)","-5,00%","0,00%","-20,57%",MTT,"-206,22"
15/06/2026,111358,elzenga420,AF - ISAC,0,0,0, R$  -   ,,,,NLH,0
15/06/2026,127627,Cristiano Ronaldo.,AF - ISAC,0,0,0, R$  -   ,,,,NLH,0
15/06/2026,192048,kauaaugustto,AF - ISAC,0,1,0," R$  (10,00)","0,00%","-10,00%","0,00%",NLH,-10
15/06/2026,109124,Brunoovieir_,AF - ISAC,0,"2,2","2,29"," R$  (50,93)","0,00%","-4,32%","-4,50%",NLH,"-50,93"
15/06/2026,123541,DanyLima,AF - ISAC,0,"2,2",0," R$  (22,00)","0,00%","-10,00%","0,00%",NLH,-22
15/06/2026,153375,MrDemite,AF - ISAC,"0,48","6,5",0," R$  115,68 ","0,41%","5,62%","0,00%",MTT,"115,68"
15/06/2026,124313,philippebarone,AF - ISAC,0,0,0, R$  -   ,,,,NLH,0
15/06/2026,134283,D〽?,AF - ISAC,0,0,0, R$  -   ,,,,NLH,0
15/06/2026,155562,Meupiru$,AF - ISAC,0,0,0, R$  -   ,,,,NLH,0
15/06/2026,180007,pix180007,AF - ISAC,0,0,0, R$  -   ,,,,NLH,0
15/06/2026,194858,unrealgio,AF - ISAC,0,0,0," R$  2,57 ","0,00%","0,00%","0,00%",NLH,"2,57"
15/06/2026,148644,TalesGimenez,AF - ISAC,0,0,0, R$  -   ,,,,NLH,0
15/06/2026,136890,barakaplayer,AF - ISAC,0,0,"46,26"," R$  88,65 ","0,00%","0,00%","52,18%",PLO6,"88,65"
15/06/2026,159265,BANKER,AF - ISAC,0,26,"50,05"," R$  46,52 ","0,00%","55,89%","107,59%",PLO6,"46,52"
15/06/2026,193540,Tony.S,AF - ISAC,0,13,0," R$  (130,00)","0,00%","-10,00%","0,00%",NLH,-130
15/06/2026,179907,Lulabolusco,AF - ISAC,"6,92",0,0," R$  (60,00)","-11,53%","0,00%","0,00%",MTT,-60
15/06/2026,138224,Moabe Soares,AF - ISAC,0,0,"58,15"," R$  (530,37)","0,00%","0,00%","-10,96%",NLH,"-530,37"
15/06/2026,172709,Almir Martins,AF - ISAC,0,0,0, R$  -   ,,,,NLH,0
15/06/2026,191993,wallygarage,AF - ISAC,0,0,0, R$  -   ,,,,NLH,0
15/06/2026,192125,ReiDoFree,AF - ISAC,0,0,0, R$  -   ,,,,NLH,0
15/06/2026,150540,semgalantia,AF - ISAC,0,"14,7","3,22"," R$  (173,67)","0,00%","-8,46%","-1,85%",NLH,"-173,67"
15/06/2026,175007,SANTOS28,AF - ISAC,"11,82","1,2",0," R$  290,28 ","4,07%","0,41%","0,00%",NLH,"290,28"
15/06/2026,158081,NICK,AF - ISAC,0,"25,4","136,42"," R$  776,00 ","0,00%","3,27%","17,58%",PLO6,776
15/06/2026,165271,nene_4:20,AF - ISAC,"2,77","0,8",0," R$  (43,08)","-6,43%","-1,86%","0,00%",PLO6,"-43,08"
15/06/2026,139283,sai do meio,AF - ISAC,"3,33",0,0," R$  (11,00)","-30,27%","0,00%","0,00%",MTT,-11
15/06/2026,118511,PizzariaFP,AF - ISAC,0,0,"1,08"," R$  (20,32)","0,00%","0,00%","-5,31%",NLH,"-20,32"
15/06/2026,147991,BateuAsNossa,AF - ISAC,0,0,"2,56"," R$  (35,00)","0,00%","0,00%","-7,31%",NLH,-35
15/06/2026,120885,&&&&,AF - ISAC,0,10,0, R$  -   ,,,,NLH,0
15/06/2026,149857,Bignutela,AF - ISAC,"2,34",0,0," R$  5,88 ","39,80%","0,00%","0,00%",NLH,"5,88"
15/06/2026,123684,Batagin,AF - ISAC,"0,63",3,0," R$  (38,62)","-1,63%","-7,77%","0,00%",PLO6,"-38,62"
15/06/2026,180962,rawa,AF - ISAC,"3,07",0,0," R$  (12,00)","-25,58%","0,00%","0,00%",MTT,-12
15/06/2026,157052,winnikes,AF - MARKETING,0,"114,4",0," R$  (282,35)","0,00%","-40,52%","0,00%",NLH,"-282,35"
15/06/2026,190837,LOKOLOKO,AF - MARKETING,0,"502,3",0," R$  (1.736,22)","0,00%","-28,93%","0,00%",NLH,"-1736,22"
15/06/2026,172775,messi,AF - MARKETING,"831,3","15,8","286,02"," R$  (922,29)","-90,13%","-1,71%","-31,01%",MTT,"-922,29"
15/06/2026,169786,Aluci,AF - MARKETING,0,"4,82","33,9"," R$  (156,02)","0,00%","-3,09%","-21,73%",NLH,"-156,02"
15/06/2026,114520,tz?,AF - MARKETING,0,0,"1,96"," R$  (28,00)","0,00%","0,00%","-7,00%",NLH,-28
15/06/2026,153229,bencinha,AF - MARKETING,0,125,"1171,84"," R$  (4.318,70)","0,00%","-2,89%","-27,13%",NLH,"-4318,7"
15/06/2026,144175,DexterM,AF - MARKETING,0,0,7," R$  75,16 ","0,00%","0,00%","9,31%",PLO6,"75,16"
15/06/2026,186297,Joda,AF - MARKETING,0,"4,4",0," R$  (44,00)","0,00%","-10,00%","0,00%",NLH,-44
15/06/2026,162931,coroa da lancha,AF - MARKETING,"2,39","10,36",0," R$  (14,27)","-16,75%","-72,60%","0,00%",PLO6,"-14,27"
15/06/2026,156346,kxa28,AF - MARKETING,0,"54,2",0," R$  115,41 ","0,00%","46,96%","0,00%",MTT,"115,41"
15/06/2026,196349,tigre77,AF - MARKETING,"2,02",4,"20,36"," R$  21,50 ","9,40%","18,60%","94,70%",PLO6,"21,5"
15/06/2026,104649,dmendes,AF - MARKETING,"230,87",0,"76,72"," R$  (248,00)","-93,09%","0,00%","-30,94%",MTT,-248
15/06/2026,169327,GeMare,AF - MARKETING,0,0,"71,37"," R$  (21,28)","0,00%","0,00%","-335,39%",NLH,"-21,28"
15/06/2026,102930,pix102930,AF - MARKETING,0,"88,4",0," R$  (569,04)","0,00%","-15,53%","0,00%",NLH,"-569,04"
15/06/2026,156209,calvin88,AF - MARKETING,0,50,"18,47"," R$  (300,00)","0,00%","-16,67%","-6,16%",NLH,-300
15/06/2026,157465,Pikitin,AF - MARKETING,"1,62","48,4",3," R$  100,65 ","1,61%","48,09%","2,98%",MTT,"100,65"
15/06/2026,174738,the best,AF - MARKETING,0,0,"147,44"," R$  (836,00)","0,00%","0,00%","-17,64%",NLH,-836
15/06/2026,171907,zeus?,AF - MARKETING,0,0,"194,58"," R$  (552,00)","0,00%","0,00%","-35,25%",NLH,-552
15/06/2026,195995,Macarron,AF - MARKETING,0,0,"1243,97"," R$  (1.563,14)","0,00%","0,00%","-79,58%",NLH,"-1563,14"
15/06/2026,146204,Mia colute,AF - MARKETING,0,0,"163,95"," R$  (172,56)","0,00%","0,00%","-95,01%",NLH,"-172,56"
15/06/2026,172040,layon12,AF - MARKETING,0,0,"30,75"," R$  (93,00)","0,00%","0,00%","-33,06%",NLH,-93
15/06/2026,172165,samuelsales,AF - MARKETING,"14,94","33,7","324,89"," R$  (2.392,83)","-0,62%","-1,41%","-13,58%",NLH,"-2392,83"
15/06/2026,100240,Abacatudo,AF - MARKETING,0,"2,9","13,89"," R$  (52,85)","0,00%","-5,49%","-26,28%",NLH,"-52,85"
15/06/2026,124675,tsousa,AF - MARKETING,0,"3,96","17,9"," R$  (87,65)","0,00%","-4,52%","-20,42%",NLH,"-87,65"
15/06/2026,166745,Joaosnow,AF - MARKETING,0,"37,3",0," R$  (365,00)","0,00%","-10,22%","0,00%",NLH,-365
15/06/2026,172832,A LENDA1010,AF - MARKETING,"0,19",1,0," R$  (0,52)","-36,54%","-192,31%","0,00%",PLO6,"-0,52"
15/06/2026,157957,Diogo posture,AF - MARKETING,"0,77","2,4","2,34"," R$  (32,00)","-2,41%","-7,50%","-7,31%",NLH,-32
15/06/2026,100709,DITOX,AF - MARKETING,0,286,"15,34"," R$  493,67 ","0,00%","57,93%","3,11%",MTT,"493,67"
15/06/2026,179579,Linopraxedes,AF - MARKETING,0,30,0," R$  (300,00)","0,00%","-10,00%","0,00%",NLH,-300
15/06/2026,116027,Marinho07,AF - MARKETING,0,0,"0,33"," R$  (5,35)","0,00%","0,00%","-6,17%",NLH,"-5,35"
15/06/2026,157560,cachorro,AF - MARKETING,"2,46",0,"33,56"," R$  (181,00)","-1,36%","0,00%","-18,54%",MTT,-181
15/06/2026,174022,S.P.Clube,AF - MARKETING,0,54,0," R$  381,57 ","0,00%","14,15%","0,00%",MTT,"381,57"
15/06/2026,176410,GJCruz,AF - MARKETING,0,"0,2",0," R$  0,04 ","0,00%","500,00%","0,00%",MTT,"0,04"
15/06/2026,185326,SBRN,AF - MARKETING,0,0,0, R$  -   ,,,,NLH,0
15/06/2026,179178,akazin27,AF - MARKETING,0,0,0," R$  (100,00)","0,00%","0,00%","0,00%",NLH,-100
15/06/2026,171072,KLBezinho,AF - MARKETING,0,0,"48,95"," R$  (16,42)","0,00%","0,00%","-298,11%",NLH,"-16,42"
15/06/2026,118640,WEASLEY,AF - MARKETING,0,40,"328,93"," R$  (3.293,84)","0,00%","-1,21%","-9,99%",NLH,"-3293,84"
15/06/2026,133124,I.Oliveira,AF - MARKETING,0,0,"14,21"," R$  130,00 ","0,00%","0,00%","10,93%",PLO6,130
15/06/2026,175198,SOATEREZA,AF - MARKETING,0,80,"1,17"," R$  (23,35)","0,00%","-342,61%","-5,01%",NLH,"-23,35"
15/06/2026,100537,Zebrano,AF - MARKETING,0,80,"1273,89"," R$  2.869,51 ","0,00%","2,79%","44,39%",PLO6,"2869,51"
15/06/2026,129552,MeuMAAlvado,AF - MARKETING,0,80,0," R$  112,50 ","0,00%","71,11%","0,00%",MTT,"112,5"
15/06/2026,170934,Monstro sagrado,AF - MARKETING,0,"12,95",0," R$  (129,50)","0,00%","-10,00%","0,00%",NLH,"-129,5"
15/06/2026,159041,silverio,AF - MARKETING,0,0,0, R$  -   ,,,,NLH,0
15/06/2026,131753,egoísta,AF - MARKETING,0,"24,35",0," R$  (242,21)","0,00%","-10,05%","0,00%",NLH,"-242,21"
15/06/2026,130270,Picademel,AF - MARKETING,"0,37",0,"2,41"," R$  (35,00)","-1,06%","0,00%","-6,89%",MTT,-35
15/06/2026,162122,K.Luna,AF - MARKETING,0,"3,1",0," R$  (31,00)","0,00%","-10,00%","0,00%",NLH,-31
15/06/2026,173241,QKceta,AF - MARKETING,0,"18,1","194,5"," R$  1.267,70 ","0,00%","1,43%","15,34%",PLO6,"1267,7"
15/06/2026,171183,véio do pocker,AF - MARKETING,"2,66",0,"5,6"," R$  (100,00)","-2,66%","0,00%","-5,60%",MTT,-100
15/06/2026,195997,pestebranca,AF - MARKETING,"19,11",7,"24,34"," R$  (47,75)","-40,02%","-14,66%","-50,97%",MTT,"-47,75"
15/06/2026,119471,Rospepi,AF - MARKETING,"1,37",0,0," R$  (20,00)","-6,85%","0,00%","0,00%",MTT,-20
15/06/2026,156809,AL ?,AF - MARKETING,"3,47",0,"15,29"," R$  (84,42)","-4,11%","0,00%","-18,11%",MTT,"-84,42"
15/06/2026,109677,rafaelsanntos,AF - MARKETING,0,0,"288,48"," R$  815,82 ","0,00%","0,00%","35,36%",PLO6,"815,82"
15/06/2026,170576,cavalinho??,AF - MARKETING,0,0,"1,36"," R$  (19,00)","0,00%","0,00%","-7,16%",NLH,-19
15/06/2026,144889,NaMalda.,AF - MARKETING,0,10,0," R$  (100,00)","0,00%","-10,00%","0,00%",NLH,-100
15/06/2026,155555,Alustau,AF - MARKETING,"0,28",0,0," R$  (4,00)","-7,00%","0,00%","0,00%",MTT,-4
15/06/2026,160798,necrótico?,AF - LEANDRO,"47,62","7,6","3,4"," R$  (83,14)","-57,28%","-9,14%","-4,09%",PLO6,"-83,14"
15/06/2026,165375,SAROBEIRO ?,AF - LEANDRO,"4,12",0,0," R$  (19,32)","-21,33%","0,00%","0,00%",MTT,"-19,32"
15/06/2026,146222,YpiokAA,AF - LEANDRO,"0,32",0,"320,86"," R$  (349,53)","-0,09%","0,00%","-91,80%",MTT,"-349,53"
15/06/2026,138504,Pilantragem,AF - LEANDRO,0,"3,5","111,97"," R$  (643,00)","0,00%","-0,54%","-17,41%",NLH,-643
15/06/2026,108942,Galhego,AF - LEANDRO,"4,53",0,0," R$  (20,00)","-22,65%","0,00%","0,00%",MTT,-20
15/06/2026,127645,Erick Vinny,AF - LEANDRO,"3,96",0,0," R$  (8,00)","-49,50%","0,00%","0,00%",MTT,-8
15/06/2026,146053,MANDALORIAN-146053,AF - LEANDRO,0,"2,3",0," R$  (20,81)","0,00%","-11,05%","0,00%",NLH,"-20,81"
15/06/2026,140016,T. Shelby,AF - LEANDRO,0,"9,4",0," R$  (94,00)","0,00%","-10,00%","0,00%",NLH,-94
15/06/2026,111763,patifari@ poker,AF - LEANDRO,"37,88","27,8",0," R$  (249,95)","-15,16%","-11,12%","0,00%",PLO6,"-249,95"
15/06/2026,139476,willamys,AF - LEANDRO,9,3,"5,64"," R$  132,32 ","6,80%","2,27%","4,26%",NLH,"132,32"
15/06/2026,150696,Derel?,AF - LEANDRO,"29,06",0,0," R$  (77,00)","-37,74%","0,00%","0,00%",MTT,-77
15/06/2026,152328,ALEMDALOMBRA??,AF - LEANDRO,"175,57",0,0," R$  (11,90)","-1475,38%","0,00%","0,00%",MTT,"-11,9"
15/06/2026,179740,energyronald,AF - LEANDRO,"34,55",0,"0,66"," R$  (149,00)","-23,19%","0,00%","-0,44%",MTT,-149
15/06/2026,119859,bielzera,AF - LEANDRO,"3,8",0,"9,12"," R$  (116,00)","-3,28%","0,00%","-7,86%",MTT,-116
15/06/2026,162657,xiiu,AF - LEANDRO,"21,03",0,0," R$  (82,23)","-25,57%","0,00%","0,00%",MTT,"-82,23"
15/06/2026,171573,Gabriel.Lacerda,AF - LEANDRO,"87,98","12,5","56,88"," R$  (930,00)","-9,46%","-1,34%","-6,12%",MTT,-930
15/06/2026,114406,perna longa,AF - LEANDRO,"13,44","3,1","17,89"," R$  (241,00)","-5,58%","-1,29%","-7,42%",MTT,-241
15/06/2026,116668,Pedroga,AF - LEANDRO,"2,6",0,0," R$  (12,00)","-21,67%","0,00%","0,00%",MTT,-12
15/06/2026,134393,Bonecas,AF - LEANDRO,"8,5",0,"0,01"," R$  (46,00)","-18,48%","0,00%","-0,02%",MTT,-46
15/06/2026,157769,vpzera,AF - LEANDRO,"0,73","7,8","283,74"," R$  (245,13)","-0,30%","-3,18%","-115,75%",NLH,"-245,13"
15/06/2026,159479,malukinho,AF - LEANDRO,"63,31",0,0," R$  (287,79)","-22,00%","0,00%","0,00%",MTT,"-287,79"
15/06/2026,164147,DavidRam,AF - LEANDRO,"23,46",0,0," R$  (124,00)","-18,92%","0,00%","0,00%",MTT,-124
15/06/2026,165787,PRA SEMPRE GANLEY,AF - LEANDRO,"4,91",2,"33,25"," R$  112,58 ","4,36%","1,78%","29,53%",PLO6,"112,58"
15/06/2026,138513,A chibata neste,AF - LEANDRO,"13,26",0,0," R$  (49,00)","-27,06%","0,00%","0,00%",MTT,-49
15/06/2026,139541,Boca,AF - LEANDRO,"0,69","4,3","60,01"," R$  (45,49)","-1,52%","-9,45%","-131,92%",NLH,"-45,49"
15/06/2026,143578,Drxx,AF - LEANDRO,"10,02","47,7","17,65"," R$  (143,50)","-6,98%","-33,24%","-12,30%",NLH,"-143,5"
15/06/2026,149115,carlito157,AF - LEANDRO,"0,27",0,"55,64"," R$  (132,60)","-0,20%","0,00%","-41,96%",MTT,"-132,6"
15/06/2026,152368,TôNemAÍ,AF - LEANDRO,0,0,"2,39"," R$  (29,00)","0,00%","0,00%","-8,24%",NLH,-29
15/06/2026,159067,Brenooo,AF - LEANDRO,0,0,"28,79"," R$  (64,38)","0,00%","0,00%","-44,72%",NLH,"-64,38"
15/06/2026,133735,Balodinhosx777,AF - LEANDRO,0,0,"20,5"," R$  (38,90)","0,00%","0,00%","-52,70%",NLH,"-38,9"
15/06/2026,110187,pix110187,AF - LEANDRO,"1,29",1,0," R$  (16,00)","-8,06%","-6,25%","0,00%",PLO6,-16
15/06/2026,119181,AstecK,AF - LEANDRO,"17,05",0,0," R$  147,52 ","11,56%","0,00%","0,00%",NLH,"147,52"
15/06/2026,112206,thebest,AF - LEANDRO,0,0,"94,58"," R$  (85,43)","0,00%","0,00%","-110,71%",NLH,"-85,43"
15/06/2026,132060,GAAALLLOOOOOOOOO,AF - LEANDRO,0,0,0, R$  -   ,,,,NLH,0
15/06/2026,145256,FabrícioVoctor,AF - LEANDRO,0,0,0, R$  -   ,,,,NLH,0
15/06/2026,152313,JP777,AF - LEANDRO,0,"5,9",0," R$  (53,77)","0,00%","-10,97%","0,00%",NLH,"-53,77"
15/06/2026,162734,abdujaballl,AF - LEANDRO,0,0,0, R$  -   ,,,,NLH,0
15/06/2026,165311,boruto,AF - LEANDRO,0,0,0, R$  -   ,,,,NLH,0
15/06/2026,151420,devil,AF - LEANDRO,0,0,"0,92"," R$  (8,00)","0,00%","0,00%","-11,50%",NLH,-8
15/06/2026,176575,Vela,AF - LEANDRO,"42,2",0,0," R$  (121,36)","-34,77%","0,00%","0,00%",MTT,"-121,36"
15/06/2026,121205,nylmar,AF - LEANDRO,"4,71","3,14",0," R$  (68,40)","-6,89%","-4,59%","0,00%",PLO6,"-68,4"
15/06/2026,180159,JOT4ÉRRE,AF - LEANDRO,0,0,"15,83"," R$  (90,00)","0,00%","0,00%","-17,59%",NLH,-90
15/06/2026,117424,Kagê ?,AF - LEANDRO,"58,59",0,"181,87"," R$  (385,65)","-15,19%","0,00%","-47,16%",MTT,"-385,65"
15/06/2026,142316,Tomzera Apelão,AF - LEANDRO,0,"31,6","36,49"," R$  655,60 ","0,00%","4,82%","5,57%",PLO6,"655,6"
15/06/2026,151970,METEORO,AF - LEANDRO,0,0,"5,2"," R$  (60,00)","0,00%","0,00%","-8,67%",NLH,-60
15/06/2026,114556,Santista Roxo,AF - LEANDRO,0,0,0, R$  -   ,,,,NLH,0
15/06/2026,126685,donjuan,AF - LEANDRO,0,0,0, R$  -   ,,,,NLH,0
15/06/2026,153757,jaironmachado,AF - LEANDRO,0,0,0, R$  -   ,,,,NLH,0
15/06/2026,159010,MESTRESHEIK,AF - LEANDRO,0,0,0, R$  -   ,,,,NLH,0
15/06/2026,156447,QuebraBanca,AF - LEANDRO,"34,14",3,0," R$  (176,51)","-19,34%","-1,70%","0,00%",PLO6,"-176,51"
15/06/2026,130760,B L O S,AF - LEANDRO,0,0,"45,61"," R$  (618,44)","0,00%","0,00%","-7,38%",NLH,"-618,44"
15/06/2026,159464,Mineirinho18,AF - LEANDRO,"2,82",0,0," R$  (42,00)","-6,71%","0,00%","0,00%",MTT,-42
15/06/2026,125576,macdss0111,AF - LEANDRO,"0,59","5,9",0," R$  36,86 ","1,60%","16,01%","0,00%",MTT,"36,86"
15/06/2026,128825,pix128825,AF - LEANDRO,0,0,0, R$  -   ,,,,NLH,0
15/06/2026,129294,Moraes14,AF - LEANDRO,"122,7",21,"16,14"," R$  488,41 ","25,12%","4,30%","3,30%",NLH,"488,41"
15/06/2026,146963,kinho011,AF - LEANDRO,0,0,0, R$  -   ,,,,NLH,0
15/06/2026,156687,dreher,AF - LEANDRO,0,0,0, R$  -   ,,,,NLH,0
15/06/2026,157379,eufrazio07,AF - LEANDRO,0,"1,4","8,01"," R$  (48,00)","0,00%","-2,92%","-16,69%",NLH,-48
15/06/2026,107566,BruxoAl,AF - LEANDRO,"7,28","34,1",0," R$  (231,04)","-3,15%","-14,76%","0,00%",PLO6,"-231,04"
15/06/2026,129998,Gengis Khan,AF - LEANDRO,"2,28",0,"1,04"," R$  (39,00)","-5,85%","0,00%","-2,67%",MTT,-39
15/06/2026,153698,Ojuara??,AF - LEANDRO,0,25,0," R$  (238,75)","0,00%","-10,47%","0,00%",NLH,"-238,75"
15/06/2026,164460,J h o n z i n h o10k,AF - LEANDRO,0,"8,4","61,51"," R$  (400,00)","0,00%","-2,10%","-15,38%",NLH,-400
15/06/2026,170947,donalditrump,AF - LEANDRO,0,"25,9","1,97"," R$  (259,00)","0,00%","-10,00%","-0,76%",NLH,-259
15/06/2026,167825,pix167825,AF - LEANDRO,0,0,0, R$  -   ,,,,NLH,0
15/06/2026,140127,xxxtentactionxxx,AF - LEANDRO,"0,88",0,"45,67"," R$  (130,91)","-0,67%","0,00%","-34,89%",MTT,"-130,91"
15/06/2026,128490,jmpa,AF - LEANDRO,"96,76",0,0," R$  60,31 ","160,44%","0,00%","0,00%",NLH,"60,31"
15/06/2026,130833,joakspk,AF - LEANDRO,0,0,0," R$  1,46 ","0,00%","0,00%","0,00%",NLH,"1,46"
15/06/2026,148508,atrevido,AF - LEANDRO,0,0,0, R$  -   ,,,,NLH,0
15/06/2026,156730,atrevido3,AF - LEANDRO,0,1,"2,81"," R$  (26,00)","0,00%","-3,85%","-10,81%",NLH,-26
15/06/2026,147777,zanol,AF - LEANDRO,"2,76","1,2",0," R$  (50,00)","-5,52%","-2,40%","0,00%",PLO6,-50
15/06/2026,141565,shameless,AF - LEANDRO,"6,53",0,"0,88"," R$  (53,00)","-12,32%","0,00%","-1,66%",MTT,-53
15/06/2026,153963,Bandeira10,AF - LEANDRO,0,8,"0,99"," R$  (82,00)","0,00%","-9,76%","-1,21%",NLH,-82
15/06/2026,156755,motocó?,AF - LEANDRO,0,0,"4,06"," R$  (8,00)","0,00%","0,00%","-50,75%",NLH,-8
15/06/2026,163807,xaganais,AF - LEANDRO,0,0,"3,98"," R$  (20,00)","0,00%","0,00%","-19,90%",NLH,-20
15/06/2026,150511,El Maestroo,AF - LEANDRO,0,"0,1",0," R$  (1,00)","0,00%","-10,00%","0,00%",NLH,-1
15/06/2026,135735,Tchamba,AF - LEANDRO,0,0,"7,09"," R$  45,12 ","0,00%","0,00%","15,71%",PLO6,"45,12"
15/06/2026,166162,Homer LABS,AF - LEANDRO,0,0,"3,8"," R$  (50,00)","0,00%","0,00%","-7,60%",NLH,-50
15/06/2026,117504,pix117504,AF - LEANDRO,0,0,0," R$  0,40 ","0,00%","0,00%","0,00%",NLH,"0,4"
15/06/2026,155377,GabrielFallett,AF - LEANDRO,0,0,0, R$  -   ,,,,NLH,0
15/06/2026,163958,Netobala,AF - LEANDRO,0,0,0," R$  0,40 ","0,00%","0,00%","0,00%",NLH,"0,4"
15/06/2026,138374,pix138374,AF - LEANDRO,0,0,0, R$  -   ,,,,NLH,0
15/06/2026,151135,tutu151135,AF - LEANDRO,"0,22",0,"170,01"," R$  (630,08)","-0,03%","0,00%","-26,98%",MTT,"-630,08"
15/06/2026,150298,Msanto,AF - LEANDRO,"13,87",0,0," R$  79,00 ","17,56%","0,00%","0,00%",NLH,79
15/06/2026,151610,general,AF - LEANDRO,0,0,0, R$  -   ,,,,NLH,0
15/06/2026,193714,pix193714,AF - LEANDRO,0,0,0, R$  -   ,,,,NLH,0
15/06/2026,162745,TOMATao,AF - LEANDRO,0,0,"0,37"," R$  (5,03)","0,00%","0,00%","-7,36%",NLH,"-5,03"
15/06/2026,141811,godobuceta??,AF - LEANDRO,"18,7",0,"7,55"," R$  (31,00)","-60,32%","0,00%","-24,35%",MTT,-31
15/06/2026,139265,DiegoPicaPau,AF - LEANDRO,"1,45",1,0," R$  (14,12)","-10,27%","-7,08%","0,00%",PLO6,"-14,12"
15/06/2026,158000,MoRPhEo,AF - LEANDRO,"0,41",0,0," R$  14,01 ","2,93%","0,00%","0,00%",NLH,"14,01"
15/06/2026,172006,Nolan,AF - LEANDRO,0,0,0, R$  -   ,,,,NLH,0
15/06/2026,151379,Garel?,AF - LEANDRO,"30,56",0,0," R$  (104,00)","-29,38%","0,00%","0,00%",MTT,-104
15/06/2026,148768,Igor Nascimento,AF - LEANDRO,"2,95",0,"0,62"," R$  (45,94)","-6,42%","0,00%","-1,35%",MTT,"-45,94"
15/06/2026,168454,G2___,AF - LEANDRO,"3,78",0,"1,04"," R$  55,00 ","6,87%","0,00%","1,89%",NLH,55
15/06/2026,171558,oliveiraluiz,AF - LEANDRO,0,0,"1,24"," R$  (100,00)","0,00%","0,00%","-1,24%",NLH,-100
15/06/2026,172717,bicarbonato,AF - LEANDRO,0,0,"0,01"," R$  (0,33)","0,00%","0,00%","-3,03%",NLH,"-0,33"
15/06/2026,194136,paracatu,AF - LEANDRO,0,"15,4","10,35"," R$  1,20 ","0,00%","1283,33%","862,50%",MTT,"1,2"
15/06/2026,166183,Durcall,AF -JR. CALAZANS,0,"82,1",0," R$  314,78 ","0,00%","26,08%","0,00%",MTT,"314,78"
15/06/2026,178284,tuffs,AF -JR. CALAZANS,0,20,"1219,36"," R$  1.395,13 ","0,00%","1,43%","87,40%",PLO6,"1395,13"
15/06/2026,188987,Apple,AF -JR. CALAZANS,0,30,"5941,03"," R$  (560,00)","0,00%","-5,36%","-1060,90%",NLH,-560
15/06/2026,135727,D. Luffy,AF -JR. CALAZANS,0,"57,1","0,23"," R$  164,58 ","0,00%","34,69%","0,14%",MTT,"164,58"
15/06/2026,124340,Agoravai,AF -JR. CALAZANS,0,198,"3086,49"," R$  (1.239,81)","0,00%","-15,97%","-248,95%",NLH,"-1239,81"
15/06/2026,183037,Bingo,AF -JR. CALAZANS,0,0,"421,78"," R$  463,64 ","0,00%","0,00%","90,97%",PLO6,"463,64"
15/06/2026,137862,runeruner,AF -JR. CALAZANS,"38,33",19,0," R$  (106,80)","-35,89%","-17,79%","0,00%",PLO6,"-106,8"
15/06/2026,136575,Blef_Nuts,AF -JR. CALAZANS,"0,45","5,86","50,75"," R$  (357,00)","-0,13%","-1,64%","-14,22%",NLH,-357
15/06/2026,129018,Alfredão,AF -JR. CALAZANS,0,0,"342,99"," R$  (5.500,00)","0,00%","0,00%","-6,24%",NLH,-5500
15/06/2026,131603,key??,AF -JR. CALAZANS,0,0,"308,64"," R$  (2.940,04)","0,00%","0,00%","-10,50%",NLH,"-2940,04"
15/06/2026,192627,timãoepumba,AF -JR. CALAZANS,0,0,"373,4"," R$  (3.550,44)","0,00%","0,00%","-10,52%",NLH,"-3550,44"
15/06/2026,131291,Moreirão,AF -JR. CALAZANS,0,0,"229,2"," R$  (3.175,76)","0,00%","0,00%","-7,22%",NLH,"-3175,76"
15/06/2026,149182,Alan Jatobá,AF -JR. CALAZANS,0,0,0, R$  -   ,,,,NLH,0
15/06/2026,145621,KaKatuA,AF -JR. CALAZANS,"25,81",0,"3,94"," R$  (140,00)","-18,44%","0,00%","-2,81%",MTT,-140
15/06/2026,130350,Sete4,AF -JR. CALAZANS,0,0,"83,11"," R$  (141,36)","0,00%","0,00%","-58,79%",NLH,"-141,36"
15/06/2026,155861,Xuspito,AF -JR. CALAZANS,0,0,"55,23"," R$  284,00 ","0,00%","0,00%","19,45%",PLO6,284
15/06/2026,171258,Washigton Salles,AF - BRENO BIGNARD,"15,2","3,6",0," R$  (131,42)","-11,57%","-2,74%","0,00%",PLO6,"-131,42"
15/06/2026,111575,TH4N0S,AF - BRENO BIGNARD,"62,58",0,"255,8"," R$  (703,18)","-8,90%","0,00%","-36,38%",MTT,"-703,18"
15/06/2026,151380,Brazinha,AF - BRENO BIGNARD,"23,3",0,"2,45"," R$  54,94 ","42,41%","0,00%","4,46%",NLH,"54,94"
15/06/2026,164986,Jacaré va pra casa,AF - BRENO BIGNARD,0,0,"132,93"," R$  (120,00)","0,00%","0,00%","-110,78%",NLH,-120
15/06/2026,149811,bezerro,AF - BRENO BIGNARD,"99,99",0,"0,92"," R$  (249,86)","-40,02%","0,00%","-0,37%",MTT,"-249,86"
15/06/2026,172891,tecomeu,AF - BRENO BIGNARD,0,50,"685,83"," R$  (2.012,12)","0,00%","-2,48%","-34,08%",NLH,"-2012,12"
15/06/2026,167382,TreblaN,AF - BRENO BIGNARD,"7,61",4,0," R$  (80,00)","-9,51%","-5,00%","0,00%",PLO6,-80
15/06/2026,180225,……,AF - BRENO BIGNARD,"164,91","0,8","11,56"," R$  158,24 ","104,22%","0,51%","7,31%",NLH,"158,24"
15/06/2026,164324,NerdSilva,AF - BRENO BIGNARD,"9,77",1,0," R$  (120,01)","-8,14%","-0,83%","0,00%",PLO6,"-120,01"
15/06/2026,174130,pix00001,AF - BRENO BIGNARD,"8,24",0,"15,58"," R$  (280,84)","-2,93%","0,00%","-5,55%",MTT,"-280,84"
15/06/2026,176004,Opallar DP,AF - BRENO BIGNARD,"47,18",0,0," R$  (210,00)","-22,47%","0,00%","0,00%",MTT,-210
15/06/2026,178930,Beto Barbosa,AF - BRENO BIGNARD,"73,39","0,1","0,06"," R$  23,81 ","308,23%","0,42%","0,25%",NLH,"23,81"
15/06/2026,179068,chicogolinha,AF - BRENO BIGNARD,"13,2",0,0," R$  (34,00)","-38,82%","0,00%","0,00%",MTT,-34
15/06/2026,179880,raymene,AF - BRENO BIGNARD,"51,92","2,05","399,52"," R$  (365,00)","-14,22%","-0,56%","-109,46%",MTT,-365
15/06/2026,182244,TiiBilu1010,AF - BRENO BIGNARD,"228,6",15,"708,62"," R$  (1.133,01)","-20,18%","-1,32%","-62,54%",MTT,"-1133,01"
15/06/2026,188467,TheNerdXama,AF - BRENO BIGNARD,"6,74",28,"49,47"," R$  (650,78)","-1,04%","-4,30%","-7,60%",NLH,"-650,78"
15/06/2026,172234,Ieda,AF - BRENO BIGNARD,0,1,0, R$  -   ,,,,NLH,0
15/06/2026,194954,AA?,AF - BRENO BIGNARD,"11,18",0,"218,63"," R$  (462,58)","-2,42%","0,00%","-47,26%",MTT,"-462,58"
15/06/2026,180983,pix180983,AF - BRENO BIGNARD,"17,68",0,0," R$  (56,80)","-31,13%","0,00%","0,00%",MTT,"-56,8"
15/06/2026,192998,Vitinhoow,AF - BRENO BIGNARD,"85,93",0,"3,52"," R$  7,02 ","1224,07%","0,00%","50,14%",NLH,"7,02"
15/06/2026,172367,flaviobolsonaroooooo,AF - BRENO BIGNARD,0,"42,6",0," R$  (170,59)","0,00%","-24,97%","0,00%",NLH,"-170,59"
15/06/2026,133213,Rafael2,AF - BRENO BIGNARD,0,"4,9",0," R$  (48,60)","0,00%","-10,08%","0,00%",NLH,"-48,6"
15/06/2026,178308,nicolauuu,AF - BRENO BIGNARD,"20,78",0,"9,14"," R$  (89,00)","-23,35%","0,00%","-10,27%",MTT,-89
15/06/2026,158010,bazucaaa,AF - BRENO BIGNARD,"58,61",0,0," R$  (121,00)","-48,44%","0,00%","0,00%",MTT,-121
15/06/2026,170702,Depay,AF - BRENO BIGNARD,0,0,0, R$  -   ,,,,NLH,0
15/06/2026,190294,harrypotter,AF - BRENO BIGNARD,0,"76,3",0," R$  (490,32)","0,00%","-15,56%","0,00%",NLH,"-490,32"
15/06/2026,164244,neguinho do gás,AF - BRENO BIGNARD,"34,4",0,0," R$  101,84 ","33,78%","0,00%","0,00%",NLH,"101,84"
15/06/2026,160617,Bignard??,AF - BRENO BIGNARD,"0,07",0,0," R$  (2,48)","-2,82%","0,00%","0,00%",MTT,"-2,48"
15/06/2026,158387,085 L J,AF - BRENO BIGNARD,"0,29",0,0," R$  (4,00)","-7,25%","0,00%","0,00%",MTT,-4
15/06/2026,183300,gbala380,AF - BRENO BIGNARD,"0,31",0,0," R$  (4,00)","-7,75%","0,00%","0,00%",MTT,-4
15/06/2026,185268,Henrique poker,AF - BRENO BIGNARD,"9,41",0,0," R$  (9,09)","-103,52%","0,00%","0,00%",MTT,"-9,09"
15/06/2026,171708,pix171708,AF - KZAA CLUB,0,7,"7,56"," R$  (133,00)","0,00%","-5,26%","-5,68%",NLH,-133
15/06/2026,117136,pix117136,AF - KZAA CLUB,0,"4,8","313,15"," R$  (501,20)","0,00%","-0,96%","-62,48%",NLH,"-501,2"
15/06/2026,130918,pix130918,AF - KZAA CLUB,0,0,"2598,01"," R$  (15.500,43)","0,00%","0,00%","-16,76%",NLH,"-15500,43"
15/06/2026,121187,x.poker,AF - KZAA CLUB,"5,3",0,"219,46"," R$  1.049,24 ","0,51%","0,00%","20,92%",PLO6,"1049,24"
15/06/2026,131074,pix270576,AF - KZAA CLUB,0,0,"238,25"," R$  (768,27)","0,00%","0,00%","-31,01%",NLH,"-768,27"
15/06/2026,138948,Un77,AF - KZAA CLUB,0,0,"158,91"," R$  (131,60)","0,00%","0,00%","-120,75%",NLH,"-131,6"
15/06/2026,144100,Jogador69,AF - KZAA CLUB,0,0,"300,16"," R$  (2.350,67)","0,00%","0,00%","-12,77%",NLH,"-2350,67"
15/06/2026,100796,PixPlay,AF - KZAA CLUB,0,"6,4","13,01"," R$  (73,00)","0,00%","-8,77%","-17,82%",NLH,-73
15/06/2026,169277,Kakaroto?,AF - KZAA CLUB,0,0,"280,69"," R$  (2.072,30)","0,00%","0,00%","-13,54%",NLH,"-2072,3"
15/06/2026,123623,pix123623,AF - KZAA CLUB,0,0,"343,68"," R$  269,84 ","0,00%","0,00%","127,36%",PLO6,"269,84"
15/06/2026,140989,coqueir0,AF - KZAA CLUB,0,0,"305,16"," R$  (2.700,30)","0,00%","0,00%","-11,30%",NLH,"-2700,3"
15/06/2026,157331,TIO GILNETO,AF - KZAA CLUB,0,10,"939,89"," R$  2.405,30 ","0,00%","0,42%","39,08%",PLO6,"2405,3"
15/06/2026,110893,EVANDRODODENDE,AF - KZAA CLUB,0,0,"101,39"," R$  (687,34)","0,00%","0,00%","-14,75%",NLH,"-687,34"
15/06/2026,100140,Diego Manga,AF - KZAA CLUB,0,0,"4483,91"," R$  (8.800,63)","0,00%","0,00%","-50,95%",NLH,"-8800,63"
15/06/2026,100208,ojuara*,AF - KZAA CLUB,0,"5,5","212,73"," R$  (762,12)","0,00%","-0,72%","-27,91%",NLH,"-762,12"
15/06/2026,100265,BreckPK,AF - KZAA CLUB,0,"0,6","5,92"," R$  (168,10)","0,00%","-0,36%","-3,52%",NLH,"-168,1"
15/06/2026,107169,danilo10,AF - KZAA CLUB,0,0,"189,17"," R$  (19,00)","0,00%","0,00%","-995,63%",NLH,-19
15/06/2026,100418,Stonerax,AF - KZAA CLUB,"0,23",0,"145,66"," R$  16,00 ","1,44%","0,00%","910,38%",PLO6,16
15/06/2026,123154,Greey,AF - KZAA CLUB,0,0,"460,55"," R$  (290,07)","0,00%","0,00%","-158,77%",NLH,"-290,07"
15/06/2026,100337,stuart Litte ?,AF - KZAA CLUB,0,0,"353,6"," R$  (1.305,00)","0,00%","0,00%","-27,10%",NLH,-1305
15/06/2026,100397,Professor,AF - KZAA CLUB,0,100,"23,43"," R$  (983,24)","0,00%","-10,17%","-2,38%",NLH,"-983,24"
15/06/2026,115616,pix559079,AF - KZAA CLUB,0,"0,1",0," R$  (1,00)","0,00%","-10,00%","0,00%",NLH,-1
15/06/2026,144244,pix 2399057,AF - KZAA CLUB,0,"66,8",0," R$  89,04 ","0,00%","75,02%","0,00%",MTT,"89,04"
15/06/2026,100136,AllInSemDó,AF - KZAA CLUB,0,0,"387,31"," R$  656,96 ","0,00%","0,00%","58,95%",PLO6,"656,96"
15/06/2026,107490,Josanny,AF - KZAA CLUB,0,0,"10,97"," R$  (100,00)","0,00%","0,00%","-10,97%",NLH,-100
15/06/2026,102125,Bolsonaroo22,AF - KZAA CLUB,"0,07",0,"61,49"," R$  321,00 ","0,02%","0,00%","19,16%",PLO6,321
15/06/2026,100448,Paga,AF - KZAA CLUB,0,0,"157,77"," R$  1.299,84 ","0,00%","0,00%","12,14%",PLO6,"1299,84"
15/06/2026,104648,nilsonsergio15,AF - KZAA CLUB,0,0,"2150,49"," R$  (4.173,00)","0,00%","0,00%","-51,53%",NLH,-4173
15/06/2026,100266,BerôPB,AF - KZAA CLUB,0,0,"11,37"," R$  (22,18)","0,00%","0,00%","-51,26%",NLH,"-22,18"
15/06/2026,100132,Dr Junior,AF - KZAA CLUB,0,20,0, R$  -   ,,,,NLH,0
15/06/2026,100217,Bino ??,AF - KZAA CLUB,0,0,"78,75"," R$  321,45 ","0,00%","0,00%","24,50%",PLO6,"321,45"
15/06/2026,102681,aiinnnn pretoo,AF - KZAA CLUB,0,0,"63,77"," R$  162,70 ","0,00%","0,00%","39,19%",PLO6,"162,7"
15/06/2026,150122,MXavier13,AF - KZAA CLUB,"3,98",0,0," R$  (32,75)","-12,15%","0,00%","0,00%",MTT,"-32,75"
15/06/2026,106265,EneJota9,AF - KZAA CLUB,0,0,"82,22"," R$  (505,00)","0,00%","0,00%","-16,28%",NLH,-505
15/06/2026,173287,FlipGrind,AF - PHYETRO,0,"232,1",0," R$  2.594,24 ","0,00%","8,95%","0,00%",MTT,"2594,24"
15/06/2026,172533,Cravei ?,AF - PHYETRO,0,43,"414,95"," R$  (1.758,54)","0,00%","-2,45%","-23,60%",NLH,"-1758,54"
15/06/2026,173802,TonyRedgrave,AF - PHYETRO,0,"64,5","34,61"," R$  545,66 ","0,00%","11,82%","6,34%",MTT,"545,66"
15/06/2026,101831,Faz o K,AF - PHYETRO,0,"172,9",0," R$  (1.111,34)","0,00%","-15,56%","0,00%",NLH,"-1111,34"
15/06/2026,102446,MD420,AF - PHYETRO,0,173,0," R$  (21,97)","0,00%","-787,44%","0,00%",NLH,"-21,97"
15/06/2026,102551,Felipe Dylon,AF - PHYETRO,0,16,0," R$  (160,00)","0,00%","-10,00%","0,00%",NLH,-160
15/06/2026,100333,OFF.,AF - PHYETRO,0,0,"116,03"," R$  112,65 ","0,00%","0,00%","103,00%",PLO6,"112,65"
15/06/2026,173807,Th lost,AF - RYAN CARVALHO,0,"375,67","186,37"," R$  1.032,32 ","0,00%","36,39%","18,05%",MTT,"1032,32"
15/06/2026,183010,STANLEY ????,AF - RYAN CARVALHO,0,"90,44",0," R$  389,45 ","0,00%","23,22%","0,00%",MTT,"389,45"
15/06/2026,194337,negodrey,AF - RYAN CARVALHO,"6,72","95,7",0," R$  94,87 ","7,08%","100,87%","0,00%",MTT,"94,87"
15/06/2026,196277,OffXandZzz,AF - RYAN CARVALHO,0,"39,2",0," R$  (274,65)","0,00%","-14,27%","0,00%",NLH,"-274,65"
15/06/2026,181833,CheF,AF - RYAN CARVALHO,"1,93","42,95","17,25"," R$  219,00 ","0,88%","19,61%","7,88%",MTT,219
15/06/2026,183560,lampiao007,AF - RYAN CARVALHO,"5,38","45,8","8,73"," R$  873,79 ","0,62%","5,24%","1,00%",MTT,"873,79"
15/06/2026,183220,lixodepoker,AF - RYAN CARVALHO,0,0,0, R$  -   ,,,,NLH,0
15/06/2026,190899,Ely19 ?,AF - RYAN CARVALHO,"0,36",0,0," R$  (7,56)","-4,76%","0,00%","0,00%",MTT,"-7,56"
15/06/2026,173878,Romário Barreto,AF - RYAN CARVALHO,0,"33,6","21,36"," R$  (327,53)","0,00%","-10,26%","-6,52%",NLH,"-327,53"
15/06/2026,179249,@Bobbyzii_,AF - RYAN CARVALHO,0,"143,1","52,55"," R$  141,31 ","0,00%","101,27%","37,19%",MTT,"141,31"
15/06/2026,195935,All yng,AF - RYAN CARVALHO,0,"0,8",0," R$  (8,00)","0,00%","-10,00%","0,00%",NLH,-8
15/06/2026,180389,VivianSaliba??,AF - RYAN CARVALHO,"240,32",0,"4,75"," R$  (730,74)","-32,89%","0,00%","-0,65%",MTT,"-730,74"
15/06/2026,132945,joaodaburra,AF - RYAN CARVALHO,"15,53","108,98","23,17"," R$  254,18 ","6,11%","42,88%","9,12%",MTT,"254,18"
15/06/2026,181917,Carlos Andrade,AF - RYAN CARVALHO,0,240,0," R$  (2.378,25)","0,00%","-10,09%","0,00%",NLH,"-2378,25"
15/06/2026,196085,velhinhorj,AF - RYAN CARVALHO,"13,36",0,0," R$  (22,57)","-59,19%","0,00%","0,00%",MTT,"-22,57"
15/06/2026,196614,ValaSegue?,AF - RYAN CARVALHO,"4,25","134,05","1,67"," R$  468,29 ","0,91%","28,63%","0,36%",MTT,"468,29"
15/06/2026,180056,RaiseMaster?,AF - RYAN CARVALHO,0,49,"61,74"," R$  (366,47)","0,00%","-13,37%","-16,85%",NLH,"-366,47"
15/06/2026,196216,Al Capone,AF - RYAN CARVALHO,0,"29,8","2,34"," R$  (130,00)","0,00%","-22,92%","-1,80%",NLH,-130
15/06/2026,124057,phmb06,AF - RYAN CARVALHO,"1,25",0,"61,48"," R$  14,45 ","8,65%","0,00%","425,47%",PLO6,"14,45"
15/06/2026,196200,Brunson,AF - RYAN CARVALHO,0,"236,8","0,77"," R$  1.131,67 ","0,00%","20,92%","0,07%",MTT,"1131,67"
15/06/2026,177859,ET01,AF - RYAN CARVALHO,0,"46,8","5,19"," R$  (124,36)","0,00%","-37,63%","-4,17%",NLH,"-124,36"
15/06/2026,181198,vitferrazpina,AF - RYAN CARVALHO,"10,91","79,5",0," R$  (599,06)","-1,82%","-13,27%","0,00%",PLO6,"-599,06"
15/06/2026,196254,ramonalves,AF - RYAN CARVALHO,0,"3,5",0," R$  (25,00)","0,00%","-14,00%","0,00%",NLH,-25
15/06/2026,194445,buda,AF - RYAN CARVALHO,0,1,"1,78"," R$  (16,01)","0,00%","-6,25%","-11,12%",NLH,"-16,01"
15/06/2026,171052,pix171052,AF - RYAN CARVALHO,0,"0,1",0," R$  0,27 ","0,00%","37,04%","0,00%",MTT,"0,27"
15/06/2026,195922,#equipevirabixo,AF - RYAN CARVALHO,0,0,0, R$  -   ,,,,NLH,0
15/06/2026,168634,Willdde,AF - RYAN CARVALHO,0,"8,4",0," R$  (84,00)","0,00%","-10,00%","0,00%",NLH,-84
15/06/2026,182037,kaikyopressor77,AF - RYAN CARVALHO,0,3,0," R$  (30,00)","0,00%","-10,00%","0,00%",NLH,-30
15/06/2026,194237,manicalmajor,AF - RYAN CARVALHO,"5,9",0,"9,88"," R$  (85,00)","-6,94%","0,00%","-11,62%",MTT,-85
15/06/2026,196258,mullersouz06,AF - RYAN CARVALHO,0,0,"7,29"," R$  40,71 ","0,00%","0,00%","17,91%",PLO6,"40,71"
15/06/2026,196145,Isaías0197,AF - RYAN CARVALHO,"1,8","114,4",0," R$  (470,79)","-0,38%","-24,30%","0,00%",PLO6,"-470,79"
15/06/2026,160167,Tapana2,AF - RYAN CARVALHO,0,"4,6",0," R$  (46,00)","0,00%","-10,00%","0,00%",NLH,-46
15/06/2026,177343,vitindograu,AF - RYAN CARVALHO,0,"2,2",0," R$  40,15 ","0,00%","5,48%","0,00%",MTT,"40,15"
15/06/2026,151326,xerekola,AF - RYAN CARVALHO,0,2,0," R$  (20,00)","0,00%","-10,00%","0,00%",NLH,-20
15/06/2026,180636,lampiao.•.,AF - RYAN CARVALHO,"1,68","7,3",0," R$  140,00 ","1,20%","5,21%","0,00%",MTT,140
15/06/2026,196355,andreyvbd,AF - RYAN CARVALHO,"1,4",0,0," R$  (19,00)","-7,37%","0,00%","0,00%",MTT,-19
15/06/2026,153425,R daylove,AF - RYAN CARVALHO,0,0,0, R$  -   ,,,,NLH,0
15/06/2026,196641,pix196641,AF - RYAN CARVALHO,0,0,"2,29"," R$  (30,00)","0,00%","0,00%","-7,63%",NLH,-30
15/06/2026,180237,aylla17,AF - RYAN CARVALHO,"2,7",0,"0,29"," R$  (15,00)","-18,00%","0,00%","-1,93%",MTT,-15
15/06/2026,186210,joaoboka,AF - RYAN CARVALHO,0,0,0, R$  -   ,,,,NLH,0
15/06/2026,174005,isvizin,AF - AX POKER CLUB,0,"4,6",0," R$  162,32 ","0,00%","2,83%","0,00%",MTT,"162,32"
15/06/2026,189798,jotapenis,AF - AX POKER CLUB,"2,59",0,0," R$  (12,90)","-20,08%","0,00%","0,00%",MTT,"-12,9"
15/06/2026,135299,s_mpoker,AF - AX POKER CLUB,0,0,0, R$  -   ,,,,NLH,0
15/06/2026,152520,Jeronimooo,AF - AX POKER CLUB,0,0,0, R$  -   ,,,,NLH,0
15/06/2026,155964,rodttneto,AF - AX POKER CLUB,0,"0,1","0,32"," R$  2,27 ","0,00%","4,41%","14,10%",PLO6,"2,27"
15/06/2026,119304,MANDALA,AF - AX POKER CLUB,0,0,"180,2"," R$  (340,96)","0,00%","0,00%","-52,85%",NLH,"-340,96"
15/06/2026,135540,ELISEU,AF - AX POKER CLUB,"11,35",0,0," R$  (12,00)","-94,58%","0,00%","0,00%",MTT,-12
15/06/2026,140696,alefcalou,AF - AX POKER CLUB,"8,03",8,"21,68"," R$  (170,00)","-4,72%","-4,71%","-12,75%",MTT,-170
15/06/2026,144139,Underground.Noctis,AF - AX POKER CLUB,"0,51","0,3","37,22"," R$  (236,81)","-0,22%","-0,13%","-15,72%",MTT,"-236,81"
15/06/2026,179681,offzz07,AF - AX POKER CLUB,0,"0,8",0," R$  (8,00)","0,00%","-10,00%","0,00%",NLH,-8
15/06/2026,153810,Thyago - Bode,AF - AX POKER CLUB,0,0,0, R$  -   ,,,,NLH,0
15/06/2026,108106,carlinhosfec,AF - AX POKER CLUB,0,0,0, R$  -   ,,,,NLH,0
15/06/2026,133910,Stat,AF - AX POKER CLUB,"3,79",0,0," R$  (50,00)","-7,58%","0,00%","0,00%",MTT,-50
15/06/2026,171613,CaboFela,AF - AX POKER CLUB,0,0,"4,27"," R$  (75,51)","0,00%","0,00%","-5,65%",NLH,"-75,51"
15/06/2026,101823,Herocall,AF - AX POKER CLUB,0,10,0," R$  (28,75)","0,00%","-34,78%","0,00%",NLH,"-28,75"
15/06/2026,146454,Rambo,AF - AX POKER CLUB,0,0,"31,62"," R$  (55,00)","0,00%","0,00%","-57,49%",NLH,-55
15/06/2026,186523,sou profissional,AF - MILENA MAGRINI,0,"72,4",0," R$  (259,46)","0,00%","-27,90%","0,00%",NLH,"-259,46"
15/06/2026,156478,Will88,AF - MILENA MAGRINI,0,"0,1",0," R$  0,01 ","0,00%","1000,00%","0,00%",MTT,"0,01"
15/06/2026,183153,Henrisnaiper,AF - MILENA MAGRINI,0,0,0, R$  -   ,,,,NLH,0
15/06/2026,187637,pix187637,AF - CARLA JP,0,"50,43","17,73"," R$  94,50 ","0,00%","53,37%","18,76%",MTT,"94,5"
15/06/2026,154196,CoxinhaPoker,AF - CARLA JP,0,"34,6","80,15"," R$  (174,87)","0,00%","-19,79%","-45,83%",NLH,"-174,87"
15/06/2026,108295,Mdoria,AF - CARLA JP,0,0,0, R$  -   ,,,,NLH,0
15/06/2026,143649,chibata83,AF - CARLA JP,0,50,"398,33"," R$  (812,63)","0,00%","-6,15%","-49,02%",NLH,"-812,63"
15/06/2026,188529,trempix69,AF - CARLA JP,0,0,0, R$  -   ,,,,NLH,0
15/06/2026,187106,nego bidu2,AF - CARLA JP,0,"9,1","1,66"," R$  148,12 ","0,00%","6,14%","1,12%",MTT,"148,12"
15/06/2026,188011,jajanteii,AF - CARLA JP,0,0,"140,89"," R$  1,15 ","0,00%","0,00%","12251,30%",PLO6,"1,15"
15/06/2026,195741,Amo-Groot,AF - CARLA JP,0,0,"76,32"," R$  (96,75)","0,00%","0,00%","-78,88%",NLH,"-96,75"
15/06/2026,147505,D??N,AF - CARLA JP,0,"41,7","2,05"," R$  490,88 ","0,00%","8,49%","0,42%",MTT,"490,88"
15/06/2026,178236,Ruisan1,AF - CARLA JP,0,"20,6",0," R$  (206,00)","0,00%","-10,00%","0,00%",NLH,-206
15/06/2026,195550,pix195550,AF - CARLA JP,0,"68,8",0," R$  237,04 ","0,00%","29,02%","0,00%",MTT,"237,04"
15/06/2026,177784,Sheep,AF - CARLA JP,0,"18,25","13,69"," R$  (269,00)","0,00%","-6,78%","-5,09%",NLH,-269
15/06/2026,156724,MORANGUINHO OFICIAL,AF - CARLA JP,0,10,"569,07"," R$  621,45 ","0,00%","1,61%","91,57%",PLO6,"621,45"
15/06/2026,191156,_007_,AF - CARLA JP,0,"6,8","145,8"," R$  (605,97)","0,00%","-1,12%","-24,06%",NLH,"-605,97"
15/06/2026,146758,jrdoido,AF - CARLA JP,0,0,"94,47"," R$  (24,66)","0,00%","0,00%","-383,09%",NLH,"-24,66"
15/06/2026,115704,viper pb,AF - CARLA JP,0,"13,5","89,41"," R$  (367,00)","0,00%","-3,68%","-24,36%",NLH,-367
15/06/2026,195670,ADias,AF - CARLA JP,"53,36",0,0," R$  5,08 ","1050,39%","0,00%","0,00%",NLH,"5,08"
15/06/2026,195735,aaaa,AF - CARLA JP,"5,11","3,34",0," R$  (15,24)","-33,53%","-21,92%","0,00%",PLO6,"-15,24"
15/06/2026,184737,Carlos Alberto,AF - CARLA JP,0,0,"39,35"," R$  (46,27)","0,00%","0,00%","-85,04%",NLH,"-46,27"
15/06/2026,188878,Flopper,AF - CARLA JP,0,0,0, R$  -   ,,,,NLH,0
15/06/2026,106447,TREVAS,AF - CARLA JP,"11,62","1,3","4,27"," R$  (40,00)","-29,05%","-3,25%","-10,68%",MTT,-40
15/06/2026,196230,Neymar??,AF - CARLA JP,0,"14,6","0,36"," R$  (132,95)","0,00%","-10,98%","-0,27%",NLH,"-132,95"
15/06/2026,104520,Only1gor,AF - CARLA JP,0,0,8," R$  (100,00)","0,00%","0,00%","-8,00%",NLH,-100
15/06/2026,166288,General Igris,AF - CARLA JP,0,0,"23,1"," R$  (49,45)","0,00%","0,00%","-46,71%",NLH,"-49,45"
15/06/2026,184144,Light4i20,AF - CARLA JP,0,1,"43,44"," R$  (125,00)","0,00%","-0,80%","-34,75%",NLH,-125
15/06/2026,193416,Santiago83,AF - CARLA JP,"0,27","7,8","13,98"," R$  (137,55)","-0,20%","-5,67%","-10,16%",NLH,"-137,55"
15/06/2026,179086,marretadAA,AF - CARLA JP,0,0,"224,67"," R$  200,28 ","0,00%","0,00%","112,18%",PLO6,"200,28"
15/06/2026,121370,TôlinnRabano,AF - CARLA JP,0,"3,6","29,52"," R$  237,00 ","0,00%","1,52%","12,46%",PLO6,237
15/06/2026,136477,cidoka,AF - CARLA JP,0,0,0," R$  15,36 ","0,00%","0,00%","0,00%",NLH,"15,36"
15/06/2026,192033,stdomeinha,AF - CARLA JP,0,"0,1",0," R$  (1,00)","0,00%","-10,00%","0,00%",NLH,-1
15/06/2026,151310,arthurpix,AF - CARLA JP,0,"1,7","454,53"," R$  (4.550,00)","0,00%","-0,04%","-9,99%",NLH,-4550
15/06/2026,139949,tomillo,AF - CARLA JP,0,0,"5,18"," R$  (12,00)","0,00%","0,00%","-43,17%",NLH,-12
15/06/2026,109785,quelusa,AF - CARLA JP,0,"8,2",0," R$  489,88 ","0,00%","1,67%","0,00%",MTT,"489,88"
15/06/2026,136963,Tchê,AF - CARLA JP,"17,58","2,5",0," R$  145,87 ","12,05%","1,71%","0,00%",NLH,"145,87"
15/06/2026,183428,SgtMoscatelli,AF - CARLA JP,"0,3","0,4",0," R$  (6,73)","-4,46%","-5,94%","0,00%",PLO6,"-6,73"
15/06/2026,170605,Lasmar,AF - CARLA JP,0,"60,7","13,94"," R$  (82,08)","0,00%","-73,95%","-16,98%",NLH,"-82,08"
15/06/2026,117342,Carla Renna,AF - CARLA JP,0,5,"28,54"," R$  (21,24)","0,00%","-23,54%","-134,37%",NLH,"-21,24"
15/06/2026,191677,bileut,AF - CARLA JP,1,"0,1",0," R$  24,15 ","4,14%","0,41%","0,00%",NLH,"24,15"
15/06/2026,158406,Velho Tarado,AF - CARLA JP,0,"4,6",0," R$  (46,00)","0,00%","-10,00%","0,00%",NLH,-46
15/06/2026,127033,pix127033,AF - CARLA JP,"58,41","8,6",0," R$  0,41 ","14246,34%","2097,56%","0,00%",NLH,"0,41"
15/06/2026,136965,Hiago38,AF - CARLA JP,0,0,"1,56"," R$  (32,50)","0,00%","0,00%","-4,80%",NLH,"-32,5"
15/06/2026,136268,jobelis,AF - CARLA JP,0,1,0," R$  (10,00)","0,00%","-10,00%","0,00%",NLH,-10
15/06/2026,120712,Marçal01,AF - CARLA JP,"0,31",0,0," R$  (8,00)","-3,88%","0,00%","0,00%",MTT,-8
15/06/2026,111925,XAN?,AF - CARLA JP,0,0,"67,78"," R$  (50,00)","0,00%","0,00%","-135,56%",NLH,-50
15/06/2026,147005,bebinho,AF - CARLA JP,"5,32",0,"62,18"," R$  985,36 ","0,54%","0,00%","6,31%",PLO6,"985,36"
15/06/2026,117404,Cnhhh,AF - CARLA JP,0,0,"12,38"," R$  (114,00)","0,00%","0,00%","-10,86%",NLH,-114
15/06/2026,147790,guzAApoker,AF - CARLA JP,0,"47,6",0," R$  974,69 ","0,00%","4,88%","0,00%",MTT,"974,69"
15/06/2026,184734,tinhozzo,AF - CARLA JP,0,"9,5",0," R$  (95,00)","0,00%","-10,00%","0,00%",NLH,-95
15/06/2026,194819,pix194819,AF - CARLA JP,"6,29",14,"93,59"," R$  (84,17)","-7,47%","-16,63%","-111,19%",NLH,"-84,17"
15/06/2026,196581,HendersonMontBravo,AF - CARLA JP,0,0,"2,14"," R$  11,59 ","0,00%","0,00%","18,46%",PLO6,"11,59"
15/06/2026,162087,o jovem,AF - CARLA JP,"2,04","3,8",0," R$  (9,39)","-21,73%","-40,47%","0,00%",PLO6,"-9,39"
15/06/2026,152376,Charles L.,AF - CARLA JP,0,"3,7",0," R$  31,95 ","0,00%","11,58%","0,00%",MTT,"31,95"
15/06/2026,193479,rei_do_pará,AF - TRAF. BRUNO F.,0,"16,6",0," R$  461,75 ","0,00%","3,60%","0,00%",MTT,"461,75"
15/06/2026,189242,LekoTR,AF - TRAF. BRUNO F.,"10,25","9,4","209,62"," R$  (270,32)","-3,79%","-3,48%","-77,55%",MTT,"-270,32"
15/06/2026,191465,MynssenAA,AF - TRAF. BRUNO F.,0,"0,1",0," R$  0,29 ","0,00%","34,48%","0,00%",MTT,"0,29"
15/06/2026,193347,pix193347,AF - TRAF. BRUNO F.,0,0,0, R$  -   ,,,,NLH,0
15/06/2026,172458,radar55,AF - TRAF. BRUNO F.,"3,01","0,1","5,28"," R$  (21,00)","-14,33%","-0,48%","-25,14%",MTT,-21
15/06/2026,192178,As7,AF - TRAF. BRUNO F.,"1,17",0,0," R$  (20,00)","-5,85%","0,00%","0,00%",MTT,-20
15/06/2026,188742,JALVESPOKER,AF - TRAF. BRUNO F.,0,"83,7",0," R$  (635,67)","0,00%","-13,17%","0,00%",NLH,"-635,67"
15/06/2026,187633,GustavOrsi,AF - TRAF. BRUNO F.,"0,49",0,"0,82"," R$  (20,00)","-2,45%","0,00%","-4,10%",MTT,-20
15/06/2026,193596,passamai,AF - TRAF. BRUNO F.,0,0,0, R$  -   ,,,,NLH,0
15/06/2026,195636,MatheusBorges061,None,"1,69","6,04","7,37"," R$  (124,00)","-1,36%","-4,87%","-5,94%",NLH,-124
15/06/2026,195702,BatzNinja,None,0,"3,6",0," R$  (36,00)","0,00%","-10,00%","0,00%",NLH,-36
15/06/2026,196568,marabo,None,0,"1,2",0," R$  (12,00)","0,00%","-10,00%","0,00%",NLH,-12
15/06/2026,108574,Nery,None,"0,12",0,0," R$  3,44 ","3,49%","0,00%","0,00%",NLH,"3,44"
15/06/2026,183758,777???,None,"182,51","9,8","198,51"," R$  (144,00)","-126,74%","-6,81%","-137,85%",MTT,-144
15/06/2026,192079,Gleristontnt,None,"12,95",0,0," R$  (74,01)","-17,50%","0,00%","0,00%",MTT,"-74,01"
15/06/2026,195789,lumara,None,"120,66","0,4","0,41"," R$  (44,00)","-274,23%","-0,91%","-0,93%",MTT,-44
15/06/2026,196196,brinha007,None,"5,17",0,"0,99"," R$  (9,87)","-52,38%","0,00%","-10,03%",MTT,"-9,87"
15/06/2026,196583,5 conto,None,"20,8","0,1","29,56"," R$  85,91 ","24,21%","0,12%","34,41%",PLO6,"85,91"
15/06/2026,196586,opskassio,None,"365,43",0,0," R$  (624,48)","-58,52%","0,00%","0,00%",MTT,"-624,48"
15/06/2026,156935,pix156935,None,"3,85",0,"45,35"," R$  (227,30)","-1,69%","0,00%","-19,95%",MTT,"-227,3"
15/06/2026,196482,pix196482,None,0,0,"2,56"," R$  (40,00)","0,00%","0,00%","-6,40%",NLH,-40
15/06/2026,167222,Dino do poker,None,0,0,"0,29"," R$  (2,04)","0,00%","0,00%","-14,22%",NLH,"-2,04"
15/06/2026,184129,FurosLanches,None,0,0,"2,82"," R$  (24,91)","0,00%","0,00%","-11,32%",NLH,"-24,91"
15/06/2026,195952,pix195952,None,"160,61",0,"216,7"," R$  274,82 ","58,44%","0,00%","78,85%",PLO6,"274,82"
15/06/2026,195961,freco1928,None,0,0,"559,22"," R$  (1.887,02)","0,00%","0,00%","-29,64%",NLH,"-1887,02"
15/06/2026,113112,mayco Lima,None,"37,5",0,0," R$  (200,78)","-18,68%","0,00%","0,00%",MTT,"-200,78"
15/06/2026,193590,pix193590,None,"1,41",0,0," R$  (20,00)","-7,05%","0,00%","0,00%",MTT,-20
15/06/2026,123102,pix123102,None,"0,23",0,"471,3"," R$  (1.857,86)","-0,01%","0,00%","-25,37%",MTT,"-1857,86"
15/06/2026,157010,JorgeSousa,None,"23,97","33,49",0," R$  (318,02)","-7,54%","-10,53%","0,00%",PLO6,"-318,02"
15/06/2026,106148,migué,None,0,0,0, R$  -   ,,,,NLH,0
15/06/2026,114402,pix114402,None,0,0,0, R$  -   ,,,,NLH,0
15/06/2026,129753,Fabio23,None,0,"18,95",0," R$  63,57 ","0,00%","29,81%","0,00%",MTT,"63,57"
15/06/2026,145219,URYEL,None,0,0,0, R$  -   ,,,,NLH,0
15/06/2026,150541,MaldsNeto,None,0,"13,7",0," R$  67,66 ","0,00%","20,25%","0,00%",MTT,"67,66"
15/06/2026,150851,pix150851,None,0,"0,2",0," R$  (0,19)","0,00%","-105,26%","0,00%",NLH,"-0,19"
15/06/2026,154310,COMECU,None,"0,97",0,0," R$  (10,19)","-9,52%","0,00%","0,00%",MTT,"-10,19"
15/06/2026,155750,Jovem,None,0,0,0, R$  -   ,,,,NLH,0
15/06/2026,162710,poker aí,None,0,0,0," R$  2,69 ","0,00%","0,00%","0,00%",NLH,"2,69"
15/06/2026,162785,BlackRiver,None,0,0,0," R$  1,11 ","0,00%","0,00%","0,00%",NLH,"1,11"
15/06/2026,162797,gabbifm33,None,0,0,0, R$  -   ,,,,NLH,0
15/06/2026,164390,John82,None,0,"0,3",0," R$  (1,40)","0,00%","-21,43%","0,00%",NLH,"-1,4"
15/06/2026,165365,Gabriel22k,None,0,"0,1",0," R$  0,29 ","0,00%","34,48%","0,00%",MTT,"0,29"
15/06/2026,167113,luckymathi,None,0,"7,25",0," R$  (70,75)","0,00%","-10,25%","0,00%",NLH,"-70,75"
15/06/2026,169796,pix169796,None,0,0,0, R$  -   ,,,,NLH,0
15/06/2026,171644,kell,None,0,0,0, R$  -   ,,,,NLH,0
15/06/2026,171876,pedro123321,None,0,0,0, R$  -   ,,,,NLH,0
15/06/2026,172698,pix172698,None,0,0,0, R$  -   ,,,,NLH,0
15/06/2026,173019,pix173019,None,0,0,0, R$  -   ,,,,NLH,0
15/06/2026,173020,pix173020,None,0,0,0, R$  -   ,,,,NLH,0
15/06/2026,175460,pix175460,None,0,0,0, R$  -   ,,,,NLH,0
15/06/2026,176200,pix176200,None,0,0,0, R$  -   ,,,,NLH,0
15/06/2026,176219,pix176219,None,0,"0,3",0," R$  (2,60)","0,00%","-11,54%","0,00%",NLH,"-2,6"
15/06/2026,176220,pix176220,None,0,0,0," R$  1,21 ","0,00%","0,00%","0,00%",NLH,"1,21"
15/06/2026,177257,solovis,None,0,"0,1",0," R$  0,52 ","0,00%","19,23%","0,00%",MTT,"0,52"
15/06/2026,177450,pix177450,None,0,"0,1",0," R$  (1,00)","0,00%","-10,00%","0,00%",NLH,-1
15/06/2026,179394,marcospcn,None,"2,41","1,4",0," R$  (9,70)","-24,85%","-14,43%","0,00%",PLO6,"-9,7"
15/06/2026,180674,Lumesmo ?,None,0,0,0, R$  -   ,,,,NLH,0
15/06/2026,181043,Foldei mane,None,0,0,0, R$  -   ,,,,NLH,0
15/06/2026,181687,Lampião ?,None,"0,4",0,0," R$  (0,52)","-76,92%","0,00%","0,00%",MTT,"-0,52"
15/06/2026,183246,detona pato,None,0,0,0," R$  1,46 ","0,00%","0,00%","0,00%",NLH,"1,46"
15/06/2026,183527,pix183527,None,"1,93",0,"0,32"," R$  (0,00)","-217298682020626000,00%","0,00%","-36028797018964000,00%",MTT,0
15/06/2026,183533,pix183533,None,0,0,0, R$  -   ,,,,NLH,0
15/06/2026,185424,pix185424,None,0,0,0, R$  -   ,,,,NLH,0
15/06/2026,189512,pix189512,None,0,0,0, R$  -   ,,,,NLH,0
15/06/2026,191135,carlosvolt,None,0,"0,1",0," R$  4,83 ","0,00%","2,07%","0,00%",MTT,"4,83"
15/06/2026,192148,pix192148,None,0,0,0, R$  -   ,,,,NLH,0
15/06/2026,192149,pix192149,None,0,0,0, R$  -   ,,,,NLH,0
15/06/2026,193239,hopee_poker,None,0,0,0, R$  -   ,,,,NLH,0
15/06/2026,193580,ROLUD0,None,0,"0,1",0," R$  (1,00)","0,00%","-10,00%","0,00%",NLH,-1
15/06/2026,193920,pix193920,None,0,0,0, R$  -   ,,,,NLH,0
15/06/2026,193978,2001,None,0,0,"98,02"," R$  52,06 ","0,00%","0,00%","188,28%",PLO6,"52,06"
15/06/2026,194369,Sam9527,None,0,0,0, R$  -   ,,,,NLH,0
15/06/2026,194695,pix194695,None,0,0,0, R$  -   ,,,,NLH,0
15/06/2026,194772,pix194772,None,0,0,0," R$  7,99 ","0,00%","0,00%","0,00%",NLH,"7,99"
15/06/2026,195473,Migueldoguincho,None,"22,78","2,8","1,01"," R$  (76,31)","-29,85%","-3,67%","-1,32%",PLO6,"-76,31"
15/06/2026,195591,djenos,None,0,0,0, R$  -   ,,,,NLH,0
15/06/2026,195861,pix195861,None,0,0,0," R$  0,48 ","0,00%","0,00%","0,00%",NLH,"0,48"
15/06/2026,195872,pix195872,None,0,0,0," R$  0,64 ","0,00%","0,00%","0,00%",NLH,"0,64"
15/06/2026,195966,TRUTA.,None,0,0,0, R$  -   ,,,,NLH,0
15/06/2026,196021,pililiu da resenh4,None,"0,2",0,0," R$  (2,03)","-9,85%","0,00%","0,00%",MTT,"-2,03"
15/06/2026,196022,Picpay.,None,"0,21","0,1",0," R$  (3,11)","-6,75%","-3,22%","0,00%",PLO6,"-3,11"
15/06/2026,196023,lulinha 9,None,"0,4",0,0," R$  (1,53)","-26,14%","0,00%","0,00%",MTT,"-1,53"
15/06/2026,196024,Sereka,None,"0,37","0,2",0," R$  0,55 ","67,27%","36,36%","0,00%",NLH,"0,55"
15/06/2026,196025,ovão,None,"0,38",0,0," R$  (4,63)","-8,21%","0,00%","0,00%",MTT,"-4,63"
15/06/2026,196026,pix196026,None,"0,15","0,1",0," R$  (0,34)","-44,12%","-29,41%","0,00%",PLO6,"-0,34"
15/06/2026,196027,pix196027,None,0,"0,1",0," R$  1,53 ","0,00%","6,54%","0,00%",MTT,"1,53"
15/06/2026,196028,pix196028,None,0,"0,1",0," R$  0,60 ","0,00%","16,67%","0,00%",MTT,"0,6"
15/06/2026,196029,pix196029,None,"0,24","0,1",0," R$  0,93 ","25,81%","10,75%","0,00%",NLH,"0,93"
15/06/2026,196030,pix196030,None,0,"0,1",0," R$  0,50 ","0,00%","20,00%","0,00%",MTT,"0,5"
15/06/2026,196032,Chapadinho,None,"0,65",0,0," R$  (3,90)","-16,67%","0,00%","0,00%",MTT,"-3,9"
15/06/2026,196033,pix196033,None,0,"0,2",0," R$  (0,02)","0,00%","-1000,00%","0,00%",NLH,"-0,02"
15/06/2026,196034,pix196034,None,0,"0,2",0," R$  (1,23)","0,00%","-16,26%","0,00%",NLH,"-1,23"
15/06/2026,196035,pix196035,None,0,"0,2",0," R$  (0,32)","0,00%","-62,50%","0,00%",NLH,"-0,32"
15/06/2026,196358,DanpokerAK,None,0,0,0, R$  -   ,,,,NLH,0
15/06/2026,196477,pix196477,None,0,"0,1",0," R$  (1,00)","0,00%","-10,00%","0,00%",NLH,-1
15/06/2026,196609,Mulari,None,"15,86","4,32","15,82"," R$  (155,19)","-10,22%","-2,78%","-10,19%",MTT,"-155,19"
15/06/2026,193994,moído,None,0,"14,06","3,94"," R$  (168,10)","0,00%","-8,36%","-2,34%",NLH,"-168,1"
15/06/2026,195642,Diogo.D.J,None,"8,37","5,3",0," R$  (94,48)","-8,86%","-5,61%","0,00%",PLO6,"-94,48"
15/06/2026,196074,loganATC,None,"4,66","15,2",0," R$  (95,93)","-4,86%","-15,84%","0,00%",PLO6,"-95,93"
15/06/2026,196448,araujorj,None,"0,16","111,58",0," R$  (310,54)","-0,05%","-35,93%","0,00%",PLO6,"-310,54"
15/06/2026,144877,Mv777,None,0,0,"110,62"," R$  268,93 ","0,00%","0,00%","41,13%",PLO6,"268,93"
15/06/2026,195927,pix195927,None,0,0,"7,21"," R$  (9,36)","0,00%","0,00%","-77,03%",NLH,"-9,36"
15/06/2026,196192,pix196192,None,"2,06",0,"552,09"," R$  (1.672,00)","-0,12%","0,00%","-33,02%",MTT,-1672
15/06/2026,146820,pix146820,None,"2,82","5,7","0,02"," R$  (70,35)","-4,01%","-8,10%","-0,03%",PLO6,"-70,35"
15/06/2026,154432,pix154432,None,"0,36",0,"26,02"," R$  (73,00)","-0,49%","0,00%","-35,64%",MTT,-73
15/06/2026,180277,junin.,None,0,0,"6,63"," R$  (51,00)","0,00%","0,00%","-13,00%",NLH,-51
15/06/2026,189674,pix189674,None,"48,2","36,7","13,6"," R$  (373,51)","-12,90%","-9,83%","-3,64%",PLO6,"-373,51"
15/06/2026,195998,pix195998,None,0,0,"17,35"," R$  (98,36)","0,00%","0,00%","-17,64%",NLH,"-98,36"
15/06/2026,196014,pix196014,None,0,0,"20,23"," R$  (138,61)","0,00%","0,00%","-14,59%",NLH,"-138,61"
15/06/2026,157666,Mazz,None,"7,14",0,0," R$  (63,95)","-11,16%","0,00%","0,00%",MTT,"-63,95"
15/06/2026,188016,pix188016,None,"341,95",37,0," R$  997,82 ","34,27%","3,71%","0,00%",NLH,"997,82"
15/06/2026,195496,joao.gostosinho,None,"1,24",0,0," R$  (17,11)","-7,25%","0,00%","0,00%",MTT,"-17,11"
15/06/2026,196380,guizeira,None,"82,43","86,7","204,84"," R$  (325,63)","-25,31%","-26,63%","-62,91%",NLH,"-325,63"
15/06/2026,196543,pix196543,None,"46,16",0,0," R$  (193,45)","-23,86%","0,00%","0,00%",MTT,"-193,45"
15/06/2026,100215,Gorete.BallCat,None,0,0,"4118,29"," R$  (19.999,59)","0,00%","0,00%","-20,59%",NLH,"-19999,59"
15/06/2026,109677,rafaelsanntos,None,"2,38",0,"1878,69"," R$  (2.652,16)","-0,09%","0,00%","-70,84%",MTT,"-2652,16"
15/06/2026,180675,BarretoJR,None,"4,8",0,"1363,03"," R$  (2.403,53)","-0,20%","0,00%","-56,71%",MTT,"-2403,53"
15/06/2026,168077,Sarkozy77,None,0,17,0," R$  (170,00)","0,00%","-10,00%","0,00%",NLH,-170
15/06/2026,196434,gondolo,None,0,3,0," R$  (30,00)","0,00%","-10,00%","0,00%",NLH,-30
15/06/2026,196612,pix196612,None,0,"0,8",0," R$  (8,00)","0,00%","-10,00%","0,00%",NLH,-8
15/06/2026,196613,KADUZERA É FOLD,None,0,"0,8",0," R$  (8,00)","0,00%","-10,00%","0,00%",NLH,-8
15/06/2026,196420,pix196420,None,0,"20,9","1220,04"," R$  (9.139,51)","0,00%","-0,23%","-13,35%",NLH,"-9139,51"
15/06/2026,116727,vinicius,None,"41,39",0,0," R$  85,36 ","48,49%","0,00%","0,00%",NLH,"85,36"
15/06/2026,141834,belezasemmedo,None,"6,39",0,"0,23"," R$  (48,00)","-13,31%","0,00%","-0,48%",MTT,-48
15/06/2026,149251,Tití,None,"0,69",0,0," R$  (3,02)","-22,85%","0,00%","0,00%",MTT,"-3,02"
15/06/2026,173771,Doadordeficha,None,"5,74",0,"5,28"," R$  (100,00)","-5,74%","0,00%","-5,28%",MTT,-100
15/06/2026,177777,AVIÃOsemASA,None,"28,24",0,"81,26"," R$  77,33 ","36,52%","0,00%","105,08%",PLO6,"77,33"
15/06/2026,178288,Manoeltevez,None,"44,86",0,0," R$  (114,89)","-39,05%","0,00%","0,00%",MTT,"-114,89"
15/06/2026,183072,pix183072,None,"52,03",0,"421,96"," R$  (1.665,80)","-3,12%","0,00%","-25,33%",MTT,"-1665,8"
15/06/2026,193289,NaN_,None,"15,51","1,3","232,46"," R$  (573,60)","-2,70%","-0,23%","-40,53%",MTT,"-573,6"
15/06/2026,194145,Caua bt,None,"17,41",0,0," R$  (56,35)","-30,90%","0,00%","0,00%",MTT,"-56,35"
15/06/2026,195477,pix195477,None,"62,87",0,"0,08"," R$  (54,00)","-116,43%","0,00%","-0,15%",MTT,-54
15/06/2026,195682,lukinhas09,None,"4,6",0,"0,51"," R$  60,00 ","7,67%","0,00%","0,85%",NLH,60
15/06/2026,195988,pix195988,None,"4,74","5,8",0," R$  (121,00)","-3,92%","-4,79%","0,00%",PLO6,-121
15/06/2026,196184,pix196184,None,"105,42",0,0," R$  (269,07)","-39,18%","0,00%","0,00%",MTT,"-269,07"
15/06/2026,196631,eo_senna_b,None,"16,87","1,9","2,31"," R$  (133,00)","-12,68%","-1,43%","-1,74%",MTT,-133
15/06/2026,196635,PL007,None,"38,6",0,"10,94"," R$  (425,00)","-9,08%","0,00%","-2,57%",MTT,-425
15/06/2026,196577,pix196577,None,0,96,"20991,31"," R$  (40.628,04)","0,00%","-0,24%","-51,67%",NLH,"-40628,04"
15/06/2026,114345,Itaypava,None,0,0,"0,96"," R$  (5,00)","0,00%","0,00%","-19,20%",NLH,-5
15/06/2026,147247,oficial,None,"256,41",0,0," R$  (288,19)","-88,97%","0,00%","0,00%",MTT,"-288,19"
15/06/2026,196270,MOGUE,None,"7,38",0,0," R$  (82,65)","-8,93%","0,00%","0,00%",MTT,"-82,65"
15/06/2026,146056,Luizabraba,None,0,"26,5",0," R$  831,16 ","0,00%","3,19%","0,00%",MTT,"831,16"
15/06/2026,196223,pix196223,None,"15,19","10,5","28,61"," R$  (199,00)","-7,63%","-5,28%","-14,38%",MTT,-199
15/06/2026,115571,MarcellioCidrack,None,"4,2",0,0," R$  (50,00)","-8,40%","0,00%","0,00%",MTT,-50
15/06/2026,121022,acabafarra,None,"5,08",0,0," R$  (28,79)","-17,65%","0,00%","0,00%",MTT,"-28,79"
15/06/2026,144532,pix144532,None,"9,38","4,2","1,45"," R$  72,28 ","12,98%","5,81%","2,01%",NLH,"72,28"
15/06/2026,185931,Pé_de_Pano,None,"3,47",0,0," R$  (5,49)","-63,21%","0,00%","0,00%",MTT,"-5,49"
15/06/2026,195671,terroristadopoker,None,10,0,0," R$  (57,16)","-17,49%","0,00%","0,00%",MTT,"-57,16"
15/06/2026,196142,gracianovéi,None,"0,44",0,0," R$  (12,00)","-3,67%","0,00%","0,00%",MTT,-12
15/06/2026,196266,haisenbergAA,None,"1,11",11,"135,19"," R$  (613,00)","-0,18%","-1,79%","-22,05%",NLH,-613
15/06/2026,174153,ROYALE POKER AG,None,0,0,"26,62"," R$  (53,58)","0,00%","0,00%","-49,68%",NLH,"-53,58"
15/06/2026,182133,pix182133,None,"4,07",0,"66,76"," R$  24,00 ","16,96%","0,00%","278,17%",PLO6,24
15/06/2026,196176,Denyson luan,None,0,0,"570,8"," R$  (352,83)","0,00%","0,00%","-161,78%",NLH,"-352,83"
15/06/2026,196632,pix196632,None,0,0,"434,48"," R$  (900,00)","0,00%","0,00%","-48,28%",NLH,-900
15/06/2026,100154,pixbad,None,0,94,"23,8"," R$  159,04 ","0,00%","59,10%","14,96%",MTT,"159,04"
15/06/2026,101249,Bruno_Poker,None,"0,76","5,94","0,16"," R$  (71,40)","-1,06%","-8,32%","-0,22%",PLO6,"-71,4"
15/06/2026,104290,DEMALLE,None,0,0,"12,9"," R$  (20,00)","0,00%","0,00%","-64,50%",NLH,-20
15/06/2026,196479,pix196479,None,0,0,"2,23"," R$  (30,00)","0,00%","0,00%","-7,43%",NLH,-30
15/06/2026,147221,muvukinha,None,"2,31",7,"0,69"," R$  (39,53)","-5,84%","-17,71%","-1,75%",PLO6,"-39,53"
15/06/2026,180455,gabrielle,None,0,"10,5",0," R$  (83,44)","0,00%","-12,58%","0,00%",NLH,"-83,44"
15/06/2026,195403,pix195403,None,0,"1,26",0," R$  (12,60)","0,00%","-10,00%","0,00%",NLH,"-12,6"
15/06/2026,107426,taysonboy,None,"6,12",0,"4,42"," R$  (52,38)","-11,68%","0,00%","-8,44%",MTT,"-52,38"
15/06/2026,130843,2PAC,None,"0,34",0,"79,83"," R$  75,00 ","0,45%","0,00%","106,44%",PLO6,75
15/06/2026,173258,GordinhaSpk,None,0,0,"12,92"," R$  (15,00)","0,00%","0,00%","-86,13%",NLH,-15
15/06/2026,183339,mugthebest,None,"1,66",0,"21,51"," R$  (3,00)","-55,33%","0,00%","-717,00%",MTT,-3
15/06/2026,195849,gilmarbala,None,"2,75","2,7","11,77"," R$  (108,00)","-2,55%","-2,50%","-10,90%",MTT,-108
15/06/2026,171194,pix171194,None,"9,3",0,"24,67"," R$  (9,86)","-94,32%","0,00%","-250,20%",MTT,"-9,86"
15/06/2026,172033,pix172033,None,"23,84","0,1",0," R$  (95,45)","-24,98%","-0,10%","0,00%",PLO6,"-95,45"
15/06/2026,195523,Ramonzito,None,"1,98","0,4",0," R$  (12,00)","-16,50%","-3,33%","0,00%",PLO6,-12
15/06/2026,101757,Colares9,None,"0,95","1,2",0," R$  (20,08)","-4,73%","-5,98%","0,00%",PLO6,"-20,08"
15/06/2026,118141,mozo,None,"10,97",0,0," R$  5,45 ","201,28%","0,00%","0,00%",NLH,"5,45"
15/06/2026,146447,PIRAT4,None,"0,48",2,0," R$  (5,48)","-8,76%","-36,50%","0,00%",PLO6,"-5,48"
15/06/2026,152009,NsMM,None,"4,17",0,0," R$  8,71 ","47,88%","0,00%","0,00%",NLH,"8,71"
15/06/2026,167656,Bigodinhopoker,None,"2,83","2,9",0," R$  (54,28)","-5,21%","-5,34%","0,00%",PLO6,"-54,28"
15/06/2026,183455,Almilho,None,"3,21",0,0," R$  (50,00)","-6,42%","0,00%","0,00%",MTT,-50
15/06/2026,191420,bolao,None,"18,58","3,7",0," R$  0,40 ","4645,00%","925,00%","0,00%",NLH,"0,4"
15/06/2026,195582,pix195582,None,"0,68",0,0," R$  (126,21)","-0,54%","0,00%","0,00%",MTT,"-126,21"
15/06/2026,195945,Babuino,None,"42,75",0,0," R$  31,80 ","134,43%","0,00%","0,00%",NLH,"31,8"
15/06/2026,195970,matheusollv,None,"0,61",0,"30,25"," R$  (108,00)","-0,56%","0,00%","-28,01%",MTT,-108
15/06/2026,196067,mattdi,None,"6,43",0,0," R$  (25,05)","-25,67%","0,00%","0,00%",MTT,"-25,05"
15/06/2026,196421,Emerson 24,None,"14,72",0,"3,09"," R$  (61,00)","-24,13%","0,00%","-5,07%",MTT,-61
15/06/2026,196549,thiaguinho95,None,"2,26",0,0," R$  (12,00)","-18,83%","0,00%","0,00%",MTT,-12
15/06/2026,196553,pix196553,None,"5,15","1,5",0," R$  130,00 ","3,96%","1,15%","0,00%",NLH,130
15/06/2026,195657,vaqueirosm,None,0,0,"45,58"," R$  (312,96)","0,00%","0,00%","-14,56%",NLH,"-312,96"
15/06/2026,103255,pix103255,None,0,0,"5,54"," R$  (1,42)","0,00%","0,00%","-390,14%",NLH,"-1,42"
15/06/2026,117406,Guimarães,None,0,0,0, R$  -   ,,,,NLH,0
15/06/2026,127631,M4LANDR0,None,0,0,0, R$  -   ,,,,NLH,0
15/06/2026,127633,GL4DIAD0R,None,0,0,0, R$  -   ,,,,NLH,0
15/06/2026,128702,pix128702,None,0,"0,5",0," R$  45,95 ","0,00%","1,09%","0,00%",MTT,"45,95"
15/06/2026,128754,C4BULOS0,None,0,"0,1",0," R$  (1,00)","0,00%","-10,00%","0,00%",NLH,-1
15/06/2026,128755,PER1GOS0,None,0,0,0, R$  -   ,,,,NLH,0
15/06/2026,132044,FASH1N4,None,0,"0,1",0," R$  (1,00)","0,00%","-10,00%","0,00%",NLH,-1
15/06/2026,132049,B4NDID0,None,0,"0,1",0," R$  (1,00)","0,00%","-10,00%","0,00%",NLH,-1
15/06/2026,132062,COM3D0R,None,0,0,0, R$  -   ,,,,NLH,0
15/06/2026,133051,Diegueira,None,0,0,0," R$  12,19 ","0,00%","0,00%","0,00%",NLH,"12,19"
15/06/2026,135895,yanpaiva,None,0,0,0," R$  2,57 ","0,00%","0,00%","0,00%",NLH,"2,57"
15/06/2026,139105,M4TAD0R,None,0,0,0, R$  -   ,,,,NLH,0
15/06/2026,139309,deixacupai,None,"5,49","0,8",0," R$  3,00 ","183,00%","26,67%","0,00%",NLH,3
15/06/2026,140920,Nunes06,None,0,0,0, R$  -   ,,,,NLH,0
15/06/2026,141672,pix141672,None,0,0,0, R$  -   ,,,,NLH,0
15/06/2026,141756,WGodoi,None,0,"16,45",0," R$  93,51 ","0,00%","17,59%","0,00%",MTT,"93,51"
15/06/2026,143782,celia184,None,0,0,0, R$  -   ,,,,NLH,0
15/06/2026,143861,KAROÁ,None,0,0,0, R$  -   ,,,,NLH,0
15/06/2026,145320,pix145320,None,0,0,0, R$  -   ,,,,NLH,0
15/06/2026,146440,B0L4D0,None,0,0,0, R$  -   ,,,,NLH,0
15/06/2026,146443,C4LABRES0,None,"2,13","0,1",0," R$  0,93 ","229,03%","10,75%","0,00%",NLH,"0,93"
15/06/2026,146696,cachaça51,None,0,0,0, R$  -   ,,,,NLH,0
15/06/2026,147165,L4DRA0,None,0,0,0, R$  -   ,,,,NLH,0
15/06/2026,148613,pix148613,None,0,0,0, R$  -   ,,,,NLH,0
15/06/2026,151176,Vala Vala,None,0,0,0," R$  4,41 ","0,00%","0,00%","0,00%",NLH,"4,41"
15/06/2026,156615,Tutubarão83,None,0,0,0," R$  0,64 ","0,00%","0,00%","0,00%",NLH,"0,64"
15/06/2026,159736,FunEngine,None,0,0,0," R$  1,89 ","0,00%","0,00%","0,00%",NLH,"1,89"
15/06/2026,160013,pluh,None,0,0,0," R$  12,46 ","0,00%","0,00%","0,00%",NLH,"12,46"
15/06/2026,160339,eduardo aguiar,None,0,0,0," R$  1,08 ","0,00%","0,00%","0,00%",NLH,"1,08"
15/06/2026,168427,behavior2,None,0,"0,1",0," R$  (1,00)","0,00%","-10,00%","0,00%",NLH,-1
15/06/2026,170675,3NZ21,None,0,"0,1",0," R$  (1,00)","0,00%","-10,00%","0,00%",NLH,-1
15/06/2026,172478,sir inga,None,0,0,0," R$  24,09 ","0,00%","0,00%","0,00%",NLH,"24,09"
15/06/2026,173110,xxxxxx.,None,"1,89",1,"7,17"," R$  2,00 ","94,50%","50,00%","358,50%",PLO6,2
15/06/2026,173743,pix173743,None,0,"0,1",0," R$  0,11 ","0,00%","90,91%","0,00%",MTT,"0,11"
15/06/2026,174860,Sheika,None,0,0,0," R$  2,01 ","0,00%","0,00%","0,00%",NLH,"2,01"
15/06/2026,175847,JoãodeQuinca,None,0,0,0, R$  -   ,,,,NLH,0
15/06/2026,176309,Moabe10,None,0,0,0, R$  -   ,,,,NLH,0
15/06/2026,176798,JanildodoAA,None,0,"0,3",0," R$  (0,18)","0,00%","-166,67%","0,00%",NLH,"-0,18"
15/06/2026,178559,Agnes Nunes,None,0,"0,1","0,53"," R$  (1,79)","0,00%","-5,59%","-29,61%",NLH,"-1,79"
15/06/2026,181970,3A5T0S,None,0,0,0, R$  -   ,,,,NLH,0
15/06/2026,182027,Capivara,None,0,0,0, R$  -   ,,,,NLH,0
15/06/2026,182861,Nikolau ?,None,"0,24","0,1",0, R$  -   ,,,,NLH,0
15/06/2026,183315,pix183315,None,0,0,0, R$  -   ,,,,NLH,0
15/06/2026,184458,pix184458,None,0,0,0, R$  -   ,,,,NLH,0
15/06/2026,185392,pix185392,None,0,0,0, R$  -   ,,,,NLH,0
15/06/2026,186329,gabrielmnds,None,0,0,0, R$  -   ,,,,NLH,0
15/06/2026,186748,Mulherdomeumarido33,None,0,"0,1",0," R$  2,72 ","0,00%","3,68%","0,00%",MTT,"2,72"
15/06/2026,188577,pix188577,None,0,0,0, R$  -   ,,,,NLH,0
15/06/2026,188990,Jacke,None,0,0,0," R$  0,48 ","0,00%","0,00%","0,00%",NLH,"0,48"
15/06/2026,189281,pix189281,None,0,0,0, R$  -   ,,,,NLH,0
15/06/2026,189912,Lukeides,None,0,0,0, R$  -   ,,,,NLH,0
15/06/2026,193564,Alison pires,None,0,"0,4",0," R$  (4,00)","0,00%","-10,00%","0,00%",NLH,-4
15/06/2026,193634,pix193634,None,0,0,0, R$  -   ,,,,NLH,0
15/06/2026,193767,pix193767,None,0,0,0, R$  -   ,,,,NLH,0
15/06/2026,194860,FlushFlower,None,"0,26","0,1",0," R$  (3,40)","-7,65%","-2,94%","0,00%",PLO6,"-3,4"
15/06/2026,195080,cassiov7,None,0,0,0, R$  -   ,,,,NLH,0
15/06/2026,195668,FullHaxx,None,0,0,0," R$  1,52 ","0,00%","0,00%","0,00%",NLH,"1,52"
15/06/2026,195772,pix195772,None,0,0,0," R$  0,61 ","0,00%","0,00%","0,00%",NLH,"0,61"
15/06/2026,195774,pix195774,None,0,0,0, R$  -   ,,,,NLH,0
15/06/2026,195901,Fabricio sakis,None,0,0,0, R$  -   ,,,,NLH,0
15/06/2026,195902,pix195902,None,0,0,0, R$  -   ,,,,NLH,0
15/06/2026,196103,amado Batista,None,0,0,0," R$  1,03 ","0,00%","0,00%","0,00%",NLH,"1,03"
15/06/2026,196104,Gaúcho,None,0,"0,1",0," R$  (0,36)","0,00%","-27,78%","0,00%",NLH,"-0,36"
15/06/2026,196105,Sem futuro,None,0,0,0, R$  -   ,,,,NLH,0
15/06/2026,196106,Bob esp0nja,None,"0,3","0,1",0," R$  (1,33)","-22,56%","-7,52%","0,00%",PLO6,"-1,33"
15/06/2026,196159,fernandoeulimpo,None,0,0,0, R$  -   ,,,,NLH,0
15/06/2026,196219,pix196219,None,0,0,0, R$  -   ,,,,NLH,0
15/06/2026,196220,pix196220,None,0,0,0, R$  -   ,,,,NLH,0
15/06/2026,196242,pix196242,None,0,0,0, R$  -   ,,,,NLH,0
15/06/2026,196243,pix196243,None,0,0,0, R$  -   ,,,,NLH,0
15/06/2026,196360,pix196360,None,0,0,0, R$  -   ,,,,NLH,0
15/06/2026,196472,zebuceta,None,0,0,0, R$  -   ,,,,NLH,0
15/06/2026,196550,pix196550,None,0,0,0, R$  -   ,,,,NLH,0
15/06/2026,196615,pix196615,None,0,0,0, R$  -   ,,,,NLH,0
15/06/2026,196616,pix196616,None,0,0,0, R$  -   ,,,,NLH,0
15/06/2026,196617,pix196617,None,0,0,0, R$  -   ,,,,NLH,0
15/06/2026,109974,Polyanne,None,"5,82","4,6",0," R$  (78,00)","-7,46%","-5,90%","0,00%",PLO6,-78
15/06/2026,163613,nilll,None,"6,1",0,0," R$  (30,00)","-20,33%","0,00%","0,00%",MTT,-30
15/06/2026,195344,P3scAAdor,None,"67,6",0,0," R$  140,11 ","48,25%","0,00%","0,00%",NLH,"140,11"
15/06/2026,102082,Ismas,None,0,"0,1",0," R$  (1,00)","0,00%","-10,00%","0,00%",NLH,-1
15/06/2026,138571,orocha,None,0,"0,1",0," R$  (1,00)","0,00%","-10,00%","0,00%",NLH,-1
15/06/2026,166767,calleri?,None,0,"0,2",0," R$  (2,00)","0,00%","-10,00%","0,00%",NLH,-2
15/06/2026,170216,tia naia,None,0,"0,1",0," R$  (1,00)","0,00%","-10,00%","0,00%",NLH,-1
15/06/2026,171628,Lucca777,None,0,"0,1",0," R$  (1,00)","0,00%","-10,00%","0,00%",NLH,-1
15/06/2026,179788,th200,None,0,"0,1",0," R$  (1,00)","0,00%","-10,00%","0,00%",NLH,-1
15/06/2026,180519,renatorusso,None,0,"0,3",0," R$  (3,00)","0,00%","-10,00%","0,00%",NLH,-3
15/06/2026,183155,AQUI E SO ALL-IN,None,0,"0,1",0," R$  (1,00)","0,00%","-10,00%","0,00%",NLH,-1
15/06/2026,195608,d4m4,None,0,"0,6",0," R$  (6,00)","0,00%","-10,00%","0,00%",NLH,-6
15/06/2026,196257,SpArtAno,None,0,"39,9","150,02"," R$  (630,41)","0,00%","-6,33%","-23,80%",NLH,"-630,41"
15/06/2026,138124,pix138124,None,0,"37,5","3,49"," R$  (219,05)","0,00%","-17,12%","-1,59%",NLH,"-219,05"
15/06/2026,196150,mago AA,None,0,"1,4",0," R$  (12,92)","0,00%","-10,84%","0,00%",NLH,"-12,92"
15/06/2026,193249,pix193249,None,0,0,"7,93"," R$  (71,38)","0,00%","0,00%","-11,11%",NLH,"-71,38"
15/06/2026,192933,Motoqueirinho,None,"0,16",80,0," R$  2.079,82 ","0,01%","3,85%","0,00%",MTT,"2079,82"
15/06/2026,195986,carlos Johnson,None,"0,19",0,0," R$  (4,38)","-4,34%","0,00%","0,00%",MTT,"-4,38"
15/06/2026,195978,Ibarra_sb,None,0,466,"605,98"," R$  5.273,88 ","0,00%","8,84%","11,49%",PLO6,"5273,88"
15/06/2026,153094,CaTaPuTaAA,None,0,"11,2",0," R$  716,39 ","0,00%","1,56%","0,00%",MTT,"716,39"
15/06/2026,185697,levigbrl,None,0,"3,1",0," R$  (31,00)","0,00%","-10,00%","0,00%",NLH,-31
15/06/2026,148496,Viniciusgomezs,None,0,"0,3",0," R$  (3,00)","0,00%","-10,00%","0,00%",NLH,-3
15/06/2026,153834,SamucaMon,None,0,"0,1",0," R$  (1,00)","0,00%","-10,00%","0,00%",NLH,-1
15/06/2026,170343,JJ-metal,None,0,"0,1",0," R$  (1,00)","0,00%","-10,00%","0,00%",NLH,-1
15/06/2026,172402,JonJones,None,0,"0,1",0," R$  (1,00)","0,00%","-10,00%","0,00%",NLH,-1
15/06/2026,176462,markin valde,None,0,"0,1",0," R$  (1,00)","0,00%","-10,00%","0,00%",NLH,-1
15/06/2026,196244,pix196244,None,"0,95",0,"266,27"," R$  750,33 ","0,13%","0,00%","35,49%",PLO6,"750,33"
15/06/2026,194041,TAKUNAVARA,None,0,13,0," R$  86,74 ","0,00%","14,99%","0,00%",MTT,"86,74"
15/06/2026,196418,pix196418,None,"4,65",0,"408,95"," R$  (670,00)","-0,69%","0,00%","-61,04%",MTT,-670
15/06/2026,196637,pix196637,None,0,0,"5,55"," R$  45,32 ","0,00%","0,00%","12,25%",PLO6,"45,32"
15/06/2026,196638,GanhoNaCerta,None,0,0,"6,69"," R$  (56,00)","0,00%","0,00%","-11,95%",NLH,-56
15/06/2026,106660,osj261067,None,0,"0,1",0," R$  (0,49)","0,00%","-20,41%","0,00%",NLH,"-0,49"
15/06/2026,110683,Muriele Vieira,None,0,0,0," R$  1,83 ","0,00%","0,00%","0,00%",NLH,"1,83"
15/06/2026,113682,pix113682,None,0,0,0, R$  -   ,,,,NLH,0
15/06/2026,122649,Soneca36,None,0,0,0, R$  -   ,,,,NLH,0
15/06/2026,125040,Mércia,None,0,0,0, R$  -   ,,,,NLH,0
15/06/2026,125132,williannuts,None,0,0,0, R$  -   ,,,,NLH,0
15/06/2026,134373,fio bao,None,0,0,0," R$  2,10 ","0,00%","0,00%","0,00%",NLH,"2,1"
15/06/2026,135400,Mercia09,None,0,0,0, R$  -   ,,,,NLH,0
15/06/2026,141583,pix141583,None,0,0,0, R$  -   ,,,,NLH,0
15/06/2026,143211,pix143211,None,0,0,0, R$  -   ,,,,NLH,0
15/06/2026,144081,Wender ws,None,0,0,0, R$  -   ,,,,NLH,0
15/06/2026,145268,malvadaopirata,None,0,0,0, R$  -   ,,,,NLH,0
15/06/2026,146781,BabyShark54,None,0,0,0, R$  -   ,,,,NLH,0
15/06/2026,147269,paracetamol,None,0,0,0, R$  -   ,,,,NLH,0
15/06/2026,154364,TAV19,None,0,0,0," R$  0,73 ","0,00%","0,00%","0,00%",NLH,"0,73"
15/06/2026,158727,pix158727,None,0,0,0, R$  -   ,,,,NLH,0
15/06/2026,160495,gmorett,None,"9,32","4,2",0," R$  (65,31)","-14,27%","-6,43%","0,00%",PLO6,"-65,31"
15/06/2026,163633,O_Ladrão,None,0,0,0, R$  -   ,,,,NLH,0
15/06/2026,170102,pix170102,None,0,0,0, R$  -   ,,,,NLH,0
15/06/2026,170734,pix170734,None,0,0,0, R$  -   ,,,,NLH,0
15/06/2026,171473,lucas?,None,0,"0,3",0," R$  (2,49)","0,00%","-12,05%","0,00%",NLH,"-2,49"
15/06/2026,172258,JJ METALÚRGICA,None,0,0,0," R$  0,88 ","0,00%","0,00%","0,00%",NLH,"0,88"
15/06/2026,172896,Torres01,None,0,0,0, R$  -   ,,,,NLH,0
15/06/2026,175419,Exmoke13,None,0,0,0, R$  -   ,,,,NLH,0
15/06/2026,175565,ébrio,None,0,0,0, R$  -   ,,,,NLH,0
15/06/2026,176746,Mark Ivey,None,0,0,0, R$  -   ,,,,NLH,0
15/06/2026,177899,vradar,None,0,0,0, R$  -   ,,,,NLH,0
15/06/2026,178561,Gi Genesini,None,0,0,0, R$  -   ,,,,NLH,0
15/06/2026,184953,chiquinho,None,0,0,0, R$  -   ,,,,NLH,0
15/06/2026,185920,pix185920,None,0,0,0, R$  -   ,,,,NLH,0
15/06/2026,186162,BOUP,None,0,0,0, R$  -   ,,,,NLH,0
15/06/2026,186733,pix186733,None,0,0,0, R$  -   ,,,,NLH,0
15/06/2026,187871,pix187871,None,0,0,0, R$  -   ,,,,NLH,0
15/06/2026,189539,pix189539,None,0,0,0, R$  -   ,,,,NLH,0
15/06/2026,190633,pix190633,None,0,0,0, R$  -   ,,,,NLH,0
15/06/2026,190884,bezzera11,None,0,0,0, R$  -   ,,,,NLH,0
15/06/2026,191307,EHMM,None,0,0,0, R$  -   ,,,,NLH,0
15/06/2026,191492,charles Thierry,None,0,0,0, R$  -   ,,,,NLH,0
15/06/2026,192223,pix192223,None,0,0,0, R$  -   ,,,,NLH,0
15/06/2026,192772,pix192772,None,0,0,0, R$  -   ,,,,NLH,0
15/06/2026,193022,pix193022,None,0,0,0, R$  -   ,,,,NLH,0
15/06/2026,193740,pix193740,None,0,0,0, R$  -   ,,,,NLH,0
15/06/2026,194835,Gladiador2026,None,0,0,0, R$  -   ,,,,NLH,0
15/06/2026,194836,Ester2026,None,0,0,0, R$  -   ,,,,NLH,0
15/06/2026,194837,Gatuno,None,0,0,0, R$  -   ,,,,NLH,0
15/06/2026,195389,pix195389,None,0,0,0, R$  -   ,,,,NLH,0
15/06/2026,195390,cria,None,0,0,0, R$  -   ,,,,NLH,0
15/06/2026,195561,verissimo001,None,"9,57",0,0," R$  (15,00)","-63,80%","0,00%","0,00%",MTT,-15
15/06/2026,195660,Matias44,None,0,0,0, R$  -   ,,,,NLH,0
15/06/2026,196012,pix196012,None,0,0,0, R$  -   ,,,,NLH,0
15/06/2026,196109,pix196109,None,0,0,0, R$  -   ,,,,NLH,0
15/06/2026,196110,pix196110,None,0,0,0, R$  -   ,,,,NLH,0
15/06/2026,196117,pikapoker,None,0,0,0, R$  -   ,,,,NLH,0
15/06/2026,196214,pix196214,None,0,0,0, R$  -   ,,,,NLH,0
15/06/2026,196246,pix196246,None,0,0,0, R$  -   ,,,,NLH,0
15/06/2026,196306,pix196306,None,0,0,0, R$  -   ,,,,NLH,0
15/06/2026,196582,pix196582,None,0,0,0, R$  -   ,,,,NLH,0
15/06/2026,196634,pkgalaxias,None,0,"2,8",0," R$  (28,00)","0,00%","-10,00%","0,00%",NLH,-28
15/06/2026,167364,DrTeca,None,0,0,"25,47"," R$  (120,00)","0,00%","0,00%","-21,23%",NLH,-120
15/06/2026,103133,Lainzine,None,0,0,0, R$  -   ,,,,NLH,0
15/06/2026,112977,VULGOALADIN,None,0,0,0, R$  -   ,,,,NLH,0
15/06/2026,169526,soniamgfm2,None,0,0,0, R$  -   ,,,,NLH,0
15/06/2026,170099,Alexandre fm,None,0,0,0, R$  -   ,,,,NLH,0
15/06/2026,172246,pochoko,None,0,0,0, R$  -   ,,,,NLH,0
15/06/2026,172407,CanindeCearaBrasil,None,0,0,0," R$  1,55 ","0,00%","0,00%","0,00%",NLH,"1,55"
15/06/2026,172470,优胜者,None,0,0,0, R$  -   ,,,,NLH,0
15/06/2026,172697,pix172697,None,0,0,0, R$  -   ,,,,NLH,0
15/06/2026,173018,pix173018,None,0,0,0, R$  -   ,,,,NLH,0
15/06/2026,177983,Aelton,None,0,0,0," R$  0,48 ","0,00%","0,00%","0,00%",NLH,"0,48"
15/06/2026,180037,MAL ELEMENTO??,None,0,"0,1",0," R$  0,11 ","0,00%","90,91%","0,00%",MTT,"0,11"
15/06/2026,181996,pix181996,None,0,0,0," R$  1,24 ","0,00%","0,00%","0,00%",NLH,"1,24"
15/06/2026,182817,CreisoN25,None,"1,3","0,2",0," R$  1,11 ","117,12%","18,02%","0,00%",NLH,"1,11"
15/06/2026,182906,pix182906,None,0,0,0, R$  -   ,,,,NLH,0
15/06/2026,185701,gato a jato,None,0,"0,1",0," R$  0,27 ","0,00%","37,04%","0,00%",MTT,"0,27"
15/06/2026,188795,pix188795,None,0,0,0, R$  -   ,,,,NLH,0
15/06/2026,190020,pix190020,None,0,0,0, R$  -   ,,,,NLH,0
15/06/2026,193532,pix193532,None,0,0,0, R$  -   ,,,,NLH,0
15/06/2026,196079,pix196079,None,0,0,"0,22"," R$  0,54 ","0,00%","0,00%","40,74%",PLO6,"0,54"
15/06/2026,196647,qmqrtemqbuscar,None,"79,12",0,0," R$  31,00 ","255,23%","0,00%","0,00%",NLH,31
15/06/2026,128416,GuilTMA,None,0,0,"89,77"," R$  (62,41)","0,00%","0,00%","-143,84%",NLH,"-62,41"
15/06/2026,152235,namastê!,None,0,0,"2,11"," R$  (12,00)","0,00%","0,00%","-17,58%",NLH,-12
15/06/2026,136110,Kenay,None,"7,88",2,"20,88"," R$  (60,56)","-13,01%","-3,30%","-34,48%",MTT,"-60,56"
15/06/2026,158020,pix158020,None,"14,56",0,"16,33"," R$  (71,07)","-20,49%","0,00%","-22,98%",MTT,"-71,07"
15/06/2026,174283,Natan Grangeiro,None,0,0,"306,76"," R$  (725,00)","0,00%","0,00%","-42,31%",NLH,-725
15/06/2026,177493,FioteradaBahea,None,0,"16,65","20,07"," R$  (200,00)","0,00%","-8,33%","-10,04%",NLH,-200
15/06/2026,139746,thiagos85,None,0,"63,2","3,17"," R$  (312,90)","0,00%","-20,20%","-1,01%",NLH,"-312,9"
15/06/2026,147769,éomanodu,None,"0,52",0,"0,82"," R$  (2,00)","-26,00%","0,00%","-41,00%",MTT,-2
15/06/2026,182466,pix182466,None,0,5,"21,65"," R$  (120,74)","0,00%","-4,14%","-17,93%",NLH,"-120,74"
15/06/2026,196178,policiaBOPE,None,0,26,"20,05"," R$  (253,64)","0,00%","-10,25%","-7,90%",NLH,"-253,64"
15/06/2026,158723,antoniocarlos48,None,"0,17",0,0," R$  (4,00)","-4,25%","0,00%","0,00%",MTT,-4
15/06/2026,190594,pix190594,None,"2,23","0,2","58,66"," R$  (306,88)","-0,73%","-0,07%","-19,11%",MTT,"-306,88"
15/06/2026,195940,pix195940,None,"10,26",0,0," R$  (5,00)","-205,20%","0,00%","0,00%",MTT,-5
15/06/2026,196296,pix196296,None,"106,18",0,0," R$  (140,00)","-75,84%","0,00%","0,00%",MTT,-140
15/06/2026,187868,baubau,None,"1,6",0,0," R$  (8,00)","-20,00%","0,00%","0,00%",MTT,-8
15/06/2026,169213,matiasf,None,"3,17",0,0," R$  (20,00)","-15,85%","0,00%","0,00%",MTT,-20
15/06/2026,173151,curiscão crazzy,None,"6,66","2,4",0," R$  (16,79)","-39,67%","-14,29%","0,00%",PLO6,"-16,79"
15/06/2026,196648,pix196648,None,"25,11",0,0," R$  (175,00)","-14,35%","0,00%","0,00%",MTT,-175
15/06/2026,111100,XerifeTexas,None,"0,62",0,0," R$  0,98 ","63,27%","0,00%","0,00%",NLH,"0,98"
15/06/2026,124536,fazzopix,None,0,0,0, R$  -   ,,,,NLH,0
15/06/2026,136568,s_mpoker3715,None,0,0,0, R$  -   ,,,,NLH,0
15/06/2026,138657,pix138657,None,0,0,0, R$  -   ,,,,NLH,0
15/06/2026,153713,noia.38off,None,0,0,0, R$  -   ,,,,NLH,0
15/06/2026,161620,?TRUMP?,None,"49,77",0,"8,82"," R$  (370,00)","-13,45%","0,00%","-2,38%",MTT,-370
15/06/2026,164386,pix164386,None,0,0,0, R$  -   ,,,,NLH,0
15/06/2026,173515,pix173515,None,0,0,0, R$  -   ,,,,NLH,0
15/06/2026,179757,zorrokkk,None,0,0,0, R$  -   ,,,,NLH,0
15/06/2026,180211,pix180211,None,0,0,0," R$  0,51 ","0,00%","0,00%","0,00%",NLH,"0,51"
15/06/2026,180282,pixmaicon,None,0,0,"6,07"," R$  (0,31)","0,00%","0,00%","-1958,06%",NLH,"-0,31"
15/06/2026,180523,psao7608,None,0,0,0," R$  0,73 ","0,00%","0,00%","0,00%",NLH,"0,73"
15/06/2026,182860,Pesadoo,None,0,0,0," R$  2,27 ","0,00%","0,00%","0,00%",NLH,"2,27"
15/06/2026,183499,pix183499,None,0,0,0, R$  -   ,,,,NLH,0
15/06/2026,183517,vinimb69,None,0,0,0, R$  -   ,,,,NLH,0
15/06/2026,186904,pix186904,None,0,0,0, R$  -   ,,,,NLH,0
15/06/2026,186907,pix186907,None,0,0,0, R$  -   ,,,,NLH,0
15/06/2026,188357,Rosane,None,"0,01","0,1",0," R$  15,87 ","0,06%","0,63%","0,00%",MTT,"15,87"
15/06/2026,188591,jujivell,None,0,0,0, R$  -   ,,,,NLH,0
15/06/2026,191965,LEBLINDERS,None,0,"7,5",0," R$  (74,27)","0,00%","-10,10%","0,00%",NLH,"-74,27"
15/06/2026,192476,pix192476,None,0,0,0, R$  -   ,,,,NLH,0
15/06/2026,193606,pix193606,None,0,"0,1",0," R$  0,52 ","0,00%","19,23%","0,00%",MTT,"0,52"
15/06/2026,195137,pix195137,None,0,0,0, R$  -   ,,,,NLH,0
15/06/2026,195904,fabricio silva,None,0,0,0, R$  -   ,,,,NLH,0
15/06/2026,195923,camila P,None,"0,27",0,0, R$  -   ,,,,NLH,0
15/06/2026,196642,pix196642,None,0,0,0, R$  -   ,,,,NLH,0
15/06/2026,196643,pix196643,None,0,0,0, R$  -   ,,,,NLH,0
15/06/2026,196644,pix196644,None,0,0,0, R$  -   ,,,,NLH,0
15/06/2026,196645,pix196645,None,0,0,0, R$  -   ,,,,NLH,0
15/06/2026,196329,Pazu23,None,0,78,0," R$  (503,37)","0,00%","-15,50%","0,00%",NLH,"-503,37"
15/06/2026,165380,Ghostface,None,0,"2,2",0," R$  (22,00)","0,00%","-10,00%","0,00%",NLH,-22
15/06/2026,196650,edsonjr26,None,0,"16,2",0," R$  (162,00)","0,00%","-10,00%","0,00%",NLH,-162
15/06/2026,134138,Chicobestafera,None,0,0,"70,99"," R$  (116,26)","0,00%","0,00%","-61,06%",NLH,"-116,26"
15/06/2026,101709,pix101709,None,0,0,0, R$  -   ,,,,NLH,0
15/06/2026,114522,GuerraPqd,None,0,0,0, R$  -   ,,,,NLH,0
15/06/2026,122747,pix122747,None,0,0,0, R$  -   ,,,,NLH,0
15/06/2026,122830,mau ?,None,0,0,0," R$  1,21 ","0,00%","0,00%","0,00%",NLH,"1,21"
15/06/2026,123504,SilvioAc,None,0,0,0, R$  -   ,,,,NLH,0
15/06/2026,124391,veraluciafar,None,0,0,0," R$  1,59 ","0,00%","0,00%","0,00%",NLH,"1,59"
15/06/2026,142773,thaisgonçalves,None,0,0,0, R$  -   ,,,,NLH,0
15/06/2026,143064,pawerrangersrosa,None,0,0,0, R$  -   ,,,,NLH,0
15/06/2026,143066,mulher gato,None,0,0,0, R$  -   ,,,,NLH,0
15/06/2026,143654,BingaBinga,None,0,0,0, R$  -   ,,,,NLH,0
15/06/2026,144211,pix144211,None,0,0,0, R$  -   ,,,,NLH,0
15/06/2026,148290,pix148290,None,0,0,0, R$  -   ,,,,NLH,0
15/06/2026,148356,pix148356,None,0,0,0, R$  -   ,,,,NLH,0
15/06/2026,160926,pix160926,None,0,0,0, R$  -   ,,,,NLH,0
15/06/2026,162307,pix162307,None,0,0,0, R$  -   ,,,,NLH,0
15/06/2026,163654,zanalice,None,"0,36",0,0," R$  (5,00)","-7,20%","0,00%","0,00%",MTT,-5
15/06/2026,164785,emimonteiro,None,0,0,0, R$  -   ,,,,NLH,0
15/06/2026,169881,bugthebest,None,0,"0,4",0," R$  (0,81)","0,00%","-49,38%","0,00%",NLH,"-0,81"
15/06/2026,170123,pix170123,None,0,0,0, R$  -   ,,,,NLH,0
15/06/2026,170660,pix170660,None,0,0,0, R$  -   ,,,,NLH,0
15/06/2026,171791,pix171791,None,0,0,0, R$  -   ,,,,NLH,0
15/06/2026,172160,Luizzzeraaa,None,0,0,0, R$  -   ,,,,NLH,0
15/06/2026,172648,Badpix69,None,0,0,0," R$  4,02 ","0,00%","0,00%","0,00%",NLH,"4,02"
15/06/2026,174434,pix174434,None,0,0,0, R$  -   ,,,,NLH,0
15/06/2026,174582,pix174582,None,0,0,0, R$  -   ,,,,NLH,0
15/06/2026,177176,pix177176,None,0,0,0, R$  -   ,,,,NLH,0
15/06/2026,177177,pix177177,None,0,0,0, R$  -   ,,,,NLH,0
15/06/2026,180375,LCS13BR,None,0,0,0, R$  -   ,,,,NLH,0
15/06/2026,185700,BISAQUE,None,0,0,0, R$  -   ,,,,NLH,0
15/06/2026,185810,Silvio,None,0,0,0, R$  -   ,,,,NLH,0
15/06/2026,185962,Chester,None,0,0,0, R$  -   ,,,,NLH,0
15/06/2026,186300,pix186300,None,0,0,0, R$  -   ,,,,NLH,0
15/06/2026,195543,lavx,None,"2,24",0,0," R$  19,54 ","11,46%","0,00%","0,00%",NLH,"19,54"
15/06/2026,195607,pix195607,None,0,0,0, R$  -   ,,,,NLH,0
15/06/2026,195739,5885 Q2,None,0,0,0, R$  -   ,,,,NLH,0
15/06/2026,195771,pix195771,None,0,0,0, R$  -   ,,,,NLH,0
15/06/2026,195773,pix195773,None,0,0,0, R$  -   ,,,,NLH,0
15/06/2026,195800,NiinjaCe,None,0,"0,2",0," R$  (2,00)","0,00%","-10,00%","0,00%",NLH,-2
15/06/2026,195803,pix195803,None,0,0,0, R$  -   ,,,,NLH,0
15/06/2026,196036,pix196036,None,0,0,0, R$  -   ,,,,NLH,0
15/06/2026,196078,pix196078,None,0,0,0, R$  -   ,,,,NLH,0
15/06/2026,196093,Ramon Fulado,None,0,0,0, R$  -   ,,,,NLH,0
15/06/2026,196107,Chico pezão,None,0,0,0, R$  -   ,,,,NLH,0
15/06/2026,196108,pix196108,None,0,0,0, R$  -   ,,,,NLH,0
15/06/2026,196300,pix196300,None,0,0,0, R$  -   ,,,,NLH,0
15/06/2026,196654,pix196654,None,0,0,0, R$  -   ,,,,NLH,0
15/06/2026,196655,pix196655,None,0,0,0," R$  1,01 ","0,00%","0,00%","0,00%",NLH,"1,01"
15/06/2026,196656,pix196656,None,0,0,0," R$  0,40 ","0,00%","0,00%","0,00%",NLH,"0,4"
15/06/2026,172464,alef uila,None,"4,2",0,0," R$  (25,00)","-16,80%","0,00%","0,00%",MTT,-25
15/06/2026,193887,doouglasbarros,None,"27,85",0,0," R$  (80,00)","-34,81%","0,00%","0,00%",MTT,-80
15/06/2026,195994,Ivatiuk,None,"5,66","16,2","0,17"," R$  (200,00)","-2,83%","-8,10%","-0,09%",PLO6,-200
15/06/2026,196660,smoka,None,0,"1,8","0,77"," R$  (30,00)","0,00%","-6,00%","-2,57%",NLH,-30
15/06/2026,196662,Taiky,None,0,0,"6,19"," R$  (100,34)","0,00%","0,00%","-6,17%",NLH,"-100,34"
15/06/2026,138917,pix138917,None,0,0,0, R$  -   ,,,,NLH,0
15/06/2026,149463,LordBriian,None,"7,25","2,2",0," R$  (38,00)","-19,08%","-5,79%","0,00%",PLO6,-38
15/06/2026,185849,sisi,None,0,0,0, R$  -   ,,,,NLH,0
15/06/2026,191330,pix191330,None,0,"0,1",0," R$  (0,10)","0,00%","-100,00%","0,00%",NLH,"-0,1"
15/06/2026,195619,Michael JJackson,None,0,1,"0,61"," R$  (5,00)","0,00%","-20,00%","-12,20%",NLH,-5
15/06/2026,196636,pix196636,None,0,0,0, R$  -   ,,,,NLH,0
15/06/2026,118130,Renanloc,None,"14,61",0,"677,95"," R$  3.648,62 ","0,40%","0,00%","18,58%",PLO6,"3648,62"
15/06/2026,117192,pix117192,None,"0,46",0,"8,26"," R$  107,58 ","0,43%","0,00%","7,68%",PLO6,"107,58"
15/06/2026,178326,TheGambleGuy,None,0,"5,95",0," R$  76,56 ","0,00%","7,77%","0,00%",MTT,"76,56"
15/06/2026,193267,xandaopoker,None,"9,7",0,0," R$  (45,00)","-21,56%","0,00%","0,00%",MTT,-45
15/06/2026,196464,singxp,None,"1,08",0,0," R$  (16,00)","-6,75%","0,00%","0,00%",MTT,-16
15/06/2026,173257,Sertaooooo,None,0,"7,2","29,57"," R$  304,42 ","0,00%","2,37%","9,71%",PLO6,"304,42"
15/06/2026,129443,kazindopix,None,0,0,"7,31"," R$  (80,92)","0,00%","0,00%","-9,03%",NLH,"-80,92"
15/06/2026,115802,Nauersiq,None,0,"0,8",0," R$  (8,00)","0,00%","-10,00%","0,00%",NLH,-8
15/06/2026,143190,Erivan01,None,0,0,0, R$  -   ,,,,NLH,0
15/06/2026,147087,pix147087,None,0,0,0, R$  -   ,,,,NLH,0
15/06/2026,149578,atrevido2,None,0,0,0," R$  0,48 ","0,00%","0,00%","0,00%",NLH,"0,48"
15/06/2026,158295,pix158295,None,0,0,0, R$  -   ,,,,NLH,0
15/06/2026,160409,erivandoido,None,0,0,0, R$  -   ,,,,NLH,0
15/06/2026,160412,pix160412,None,0,0,0, R$  -   ,,,,NLH,0
15/06/2026,162597,pix162597,None,0,0,0, R$  -   ,,,,NLH,0
15/06/2026,164085,DrawingDead,None,0,0,0, R$  -   ,,,,NLH,0
15/06/2026,165024,pix165024,None,0,0,0, R$  -   ,,,,NLH,0
15/06/2026,167737,vinijr7,None,0,0,0, R$  -   ,,,,NLH,0
15/06/2026,167804,brunojp,None,0,0,0, R$  -   ,,,,NLH,0
15/06/2026,188843,Aniquilador,None,0,0,0, R$  -   ,,,,NLH,0
15/06/2026,189146,pix189146,None,0,0,0, R$  -   ,,,,NLH,0
15/06/2026,189150,pix189150,None,0,0,0, R$  -   ,,,,NLH,0
15/06/2026,189154,pix189154,None,0,0,0, R$  -   ,,,,NLH,0
15/06/2026,189156,pix189156,None,0,0,0, R$  -   ,,,,NLH,0
15/06/2026,189158,pix189158,None,0,0,0, R$  -   ,,,,NLH,0
15/06/2026,192478,Edisane,None,0,0,0, R$  -   ,,,,NLH,0
15/06/2026,196160,negobiduba3,None,0,"2,5",0," R$  (16,37)","0,00%","-15,27%","0,00%",NLH,"-16,37"
15/06/2026,196621,pix196621,None,0,0,0, R$  -   ,,,,NLH,0
15/06/2026,196066,soaresgustavo,None,"0,3","0,1",0," R$  (5,00)","-6,00%","-2,00%","0,00%",PLO6,-5
15/06/2026,196664,ITACHI UCHIHHA,None,"0,04","9,9","9,66"," R$  6,75 ","0,59%","146,67%","143,11%",MTT,"6,75"
15/06/2026,157763,press,None,"43,84",0,"0,07"," R$  (99,99)","-43,84%","0,00%","-0,07%",MTT,"-99,99"
15/06/2026,112804,pix112804,None,"0,42",0,0," R$  (6,00)","-7,00%","0,00%","0,00%",MTT,-6
15/06/2026,190913,p2p4kings,None,0,1,0," R$  (10,00)","0,00%","-10,00%","0,00%",NLH,-10
15/06/2026,196010,JCBET,None,"27,67","15,55",0," R$  (148,29)","-18,66%","-10,49%","0,00%",PLO6,"-148,29"
15/06/2026,196667,pix196667,None,0,10,0," R$  (100,00)","0,00%","-10,00%","0,00%",NLH,-100
15/06/2026,146622,Silvio Santos poker,None,0,"0,1",0," R$  (1,00)","0,00%","-10,00%","0,00%",NLH,-1
15/06/2026,161570,cristianderson,None,0,"0,1",0," R$  (1,00)","0,00%","-10,00%","0,00%",NLH,-1
15/06/2026,166808,vip 166808,None,0,"0,1",0," R$  (1,00)","0,00%","-10,00%","0,00%",NLH,-1
15/06/2026,172984,SeuZé$,None,0,"0,1",0," R$  (1,00)","0,00%","-10,00%","0,00%",NLH,-1
15/06/2026,177126,duhx7,None,0,"0,1",0," R$  (1,00)","0,00%","-10,00%","0,00%",NLH,-1
15/06/2026,190818,lascado,None,"0,95",0,"0,38"," R$  (1,82)","-52,20%","0,00%","-20,88%",MTT,"-1,82"
15/06/2026,101924,Big Player Brazil,None,0,"0,2",0," R$  (2,00)","0,00%","-10,00%","0,00%",NLH,-2
15/06/2026,110402,BetoPz11,None,0,0,0, R$  -   ,,,,NLH,0
15/06/2026,114542,pix114542,None,0,0,0, R$  -   ,,,,NLH,0
15/06/2026,116856,pix116856,None,0,0,0, R$  -   ,,,,NLH,0
15/06/2026,116859,pix116859,None,0,0,0, R$  -   ,,,,NLH,0
15/06/2026,116862,pix116862,None,0,0,0, R$  -   ,,,,NLH,0
15/06/2026,117473,pix117473,None,0,0,0, R$  -   ,,,,NLH,0
15/06/2026,117501,pix117501,None,0,0,0, R$  -   ,,,,NLH,0
15/06/2026,119739,jhonatan,None,0,"2,16",0," R$  (21,20)","0,00%","-10,19%","0,00%",NLH,"-21,2"
15/06/2026,123166,bryanwinner,None,0,0,0, R$  -   ,,,,NLH,0
15/06/2026,124306,punicaoalimpers,None,0,0,0," R$  0,48 ","0,00%","0,00%","0,00%",NLH,"0,48"
15/06/2026,124630,fungonaunha,None,0,0,0," R$  0,40 ","0,00%","0,00%","0,00%",NLH,"0,4"
15/06/2026,151193,pix151193,None,0,0,0, R$  -   ,,,,NLH,0
15/06/2026,152582,Leoluine,None,0,0,0, R$  -   ,,,,NLH,0
15/06/2026,165703,Lena9000,None,0,0,0," R$  1,46 ","0,00%","0,00%","0,00%",NLH,"1,46"
15/06/2026,167084,LeoLuine1,None,0,0,0, R$  -   ,,,,NLH,0
15/06/2026,167268,LeoLuine2,None,0,0,0, R$  -   ,,,,NLH,0
15/06/2026,171451,Pigmeupoker,None,0,0,0, R$  -   ,,,,NLH,0
15/06/2026,178557,Grazi Mourão ?,None,0,0,0," R$  0,58 ","0,00%","0,00%","0,00%",NLH,"0,58"
15/06/2026,190514,pix190514,None,0,0,0," R$  1,21 ","0,00%","0,00%","0,00%",NLH,"1,21"
15/06/2026,190515,pix190515,None,0,0,0, R$  -   ,,,,NLH,0
15/06/2026,190568,pix190568,None,0,0,0, R$  -   ,,,,NLH,0
15/06/2026,190902,pix190902,None,0,0,0, R$  -   ,,,,NLH,0
15/06/2026,190903,pix190903,None,0,0,0, R$  -   ,,,,NLH,0
15/06/2026,190929,pix190929,None,0,0,0, R$  -   ,,,,NLH,0
15/06/2026,190987,pix190987,None,0,0,0, R$  -   ,,,,NLH,0
15/06/2026,192188,Suzana25,None,0,0,0, R$  -   ,,,,NLH,0
15/06/2026,194085,pix194085,None,0,0,0, R$  -   ,,,,NLH,0
15/06/2026,194937,pix194937,None,0,0,0, R$  -   ,,,,NLH,0
15/06/2026,194965,call toda hora,None,0,0,0, R$  -   ,,,,NLH,0
15/06/2026,196143,pix196143,None,0,0,0, R$  -   ,,,,NLH,0
15/06/2026,196144,pix196144,None,0,0,0, R$  -   ,,,,NLH,0
15/06/2026,196668,pix196668,None,0,0,0, R$  -   ,,,,NLH,0
15/06/2026,194973,wolf777,None,0,0,"15,5"," R$  (200,00)","0,00%","0,00%","-7,75%",NLH,-200
15/06/2026,112769,pix112769,None,0,"0,1",0," R$  (1,00)","0,00%","-10,00%","0,00%",NLH,-1
15/06/2026,121245,pix121245,None,0,0,0, R$  -   ,,,,NLH,0
15/06/2026,123058,pix123058,None,0,0,0, R$  -   ,,,,NLH,0
15/06/2026,123490,largatixa,None,0,0,0, R$  -   ,,,,NLH,0
15/06/2026,143199,Trobertom33,None,0,"0,3",0," R$  (3,00)","0,00%","-10,00%","0,00%",NLH,-3
15/06/2026,167984,leidegaga,None,0,0,0, R$  -   ,,,,NLH,0
15/06/2026,184776,Kilau,None,0,0,0, R$  -   ,,,,NLH,0
15/06/2026,185699,petrolina,None,0,0,0, R$  -   ,,,,NLH,0
15/06/2026,186871,MIKE BAGUNCINHA,None,0,0,0, R$  -   ,,,,NLH,0
15/06/2026,189016,Cicinh0,None,0,0,0, R$  -   ,,,,NLH,0
15/06/2026,189357,Tiquinho,None,0,0,0, R$  -   ,,,,NLH,0
15/06/2026,196116,ADM7,None,"0,41",0,0," R$  0,01 ","4100,00%","0,00%","0,00%",NLH,"0,01"
15/06/2026,196669,pix196669,None,0,0,0, R$  -   ,,,,NLH,0
15/06/2026,196670,pix196670,None,0,0,0, R$  -   ,,,,NLH,0
15/06/2026,171991,pix171991,None,"1,58",0,0," R$  (20,00)","-7,90%","0,00%","0,00%",MTT,-20
15/06/2026,195093,naap,None,"4,67",0,0," R$  (30,33)","-15,40%","0,00%","0,00%",MTT,"-30,33"
15/06/2026,123128,Diego Farias,None,"1,43",0,0," R$  (19,00)","-7,53%","0,00%","0,00%",MTT,-19
15/06/2026,125915,narizinho,None,"17,97",0,0," R$  (80,00)","-22,46%","0,00%","0,00%",MTT,-80
15/06/2026,157207,EducaDoido,None,"6,94",0,0," R$  44,21 ","15,70%","0,00%","0,00%",NLH,"44,21"
15/06/2026,189637,Erickson d,None,"1,55",0,0," R$  (20,05)","-7,73%","0,00%","0,00%",MTT,"-20,05"
15/06/2026,193337,vdk7,None,"3,77",0,0," R$  (16,73)","-22,53%","0,00%","0,00%",MTT,"-16,73"
15/06/2026,134347,BruxooRJ,None,"25,32",0,0," R$  (90,00)","-28,13%","0,00%","0,00%",MTT,-90
15/06/2026,195531,Sh4rk,None,"16,47",0,0," R$  (52,39)","-31,44%","0,00%","0,00%",MTT,"-52,39"
15/06/2026,195579,caio castro,None,"16,04",0,0," R$  (17,93)","-89,46%","0,00%","0,00%",MTT,"-17,93"
15/06/2026,196671,pix196671,None,"63,9","6,8","157,66"," R$  (490,00)","-13,04%","-1,39%","-32,18%",MTT,-490
15/06/2026,196685,pix12775,None,"75,16",0,0," R$  (224,94)","-33,41%","0,00%","0,00%",MTT,"-224,94"
15/06/2026,106982,jeansley,None,0,0,"0,86"," R$  (12,00)","0,00%","0,00%","-7,17%",NLH,-12
15/06/2026,172560,weverton,None,"1,76",0,0," R$  (30,42)","-5,79%","0,00%","0,00%",MTT,"-30,42"
15/06/2026,187978,zoroo,None,"1,88",0,0," R$  (24,00)","-7,83%","0,00%","0,00%",MTT,-24
15/06/2026,137869,Moreira 1995,None,0,0,"3,28"," R$  26,77 ","0,00%","0,00%","12,25%",PLO6,"26,77"
15/06/2026,195528,pix195528,None,0,0,"31,39"," R$  (80,00)","0,00%","0,00%","-39,24%",NLH,-80
15/06/2026,146829,Adauto,None,"4,05",0,0," R$  (45,24)","-8,95%","0,00%","0,00%",MTT,"-45,24"
15/06/2026,196058,DavidFloyd,None,0,5,0," R$  (50,00)","0,00%","-10,00%","0,00%",NLH,-50
15/06/2026,181976,pix181976,None,0,0,"4,27"," R$  (50,00)","0,00%","0,00%","-8,54%",NLH,-50
15/06/2026,182701,pix182701,None,"3,63","5,6",0," R$  (83,12)","-4,37%","-6,74%","0,00%",PLO6,"-83,12"
15/06/2026,180697,davicraque,None,"1,61",0,0," R$  (20,00)","-8,05%","0,00%","0,00%",MTT,-20
15/06/2026,196677,jodiedsonsilva91,None,"3,4",0,"0,87"," R$  (18,91)","-17,98%","0,00%","-4,60%",MTT,"-18,91"
15/06/2026,115848,L.M?,None,0,0,"44,49"," R$  (66,64)","0,00%","0,00%","-66,76%",NLH,"-66,64"
15/06/2026,151057,Beto $alada,None,"12,08","2,4",0," R$  (153,73)","-7,86%","-1,56%","0,00%",PLO6,"-153,73"
15/06/2026,173358,Ale silva,None,0,5,0," R$  (50,00)","0,00%","-10,00%","0,00%",NLH,-50
15/06/2026,171028,pescador,None,"2,71",0,0," R$  (6,87)","-39,45%","0,00%","0,00%",MTT,"-6,87"
15/06/2026,184030,Phil Fold,None,0,0,"25,21"," R$  72,35 ","0,00%","0,00%","34,84%",PLO6,"72,35"
15/06/2026,147427,passos,None,"2,37",0,0," R$  (30,95)","-7,66%","0,00%","0,00%",MTT,"-30,95"
15/06/2026,195873,pix195873,None,19,0,"2,53"," R$  7,06 ","269,12%","0,00%","35,84%",NLH,"7,06"
15/06/2026,196426,pix196426,None,"39,46",0,0," R$  (212,01)","-18,61%","0,00%","0,00%",MTT,"-212,01"
15/06/2026,102820,dual core,None,0,"0,1",0," R$  (1,00)","0,00%","-10,00%","0,00%",NLH,-1
15/06/2026,179715,joker777louco,None,0,0,0, R$  -   ,,,,NLH,0
15/06/2026,179716,51épingachoraporco,None,0,0,0, R$  -   ,,,,NLH,0
15/06/2026,190895,hugoehm,None,0,0,0, R$  -   ,,,,NLH,0
15/06/2026,194127,pix194127,None,0,0,0, R$  -   ,,,,NLH,0
15/06/2026,149367,André Bahia,None,0,"59,5","15,11"," R$  (199,04)","0,00%","-29,89%","-7,59%",NLH,"-199,04"
15/06/2026,164425,cuida no pix,None,0,0,"0,5"," R$  (4,00)","0,00%","0,00%","-12,50%",NLH,-4
15/06/2026,196688,samara???,None,0,0,"66,78"," R$  (1.000,00)","0,00%","0,00%","-6,68%",NLH,-1000
15/06/2026,196075,Friends Club,None,"18,05",0,"202,73"," R$  (400,00)","-4,51%","0,00%","-50,68%",MTT,-400
15/06/2026,196687,pix196687,None,"38,2",0,0," R$  (395,00)","-9,67%","0,00%","0,00%",MTT,-395
15/06/2026,113772,Guilherme torres,None,"11,56",0,0," R$  (55,15)","-20,96%","0,00%","0,00%",MTT,"-55,15"
15/06/2026,158719,royalpoker007,None,"5,09",0,0," R$  (50,00)","-10,18%","0,00%","0,00%",MTT,-50
15/06/2026,181175,Magowins,None,"18,29",0,0," R$  9,33 ","196,03%","0,00%","0,00%",NLH,"9,33"
15/06/2026,195810,pix195810,None,"1,27",0,0," R$  (8,27)","-15,36%","0,00%","0,00%",MTT,"-8,27"
15/06/2026,196665,Chicojr,None,"22,62",1,"19,68"," R$  (345,00)","-6,56%","-0,29%","-5,70%",MTT,-345
15/06/2026,121160,gordim trepao,None,0,0,"96,27"," R$  (992,04)","0,00%","0,00%","-9,70%",NLH,"-992,04"
15/06/2026,190242,pix190242,None,"10,36",0,0," R$  (100,08)","-10,35%","0,00%","0,00%",MTT,"-100,08"
15/06/2026,154739,Zé piqueno,None,"0,4",0,0," R$  0,01 ","4000,00%","0,00%","0,00%",NLH,"0,01"
15/06/2026,146616,ESQUELETO,None,0,0,0, R$  -   ,,,,NLH,0
15/06/2026,172404,PMJairoFilho,None,0,0,0, R$  -   ,,,,NLH,0
15/06/2026,172719,MENINO ALL-IN,None,0,0,0, R$  -   ,,,,NLH,0
15/06/2026,174310,CHICOSBAR,None,0,0,0, R$  -   ,,,,NLH,0
15/06/2026,174311,PETECABAR,None,0,0,0, R$  -   ,,,,NLH,0
15/06/2026,176145,TILTADOR,None,0,0,0, R$  -   ,,,,NLH,0
15/06/2026,177012,Como Tchê,None,0,0,0," R$  2,99 ","0,00%","0,00%","0,00%",NLH,"2,99"
15/06/2026,183149,CABELUDOBAR,None,0,0,0, R$  -   ,,,,NLH,0
15/06/2026,183154,EsperoQueVcsMorram,None,0,0,0, R$  -   ,,,,NLH,0
15/06/2026,183156,Leoncio,None,0,0,0, R$  -   ,,,,NLH,0
15/06/2026,190675,Don Lino?,None,0,0,0, R$  -   ,,,,NLH,0
15/06/2026,192127,EuSouChato??,None,0,0,0, R$  -   ,,,,NLH,0
15/06/2026,194525,QuaseNada,None,0,0,0, R$  -   ,,,,NLH,0
15/06/2026,195227,pix195227,None,0,0,0," R$  1,08 ","0,00%","0,00%","0,00%",NLH,"1,08"
15/06/2026,196111,pix196111,None,0,0,0, R$  -   ,,,,NLH,0
15/06/2026,196567,pix196567,None,0,0,0, R$  -   ,,,,NLH,0
15/06/2026,196690,pix196690,None,0,0,0, R$  -   ,,,,NLH,0
15/06/2026,196691,pix196691,None,0,0,0, R$  -   ,,,,NLH,0
15/06/2026,196692,pix196692,None,0,0,0, R$  -   ,,,,NLH,0
15/06/2026,196693,pix196693,None,0,0,0, R$  -   ,,,,NLH,0
15/06/2026,196694,pix196694,None,0,0,0, R$  -   ,,,,NLH,0
15/06/2026,196695,pix196695,None,0,0,0," R$  6,59 ","0,00%","0,00%","0,00%",NLH,"6,59"
15/06/2026,196696,pix196696,None,0,0,0, R$  -   ,,,,NLH,0
15/06/2026,196697,pix196697,None,0,0,0, R$  -   ,,,,NLH,0
15/06/2026,196698,pix196698,None,0,0,0, R$  -   ,,,,NLH,0
15/06/2026,196699,pix196699,None,0,0,0, R$  -   ,,,,NLH,0
15/06/2026,196700,pix196700,None,0,0,0, R$  -   ,,,,NLH,0
15/06/2026,196701,pix196701,None,0,0,0, R$  -   ,,,,NLH,0
15/06/2026,184026,Baratax1,None,0,0,"22,03"," R$  (177,16)","0,00%","0,00%","-12,44%",NLH,"-177,16"
15/06/2026,196706,pix196706,None,"5,95",0,"42,57"," R$  62,14 ","9,58%","0,00%","68,51%",PLO6,"62,14"
15/06/2026,195483,Lambuzinho,None,"3,4",0,0," R$  (20,00)","-17,00%","0,00%","0,00%",MTT,-20
15/06/2026,195645,Paco_Sc,None,"0,57",0,"7,13"," R$  (44,00)","-1,30%","0,00%","-16,20%",MTT,-44
15/06/2026,126206,meduza,None,0,0,0, R$  -   ,,,,NLH,0
15/06/2026,126226,torapreula,None,0,0,0, R$  -   ,,,,NLH,0
15/06/2026,126566,AApatrao,None,0,0,0, R$  -   ,,,,NLH,0
15/06/2026,141465,Maferente,None,0,0,0, R$  -   ,,,,NLH,0
15/06/2026,146296,pix146296,None,0,0,0," R$  1,29 ","0,00%","0,00%","0,00%",NLH,"1,29"
15/06/2026,156581,pix156581,None,0,0,0, R$  -   ,,,,NLH,0
15/06/2026,157808,pix157808,None,0,0,0, R$  -   ,,,,NLH,0
15/06/2026,157809,pix157809,None,0,0,0, R$  -   ,,,,NLH,0
15/06/2026,161561,GuZman$,None,0,0,0, R$  -   ,,,,NLH,0
15/06/2026,177013,Leiguinho,None,0,0,0, R$  -   ,,,,NLH,0
15/06/2026,177117,Cheque Reizé,None,0,0,0, R$  -   ,,,,NLH,0
15/06/2026,191213,pix191213,None,0,0,0," R$  0,75 ","0,00%","0,00%","0,00%",NLH,"0,75"
15/06/2026,192565,ldzin,None,0,0,0," R$  2,83 ","0,00%","0,00%","0,00%",NLH,"2,83"
15/06/2026,194859,paulo haxixe,None,0,0,0, R$  -   ,,,,NLH,0
15/06/2026,195863,Sr.Dhe,None,0,0,0, R$  -   ,,,,NLH,0
15/06/2026,196425,pix196425,None,0,"0,1",0," R$  (1,00)","0,00%","-10,00%","0,00%",NLH,-1
15/06/2026,111910,MTZiim,None,0,0,"4,8"," R$  (58,00)","0,00%","0,00%","-8,28%",NLH,-58
15/06/2026,196704,pix196704,None,"2,4",0,0," R$  (30,00)","-8,00%","0,00%","0,00%",MTT,-30
15/06/2026,196707,pix196707,None,0,9,"0,72"," R$  (100,00)","0,00%","-9,00%","-0,72%",NLH,-100
15/06/2026,154399,Zayn,None,"14,52",0,0," R$  (70,00)","-20,74%","0,00%","0,00%",MTT,-70
15/06/2026,194610,pix194610,None,"0,86",0,0," R$  (6,00)","-14,33%","0,00%","0,00%",MTT,-6
15/06/2026,195907,Toji,None,"3,29",0,0," R$  (4,92)","-66,87%","0,00%","0,00%",MTT,"-4,92"
15/06/2026,155404,vinhodiesel,None,0,"1,2","60,07"," R$  363,41 ","0,00%","0,33%","16,53%",PLO6,"363,41"
15/06/2026,196710,Rayane Santos??,None,0,0,"25,17"," R$  (196,00)","0,00%","0,00%","-12,84%",NLH,-196
15/06/2026,146666,Rodrigo chavez,None,0,3,0," R$  (30,00)","0,00%","-10,00%","0,00%",NLH,-30
15/06/2026,181916,Rafael Fonseca,None,"1,49",0,0," R$  (8,92)","-16,70%","0,00%","0,00%",MTT,"-8,92"
15/06/2026,196276,pix196276,None,0,0,"28,26"," R$  (63,00)","0,00%","0,00%","-44,86%",NLH,-63
15/06/2026,147647,buchada,None,"64,3",0,0," R$  (290,00)","-22,17%","0,00%","0,00%",MTT,-290
15/06/2026,171656,wallisson,None,"0,89","0,8",0," R$  (20,00)","-4,45%","-4,00%","0,00%",PLO6,-20
15/06/2026,196711,Hsht,None,"25,66",0,0," R$  (100,00)","-25,66%","0,00%","0,00%",MTT,-100
15/06/2026,196120,gordao xj,None,"2,39","4,9",0," R$  (94,20)","-2,54%","-5,20%","0,00%",PLO6,"-94,2"
15/06/2026,108116,gugimenez,None,"40,27",0,0," R$  (50,00)","-80,54%","0,00%","0,00%",MTT,-50
15/06/2026,147794,nattanzin,None,0,0,"2,09"," R$  30,00 ","0,00%","0,00%","6,97%",PLO6,30
15/06/2026,195920,decaranunca,None,0,0,"6,41"," R$  (40,00)","0,00%","0,00%","-16,03%",NLH,-40
15/06/2026,188382,Ambusias,None,0,0,"1,25"," R$  (18,00)","0,00%","0,00%","-6,94%",NLH,-18
15/06/2026,196719,pix196719,None,"2,87",0,"0,01"," R$  9,62 ","29,83%","0,00%","0,10%",NLH,"9,62"
15/06/2026,196720,pix196720,None,0,0,"0,35"," R$  11,17 ","0,00%","0,00%","3,13%",PLO6,"11,17"
15/06/2026,196712,LarissaHL,None,0,"8,5","7,84"," R$  151,01 ","0,00%","5,63%","5,19%",MTT,"151,01"
15/06/2026,145618,msinop,None,"18,2","12,5",0," R$  (209,00)","-8,71%","-5,98%","0,00%",PLO6,-209
15/06/2026,125201,Sr.Freitas,None,"0,37",0,0," R$  (4,00)","-9,25%","0,00%","0,00%",MTT,-4
15/06/2026,182011,pix182011,None,"1,24",0,0," R$  (5,00)","-24,80%","0,00%","0,00%",MTT,-5
15/06/2026,171898,matheus rocha,None,0,1,0," R$  (10,00)","0,00%","-10,00%","0,00%",NLH,-10
15/06/2026,196715,pix196715,None,"3,97",0,0," R$  (24,00)","-16,54%","0,00%","0,00%",MTT,-24
15/06/2026,103074,L4UR1,None,0,20,0," R$  (200,00)","0,00%","-10,00%","0,00%",NLH,-200
15/06/2026,145676,fabregas ??,AF - RAMON PESSOA,0,"9,7",0," R$  (1,42)","0,00%","-683,10%","0,00%",NLH,"-1,42"
15/06/2026,140814,Santiagorwas,AF - RAMON PESSOA,0,"90,1","178,16"," R$  (691,84)","0,00%","-13,02%","-25,75%",NLH,"-691,84"
15/06/2026,195738,pix195738,AF - RAMON PESSOA,"0,21","2,2","14,4"," R$  (11,00)","-1,91%","-20,00%","-130,91%",NLH,-11
15/06/2026,108548,NutzOrBlefBR,AF - RAMON PESSOA,0,"20,5","43,58"," R$  227,77 ","0,00%","9,00%","19,13%",PLO6,"227,77"
15/06/2026,195813,RamonnPessoa,AF - RAMON PESSOA,0,60,"2314,63"," R$  6.109,26 ","0,00%","0,98%","37,89%",PLO6,"6109,26"
15/06/2026,196043,pix196043,AF - RAMON PESSOA,0,0,"2455,7"," R$  (3.132,78)","0,00%","0,00%","-78,39%",NLH,"-3132,78"
15/06/2026,172744,VPoker,AF - RAMON PESSOA,"6,87","16,1",0," R$  458,00 ","1,50%","3,52%","0,00%",MTT,458
15/06/2026,135582,Mvasc,AF - RAMON PESSOA,0,0,"2859,03"," R$  817,61 ","0,00%","0,00%","349,68%",PLO6,"817,61"
15/06/2026,102031,PRIKITINHA,AF - RAMON PESSOA,"1,98","4,7","22,49"," R$  (170,00)","-1,16%","-2,76%","-13,23%",NLH,-170
15/06/2026,109526,Fireboy,AF - RAMON PESSOA,0,0,"132,4"," R$  656,00 ","0,00%","0,00%","20,18%",PLO6,656
15/06/2026,129831,POKERNAVEIASB,AF - RAMON PESSOA,0,4,"1,66"," R$  1,01 ","0,00%","396,04%","164,36%",MTT,"1,01"
15/06/2026,140364,TONINHO AVIP,AF - RAMON PESSOA,"4,73","0,6",0," R$  (14,08)","-33,59%","-4,26%","0,00%",PLO6,"-14,08"
15/06/2026,107194,Shaw-Moc,AF - RAMON PESSOA,0,"0,1",0," R$  (1,00)","0,00%","-10,00%","0,00%",NLH,-1
15/06/2026,182336,É SO PAGAR PRA VER,AF - RAMON PESSOA,0,0,0, R$  -   ,,,,NLH,0
15/06/2026,184017,kinho,AF - RAMON PESSOA,0,"93,89",0," R$  (997,34)","0,00%","-9,41%","0,00%",NLH,"-997,34"
15/06/2026,185809,Fabiano9,AF - RAMON PESSOA,0,0,0, R$  -   ,,,,NLH,0
15/06/2026,171988,Chama&Cuida,AF - RAMON PESSOA,"2,56","10,5","32,85"," R$  (405,00)","-0,63%","-2,59%","-8,11%",NLH,-405
15/06/2026,184653,Will-WL,AF - RAMON PESSOA,"4,28",0,"0,94"," R$  (50,00)","-8,56%","0,00%","-1,88%",MTT,-50
15/06/2026,191553,666_999,AF - RAMON PESSOA,"1,44",0,"25,36"," R$  (123,00)","-1,17%","0,00%","-20,62%",MTT,-123
15/06/2026,103040,Jr1307,AF - RAMON PESSOA,"3,23","66,2",0," R$  (632,53)","-0,51%","-10,47%","0,00%",PLO6,"-632,53"
15/06/2026,129481,Seu Pai,AF - RAMON PESSOA,0,450,0," R$  7.075,97 ","0,00%","6,36%","0,00%",MTT,"7075,97"
15/06/2026,119553,Kaka,AF - RAMON PESSOA,0,267,0," R$  (1.073,48)","0,00%","-24,87%","0,00%",NLH,"-1073,48"
15/06/2026,168863,Pietrovsb,AF - RAMON PESSOA,0,"37,2",0," R$  (267,86)","0,00%","-13,89%","0,00%",NLH,"-267,86"
15/06/2026,100592,kamen ryder,AF - RAMON PESSOA,0,0,0, R$  -   ,,,,NLH,0
15/06/2026,119868,UsAAin Fold,AF - RAMON PESSOA,0,0,0, R$  -   ,,,,NLH,0
15/06/2026,142836,AllinEuPago,AF - RAMON PESSOA,0,0,0, R$  -   ,,,,NLH,0
15/06/2026,142854,pix142854,AF - RAMON PESSOA,0,0,0, R$  -   ,,,,NLH,0
15/06/2026,175688,Sanguefriu,AF - RAMON PESSOA,0,0,0, R$  -   ,,,,NLH,0
15/06/2026,116467,house,AF - RAMON PESSOA,0,0,"17,14"," R$  (400,00)","0,00%","0,00%","-4,29%",NLH,-400
15/06/2026,182636,bgpotes,AF - RAMON PESSOA,"5,41",3,"14,39"," R$  245,80 ","2,20%","1,22%","5,85%",PLO6,"245,8"
15/06/2026,183669,Ekyamlopes,AF - RAMON PESSOA,0,0,"1,72"," R$  (100,00)","0,00%","0,00%","-1,72%",NLH,-100
15/06/2026,149334,senhor do seu anel,AF - RAMON PESSOA,0,0,"30,52"," R$  (44,32)","0,00%","0,00%","-68,86%",NLH,"-44,32"
15/06/2026,186323,Julianesss,AF - RAMON PESSOA,0,"0,8",0," R$  (8,00)","0,00%","-10,00%","0,00%",NLH,-8
15/06/2026,194105,ToliveOne$,AF - RAMON PESSOA,0,0,"36,22"," R$  (170,00)","0,00%","0,00%","-21,31%",NLH,-170
15/06/2026,136598,Claudemir,AF - RAMON PESSOA,0,"61,19",0," R$  255,42 ","0,00%","23,96%","0,00%",MTT,"255,42"
15/06/2026,109480,Checknorriss,AF - RAMON PESSOA,"5,25",0,"24,49"," R$  87,17 ","6,02%","0,00%","28,09%",PLO6,"87,17"
15/06/2026,137242,henriq111,AF - RAMON PESSOA,0,"8,75",0," R$  (87,50)","0,00%","-10,00%","0,00%",NLH,"-87,5"
15/06/2026,182566,VALE REAL,AF - RAMON PESSOA,0,0,"24,57"," R$  (122,00)","0,00%","0,00%","-20,14%",NLH,-122
15/06/2026,137243,pix137243,AF - RAMON PESSOA,0,0,"460,47"," R$  (3.007,87)","0,00%","0,00%","-15,31%",NLH,"-3007,87"
15/06/2026,173629,Tornado917,AF - RAMON PESSOA,0,0,"76,63"," R$  (35,12)","0,00%","0,00%","-218,19%",NLH,"-35,12"
15/06/2026,128235,samuelnego,AF - RAMON PESSOA,0,0,"34,92"," R$  (200,22)","0,00%","0,00%","-17,44%",NLH,"-200,22"
15/06/2026,182047,joventralha1,AF - FABIO MURAKAMI,0,"124,71",0," R$  621,05 ","0,00%","20,08%","0,00%",MTT,"621,05"
15/06/2026,169254,coracaovalente1111,AF - FABIO MURAKAMI,0,1,"56,94"," R$  185,19 ","0,00%","0,54%","30,75%",PLO6,"185,19"
15/06/2026,172138,Russia,AF - FABIO MURAKAMI,282,0,0," R$  222,70 ","126,63%","0,00%","0,00%",NLH,"222,7"
15/06/2026,163679,Leo 73,AF - FABIO MURAKAMI,0,0,0," R$  1,29 ","0,00%","0,00%","0,00%",NLH,"1,29"
15/06/2026,130042,FabioK9,AF - FABIO MURAKAMI,"28,69","52,5",0," R$  (673,21)","-4,26%","-7,80%","0,00%",PLO6,"-673,21"
15/06/2026,144307,AANTONIOE,AF - FABIO MURAKAMI,0,1,0," R$  (10,00)","0,00%","-10,00%","0,00%",NLH,-10
15/06/2026,127292,ErroPotte,AF - FABIO MURAKAMI,0,"130,6","34,89"," R$  (1.211,94)","0,00%","-10,78%","-2,88%",NLH,"-1211,94"
15/06/2026,146545,Patativover,AF - FABIO MURAKAMI,0,"57,5",0," R$  (496,25)","0,00%","-11,59%","0,00%",NLH,"-496,25"
15/06/2026,148598,aabb,AF - FABIO MURAKAMI,0,90,"83,32"," R$  (668,89)","0,00%","-13,46%","-12,46%",NLH,"-668,89"
15/06/2026,158904,rumo ao equiça,AF - FABIO MURAKAMI,0,"270,24","124,74"," R$  (1.332,54)","0,00%","-20,28%","-9,36%",NLH,"-1332,54"
15/06/2026,160733,TheKing92,AF - FABIO MURAKAMI,"11,35","23,5",0," R$  (140,58)","-8,07%","-16,72%","0,00%",PLO6,"-140,58"
15/06/2026,153916,Xandovysk,AF - FABIO MURAKAMI,0,"0,8",0," R$  (8,00)","0,00%","-10,00%","0,00%",NLH,-8
15/06/2026,163793,SHEIIK,AF - FABIO MURAKAMI,0,"0,1",0," R$  0,01 ","0,00%","1000,00%","0,00%",MTT,"0,01"
15/06/2026,147416,helpp,AF - FABIO MURAKAMI,0,33,"67,58"," R$  (670,93)","0,00%","-4,92%","-10,07%",NLH,"-670,93"
15/06/2026,135647,Bulldogs,AF - FABIO MURAKAMI,0,"23,1",0," R$  355,98 ","0,00%","6,49%","0,00%",MTT,"355,98"
15/06/2026,120745,Doutorzin,AF - BERNARDO,0,0,"390,48"," R$  (1.321,64)","0,00%","0,00%","-29,55%",NLH,"-1321,64"
15/06/2026,100533,@H.L.Poker ?,AF - BERNARDO,0,0,0, R$  -   ,,,,NLH,0
15/06/2026,146754,ricardo ribeiro,AF - BERNARDO,0,"8,5","89,47"," R$  (656,00)","0,00%","-1,30%","-13,64%",NLH,-656
15/06/2026,159243,JL0211,AF - BERNARDO,0,0,"88,96"," R$  (250,09)","0,00%","0,00%","-35,57%",NLH,"-250,09"
15/06/2026,148812,seu barriga,AF - BERNARDO,0,0,"11,75"," R$  (37,00)","0,00%","0,00%","-31,76%",NLH,-37
15/06/2026,139399,lavineG,AF - ELOY,0,"2,8","384,52"," R$  (872,07)","0,00%","-0,32%","-44,09%",NLH,"-872,07"
15/06/2026,106837,ALANN,AF - ELOY,0,"0,6","75,17"," R$  (193,26)","0,00%","-0,31%","-38,90%",NLH,"-193,26"
15/06/2026,102954,usujaDR,AF - ELOY,"6,66",0,"2671,42"," R$  5.548,43 ","0,12%","0,00%","48,15%",PLO6,"5548,43"
15/06/2026,139145,bbbb,AF - ELOY,"45,58",0,0," R$  (44,22)","-103,08%","0,00%","0,00%",MTT,"-44,22"
15/06/2026,128081,pix128081,AF - ELOY,0,0,"617,75"," R$  1.841,84 ","0,00%","0,00%","33,54%",PLO6,"1841,84"
15/06/2026,145637,Srº Mentira 81,AF - ELOY,0,"0,4",0," R$  (2,97)","0,00%","-13,47%","0,00%",NLH,"-2,97"
15/06/2026,145619,Fofura,AF - ELOY,0,20,"344,63"," R$  1.311,31 ","0,00%","1,53%","26,28%",PLO6,"1311,31"
15/06/2026,127129,ZecaPokerPE,AF - ELOY,0,0,0, R$  -   ,,,,NLH,0
15/06/2026,139529,Abcfamilia2015,AF - ELOY,0,"25,9",0," R$  177,48 ","0,00%","14,59%","0,00%",MTT,"177,48"
15/06/2026,145942,Luiz Filipy,AF - ELOY,0,48,0," R$  60,00 ","0,00%","80,00%","0,00%",MTT,60
15/06/2026,135877,PedroBatera,AF - ELOY,0,"2,2",0," R$  (22,00)","0,00%","-10,00%","0,00%",NLH,-22
15/06/2026,135318,mangueboype,AF - ELOY,0,0,0, R$  -   ,,,,NLH,0
15/06/2026,139402,Nogueirinha,AF - ELOY,"0,35",3,"2,1"," R$  (37,45)","-0,93%","-8,01%","-5,61%",NLH,"-37,45"
15/06/2026,129211,Xiko1987,AF - ELOY,0,0,"1,32"," R$  (17,97)","0,00%","0,00%","-7,35%",NLH,"-17,97"
15/06/2026,146003,JoaoSoriano,AF - ELOY,0,10,0," R$  (100,00)","0,00%","-10,00%","0,00%",NLH,-100
15/06/2026,137040,pix137040,AF - ELOY,0,"1,5","17,57"," R$  (2,40)","0,00%","-62,50%","-732,08%",NLH,"-2,4"
15/06/2026,144451,Oiregor81,AF - JEFFERSON P.,0,0,"308,87"," R$  100,67 ","0,00%","0,00%","306,81%",PLO6,"100,67"
15/06/2026,152301,Chuck,AF - JEFFERSON P.,0,"5,5","205,76"," R$  384,73 ","0,00%","1,43%","53,48%",PLO6,"384,73"
15/06/2026,141493,Sidnei?,AF - JEFFERSON P.,0,0,"22,63"," R$  (163,00)","0,00%","0,00%","-13,88%",NLH,-163
15/06/2026,173301,JowB99,AF - JEFFERSON P.,0,"57,35","240,21"," R$  11,74 ","0,00%","488,50%","2046,08%",PLO6,"11,74"
15/06/2026,148157,@AlugaGames,AF - JEFFERSON P.,0,0,"4418,16"," R$  15.242,76 ","0,00%","0,00%","28,99%",PLO6,"15242,76"
15/06/2026,124726,I Love Warung,AF - JEFFERSON P.,"14,87",0,"186,74"," R$  (1.748,46)","-0,85%","0,00%","-10,68%",MTT,"-1748,46"
15/06/2026,175326,julio40,AF - JEFFERSON P.,0,0,"493,84"," R$  (5.134,88)","0,00%","0,00%","-9,62%",NLH,"-5134,88"
15/06/2026,133575,PHBarros021,AF - JEFFERSON P.,0,3,"203,43"," R$  (869,03)","0,00%","-0,35%","-23,41%",NLH,"-869,03"
15/06/2026,150319,BWT1,AF - JEFFERSON P.,0,0,"34,37"," R$  (435,00)","0,00%","0,00%","-7,90%",NLH,-435
15/06/2026,189612,pix189612,AF - JEFFERSON P.,0,0,"160,13"," R$  (691,00)","0,00%","0,00%","-23,17%",NLH,-691
15/06/2026,150208,LeoPaschoal10,AF - JEFFERSON P.,0,0,0," R$  (25,00)","0,00%","0,00%","0,00%",NLH,-25
15/06/2026,144097,mahirt,AF - JEFFERSON P.,0,0,"6,07"," R$  (100,00)","0,00%","0,00%","-6,07%",NLH,-100
15/06/2026,160638,kevinlevrone,AF - DOLFO,"34,63",0,"507,26"," R$  3.246,88 ","1,07%","0,00%","15,62%",PLO6,"3246,88"
15/06/2026,104809,carrasco20,AF - DOLFO,"235,67",0,"46,74"," R$  (189,00)","-124,69%","0,00%","-24,73%",MTT,-189
15/06/2026,180641,acendeAQUIapagaLÁ,AF - DOLFO,0,"0,6",0," R$  (4,92)","0,00%","-12,20%","0,00%",NLH,"-4,92"
15/06/2026,103176,Yure Brito,AF - DOLFO,0,"762,08",0," R$  (1.454,03)","0,00%","-52,41%","0,00%",NLH,"-1454,03"
15/06/2026,103284,pix103284,AF - DOLFO,"104,36","28,45","117,31"," R$  (382,94)","-27,25%","-7,43%","-30,63%",MTT,"-382,94"
15/06/2026,104229,RoLiFiGhT,AF - DOLFO,"463,82",0,0," R$  (583,93)","-79,43%","0,00%","0,00%",MTT,"-583,93"
15/06/2026,103231,Chapetinha,AF - DOLFO,0,6,0," R$  (60,00)","0,00%","-10,00%","0,00%",NLH,-60
15/06/2026,102767,FuzilNeles,AF - DOLFO,0,0,"1,84"," R$  (14,94)","0,00%","0,00%","-12,32%",NLH,"-14,94"
15/06/2026,103206,?YB?,AF - DOLFO,0,0,"5,59"," R$  (14,00)","0,00%","0,00%","-39,93%",NLH,-14
15/06/2026,144187,Lira#,AF - DOLFO,0,"1,5",0," R$  (15,00)","0,00%","-10,00%","0,00%",NLH,-15
15/06/2026,162008,pix162008,CAMPANHA 1,"5,14",0,"960,97"," R$  (134,85)","-3,81%","0,00%","-712,62%",MTT,"-134,85"
15/06/2026,185612,pix185612,CAMPANHA 1,0,0,"155,22"," R$  (491,00)","0,00%","0,00%","-31,61%",NLH,-491
15/06/2026,161487,JeH7,CAMPANHA 1,0,0,0, R$  -   ,,,,NLH,0
15/06/2026,162174,AAMAA,CAMPANHA 1,0,0,0, R$  -   ,,,,NLH,0
15/06/2026,175324,Viel1996,CAMPANHA 1,"7,29",0,0," R$  (45,92)","-15,88%","0,00%","0,00%",MTT,"-45,92"
15/06/2026,151879,badbeat,CAMPANHA 1,"2,96",0,"13,78"," R$  (26,00)","-11,38%","0,00%","-53,00%",MTT,-26
15/06/2026,180921,vitoorx,CAMPANHA 1,"12,44","6,37",0," R$  (127,21)","-9,78%","-5,01%","0,00%",PLO6,"-127,21"
15/06/2026,173626,pix173626,CAMPANHA 1,0,0,"563,07"," R$  (1.715,00)","0,00%","0,00%","-32,83%",NLH,-1715
15/06/2026,167342,Dantas.96,CAMPANHA 1,"2,9","2,8","25,76"," R$  68,00 ","4,26%","4,12%","37,88%",PLO6,68
15/06/2026,175644,Tilas-Key,CAMPANHA 1,"2,18",0,0," R$  (10,00)","-21,80%","0,00%","0,00%",MTT,-10
15/06/2026,164351,pix164351,CAMPANHA 1,0,0,0, R$  -   ,,,,NLH,0
15/06/2026,166567,KevinDe9,CAMPANHA 1,"10,36",0,"1,02"," R$  (65,00)","-15,94%","0,00%","-1,57%",MTT,-65
15/06/2026,163140,JOKER CRAZY,CAMPANHA 1,0,0,"7,95"," R$  6,00 ","0,00%","0,00%","132,50%",PLO6,6
15/06/2026,186891,Andre f 16,CAMPANHA 1,0,"4,4","38,07"," R$  (104,88)","0,00%","-4,20%","-36,30%",NLH,"-104,88"
15/06/2026,179476,Danflapoker,CAMPANHA 1,0,0,0, R$  -   ,,,,NLH,0
15/06/2026,176514,roots,CAMPANHA 1,0,0,0," R$  1,21 ","0,00%","0,00%","0,00%",NLH,"1,21"
15/06/2026,173723,JJon,CAMPANHA 1,0,"1,2","1,55"," R$  (20,00)","0,00%","-6,00%","-7,75%",NLH,-20
15/06/2026,104971,0 maS be$tA,CAMPANHA 1,0,0,0, R$  -   ,,,,NLH,0
15/06/2026,165284,Stu Ivey,CAMPANHA 1,0,0,0," R$  0,88 ","0,00%","0,00%","0,00%",NLH,"0,88"
15/06/2026,169382,ÉoPessa,CAMPANHA 1,0,0,0, R$  -   ,,,,NLH,0
15/06/2026,192361,pix192361,CAMPANHA 1,0,0,0, R$  -   ,,,,NLH,0
15/06/2026,161295,dadopoker,CAMPANHA 1,0,0,0, R$  -   ,,,,NLH,0
15/06/2026,161539,FlavioCirillo,CAMPANHA 1,0,0,0, R$  -   ,,,,NLH,0
15/06/2026,161716,supoker,CAMPANHA 1,0,0,0, R$  -   ,,,,NLH,0
15/06/2026,163069,Fserra,CAMPANHA 1,0,0,0, R$  -   ,,,,NLH,0
15/06/2026,165029,pix165029,CAMPANHA 1,0,0,0, R$  -   ,,,,NLH,0
15/06/2026,174170,Costela_07,CAMPANHA 1,0,0,0, R$  -   ,,,,NLH,0
15/06/2026,182434,CELSOCLBO,CAMPANHA 1,0,0,0, R$  -   ,,,,NLH,0
15/06/2026,191062,claytonpi,CAMPANHA 1,0,0,0, R$  -   ,,,,NLH,0
15/06/2026,145394,erlygameAA,CAMPANHA 1,0,0,0, R$  -   ,,,,NLH,0
15/06/2026,165834,PLINIO RAFAEL,CAMPANHA 1,0,0,0, R$  -   ,,,,NLH,0
15/06/2026,165982,MELHOR QUE VOCÊ,CAMPANHA 1,0,0,0, R$  -   ,,,,NLH,0
15/06/2026,169112,MARCOS ALL IN,CAMPANHA 1,0,0,0, R$  -   ,,,,NLH,0
15/06/2026,152970,ASOUTERROR,CAMPANHA 1,0,0,0, R$  -   ,,,,NLH,0
15/06/2026,166221,SR.MAATHEUS,CAMPANHA 1,0,0,0, R$  -   ,,,,NLH,0
15/06/2026,167526,mandiocagaucha,CAMPANHA 1,0,0,0, R$  -   ,,,,NLH,0
15/06/2026,174654,jatoba08,CAMPANHA 1,0,0,0, R$  -   ,,,,NLH,0
15/06/2026,184372,GatoPreto,CAMPANHA 1,0,0,0, R$  -   ,,,,NLH,0
15/06/2026,192683,Faceless,CAMPANHA 1,0,"0,1",0," R$  (1,00)","0,00%","-10,00%","0,00%",NLH,-1
15/06/2026,165171,Dr.House,AF - DINHO,0,"4,4","17,78"," R$  (270,29)","0,00%","-1,63%","-6,58%",NLH,"-270,29"
15/06/2026,167393,Tudo_Na_Telaaa,AF - NILDINHO,0,0,"758,98"," R$  (14,73)","0,00%","0,00%","-5152,61%",NLH,"-14,73"
15/06/2026,157681,Boiruna,AF - NILDINHO,0,0,0, R$  -   ,,,,NLH,0
15/06/2026,168927,pix168927,AF - NILDINHO,0,0,0, R$  -   ,,,,NLH,0
15/06/2026,185617,pix185617,AF - NILDINHO,0,"1,5","0,66"," R$  (20,00)","0,00%","-7,50%","-3,30%",NLH,-20
15/06/2026,161316,fh0217,AF - NILDINHO,0,"0,84","39,81"," R$  85,76 ","0,00%","0,98%","46,42%",PLO6,"85,76"
15/06/2026,100508,luizinhodoido,AF - DAYVISSOM,0,0,"95,35"," R$  (301,54)","0,00%","0,00%","-31,62%",NLH,"-301,54"
15/06/2026,170065,MacielBet,AF - DAYVISSOM,0,"22,4","105,72"," R$  (176,27)","0,00%","-12,71%","-59,98%",NLH,"-176,27"
15/06/2026,183209,manjuba 09,AF - DAYVISSOM,0,0,"96,9"," R$  (387,77)","0,00%","0,00%","-24,99%",NLH,"-387,77"
15/06/2026,100624,Reybingo,AF - DAYVISSOM,0,"245,7",0," R$  1.955,87 ","0,00%","12,56%","0,00%",MTT,"1955,87"
15/06/2026,102150,pix102150,AF - DAYVISSOM,"2,91",0,"1,06"," R$  (50,00)","-5,82%","0,00%","-2,12%",MTT,-50
15/06/2026,151434,J H P,AF - DAYVISSOM,"2,34",7,"12,39"," R$  (150,00)","-1,56%","-4,67%","-8,26%",NLH,-150
15/06/2026,165655,pix165655,AF - DAYVISSOM,0,0,"0,55"," R$  (8,00)","0,00%","0,00%","-6,88%",NLH,-8
15/06/2026,104374,vovô fiote,AF - DAYVISSOM,0,0,0, R$  -   ,,,,NLH,0
15/06/2026,128838,joguinhodele,AF - PALISSON M,0,0,"325,17"," R$  (893,65)","0,00%","0,00%","-36,39%",NLH,"-893,65"
15/06/2026,129313,Falcão FTS,AF - PEUEUA,"11,45",0,"615,25"," R$  50,64 ","22,61%","0,00%","1214,95%",PLO6,"50,64"
15/06/2026,158934,Gato_Preto,AF - PEUEUA,0,0,"300,76"," R$  (417,24)","0,00%","0,00%","-72,08%",NLH,"-417,24"
15/06/2026,133599,Netto,AF - PEUEUA,0,"58,55",0," R$  31,29 ","0,00%","187,12%","0,00%",MTT,"31,29"
15/06/2026,116298,Pernalonga,AF - PEUEUA,0,0,"71,94"," R$  (6,00)","0,00%","0,00%","-1199,00%",NLH,-6
15/06/2026,129710,ABCfc,AF - PEUEUA,0,0,"5,05"," R$  (117,54)","0,00%","0,00%","-4,30%",NLH,"-117,54"
15/06/2026,116289,Duuuuur,AF - PEUEUA,0,"293,5",0," R$  1.524,32 ","0,00%","19,25%","0,00%",MTT,"1524,32"
15/06/2026,126650,sgtpastel,AF - PEUEUA,0,"65,2",0," R$  (652,00)","0,00%","-10,00%","0,00%",NLH,-652
15/06/2026,116300,Meulindo,AF - PEUEUA,"7,97",0,0," R$  (57,18)","-13,94%","0,00%","0,00%",MTT,"-57,18"
15/06/2026,152143,mateusinho,AF - PEUEUA,0,0,"562,9"," R$  2.065,39 ","0,00%","0,00%","27,25%",PLO6,"2065,39"
15/06/2026,131193,Baiba,AF - PEUEUA,0,2,0," R$  (20,00)","0,00%","-10,00%","0,00%",NLH,-20
15/06/2026,142091,pau e choque,AF - JAPA,"2,23",0,"227,71"," R$  (1.193,09)","-0,19%","0,00%","-19,09%",MTT,"-1193,09"
15/06/2026,172370,ShoShoNilDo,AF - JAPA,0,20,"9561,77"," R$  25.556,38 ","0,00%","0,08%","37,41%",PLO6,"25556,38"
15/06/2026,169126,macth card,AF - JAPA,0,0,"5854,57"," R$  (3.011,96)","0,00%","0,00%","-194,38%",NLH,"-3011,96"
15/06/2026,131699,shabake,AF - JAPA,0,0,"9164,62"," R$  51.280,45 ","0,00%","0,00%","17,87%",PLO6,"51280,45"
15/06/2026,100267,Digamaisnd,AF - JAPA,0,0,"100,8"," R$  (102,15)","0,00%","0,00%","-98,68%",NLH,"-102,15"
15/06/2026,187490,De Arrascaeta,AF - JAPA,0,"115,5",0," R$  (1.155,00)","0,00%","-10,00%","0,00%",NLH,-1155
15/06/2026,172369,Di Pace,AF - JAPA,0,"2,5",0," R$  (25,00)","0,00%","-10,00%","0,00%",NLH,-25
15/06/2026,147885,freshfrozen,AF - JAPA,0,135,0," R$  737,59 ","0,00%","18,30%","0,00%",MTT,"737,59"
15/06/2026,180537,Max leite,AF - JAPA,0,"161,5","253,77"," R$  (2.331,53)","0,00%","-6,93%","-10,88%",NLH,"-2331,53"
15/06/2026,100148,Katrupe,AF - JAPA,0,100,0," R$  45,00 ","0,00%","222,22%","0,00%",MTT,45
15/06/2026,100228,NeyHEXA,AF - JAPA,0,20,"413,85"," R$  (399,26)","0,00%","-5,01%","-103,65%",NLH,"-399,26"
15/06/2026,147619,Luffygear4,AF - NHONHO,0,0,"283,97"," R$  (42,66)","0,00%","0,00%","-665,66%",NLH,"-42,66"
15/06/2026,120841,NHONHOj6,AF - NHONHO,0,20,"785,24"," R$  481,44 ","0,00%","4,15%","163,10%",PLO6,"481,44"
15/06/2026,128731,SPIGA,AF - NHONHO,0,0,"293,84"," R$  (336,31)","0,00%","0,00%","-87,37%",NLH,"-336,31"
15/06/2026,122587,pix122587,AF - NHONHO,0,0,"266,67"," R$  625,89 ","0,00%","0,00%","42,61%",PLO6,"625,89"
15/06/2026,124365,??cuidado??,AF - NHONHO,0,0,"60,78"," R$  (395,00)","0,00%","0,00%","-15,39%",NLH,-395
15/06/2026,124395,Escanor,AF - NHONHO,0,0,0, R$  -   ,,,,NLH,0
15/06/2026,152675,Semacordo,AF - RPSOP,0,0,"38,49"," R$  (305,57)","0,00%","0,00%","-12,60%",NLH,"-305,57"
15/06/2026,149078,Purga,AF - RPSOP,0,0,0, R$  -   ,,,,NLH,0
15/06/2026,144512,Zé Costa,AF - RPSOP,0,10,"96,88"," R$  (35,00)","0,00%","-28,57%","-276,80%",NLH,-35
15/06/2026,150635,Pixsolidario,AF - RPSOP,"501,91",0,0," R$  (2.058,77)","-24,38%","0,00%","0,00%",MTT,"-2058,77"
15/06/2026,147338,MemphisBetei,AF - RPSOP,0,0,"17,94"," R$  (300,00)","0,00%","0,00%","-5,98%",NLH,-300
15/06/2026,174211,Anirrakell,AF - HERMINIO C,0,0,"35,76"," R$  (220,58)","0,00%","0,00%","-16,21%",NLH,"-220,58"
15/06/2026,147381,JHerminio ?,AF - HERMINIO C,0,50,"5,4"," R$  (366,88)","0,00%","-13,63%","-1,47%",NLH,"-366,88"
15/06/2026,194024,din din,AF - RAPHAEL A.,"2,32",0,"1437,54"," R$  (37,30)","-6,22%","0,00%","-3853,99%",MTT,"-37,3"
15/06/2026,100220,Martin Kabrhel,AF - RAPHAEL A.,0,0,"769,39"," R$  159,14 ","0,00%","0,00%","483,47%",PLO6,"159,14"
15/06/2026,145480,parDeKK,AF - RAPHAEL A.,0,0,"165,39"," R$  (650,00)","0,00%","0,00%","-25,44%",NLH,-650
15/06/2026,186000,webinhodasorte,AF - RAPHAEL A.,0,0,"92,25"," R$  124,00 ","0,00%","0,00%","74,40%",PLO6,124
15/06/2026,102379,pix102379,AF - RAPHAEL A.,0,0,0," R$  0,48 ","0,00%","0,00%","0,00%",NLH,"0,48"
15/06/2026,193309,LLL3,AF - RAPHAEL A.,0,0,0," R$  1,05 ","0,00%","0,00%","0,00%",NLH,"1,05"
15/06/2026,160485,Frogz,AF - BOIN,"1,36",0,0," R$  (13,43)","-10,13%","0,00%","0,00%",MTT,"-13,43"
15/06/2026,139947,bebetao,AF - BOIN,0,0,"2,23"," R$  (22,56)","0,00%","0,00%","-9,88%",NLH,"-22,56"
15/06/2026,155365,noiadooooo,AF - BOIN,0,"2,4","269,71"," R$  (307,24)","0,00%","-0,78%","-87,78%",NLH,"-307,24"
15/06/2026,100193,azedinho,AF - AZEDINHO,0,55,"553,5"," R$  (2.599,77)","0,00%","-2,12%","-21,29%",NLH,"-2599,77"
15/06/2026,193827,KilllerThePote,AF - AZEDINHO,0,"52,5","651,61"," R$  (1.355,49)","0,00%","-3,87%","-48,07%",NLH,"-1355,49"
15/06/2026,182166,magodavidson,AF - AZEDINHO,0,0,"799,43"," R$  (2.199,36)","0,00%","0,00%","-36,35%",NLH,"-2199,36"
15/06/2026,104400,Brenin10,AF - BRENO MARINHO,0,0,"1148,78"," R$  883,03 ","0,00%","0,00%","130,10%",PLO6,"883,03"
15/06/2026,139470,pix139470,AF - JOÃO MARCOS,0,0,"2869,63"," R$  3.146,61 ","0,00%","0,00%","91,20%",PLO6,"3146,61"
15/06/2026,145626,1997,AF - JOÃO MARCOS,0,0,"133,05"," R$  (99,26)","0,00%","0,00%","-134,04%",NLH,"-99,26"
15/06/2026,139505,pix139505,AF - RAILSON,"0,81","55,2","544,64"," R$  831,48 ","0,10%","6,64%","65,50%",PLO6,"831,48"
15/06/2026,155748,MaxFarias,AF - GABRIEL BENEVOL,0,"118,65",0," R$  94,32 ","0,00%","125,80%","0,00%",MTT,"94,32"
15/06/2026,107574,galega,AF - GABRIEL BENEVOL,0,0,"11,22"," R$  (201,00)","0,00%","0,00%","-5,58%",NLH,-201
15/06/2026,136771,gometa,AF - GABRIEL BENEVOL,0,"15,5",0," R$  55,87 ","0,00%","27,74%","0,00%",MTT,"55,87"
15/06/2026,152510,BruceWayne,AF - GABRIEL BENEVOL,"26,04",0,0," R$  (78,00)","-33,38%","0,00%","0,00%",MTT,-78
15/06/2026,136520,Juninho007,AF - GABRIEL BENEVOL,0,0,"2,07"," R$  (18,00)","0,00%","0,00%","-11,50%",NLH,-18
15/06/2026,143465,arthur.zx.086,AF - HERCULES,0,0,0," R$  0,48 ","0,00%","0,00%","0,00%",NLH,"0,48"
15/06/2026,117702,abunadopacato,AF - HERCULES,0,33,"341,13"," R$  (709,02)","0,00%","-4,65%","-48,11%",NLH,"-709,02"
15/06/2026,132454,barbaxavier,AF - HERCULES,0,"93,9","225,34"," R$  100,79 ","0,00%","93,16%","223,57%",PLO6,"100,79"
15/06/2026,141776,SisenandoCalixto,AF - HERCULES,0,"39,3",0," R$  (322,07)","0,00%","-12,20%","0,00%",NLH,"-322,07"
15/06/2026,131678,cassio clbo,AF - HERCULES,0,0,"117,7"," R$  (300,00)","0,00%","0,00%","-39,23%",NLH,-300
15/06/2026,129768,NKSS,AF - HERCULES,0,"29,6",0," R$  (296,00)","0,00%","-10,00%","0,00%",NLH,-296
15/06/2026,119430,??Hass??,AF - HERCULES,0,8,"29,26"," R$  262,04 ","0,00%","3,05%","11,17%",PLO6,"262,04"
15/06/2026,129665,bigo,AF - HERCULES,0,3,0," R$  (30,00)","0,00%","-10,00%","0,00%",NLH,-30
15/06/2026,147903,PanteradeSá,AF - CLUB DO POKER,0,0,0, R$  -   ,,,,NLH,0
15/06/2026,190422,MrBlunts,AF - CLUB DO POKER,0,0,0, R$  -   ,,,,NLH,0
15/06/2026,139674,22énutsPB,AF - CLUB DO POKER,0,0,"602,13"," R$  (2.369,07)","0,00%","0,00%","-25,42%",NLH,"-2369,07"
15/06/2026,148000,pix148000,AF - CLUB DO POKER,0,"70,3",0," R$  430,87 ","0,00%","16,32%","0,00%",MTT,"430,87"
15/06/2026,170113,Larry Bird 33#,AF - FERNANDO M.,0,0,0," R$  2,17 ","0,00%","0,00%","0,00%",NLH,"2,17"
15/06/2026,170439,esthercruzv,AF - FERNANDO M.,0,0,0, R$  -   ,,,,NLH,0
15/06/2026,148848,meno K,AF - FERNANDO M.,0,0,"790,88"," R$  (4.152,55)","0,00%","0,00%","-19,05%",NLH,"-4152,55"
15/06/2026,170717,litlle nerd,AF - FERNANDO M.,0,"0,7",0," R$  (7,00)","0,00%","-10,00%","0,00%",NLH,-7
15/06/2026,153977,DanielAndre1822,AF - FERNANDO M.,0,"38,3",0," R$  145,80 ","0,00%","26,27%","0,00%",MTT,"145,8"
15/06/2026,148451,Serimac,AF - FERNANDO M.,0,0,"143,02"," R$  1.083,70 ","0,00%","0,00%","13,20%",PLO6,"1083,7"
15/06/2026,148432,Alexson,AF - FERNANDO M.,0,40,0," R$  (353,73)","0,00%","-11,31%","0,00%",NLH,"-353,73"
15/06/2026,159024,pablyto66,AF - FERNANDO M.,0,0,0, R$  -   ,,,,NLH,0
15/06/2026,147900,MHConline,AF - FERNANDO M.,"12,82",0,0," R$  (114,14)","-11,23%","0,00%","0,00%",MTT,"-114,14"
15/06/2026,188335,Urubu Perneta1,AF - TRAF. MILENA M.,"0,16",0,0," R$  (0,97)","-16,49%","0,00%","0,00%",MTT,"-0,97"
15/06/2026,193384,pix193384,AF - TRAF. MILENA M.,0,0,0, R$  -   ,,,,NLH,0
15/06/2026,190285,BalaDelas01,AF - TRAF. MILENA M.,0,0,0," R$  11,97 ","0,00%","0,00%","0,00%",NLH,"11,97"
15/06/2026,190304,BLÅÜÜ,AF - TRAF. MILENA M.,0,"0,1",0," R$  (1,00)","0,00%","-10,00%","0,00%",NLH,-1
15/06/2026,194171,...NANAI...,AF - FAMTH,0,"12,9",0," R$  (129,00)","0,00%","-10,00%","0,00%",NLH,-129
15/06/2026,194170,xwillx,AF - FAMTH,0,"11,3",0," R$  (113,00)","0,00%","-10,00%","0,00%",NLH,-113
15/06/2026,192975,LipoF1,AF - FAMTH,0,"0,6",0," R$  (6,00)","0,00%","-10,00%","0,00%",NLH,-6
15/06/2026,166930,ValaValaNut,AF - FAMTH,0,"0,1","1,5"," R$  (13,00)","0,00%","-0,77%","-11,54%",NLH,-13
15/06/2026,181904,zudobr,AF - FAMTH,0,0,"41,23"," R$  (693,26)","0,00%","0,00%","-5,95%",NLH,"-693,26"
15/06/2026,158574,Ond@,AF - ENIO,0,0,"76,19"," R$  (17,32)","0,00%","0,00%","-439,90%",NLH,"-17,32"
15/06/2026,120989,Corotinho,AF - ENIO,"42,28",0,0," R$  105,56 ","40,05%","0,00%","0,00%",NLH,"105,56"
15/06/2026,102200,Odete Roitman ?,AF - ENIO,0,0,"20,02"," R$  114,10 ","0,00%","0,00%","17,55%",PLO6,"114,1"
15/06/2026,111006,pix111006,AF - ENIO,"3,18",0,0," R$  (39,88)","-7,97%","0,00%","0,00%",MTT,"-39,88"
15/06/2026,137597,Rurouni_Kenshin,AF - ENIO,0,0,"90,35"," R$  (604,00)","0,00%","0,00%","-14,96%",NLH,-604
15/06/2026,116070,Arqueiro,AF - ENIO,0,"4,1",0," R$  (41,00)","0,00%","-10,00%","0,00%",NLH,-41
15/06/2026,160389,MclCarvalho,AF - CCTH,"1,27","16,24","3,79"," R$  (231,78)","-0,55%","-7,01%","-1,64%",NLH,"-231,78"
15/06/2026,154436,bombazero,AF - CCTH,0,0,0, R$  -   ,,,,NLH,0
15/06/2026,100198,发牌员亲儿子,AF - PAÇOCA,0,320,"11449,1"," R$  (12.876,13)","0,00%","-2,49%","-88,92%",NLH,"-12876,13"
15/06/2026,194512,pix194512,AF - PAÇOCA,0,0,"389,44"," R$  1.334,78 ","0,00%","0,00%","29,18%",PLO6,"1334,78"
15/06/2026,100725,tiltei1,AF - PAÇOCA,0,0,"19,57"," R$  138,30 ","0,00%","0,00%","14,15%",PLO6,"138,3"
15/06/2026,124064,Presley,AF - PAÇOCA,"8,93",100,0," R$  (329,45)","-2,71%","-30,35%","0,00%",PLO6,"-329,45"
15/06/2026,100116,Fazendeiro,AF - PAÇOCA,0,0,"7906,09"," R$  (4.417,49)","0,00%","0,00%","-178,97%",NLH,"-4417,49"
15/06/2026,100227,pix1648639,AF - PAÇOCA,0,20,0," R$  (200,00)","0,00%","-10,00%","0,00%",NLH,-200
15/06/2026,149092,NF_#1,AF - FULL HOUSE A.,0,5,"1103,03"," R$  2.347,03 ","0,00%","0,21%","47,00%",PLO6,"2347,03"
15/06/2026,173237,neto carneiro,AF - FULL HOUSE A.,0,"0,1",0," R$  0,92 ","0,00%","10,87%","0,00%",MTT,"0,92"
15/06/2026,189418,pix189418,AF - FULL HOUSE A.,0,0,0," R$  1,46 ","0,00%","0,00%","0,00%",NLH,"1,46"
15/06/2026,157816,pix157816,AF - FULL HOUSE A.,0,"68,3","3,47"," R$  (347,42)","0,00%","-19,66%","-1,00%",NLH,"-347,42"
15/06/2026,140124,Thiago Amós,AF - FULL HOUSE A.,0,20,0," R$  701,73 ","0,00%","2,85%","0,00%",MTT,"701,73"
15/06/2026,160225,Zekinhaflush,AF - TELES,0,0,"78,16"," R$  (322,00)","0,00%","0,00%","-24,27%",NLH,-322
15/06/2026,160226,Pracimaa12,AF - JOÃO PAULO,0,0,"33,88"," R$  (150,00)","0,00%","0,00%","-22,59%",NLH,-150
15/06/2026,133058,Tuê,AF - JOÃO PAULO,0,0,"16,45"," R$  218,47 ","0,00%","0,00%","7,53%",PLO6,"218,47"
15/06/2026,161131,PokerStar,AF - YAMADA,0,10,"1453,09"," R$  (10.856,81)","0,00%","-0,09%","-13,38%",NLH,"-10856,81"
15/06/2026,195160,5ªserie,AF - YAMADA,0,0,"4938,94"," R$  7.711,05 ","0,00%","0,00%","64,05%",PLO6,"7711,05"
15/06/2026,161958,pix161958,AF - LEONARDO DUARTE,0,0,"254,52"," R$  (162,70)","0,00%","0,00%","-156,44%",NLH,"-162,7"
15/06/2026,186673,GamblerAlencar,AF - LEONARDO DUARTE,0,"77,45","4,62"," R$  (775,00)","0,00%","-9,99%","-0,60%",NLH,-775
15/06/2026,163618,Pep Guardiola,AF - LEONARDO DUARTE,0,0,"50,24"," R$  (200,00)","0,00%","0,00%","-25,12%",NLH,-200
15/06/2026,167387,pix167387,AF - LEONARDO DUARTE,0,0,"81,52"," R$  220,00 ","0,00%","0,00%","37,05%",PLO6,220
15/06/2026,109252,Kakarotoo,AF - LEONARDO DUARTE,0,0,"10,4"," R$  (100,40)","0,00%","0,00%","-10,36%",NLH,"-100,4"
15/06/2026,161604,pix161604,AF - LEONARDO DUARTE,0,0,"2,13"," R$  (20,00)","0,00%","0,00%","-10,65%",NLH,-20
15/06/2026,171391,pix179971,AF - FRED AGUIAR,"0,02",0,"571,06"," R$  (2.260,76)","0,00%","0,00%","-25,26%",MTT,"-2260,76"
15/06/2026,162906,pix162906,AF - FRED AGUIAR,"33,78","19,8",0," R$  (85,00)","-39,74%","-23,29%","0,00%",PLO6,-85
15/06/2026,137719,Noslimeda,AF - FRED AGUIAR,0,0,0, R$  -   ,,,,NLH,0
15/06/2026,163050,Andrersann,AF - FRED AGUIAR,"2,05",0,0," R$  (15,00)","-13,67%","0,00%","0,00%",MTT,-15
15/06/2026,194450,Luiss,AF - FRED AGUIAR,0,0,"1,03"," R$  (15,00)","0,00%","0,00%","-6,87%",NLH,-15
15/06/2026,170966,Sr.Guimaraes,AF - FRED AGUIAR,"4,84",0,0," R$  (40,00)","-12,10%","0,00%","0,00%",MTT,-40
15/06/2026,164099,TAMPINHA,AF - FRED AGUIAR,"2,03",0,0," R$  (37,32)","-5,44%","0,00%","0,00%",MTT,"-37,32"
15/06/2026,164148,LEOMACUCO,AF - FRED AGUIAR,"1,43",0,0," R$  (25,43)","-5,62%","0,00%","0,00%",MTT,"-25,43"
15/06/2026,163754,Soemia gostosa,AF - FRED AGUIAR,"54,21",0,0," R$  (50,00)","-108,42%","0,00%","0,00%",MTT,-50
15/06/2026,100748,messi.,AF - MESSI,"22,55",72,"3209,36"," R$  14.296,22 ","0,16%","0,50%","22,45%",PLO6,"14296,22"
15/06/2026,102063,BETVIP,AF - MESSI,0,8,"2709,61"," R$  (13.940,54)","0,00%","-0,06%","-19,44%",NLH,"-13940,54"
15/06/2026,193650,Dog$,AF - MATHEUS HENRIQU,"41,94","26,4","319,88"," R$  376,61 ","11,14%","7,01%","84,94%",PLO6,"376,61"
15/06/2026,178011,pix178011,AF - MATHEUS HENRIQU,0,0,"32,94"," R$  (50,00)","0,00%","0,00%","-65,88%",NLH,-50
15/06/2026,155779,RomeuJr,AF - MATHEUS HENRIQU,0,0,"35,89"," R$  (140,00)","0,00%","0,00%","-25,64%",NLH,-140
15/06/2026,160621,Débora Araújo,AF - MATHEUS HENRIQU,0,0,0, R$  -   ,,,,NLH,0
15/06/2026,171678,ArmandoBestafera,AF - MATHEUS HENRIQU,0,0,0," R$  0,40 ","0,00%","0,00%","0,00%",NLH,"0,4"
15/06/2026,154909,MilhoVerde,AF - BIGBLINDS,0,109,0," R$  (439,36)","0,00%","-24,81%","0,00%",NLH,"-439,36"
15/06/2026,195408,FIFAA,AF - BIGBLINDS,0,"194,79",0," R$  (273,82)","0,00%","-71,14%","0,00%",NLH,"-273,82"
15/06/2026,100883,theblack,AF - BIGBLINDS,0,1,"40,36"," R$  90,00 ","0,00%","1,11%","44,84%",PLO6,90
15/06/2026,117450,relógio quebrado,AF - BIGBLINDS,0,"152,02",0," R$  640,98 ","0,00%","23,72%","0,00%",MTT,"640,98"
15/06/2026,100434,pix100434,AF - BIGBLINDS,"0,63",0,"185,43"," R$  (395,05)","-0,16%","0,00%","-46,94%",MTT,"-395,05"
15/06/2026,100652,Lekin-Aroeiras,AF - BIGBLINDS,0,0,0," R$  1,11 ","0,00%","0,00%","0,00%",NLH,"1,11"
15/06/2026,100224,Blackwhite,AF - BIGBLINDS,0,36,0," R$  (12,60)","0,00%","-285,71%","0,00%",NLH,"-12,6"
15/06/2026,102024,zerocAAll,AF - BIGBLINDS,0,"111,6",0," R$  (441,00)","0,00%","-25,31%","0,00%",NLH,-441
15/06/2026,146112,HAPPYFEET,AF - BIGBLINDS,0,"50,5",0," R$  (224,93)","0,00%","-22,45%","0,00%",NLH,"-224,93"
15/06/2026,101096,9noriver,AF - BIGBLINDS,0,10,0," R$  (100,00)","0,00%","-10,00%","0,00%",NLH,-100
15/06/2026,149326,Coca-Cola Zero,AF - BIGBLINDS,0,"98,5",0," R$  (962,50)","0,00%","-10,23%","0,00%",NLH,"-962,5"
15/06/2026,100237,elsalsicha,AF - BIGBLINDS,"3,5",0,"12,6"," R$  (100,00)","-3,50%","0,00%","-12,60%",MTT,-100
15/06/2026,100183,Magnus.,AF - BIGBLINDS,0,110,0," R$  5.048,58 ","0,00%","2,18%","0,00%",MTT,"5048,58"
15/06/2026,101603,PapaiNoel,AF - BIGBLINDS,0,28,0," R$  (280,00)","0,00%","-10,00%","0,00%",NLH,-280
15/06/2026,159597,pokeRC??,AF - BIGBLINDS,"9,38",0,0," R$  (40,27)","-23,29%","0,00%","0,00%",MTT,"-40,27"
15/06/2026,100414,LovisK,AF - BIGBLINDS,"31,42",3,"10,73"," R$  (149,34)","-21,04%","-2,01%","-7,18%",MTT,"-149,34"
15/06/2026,100939,Watchmen,AF - BIGBLINDS,0,40,0," R$  (220,00)","0,00%","-18,18%","0,00%",NLH,-220
15/06/2026,115712,Homem Forrageira,AF - BIGBLINDS,0,"60,25",0," R$  (434,65)","0,00%","-13,86%","0,00%",NLH,"-434,65"
15/06/2026,100383,DestroyeD,AF - BIGBLINDS,0,0,"9,9"," R$  48,87 ","0,00%","0,00%","20,26%",PLO6,"48,87"
15/06/2026,100608,alo alcindo,AF - BIGBLINDS,0,20,0," R$  (177,50)","0,00%","-11,27%","0,00%",NLH,"-177,5"
15/06/2026,100780,LIGHT,AF - BIGBLINDS,0,"69,5",0," R$  1.762,40 ","0,00%","3,94%","0,00%",MTT,"1762,4"
15/06/2026,100451,zumbi da noite,AF - RR,"48,7","0,3","98,25"," R$  (806,00)","-6,04%","-0,04%","-12,19%",MTT,-806
15/06/2026,126584,K13b50n007,AF - RR,0,0,0," R$  0,51 ","0,00%","0,00%","0,00%",NLH,"0,51"
15/06/2026,167413,Akarie,AF - RR,0,0,"44,2"," R$  (753,76)","0,00%","0,00%","-5,86%",NLH,"-753,76"
15/06/2026,106956,IgorStone,AF - RR,0,1,0, R$  -   ,,,,NLH,0
15/06/2026,166945,Noia?,AF - RR,0,0,0, R$  -   ,,,,NLH,0
15/06/2026,126204,djoker,AF - RR,0,0,"28,45"," R$  (110,08)","0,00%","0,00%","-25,84%",NLH,"-110,08"
15/06/2026,156527,Boqueirão PB,AF - BRAULIO,0,0,"159,71"," R$  (979,53)","0,00%","0,00%","-16,30%",NLH,"-979,53"
15/06/2026,130508,Roblove,AF - POKER BSB,0,0,"0,6"," R$  (5,00)","0,00%","0,00%","-12,00%",NLH,-5
15/06/2026,136566,Papitolegal,AF - RAFAEL HASS,0,"35,6",0," R$  (356,00)","0,00%","-10,00%","0,00%",NLH,-356
15/06/2026,160697,???,AF - RACHA PIX,0,0,0," R$  1,08 ","0,00%","0,00%","0,00%",NLH,"1,08"
15/06/2026,139668,jasontatum#0,AF - RENAN COELHO,0,"7,5","36,75"," R$  32,32 ","0,00%","23,21%","113,71%",PLO6,"32,32"
15/06/2026,139670,bocapreta,AF - RENAN COELHO,0,0,0, R$  -   ,,,,NLH,0
15/06/2026,127889,gibak60,AF-ARTHUR QUEIMADAS,0,"17,7","126,44"," R$  (410,00)","0,00%","-4,32%","-30,84%",NLH,-410
15/06/2026,170889,betsporte87,AF-ARTHUR QUEIMADAS,0,0,"81,3"," R$  810,25 ","0,00%","0,00%","10,03%",PLO6,"810,25"
15/06/2026,120498,macabuco,AF - JEFERSONMARTINS,0,110,"207,59"," R$  (832,54)","0,00%","-13,21%","-24,93%",NLH,"-832,54"
15/06/2026,102792,CGAP-.,AF - BOLINHA,0,0,"9,82"," R$  (150,00)","0,00%","0,00%","-6,55%",NLH,-150
15/06/2026,110584,black,AF - BOLEIROS BRAS,0,0,"6816,76"," R$  9.400,05 ","0,00%","0,00%","72,52%",PLO6,"9400,05"
15/06/2026,100478,balashinekov,AF - SILVINHO,0,0,"33,1"," R$  132,89 ","0,00%","0,00%","24,91%",PLO6,"132,89"
15/06/2026,170927,Dan07,AF - SILVINHO,"9,26",0,"324,22"," R$  (2.474,88)","-0,37%","0,00%","-13,10%",MTT,"-2474,88"
15/06/2026,150259,pix 192988,AF - OZÉIAS,0,0,"91,31"," R$  (24,77)","0,00%","0,00%","-368,63%",NLH,"-24,77"
15/06/2026,170748,pix170748,AF - OZÉIAS,0,0,"26,58"," R$  223,86 ","0,00%","0,00%","11,87%",PLO6,"223,86"
15/06/2026,120179,pix120179,AF - OZÉIAS,0,0,"372,55"," R$  1.645,00 ","0,00%","0,00%","22,65%",PLO6,1645
15/06/2026,181388,Bely_Bely,AF - PAULINHO,0,0,"33,77"," R$  49,38 ","0,00%","0,00%","68,39%",PLO6,"49,38"
15/06/2026,143437,PeuPepsi,AF - PAULINHO,"14,97",0,"223,29"," R$  (2.524,27)","-0,59%","0,00%","-8,85%",MTT,"-2524,27"
15/06/2026,190489,Zé Baray 4:20,AF - TRAF. AMOR P.,0,0,0, R$  -   ,,,,NLH,0
15/06/2026,190498,CHORA MAIS LEK,AF - TRAF. AMOR P.,0,0,0, R$  -   ,,,,NLH,0
15/06/2026,136990,Bianchi311,AF - TRAF. AMOR P.,0,2,0," R$  (20,00)","0,00%","-10,00%","0,00%",NLH,-20
15/06/2026,130123,Pinguim$,AF - RILDO,0,0,"787,42"," R$  2.101,84 ","0,00%","0,00%","37,46%",PLO6,"2101,84"
15/06/2026,113639,guilermecosta,AF - RILDO,0,0,"1606,32"," R$  (3.032,15)","0,00%","0,00%","-52,98%",NLH,"-3032,15"
15/06/2026,154403,dealer082,AF - NATTAN CARINHA,0,0,"58,08"," R$  50,00 ","0,00%","0,00%","116,16%",PLO6,50
15/06/2026,196261,Jefftes13,AF - NATTAN CARINHA,0,1,0," R$  (10,00)","0,00%","-10,00%","0,00%",NLH,-10
15/06/2026,148038,Isra,AF - NATTAN CARINHA,0,0,"1,52"," R$  (30,00)","0,00%","0,00%","-5,07%",NLH,-30
15/06/2026,101629,AAKKARII,AF - NATTAN CARINHA,0,0,"3,86"," R$  60,27 ","0,00%","0,00%","6,40%",PLO6,"60,27"
15/06/2026,136659,Galação,AF - JOANDERSON L.,0,50,"368,59"," R$  2.206,48 ","0,00%","2,27%","16,70%",PLO6,"2206,48"
15/06/2026,196396,JKGomes1980,AF - MPS PIXPOKER,0,"165,9",0," R$  3.952,67 ","0,00%","4,20%","0,00%",MTT,"3952,67"
15/06/2026,153094,CaTaPuTaAA,AF - MPS PIXPOKER,"1,89","51,1","147,81"," R$  985,61 ","0,19%","5,18%","15,00%",PLO6,"985,61"
15/06/2026,150372,behavior,AF - KIKA QUEEN,0,0,0," R$  0,72 ","0,00%","0,00%","0,00%",NLH,"0,72"
15/06/2026,149252,kjmc-AL,AF - ENRICO,0,"4,6",0," R$  (46,00)","0,00%","-10,00%","0,00%",NLH,-46
15/06/2026,119992,LULA 91,AF - MARCIO MIRANDA,"1,14",0,"3,62"," R$  (12,00)","-9,50%","0,00%","-30,17%",MTT,-12
15/06/2026,196401,pix196401,AF - POKERCAST,0,"2,1",0," R$  (20,36)","0,00%","-10,31%","0,00%",NLH,"-20,36"
15/06/2026,102214,Daniel Dias,AF - DANIEL RJ,0,"382,05",0," R$  574,49 ","0,00%","66,50%","0,00%",MTT,"574,49"
15/06/2026,145490,Gabriel Brayner,AF - GABRIEL BRAYNER,0,0,"233,45"," R$  (203,58)","0,00%","0,00%","-114,67%",NLH,"-203,58"
15/06/2026,189476,SAMUKA YOSHI,AF - TRAF. RAMON P.,"5,58",0,0," R$  23,49 ","23,75%","0,00%","0,00%",NLH,"23,49"
15/06/2026,146154,klairtonkla,AF - UREA POKER,0,0,"51,3"," R$  258,78 ","0,00%","0,00%","19,82%",PLO6,"258,78"