Data,ID do jogador,Apelido,Agente,NLH,MTT,PLO6,Total,NLH,MTT,PLO6,Jogo_Fav,PROFIT/LOSS
27/04/2026,100706,Ricellys,AF - BIGBLINDS,0,"61,4",0," R$  61,40 ","0,00%","100,00%","0,00%",MTT,"-314,63"
27/04/2026,100780,LIGHT,AF - BIGBLINDS,0,"394,5",0," R$  394,50 ","0,00%","100,00%","0,00%",MTT,"-215,54"
27/04/2026,100883,Abacatuddo,AF - BIGBLINDS,0,"110,8","392,59"," R$  503,39 ","0,00%","22,01%","77,99%",PLO6,"639,6"
27/04/2026,146112,HAPPYFEET,AF - BIGBLINDS,0,"33,7",0," R$  33,70 ","0,00%","100,00%","0,00%",MTT,"64,08"
27/04/2026,100434,pix100434,AF - BIGBLINDS,0,"0,5","212,84"," R$  213,34 ","0,00%","0,23%","99,77%",PLO6,"591,93"
27/04/2026,100386,lavagemdedinheiro,AF - BIGBLINDS,0,4,0," R$  4,00 ","0,00%","100,00%","0,00%",MTT,0
27/04/2026,100608,alo alcindo,AF - BIGBLINDS,0,"2,5",0," R$  2,50 ","0,00%","100,00%","0,00%",MTT,-25
27/04/2026,117450,relógio quebrado,AF - BIGBLINDS,0,"132,8",0," R$  132,80 ","0,00%","100,00%","0,00%",MTT,"-421,75"
27/04/2026,101096,9noriver,AF - BIGBLINDS,0,"34,9",0," R$  34,90 ","0,00%","100,00%","0,00%",MTT,"-316,7"
27/04/2026,100414,LovisK,AF - BIGBLINDS,0,"19,2",0," R$  19,20 ","0,00%","100,00%","0,00%",MTT,0
27/04/2026,154909,MilhoVerde,AF - BIGBLINDS,0,115,0," R$  115,00 ","0,00%","100,00%","0,00%",MTT,"1588,71"
27/04/2026,195408,Queyrooz,AF - BIGBLINDS,0,171,0," R$  171,00 ","0,00%","100,00%","0,00%",MTT,"-189,78"
27/04/2026,149326,Coca-Cola Zero,AF - BIGBLINDS,0,101,0," R$  101,00 ","0,00%","100,00%","0,00%",MTT,"-926,14"
27/04/2026,100383,DestroyeD,AF - BIGBLINDS,0,0,"98,45"," R$  98,45 ","0,00%","0,00%","100,00%",PLO6,"-284,04"
27/04/2026,100224,Blackwhite,AF - BIGBLINDS,0,"25,5",0," R$  25,50 ","0,00%","100,00%","0,00%",MTT,"-214,5"
27/04/2026,100425,Estenislaw,AF - BIGBLINDS,0,62,0," R$  62,00 ","0,00%","100,00%","0,00%",MTT,"3090,31"
27/04/2026,100939,Watchmen,AF - BIGBLINDS,0,18,0," R$  18,00 ","0,00%","100,00%","0,00%",MTT,-180
27/04/2026,100237,elsalsicha,AF - BIGBLINDS,0,0,"24,8"," R$  24,80 ","0,00%","0,00%","100,00%",PLO6,"-200,61"
27/04/2026,100183,Magnus.,AF - BIGBLINDS,0,103,0," R$  103,00 ","0,00%","100,00%","0,00%",MTT,"3300,21"
27/04/2026,175465,gringo 57,AF - BIGBLINDS,0,1,0," R$  1,00 ","0,00%","100,00%","0,00%",MTT,-10
27/04/2026,149551,Rick08,AF - BIGBLINDS,0,0,0, R$  -   ,,,,NLH,0
27/04/2026,102031,matadordereg,AF - RAMON PESSOA,0,"8,4","18,58"," R$  26,98 ","0,00%","31,13%","68,87%",PLO6,"-82,44"
27/04/2026,134840,Henrique Santos,AF - RAMON PESSOA,0,"69,1",0," R$  69,10 ","0,00%","100,00%","0,00%",MTT,"976,49"
27/04/2026,137242,henriq111,AF - RAMON PESSOA,"7,34","9,5","15,78"," R$  32,62 ","22,50%","29,12%","48,38%",PLO6,"-226,59"
27/04/2026,182636,bgpotes,AF - RAMON PESSOA,"12,32",0,"20,65"," R$  32,97 ","37,37%","0,00%","62,63%",PLO6,"-28,6"
27/04/2026,109480,Checknorriss,AF - RAMON PESSOA,0,3,"31,58"," R$  34,58 ","0,00%","8,68%","91,32%",PLO6,"-161,92"
27/04/2026,191553,KAMBIROTE,AF - RAMON PESSOA,0,0,"36,76"," R$  36,76 ","0,00%","0,00%","100,00%",PLO6,"-118,46"
27/04/2026,171988,Chama&Cuida,AF - RAMON PESSOA,"18,94","17,1","50,6"," R$  86,64 ","21,86%","19,74%","58,40%",PLO6,"-192,36"
27/04/2026,194105,Semchance,AF - RAMON PESSOA,0,0,"87,56"," R$  87,56 ","0,00%","0,00%","100,00%",PLO6,"94,16"
27/04/2026,153443,Paradise Danger,AF - RAMON PESSOA,0,"9,2","69,67"," R$  78,87 ","0,00%","11,66%","88,34%",PLO6,-102
27/04/2026,107194,Shaw-Moc,AF - RAMON PESSOA,0,"2,8",0," R$  2,80 ","0,00%","100,00%","0,00%",MTT,"-26,67"
27/04/2026,179679,Munhoz,AF - RAMON PESSOA,0,0,0, R$  -   ,,,,NLH,0
27/04/2026,184017,kinho,AF - RAMON PESSOA,0,"28,4",0," R$  28,40 ","0,00%","100,00%","0,00%",MTT,"-126,75"
27/04/2026,136598,Claudemir,AF - RAMON PESSOA,0,"67,19",0," R$  67,19 ","0,00%","100,00%","0,00%",MTT,"-100,75"
27/04/2026,140814,Santiagorwas,AF - RAMON PESSOA,"114,15","22,5","309,14"," R$  445,79 ","25,61%","5,05%","69,35%",PLO6,"-1664,04"
27/04/2026,114623,Letícia,AF - RAMON PESSOA,"18,6",120,0," R$  138,60 ","13,42%","86,58%","0,00%",MTT,"-264,98"
27/04/2026,119553,Kaka,AF - RAMON PESSOA,0,"343,39",0," R$  343,39 ","0,00%","100,00%","0,00%",MTT,"75,94"
27/04/2026,119868,UsAAin Fold,AF - RAMON PESSOA,0,0,0, R$  -   ,,,,NLH,0
27/04/2026,182336,É SO PAGAR PRA VER,AF - RAMON PESSOA,"1,69",0,0," R$  1,69 ","100,00%","0,00%","0,00%",NLH,-25
27/04/2026,103040,Jr1307,AF - RAMON PESSOA,"28,77","29,9",0," R$  58,67 ","49,04%","50,96%","0,00%",MTT,"-122,7"
27/04/2026,140364,TONINHO AVIP,AF - RAMON PESSOA,"18,84",2,0," R$  20,84 ","90,40%","9,60%","0,00%",NLH,"-117,42"
27/04/2026,193794,SkaterMan420,AF - RAMON PESSOA,0,25,0," R$  25,00 ","0,00%","100,00%","0,00%",MTT,"254,76"
27/04/2026,172744,VPoker,AF - RAMON PESSOA,"1,37","79,2",0," R$  80,57 ","1,70%","98,30%","0,00%",MTT,"509,82"
27/04/2026,109526,Fireboy,AF - RAMON PESSOA,0,0,"32,11"," R$  32,11 ","0,00%","0,00%","100,00%",PLO6,33
27/04/2026,149334,mozovo,AF - RAMON PESSOA,"0,03","3,2","57,99"," R$  61,22 ","0,05%","5,23%","94,72%",PLO6,"115,41"
27/04/2026,143028,theundertaker,AF - RAMON PESSOA,0,0,0, R$  -   ,,,,NLH,-25
27/04/2026,195053,Sedrect,AF - RAMON PESSOA,0,"6,9",0," R$  6,90 ","0,00%","100,00%","0,00%",MTT,"-24,31"
27/04/2026,129831,POKERNAVEIASB,AF - RAMON PESSOA,0,"5,3","45,97"," R$  51,27 ","0,00%","10,34%","89,66%",PLO6,"-162,7"
27/04/2026,129481,Seu Pai,AF - RAMON PESSOA,0,123,0," R$  123,00 ","0,00%","100,00%","0,00%",MTT,"-59,98"
27/04/2026,195757,Magno44,AF - RAMON PESSOA,0,9,0," R$  9,00 ","0,00%","100,00%","0,00%",MTT,"20,25"
27/04/2026,194452,Lino87br,AF - RAMON PESSOA,0,0,0, R$  -   ,,,,NLH,0
27/04/2026,108548,NutzOrBlefBR,AF - RAMON PESSOA,"2,63","32,2","164,75"," R$  199,58 ","1,32%","16,13%","82,55%",PLO6,"589,39"
27/04/2026,182639,AarTaylorJoe063Now,AF - RAMON PESSOA,0,0,0, R$  -   ,,,,NLH,"0,51"
27/04/2026,137243,pix137243,AF - RAMON PESSOA,0,0,"194,22"," R$  194,22 ","0,00%","0,00%","100,00%",PLO6,"-418,35"
27/04/2026,186323,Julianesss,AF - RAMON PESSOA,0,0,0, R$  -   ,,,,NLH,0
27/04/2026,100592,kamen ryder,AF - RAMON PESSOA,0,0,0, R$  -   ,,,,NLH,0
27/04/2026,142836,AllinEuPago,AF - RAMON PESSOA,0,0,0, R$  -   ,,,,NLH,0
27/04/2026,142854,pix142854,AF - RAMON PESSOA,0,0,0, R$  -   ,,,,NLH,0
27/04/2026,135582,Mvasc,AF - RAMON PESSOA,0,100,"804,51"," R$  904,51 ","0,00%","11,06%","88,94%",PLO6,"-564,89"
27/04/2026,175688,Sanguefriu,AF - RAMON PESSOA,0,0,0, R$  -   ,,,,NLH,0
27/04/2026,145676,fabregas ??,AF - RAMON PESSOA,"4,14",0,0," R$  4,14 ","100,00%","0,00%","0,00%",NLH,-36
27/04/2026,142069,blhs,AF - RAMON PESSOA,0,44,0," R$  44,00 ","0,00%","100,00%","0,00%",MTT,-360
27/04/2026,183669,Ekyamlopes,AF - RAMON PESSOA,0,0,"17,23"," R$  17,23 ","0,00%","0,00%","100,00%",PLO6,-100
27/04/2026,112811,Kalifha,AF - RAMON PESSOA,0,0,0, R$  -   ,,,,NLH,0
27/04/2026,148106,Haisemberg,AF - RAMON PESSOA,0,0,0, R$  -   ,,,,NLH,0
27/04/2026,102273,NEGO BIDUBA,AF - ISAC,"7,57","473,99","5,55"," R$  487,11 ","1,55%","97,31%","1,14%",MTT,"-28,94"
27/04/2026,150540,semgalantia,AF - ISAC,"2,9",24,"18,45"," R$  45,35 ","6,39%","52,92%","40,68%",MTT,"-289,81"
27/04/2026,157300,mago.bet,AF - ISAC,0,"167,6",0," R$  167,60 ","0,00%","100,00%","0,00%",MTT,"1128,53"
27/04/2026,182480,Sabor Poker,AF - ISAC,0,"11,9","26,92"," R$  38,82 ","0,00%","30,65%","69,35%",PLO6,"-161,66"
27/04/2026,184138,?,AF - ISAC,"0,86","11,7",0," R$  12,56 ","6,85%","93,15%","0,00%",MTT,"-61,97"
27/04/2026,175494,Pescador ?,AF - ISAC,"75,57","0,4",0," R$  75,97 ","99,47%","0,53%","0,00%",NLH,"-634,2"
27/04/2026,181684,AMORIIM,AF - ISAC,"4,78",0,0," R$  4,78 ","100,00%","0,00%","0,00%",NLH,"-21,66"
27/04/2026,193540,Tony.S,AF - ISAC,"5,55","139,16","331,77"," R$  476,48 ","1,16%","29,21%","69,63%",PLO6,"267,61"
27/04/2026,155185,fogonabomba?,AF - ISAC,0,"48,44",0," R$  48,44 ","0,00%","100,00%","0,00%",MTT,"25,36"
27/04/2026,162837,LucasSilva,AF - ISAC,0,"3,1","9,01"," R$  12,11 ","0,00%","25,60%","74,40%",PLO6,-14
27/04/2026,185342,Zanatta01,AF - ISAC,"5,46","47,12",0," R$  52,58 ","10,38%","89,62%","0,00%",MTT,"-313,78"
27/04/2026,193482,pesca fish,AF - ISAC,"28,09",0,"246,37"," R$  274,46 ","10,23%","0,00%","89,77%",PLO6,"-538,85"
27/04/2026,165543,isaqueramos@,AF - ISAC,0,0,"12,17"," R$  12,17 ","0,00%","0,00%","100,00%",PLO6,"-88,23"
27/04/2026,127918,JC12,AF - ISAC,"1,79","16,2","50,97"," R$  68,96 ","2,60%","23,49%","73,91%",PLO6,"-327,37"
27/04/2026,160321,GameOver,AF - ISAC,"44,89",92,"489,41"," R$  626,30 ","7,17%","14,69%","78,14%",PLO6,"-2349,12"
27/04/2026,186415,YuriAAlberto,AF - ISAC,0,"11,5","50,47"," R$  61,97 ","0,00%","18,56%","81,44%",PLO6,"-99,69"
27/04/2026,134315,cobrao45,AF - ISAC,0,0,0, R$  -   ,,,,NLH,0
27/04/2026,138239,Anna Trovão 17,AF - ISAC,"2,2","0,2",0," R$  2,40 ","91,67%","8,33%","0,00%",NLH,"0,24"
27/04/2026,149973,VI$AO,AF - ISAC,7,"0,6","8,3"," R$  15,90 ","44,03%","3,77%","52,20%",PLO6,"-139,32"
27/04/2026,173010,ludjan,AF - ISAC,"15,5","1,6",0," R$  17,10 ","90,64%","9,36%","0,00%",NLH,-46
27/04/2026,175781,xonobruAK,AF - ISAC,0,"0,1",0," R$  0,10 ","0,00%","100,00%","0,00%",MTT,"2,83"
27/04/2026,175841,Lacerd1nha flush,AF - ISAC,0,0,0, R$  -   ,,,,NLH,0
27/04/2026,178427,Rudii01,AF - ISAC,0,"0,1",0," R$  0,10 ","0,00%","100,00%","0,00%",MTT,-1
27/04/2026,187404,Alex Poatan ??,AF - ISAC,0,0,0, R$  -   ,,,,NLH,"1,86"
27/04/2026,131627,Lucas Davi,AF - ISAC,"10,64",0,0," R$  10,64 ","100,00%","0,00%","0,00%",NLH,"-43,65"
27/04/2026,153375,MrDemite,AF - ISAC,"0,24","13,8",0," R$  14,04 ","1,71%","98,29%","0,00%",MTT,"-111,8"
27/04/2026,160496,joker?,AF - ISAC,"1,22",0,0," R$  1,22 ","100,00%","0,00%","0,00%",NLH,-4
27/04/2026,165123,Fr0?D,AF - ISAC,"8,95","3,62",0," R$  12,57 ","71,20%","28,80%","0,00%",NLH,"-56,09"
27/04/2026,168507,Jhonnata Do Riverr,AF - ISAC,"47,93","7,6","45,44"," R$  100,97 ","47,47%","7,53%","45,00%",NLH,"-462,44"
27/04/2026,183094,azogo10,AF - ISAC,"14,15","3,9",0," R$  18,05 ","78,39%","21,61%","0,00%",NLH,"41,01"
27/04/2026,146489,popeye,AF - ISAC,0,"98,9","39,84"," R$  138,74 ","0,00%","71,28%","28,72%",MTT,"-223,31"
27/04/2026,172079,JPSaless,AF - ISAC,0,0,"46,43"," R$  46,43 ","0,00%","0,00%","100,00%",PLO6,"-35,23"
27/04/2026,180131,Sabor Ganhar,AF - ISAC,0,0,"235,11"," R$  235,11 ","0,00%","0,00%","100,00%",PLO6,-634
27/04/2026,143623,vish_777,AF - ISAC,"13,85",3,48," R$  64,85 ","21,36%","4,63%","74,02%",PLO6,"5,82"
27/04/2026,123646,TURBO S,AF - ISAC,"0,87",0,0," R$  0,87 ","100,00%","0,00%","0,00%",NLH,"-5,68"
27/04/2026,108346,chicleteiro ??,AF - ISAC,0,0,"5,88"," R$  5,88 ","0,00%","0,00%","100,00%",PLO6,"-42,46"
27/04/2026,134625,GILMRZ7,AF - ISAC,"5,82","0,7","12,84"," R$  19,36 ","30,06%","3,62%","66,32%",PLO6,"-20,48"
27/04/2026,148579,All in e ?,AF - ISAC,0,"10,5",0," R$  10,50 ","0,00%","100,00%","0,00%",MTT,"56,42"
27/04/2026,193487,B10poker,AF - ISAC,0,"6,2",0," R$  6,20 ","0,00%","100,00%","0,00%",MTT,"64,34"
27/04/2026,165271,nene_4:20,AF - ISAC,"27,72",15,0," R$  42,72 ","64,89%","35,11%","0,00%",NLH,"-410,53"
27/04/2026,186309,B?MB?L@D?,AF - ISAC,"23,7","18,16","0,31"," R$  42,17 ","56,20%","43,06%","0,74%",NLH,"-120,38"
27/04/2026,120885,&&&&,AF - ISAC,"0,78","24,5",0," R$  25,28 ","3,09%","96,91%","0,00%",MTT,"194,39"
27/04/2026,115734,RiverRat,AF - ISAC,0,"0,5",0," R$  0,50 ","0,00%","100,00%","0,00%",MTT,-5
27/04/2026,124313,philippebarone,AF - ISAC,0,"0,1",0," R$  0,10 ","0,00%","100,00%","0,00%",MTT,"2,39"
27/04/2026,134166,LincolnLau,AF - ISAC,0,0,0, R$  -   ,,,,NLH,"2,1"
27/04/2026,145247,vem devagar,AF - ISAC,"1,55","0,4",0," R$  1,95 ","79,49%","20,51%","0,00%",NLH,"-2,5"
27/04/2026,145591,Dobrodracy,AF - ISAC,0,"0,1",0," R$  0,10 ","0,00%","100,00%","0,00%",MTT,"0,05"
27/04/2026,148138,Xurisbela,AF - ISAC,0,0,0, R$  -   ,,,,NLH,"2,87"
27/04/2026,153278,Amanhã,AF - ISAC,0,0,0, R$  -   ,,,,NLH,0
27/04/2026,160219,andrerl,AF - ISAC,0,0,"0,21"," R$  0,21 ","0,00%","0,00%","100,00%",PLO6,"-73,38"
27/04/2026,172400,Xumaca,AF - ISAC,0,"0,1",0," R$  0,10 ","0,00%","100,00%","0,00%",MTT,-1
27/04/2026,172709,Almir Martins,AF - ISAC,0,"0,9",0," R$  0,90 ","0,00%","100,00%","0,00%",MTT,"-2,24"
27/04/2026,176196,carolll,AF - ISAC,0,0,"0,77"," R$  0,77 ","0,00%","0,00%","100,00%",PLO6,"-1,76"
27/04/2026,178656,PH777,AF - ISAC,0,"0,5",0," R$  0,50 ","0,00%","100,00%","0,00%",MTT,"-1,13"
27/04/2026,185459,Regiane,AF - ISAC,0,0,0, R$  -   ,,,,NLH,0
27/04/2026,190586,JuniorHawk,AF - ISAC,0,0,0, R$  -   ,,,,NLH,0
27/04/2026,191993,wallygarage,AF - ISAC,0,"9,3",0," R$  9,30 ","0,00%","100,00%","0,00%",MTT,-93
27/04/2026,192125,ReiDoFree,AF - ISAC,0,0,0, R$  -   ,,,,NLH,"0,61"
27/04/2026,195297,pix195297,AF - ISAC,0,0,0, R$  -   ,,,,NLH,"0,88"
27/04/2026,195641,ReiDaCallErrada,AF - ISAC,0,0,0, R$  -   ,,,,NLH,"1,52"
27/04/2026,187658,DomAttaide,AF - ISAC,0,"12,3","52,52"," R$  64,82 ","0,00%","18,98%","81,02%",PLO6,-332
27/04/2026,157767,のちモ匕モ2,AF - ISAC,"7,73","8,2",0," R$  15,93 ","48,52%","51,48%","0,00%",MTT,"2,77"
27/04/2026,170330,Sarochim10,AF - ISAC,0,"19,35",0," R$  19,35 ","0,00%","100,00%","0,00%",MTT,"-109,54"
27/04/2026,193803,blefamuito,AF - ISAC,"32,7","0,5","7,39"," R$  40,59 ","80,56%","1,23%","18,21%",NLH,"-48,08"
27/04/2026,170517,Maxwell Vinicius,AF - ISAC,"10,7",13,0," R$  23,70 ","45,15%","54,85%","0,00%",MTT,"-70,22"
27/04/2026,136655,IAAUUUUUU,AF - ISAC,0,18,"34,21"," R$  52,21 ","0,00%","34,48%","65,52%",PLO6,"-307,19"
27/04/2026,179839,scan7,AF - ISAC,"11,56","1,8",0," R$  13,36 ","86,53%","13,47%","0,00%",NLH,"-59,48"
27/04/2026,184013,ALLinFOLD,AF - ISAC,"0,94","13,76",0," R$  14,70 ","6,39%","93,61%","0,00%",MTT,"-146,41"
27/04/2026,145975,Maverick81,AF - ISAC,0,"12,9",0," R$  12,90 ","0,00%","100,00%","0,00%",MTT,-129
27/04/2026,146742,Andrè P,AF - ISAC,0,"1,6","18,24"," R$  19,84 ","0,00%","8,06%","91,94%",PLO6,-406
27/04/2026,188333,Magaly,AF - ISAC,"5,31","20,48","5,53"," R$  31,32 ","16,95%","65,39%","17,66%",MTT,"-151,03"
27/04/2026,182585,Carneiro?,AF - ISAC,0,39,0," R$  39,00 ","0,00%","100,00%","0,00%",MTT,"-127,58"
27/04/2026,123541,DanyLima,AF - ISAC,0,"19,58","0,54"," R$  20,12 ","0,00%","97,32%","2,68%",MTT,"234,64"
27/04/2026,138188,Orafa,AF - ISAC,0,"0,5",0," R$  0,50 ","0,00%","100,00%","0,00%",MTT,-5
27/04/2026,179075,Corink,AF - ISAC,0,"8,4",0," R$  8,40 ","0,00%","100,00%","0,00%",MTT,"-66,93"
27/04/2026,153389,Mrperez,AF - ISAC,0,"23,1",0," R$  23,10 ","0,00%","100,00%","0,00%",MTT,"-188,25"
27/04/2026,177740,guguzn,AF - ISAC,0,"1,8",0," R$  1,80 ","0,00%","100,00%","0,00%",MTT,"-17,49"
27/04/2026,123432,chucaku,AF - ISAC,0,0,0, R$  -   ,,,,NLH,0
27/04/2026,153056,f3lliP1,AF - ISAC,"5,41",0,"2,82"," R$  8,23 ","65,74%","0,00%","34,26%",NLH,-54
27/04/2026,153463,RyanGay,AF - ISAC,0,3,0," R$  3,00 ","0,00%","100,00%","0,00%",MTT,0
27/04/2026,155562,Meupiru$,AF - ISAC,0,0,0, R$  -   ,,,,NLH,0
27/04/2026,159806,ÓBITO,AF - ISAC,"0,9","0,5",0," R$  1,40 ","64,29%","35,71%","0,00%",NLH,"-13,47"
27/04/2026,177051,A2All-in,AF - ISAC,0,0,0, R$  -   ,,,,NLH,0
27/04/2026,177361,carolinajj,AF - ISAC,0,0,0, R$  -   ,,,,NLH,0
27/04/2026,180007,pix180007,AF - ISAC,0,"0,3",0," R$  0,30 ","0,00%","100,00%","0,00%",MTT,"-0,23"
27/04/2026,181583,faguirre,AF - ISAC,0,"0,7",0," R$  0,70 ","0,00%","100,00%","0,00%",MTT,"40,83"
27/04/2026,183322,liviozada,AF - ISAC,0,0,0, R$  -   ,,,,NLH,0
27/04/2026,184381,MANDA_PRA_CÁ,AF - ISAC,0,"0,1",0," R$  0,10 ","0,00%","100,00%","0,00%",MTT,"0,26"
27/04/2026,195693,all in pre flop,AF - ISAC,0,0,0, R$  -   ,,,,NLH,0
27/04/2026,125837,DNerdguy,AF - ISAC,"54,08","20,64","4,39"," R$  79,11 ","68,36%","26,09%","5,55%",NLH,"91,48"
27/04/2026,154740,Papai Smurf,AF - ISAC,0,0,0, R$  -   ,,,,NLH,0
27/04/2026,169007,BrankinhoVidaLoka,AF - ISAC,0,"0,1",0," R$  0,10 ","0,00%","100,00%","0,00%",MTT,"-0,1"
27/04/2026,192840,Vitori,AF - ISAC,"1,75","31,9",0," R$  33,65 ","5,20%","94,80%","0,00%",MTT,"95,28"
27/04/2026,149929,AlexPoker1337,AF - ISAC,18,"0,8",0," R$  18,80 ","95,74%","4,26%","0,00%",NLH,8
27/04/2026,181112,dafugaa,AF - ISAC,"3,11",0,0," R$  3,11 ","100,00%","0,00%","0,00%",NLH,-38
27/04/2026,180453,Didi Piauí,AF - ISAC,0,"2,5","7,26"," R$  9,76 ","0,00%","25,61%","74,39%",PLO6,"-37,25"
27/04/2026,138562,JOOKER,AF - ISAC,0,0,"58,83"," R$  58,83 ","0,00%","0,00%","100,00%",PLO6,-133
27/04/2026,179756,vampirão,AF - ISAC,0,2,"40,65"," R$  42,65 ","0,00%","4,69%","95,31%",PLO6,"85,66"
27/04/2026,139240,3333badboy,AF - ISAC,"17,73",0,0," R$  17,73 ","100,00%","0,00%","0,00%",NLH,"32,57"
27/04/2026,139283,sai do meio,AF - ISAC,"29,1",14,0," R$  43,10 ","67,52%","32,48%","0,00%",NLH,-150
27/04/2026,172820,Blefandovoce,AF - ISAC,0,13,"2,98"," R$  15,98 ","0,00%","81,35%","18,65%",MTT,-90
27/04/2026,124684,andsu,AF - ISAC,0,"3,7",0," R$  3,70 ","0,00%","100,00%","0,00%",MTT,"-14,33"
27/04/2026,140875,Alex .Dias,AF - ISAC,0,0,0, R$  -   ,,,,NLH,"1,52"
27/04/2026,160177,henrry,AF - ISAC,"0,52",0,"7,38"," R$  7,90 ","6,58%","0,00%","93,42%",PLO6,-24
27/04/2026,186062,Poker_RP,AF - ISAC,"16,99","1,6",0," R$  18,59 ","91,39%","8,61%","0,00%",NLH,55
27/04/2026,147781,Pirekao!,AF - ISAC,0,"42,34",0," R$  42,34 ","0,00%","100,00%","0,00%",MTT,"191,78"
27/04/2026,162061,El. Gordito,AF - ISAC,"1,14",0,"0,55"," R$  1,69 ","67,46%","0,00%","32,54%",NLH,"26,39"
27/04/2026,180038,Chico gia,AF - ISAC,"4,82",0,"3,35"," R$  8,17 ","59,00%","0,00%","41,00%",NLH,-20
27/04/2026,156590,DimKenney,AF - ISAC,0,"3,6",0," R$  3,60 ","0,00%","100,00%","0,00%",MTT,-36
27/04/2026,168720,MestiMiang?,AF - ISAC,"18,95",0,"403,81"," R$  422,76 ","4,48%","0,00%","95,52%",PLO6,2486
27/04/2026,111358,elzenga420,AF - ISAC,0,0,0, R$  -   ,,,,NLH,0
27/04/2026,169004,zoin___bala,AF - ISAC,0,0,0, R$  -   ,,,,NLH,0
27/04/2026,136890,barakaplayer,AF - ISAC,0,0,"33,11"," R$  33,11 ","0,00%","0,00%","100,00%",PLO6,"83,27"
27/04/2026,150707,Cobra ?,AF - ISAC,"0,03",0,"71,71"," R$  71,74 ","0,04%","0,00%","99,96%",PLO6,-275
27/04/2026,157482,XXMECCIN10,AF - ISAC,"10,54","9,6",0," R$  20,14 ","52,33%","47,67%","0,00%",NLH,-134
27/04/2026,147053,? Halloween ?,AF - ISAC,0,3,0," R$  3,00 ","0,00%","100,00%","0,00%",MTT,-30
27/04/2026,151293,rogbl,AF - ISAC,0,"0,2",0," R$  0,20 ","0,00%","100,00%","0,00%",MTT,-2
27/04/2026,153216,Brazeo,AF - ISAC,0,"72,4","62,69"," R$  135,09 ","0,00%","53,59%","46,41%",MTT,"-150,76"
27/04/2026,166672,Professor!,AF - ISAC,0,1,0," R$  1,00 ","0,00%","100,00%","0,00%",MTT,-10
27/04/2026,175007,SANTOS28,AF - ISAC,0,"0,2",0," R$  0,20 ","0,00%","100,00%","0,00%",MTT,-2
27/04/2026,174932,Jaé,AF - ISAC,0,0,0, R$  -   ,,,,NLH,0
27/04/2026,180867,Bocao,AF - ISAC,0,0,0, R$  -   ,,,,NLH,0
27/04/2026,183598,DSoares,AF - ISAC,"0,3","0,3",0," R$  0,60 ","50,00%","50,00%","0,00%",NLH,"-4,01"
27/04/2026,118511,PizzariaFP,AF - ISAC,0,"4,8","47,07"," R$  51,87 ","0,00%","9,25%","90,75%",PLO6,594
27/04/2026,160870,robson22,AF - ISAC,0,0,0, R$  -   ,,,,NLH,"3,5"
27/04/2026,173754,TTrincA,AF - ISAC,0,"0,1",0," R$  0,10 ","0,00%","100,00%","0,00%",MTT,-1
27/04/2026,150367,SO BAD,AF - ISAC,0,"3,5","17,68"," R$  21,18 ","0,00%","16,53%","83,47%",PLO6,"-134,57"
27/04/2026,155732,gomezzz,AF - ISAC,0,0,"26,63"," R$  26,63 ","0,00%","0,00%","100,00%",PLO6,"-15,15"
27/04/2026,193623,Jgabriel,AF - ISAC,"5,15",0,0," R$  5,15 ","100,00%","0,00%","0,00%",NLH,-20
27/04/2026,179760,repanga73,AF - ISAC,"0,34","0,7","8,84"," R$  9,88 ","3,44%","7,09%","89,47%",PLO6,"-0,18"
27/04/2026,172191,Pru Pru,AF - ISAC,0,0,"21,35"," R$  21,35 ","0,00%","0,00%","100,00%",PLO6,"-5,44"
27/04/2026,123684,Batagin,AF - ISAC,0,"2,2",0," R$  2,20 ","0,00%","100,00%","0,00%",MTT,-22
27/04/2026,160050,symphony of death,AF - ISAC,"0,24",0,0," R$  0,24 ","100,00%","0,00%","0,00%",NLH,4
27/04/2026,165708,Jocker,AF - ISAC,"1,04",0,0," R$  1,04 ","100,00%","0,00%","0,00%",NLH,-7
27/04/2026,178711,JapaPoker,AF - ISAC,0,0,0, R$  -   ,,,,NLH,0
27/04/2026,179751,devil may cry,AF - ISAC,0,0,0, R$  -   ,,,,NLH,"1,86"
27/04/2026,179759,fredykrueger,AF - ISAC,0,0,"0,89"," R$  0,89 ","0,00%","0,00%","100,00%",PLO6,"-0,73"
27/04/2026,180525,mari3455,AF - ISAC,0,"0,1",0," R$  0,10 ","0,00%","100,00%","0,00%",MTT,"0,41"
27/04/2026,185102,Gabriel M,AF - ISAC,0,0,0, R$  -   ,,,,NLH,0
27/04/2026,186113,TeoStark,AF - ISAC,0,"0,25",0," R$  0,25 ","0,00%","100,00%","0,00%",MTT,"0,79"
27/04/2026,190826,TEREBRBRASIL,AF - ISAC,0,0,0, R$  -   ,,,,NLH,0
27/04/2026,192048,kauaaugustto,AF - ISAC,0,"10,8",0," R$  10,80 ","0,00%","100,00%","0,00%",MTT,"-107,36"
27/04/2026,113629,ernesto94,AF - ISAC,0,0,0, R$  -   ,,,,NLH,0
27/04/2026,143864,SeuPesadelo1914,AF - ISAC,0,"0,1",0," R$  0,10 ","0,00%","100,00%","0,00%",MTT,-1
27/04/2026,150356,behavior3,AF - ISAC,0,0,0, R$  -   ,,,,NLH,0
27/04/2026,164213,pix164213,AF - ISAC,0,0,0, R$  -   ,,,,NLH,0
27/04/2026,177964,Joker ??,AF - ISAC,0,2,0," R$  2,00 ","0,00%","100,00%","0,00%",MTT,-20
27/04/2026,137926,kinho11,AF - ISAC,0,0,0, R$  -   ,,,,NLH,0
27/04/2026,138027,annaalice17,AF - ISAC,0,0,0, R$  -   ,,,,NLH,0
27/04/2026,138028,Anna17,AF - ISAC,0,0,0, R$  -   ,,,,NLH,0
27/04/2026,138808,kinho17,AF - ISAC,0,0,0, R$  -   ,,,,NLH,0
27/04/2026,146962,pix146962,AF - ISAC,0,0,0, R$  -   ,,,,NLH,0
27/04/2026,153492,Anna11,AF - ISAC,0,0,0, R$  -   ,,,,NLH,0
27/04/2026,179907,Lulabolusco,AF - ISAC,"0,19","6,5",0," R$  6,69 ","2,84%","97,16%","0,00%",MTT,"6,57"
27/04/2026,147375,opsicologo,AF - ISAC,"17,98","1,9",0," R$  19,88 ","90,44%","9,56%","0,00%",NLH,"95,47"
27/04/2026,172597,Corvo,AF - ISAC,"7,31","4,3",0," R$  11,61 ","62,96%","37,04%","0,00%",NLH,-65
27/04/2026,147991,BateuAsNossa,AF - ISAC,0,0,"30,63"," R$  30,63 ","0,00%","0,00%","100,00%",PLO6,"-149,09"
27/04/2026,159721,GSouzaraizer,AF - ISAC,"2,82",6,0," R$  8,82 ","31,97%","68,03%","0,00%",MTT,"-52,85"
27/04/2026,173648,Iphones,AF - ISAC,"46,62",0,0," R$  46,62 ","100,00%","0,00%","0,00%",NLH,"-227,95"
27/04/2026,155792,JoTa777,AF - ISAC,0,1,0," R$  1,00 ","0,00%","100,00%","0,00%",MTT,-10
27/04/2026,159013,robusto?,AF - ISAC,"0,31","7,6",0," R$  7,91 ","3,92%","96,08%","0,00%",MTT,-80
27/04/2026,147068,FRANK,AF - ISAC,0,0,0, R$  -   ,,,,NLH,0
27/04/2026,179753,bb204kk,AF - ISAC,0,0,0, R$  -   ,,,,NLH,"0,93"
27/04/2026,172200,vituu,AF - ISAC,0,0,0, R$  -   ,,,,NLH,"2,82"
27/04/2026,136921,JokerBluff9,AF - ISAC,0,0,"17,13"," R$  17,13 ","0,00%","0,00%","100,00%",PLO6,-32
27/04/2026,160088,DANGER,AF - ISAC,0,"10,3","288,62"," R$  298,92 ","0,00%","3,45%","96,55%",PLO6,"-200,53"
27/04/2026,159265,BANKER,AF - ISAC,0,0,"91,55"," R$  91,55 ","0,00%","0,00%","100,00%",PLO6,-416
27/04/2026,127627,Cristiano Ronaldo.,AF - ISAC,0,0,0, R$  -   ,,,,NLH,0
27/04/2026,138803,Anna Alice,AF - ISAC,0,0,0, R$  -   ,,,,NLH,0
27/04/2026,175290,L10,AF - ISAC,0,"0,8",0," R$  0,80 ","0,00%","100,00%","0,00%",MTT,-8
27/04/2026,186304,pix186304,AF - ISAC,0,0,"6,7"," R$  6,70 ","0,00%","0,00%","100,00%",PLO6,-100
27/04/2026,122562,Richelly,AF - ISAC,0,0,0, R$  -   ,,,,NLH,0
27/04/2026,127634,BROC4D0R,AF - ISAC,0,0,0, R$  -   ,,,,NLH,0
27/04/2026,139827,Eddyoliveira,AF - ISAC,0,0,0, R$  -   ,,,,NLH,"1,27"
27/04/2026,146021,AraujoBR,AF - ISAC,0,"0,5",0," R$  0,50 ","0,00%","100,00%","0,00%",MTT,-5
27/04/2026,146445,S4FADA0,AF - ISAC,0,0,0, R$  -   ,,,,NLH,0
27/04/2026,103176,Yure Brito,AF - DOLFO,0,"852,56",0," R$  852,56 ","0,00%","100,00%","0,00%",MTT,"1622,52"
27/04/2026,104229,RoLiFiGhT,AF - DOLFO,"97,49",3,0," R$  100,49 ","97,01%","2,99%","0,00%",NLH,"7,65"
27/04/2026,160638,kevinlevrone,AF - DOLFO,"17,51",0,"126,05"," R$  143,56 ","12,20%","0,00%","87,80%",PLO6,"12,16"
27/04/2026,104809,carrasco20,AF - DOLFO,"276,63",0,"124,18"," R$  400,81 ","69,02%","0,00%","30,98%",NLH,-331
27/04/2026,103206,?YB?,AF - DOLFO,"1,88",0,"34,95"," R$  36,83 ","5,10%","0,00%","94,90%",PLO6,"-85,98"
27/04/2026,103284,pix103284,AF - DOLFO,"22,33","0,5","14,83"," R$  37,66 ","59,29%","1,33%","39,38%",NLH,60
27/04/2026,194464,Wr.$,AF - DOLFO,0,"1,8",0," R$  1,80 ","0,00%","100,00%","0,00%",MTT,-18
27/04/2026,102767,FuzilNeles,AF - DOLFO,0,0,"0,54"," R$  0,54 ","0,00%","0,00%","100,00%",PLO6,"-9,54"
27/04/2026,103231,Chapetinha,AF - DOLFO,"8,43",0,0," R$  8,43 ","100,00%","0,00%","0,00%",NLH,"-24,9"
27/04/2026,144187,Lira#,AF - DOLFO,"1,78",0,0," R$  1,78 ","100,00%","0,00%","0,00%",NLH,"-11,17"
27/04/2026,128520,reggaelife??,AF - DOLFO,"7,8",0,0," R$  7,80 ","100,00%","0,00%","0,00%",NLH,"13,96"
27/04/2026,118366,choranoriver,PIXPOKER,"13,53",29,0," R$  42,53 ","31,81%","68,19%","0,00%",MTT,"-32,39"
27/04/2026,150826,thpericlesbjj,PIXPOKER,0,"11,8",0," R$  11,80 ","0,00%","100,00%","0,00%",MTT,-28
27/04/2026,158810,Psicopoker,PIXPOKER,"1,47","22,06",0," R$  23,53 ","6,25%","93,75%","0,00%",MTT,"244,21"
27/04/2026,193504,Pixpokerofc??,PIXPOKER,0,"26,74","82,84"," R$  109,58 ","0,00%","24,40%","75,60%",PLO6,"295,45"
27/04/2026,193755,RAFABER??,PIXPOKER,"72,75","78,34",0," R$  151,09 ","48,15%","51,85%","0,00%",MTT,"-412,28"
27/04/2026,193915,Carreirinha,PIXPOKER,0,"3,2","0,95"," R$  4,15 ","0,00%","77,11%","22,89%",MTT,"-39,11"
27/04/2026,113958,pix113958,PIXPOKER,0,0,"21,35"," R$  21,35 ","0,00%","0,00%","100,00%",PLO6,"17,42"
27/04/2026,129823,pix129823,PIXPOKER,0,0,"281,17"," R$  281,17 ","0,00%","0,00%","100,00%",PLO6,"928,13"
27/04/2026,145959,Adibe Jr 02,PIXPOKER,"4,19","3,1","664,41"," R$  671,70 ","0,62%","0,46%","98,91%",PLO6,"-1523,24"
27/04/2026,169221,@Flavinholm,PIXPOKER,0,1,"145,77"," R$  146,77 ","0,00%","0,68%","99,32%",PLO6,"-876,54"
27/04/2026,188494,Laele10x,PIXPOKER,0,0,"146,69"," R$  146,69 ","0,00%","0,00%","100,00%",PLO6,"-914,06"
27/04/2026,102512,Myster poker,PIXPOKER,"32,5","7,2",0," R$  39,70 ","81,86%","18,14%","0,00%",NLH,"-121,13"
27/04/2026,106482,BOLADÃO,PIXPOKER,7,"7,95",0," R$  14,95 ","46,82%","53,18%","0,00%",MTT,"-38,64"
27/04/2026,112136,VML$??,PIXPOKER,"179,31","4,3","53,73"," R$  237,34 ","75,55%","1,81%","22,64%",NLH,"-401,14"
27/04/2026,120485,RodrigOscar,PIXPOKER,"190,08",0,0," R$  190,08 ","100,00%","0,00%","0,00%",NLH,"-329,19"
27/04/2026,133382,martinsScc,PIXPOKER,"48,29","0,1",0," R$  48,39 ","99,79%","0,21%","0,00%",NLH,-82
27/04/2026,136595,Jefin6710,PIXPOKER,"41,6","24,9",0," R$  66,50 ","62,56%","37,44%","0,00%",NLH,"-146,01"
27/04/2026,147096,vai que bata,PIXPOKER,"143,33","33,9",0," R$  177,23 ","80,87%","19,13%","0,00%",NLH,-757
27/04/2026,147818,Feker,PIXPOKER,"18,34",0,0," R$  18,34 ","100,00%","0,00%","0,00%",NLH,"20,63"
27/04/2026,153129,Zedd,PIXPOKER,"61,96",0,0," R$  61,96 ","100,00%","0,00%","0,00%",NLH,"-233,2"
27/04/2026,153505,Gabriel Almeida,PIXPOKER,"129,03",0,0," R$  129,03 ","100,00%","0,00%","0,00%",NLH,"-78,08"
27/04/2026,155081,Bradesco $@,PIXPOKER,"1,34","4,7","8,84"," R$  14,88 ","9,01%","31,59%","59,41%",PLO6,"-87,55"
27/04/2026,156597,Tuttuba,PIXPOKER,"18,32",23,0," R$  41,32 ","44,34%","55,66%","0,00%",MTT,"-266,92"
27/04/2026,158093,Diegote86,PIXPOKER,"119,18","66,2","7,14"," R$  192,52 ","61,91%","34,39%","3,71%",NLH,"-160,56"
27/04/2026,158269,steve,PIXPOKER,"7,89",0,0," R$  7,89 ","100,00%","0,00%","0,00%",NLH,"-23,69"
27/04/2026,160398,FLOKI,PIXPOKER,"20,67","0,5",0," R$  21,17 ","97,64%","2,36%","0,00%",NLH,"-31,96"
27/04/2026,169703,Chicken Little,PIXPOKER,"26,21",3,"52,77"," R$  81,98 ","31,97%","3,66%","64,37%",PLO6,"-14,79"
27/04/2026,175973,IFFC,PIXPOKER,"9,92","4,8",0," R$  14,72 ","67,39%","32,61%","0,00%",NLH,"-235,53"
27/04/2026,180241,arthur lucena,PIXPOKER,"2,67",0,0," R$  2,67 ","100,00%","0,00%","0,00%",NLH,-28
27/04/2026,182504,cfpoker,PIXPOKER,"4,31",0,0," R$  4,31 ","100,00%","0,00%","0,00%",NLH,-32
27/04/2026,187114,KL7-,PIXPOKER,"77,59",0,"306,42"," R$  384,01 ","20,21%","0,00%","79,79%",PLO6,-391
27/04/2026,187362,Higor00,PIXPOKER,"10,32",0,0," R$  10,32 ","100,00%","0,00%","0,00%",NLH,"-55,94"
27/04/2026,188354,#check,PIXPOKER,"8,32","3,8",0," R$  12,12 ","68,65%","31,35%","0,00%",NLH,"-44,06"
27/04/2026,190191,NubªnK,PIXPOKER,"463,4","14,7","46,5"," R$  524,60 ","88,33%","2,80%","8,86%",NLH,"62,37"
27/04/2026,191127,Timehour,PIXPOKER,"39,35",0,0," R$  39,35 ","100,00%","0,00%","0,00%",NLH,"-62,44"
27/04/2026,193010,Marcelo Silva,PIXPOKER,"92,28","117,2","18,62"," R$  228,10 ","40,46%","51,38%","8,16%",MTT,"178,2"
27/04/2026,193120,brrbrrpatapim,PIXPOKER,"2,69",0,"1,27"," R$  3,96 ","67,93%","0,00%","32,07%",NLH,0
27/04/2026,193667,FlavioBolsoanro,PIXPOKER,"14,8","13,2",0," R$  28,00 ","52,86%","47,14%","0,00%",NLH,"-240,6"
27/04/2026,193708,pix193708,PIXPOKER,"392,77",0,0," R$  392,77 ","100,00%","0,00%","0,00%",NLH,"-1419,81"
27/04/2026,194166,Daniboy,PIXPOKER,"379,46",0,0," R$  379,46 ","100,00%","0,00%","0,00%",NLH,"-395,68"
27/04/2026,194270,Laurinha,PIXPOKER,"60,65",2,0," R$  62,65 ","96,81%","3,19%","0,00%",NLH,"-188,42"
27/04/2026,194304,Jujunaa,PIXPOKER,"22,5","3,3",0," R$  25,80 ","87,21%","12,79%","0,00%",NLH,"-101,89"
27/04/2026,194401,ColdCall,PIXPOKER,"37,38","2,5",0," R$  39,88 ","93,73%","6,27%","0,00%",NLH,"94,8"
27/04/2026,194710,raro77,PIXPOKER,"4,98",0,"1,8"," R$  6,78 ","73,45%","0,00%","26,55%",NLH,"-40,8"
27/04/2026,195091,só o básico_14,PIXPOKER,"23,67",3,"128,95"," R$  155,62 ","15,21%","1,93%","82,86%",PLO6,-396
27/04/2026,195275,pix195275,PIXPOKER,"25,67",0,"26,05"," R$  51,72 ","49,63%","0,00%","50,37%",PLO6,"-126,95"
27/04/2026,112641,tatuipoker,PIXPOKER,0,"48,74",0," R$  48,74 ","0,00%","100,00%","0,00%",MTT,"490,37"
27/04/2026,128455,Chuck Norris,PIXPOKER,"0,17","10,36","5,57"," R$  16,10 ","1,06%","64,35%","34,60%",MTT,"81,16"
27/04/2026,171411,?uturo?,PIXPOKER,0,"0,56",0," R$  0,56 ","0,00%","100,00%","0,00%",MTT,"-5,6"
27/04/2026,189811,Kushlemon,PIXPOKER,"33,24","6,2",0," R$  39,44 ","84,28%","15,72%","0,00%",NLH,"-86,95"
27/04/2026,194612,VENIMAX,PIXPOKER,0,"2,1",0," R$  2,10 ","0,00%","100,00%","0,00%",MTT,-21
27/04/2026,194997,wsantos10,PIXPOKER,0,"28,1","134,7"," R$  162,80 ","0,00%","17,26%","82,74%",PLO6,-725
27/04/2026,195112,pix195112,PIXPOKER,29,22,0," R$  51,00 ","56,86%","43,14%","0,00%",NLH,"-218,6"
27/04/2026,185688,Arc4njo,PIXPOKER,0,16,0," R$  16,00 ","0,00%","100,00%","0,00%",MTT,"-136,05"
27/04/2026,194225,pix194225,PIXPOKER,0,"2,4",0," R$  2,40 ","0,00%","100,00%","0,00%",MTT,-24
27/04/2026,100346,DeinhAA,PIXPOKER,0,0,"214,04"," R$  214,04 ","0,00%","0,00%","100,00%",PLO6,"-70,78"
27/04/2026,110509,pix110509,PIXPOKER,0,0,"6,06"," R$  6,06 ","0,00%","0,00%","100,00%",PLO6,"-42,74"
27/04/2026,135274,usuario91,PIXPOKER,0,0,"362,57"," R$  362,57 ","0,00%","0,00%","100,00%",PLO6,-436
27/04/2026,144386,pix144386,PIXPOKER,0,0,"8,02"," R$  8,02 ","0,00%","0,00%","100,00%",PLO6,-35
27/04/2026,149545,pix149545,PIXPOKER,0,"21,1","555,58"," R$  576,68 ","0,00%","3,66%","96,34%",PLO6,"-96,24"
27/04/2026,151375,Jamal,PIXPOKER,"6,89","3,5","218,94"," R$  229,33 ","3,00%","1,53%","95,47%",PLO6,"-89,84"
27/04/2026,157703,2127,PIXPOKER,0,0,"140,63"," R$  140,63 ","0,00%","0,00%","100,00%",PLO6,-576
27/04/2026,159520,fritzlang,PIXPOKER,0,"0,1","187,75"," R$  187,85 ","0,00%","0,05%","99,95%",PLO6,"-243,85"
27/04/2026,160319,cremoferro,PIXPOKER,"3,38","19,2","45,7"," R$  68,28 ","4,95%","28,12%","66,93%",PLO6,"-236,79"
27/04/2026,161256,CARTMAN,PIXPOKER,0,0,"18,61"," R$  18,61 ","0,00%","0,00%","100,00%",PLO6,-211
27/04/2026,166608,TUDO DO TZ,PIXPOKER,"7,73","1,6","0,46"," R$  9,79 ","78,96%","16,34%","4,70%",NLH,"-21,61"
27/04/2026,171875,Alishow,PIXPOKER,0,0,"11,22"," R$  11,22 ","0,00%","0,00%","100,00%",PLO6,"-22,44"
27/04/2026,174847,Nem fudendo,PIXPOKER,"0,77",0,"47,35"," R$  48,12 ","1,60%","0,00%","98,40%",PLO6,"48,9"
27/04/2026,178675,LEODEDIN,PIXPOKER,0,0,"34,38"," R$  34,38 ","0,00%","0,00%","100,00%",PLO6,"-134,01"
27/04/2026,188295,pagadordebluff,PIXPOKER,0,10,"164,82"," R$  174,82 ","0,00%","5,72%","94,28%",PLO6,"566,05"
27/04/2026,188599,Chrys_Killer,PIXPOKER,0,"3,7","395,82"," R$  399,52 ","0,00%","0,93%","99,07%",PLO6,"235,16"
27/04/2026,190673,pix190673,PIXPOKER,"5,89","25,35","79,45"," R$  110,69 ","5,32%","22,90%","71,78%",PLO6,-142
27/04/2026,191614,pix191614,PIXPOKER,0,0,"12,05"," R$  12,05 ","0,00%","0,00%","100,00%",PLO6,"-228,71"
27/04/2026,192836,guizin777,PIXPOKER,0,"5,6","80,47"," R$  86,07 ","0,00%","6,51%","93,49%",PLO6,"-80,02"
27/04/2026,193850,CR bet,PIXPOKER,0,44,"1132,02"," R$  1.176,02 ","0,00%","3,74%","96,26%",PLO6,"-3654,04"
27/04/2026,195083,AAÉFOLD,PIXPOKER,"0,21",0,"106,77"," R$  106,98 ","0,20%","0,00%","99,80%",PLO6,"293,12"
27/04/2026,171909,bregas,PIXPOKER,"7,59",0,"32,49"," R$  40,08 ","18,94%","0,00%","81,06%",PLO6,-91
27/04/2026,188277,Pedromts08,PIXPOKER,"21,16","0,9","4,43"," R$  26,49 ","79,88%","3,40%","16,72%",NLH,-52
27/04/2026,102054,quero jogo,PIXPOKER,"5,83",0,"297,4"," R$  303,23 ","1,92%","0,00%","98,08%",PLO6,"-1483,03"
27/04/2026,106840,rostinho,PIXPOKER,"1,3",0,"25,27"," R$  26,57 ","4,89%","0,00%","95,11%",PLO6,-185
27/04/2026,112885,Polly,PIXPOKER,0,0,"473,98"," R$  473,98 ","0,00%","0,00%","100,00%",PLO6,"284,34"
27/04/2026,116516,pix116516,PIXPOKER,0,0,"56,71"," R$  56,71 ","0,00%","0,00%","100,00%",PLO6,"-490,76"
27/04/2026,116975,bora bora,PIXPOKER,0,0,"533,19"," R$  533,19 ","0,00%","0,00%","100,00%",PLO6,"-1480,69"
27/04/2026,117699,fodase,PIXPOKER,"1,03",0,"296,8"," R$  297,83 ","0,35%","0,00%","99,65%",PLO6,-39
27/04/2026,125022,pix125022,PIXPOKER,0,0,"91,41"," R$  91,41 ","0,00%","0,00%","100,00%",PLO6,-965
27/04/2026,128079,italoko,PIXPOKER,0,0,"170,11"," R$  170,11 ","0,00%","0,00%","100,00%",PLO6,"-238,06"
27/04/2026,138160,Chicão 01,PIXPOKER,0,0,"330,78"," R$  330,78 ","0,00%","0,00%","100,00%",PLO6,"-1254,14"
27/04/2026,142293,KAMMIN,PIXPOKER,0,0,"462,86"," R$  462,86 ","0,00%","0,00%","100,00%",PLO6,"473,26"
27/04/2026,147553,ChicoCeza,PIXPOKER,"1,66",0,"8,96"," R$  10,62 ","15,63%","0,00%","84,37%",PLO6,"-65,44"
27/04/2026,147799,sabonete22,PIXPOKER,0,0,"122,43"," R$  122,43 ","0,00%","0,00%","100,00%",PLO6,-301
27/04/2026,151543,jotinhafelipe,PIXPOKER,0,0,"44,37"," R$  44,37 ","0,00%","0,00%","100,00%",PLO6,-493
27/04/2026,156606,papacapim?,PIXPOKER,0,0,"410,73"," R$  410,73 ","0,00%","0,00%","100,00%",PLO6,"-314,66"
27/04/2026,158842,john lennon,PIXPOKER,0,0,"138,51"," R$  138,51 ","0,00%","0,00%","100,00%",PLO6,-603
27/04/2026,162136,pix162136,PIXPOKER,0,0,"356,22"," R$  356,22 ","0,00%","0,00%","100,00%",PLO6,"-380,24"
27/04/2026,164622,Gui??,PIXPOKER,"6,67",0,"2,76"," R$  9,43 ","70,73%","0,00%","29,27%",NLH,"-42,69"
27/04/2026,165073,pix165073,PIXPOKER,0,0,"4,05"," R$  4,05 ","0,00%","0,00%","100,00%",PLO6,-40
27/04/2026,165726,pix165726,PIXPOKER,"0,84",0,"41,36"," R$  42,20 ","1,99%","0,00%","98,01%",PLO6,-190
27/04/2026,172253,bob Marley,PIXPOKER,0,0,"426,28"," R$  426,28 ","0,00%","0,00%","100,00%",PLO6,"656,69"
27/04/2026,182112,22222222,PIXPOKER,0,"3,1","490,19"," R$  493,29 ","0,00%","0,63%","99,37%",PLO6,-1505
27/04/2026,182877,pix182877,PIXPOKER,0,0,"57,41"," R$  57,41 ","0,00%","0,00%","100,00%",PLO6,-48
27/04/2026,186675,soninho,PIXPOKER,0,0,"69,6"," R$  69,60 ","0,00%","0,00%","100,00%",PLO6,-480
27/04/2026,188964,…….,PIXPOKER,0,"0,3","12,9"," R$  13,20 ","0,00%","2,27%","97,73%",PLO6,26
27/04/2026,192692,pix192692,PIXPOKER,"8,88","1,2","710,59"," R$  720,67 ","1,23%","0,17%","98,60%",PLO6,"1132,94"
27/04/2026,193682,pix193682,PIXPOKER,0,"0,5","94,94"," R$  95,44 ","0,00%","0,52%","99,48%",PLO6,"144,89"
27/04/2026,194211,Cuiudo,PIXPOKER,"0,17",2,"164,18"," R$  166,35 ","0,10%","1,20%","98,70%",PLO6,"-303,33"
27/04/2026,194654,Mr Pet,PIXPOKER,0,141,"36,05"," R$  177,05 ","0,00%","79,64%","20,36%",MTT,-1578
27/04/2026,195416,pix195416,PIXPOKER,0,0,"132,42"," R$  132,42 ","0,00%","0,00%","100,00%",PLO6,"-619,23"
27/04/2026,194761,Malcher,PIXPOKER,0,"3,8",0," R$  3,80 ","0,00%","100,00%","0,00%",MTT,"-11,62"
27/04/2026,105853,toblefando,PIXPOKER,0,0,"81,81"," R$  81,81 ","0,00%","0,00%","100,00%",PLO6,"-117,19"
27/04/2026,107241,Tibau,PIXPOKER,0,"4,6","76,9"," R$  81,50 ","0,00%","5,64%","94,36%",PLO6,"-402,86"
27/04/2026,108628,Gasparello,PIXPOKER,0,0,"7,57"," R$  7,57 ","0,00%","0,00%","100,00%",PLO6,-50
27/04/2026,132740,ZeusPixpoker,PIXPOKER,"0,88",0,"242,36"," R$  243,24 ","0,36%","0,00%","99,64%",PLO6,-136
27/04/2026,132763,129131,PIXPOKER,0,15,"53,84"," R$  68,84 ","0,00%","21,79%","78,21%",PLO6,"-260,92"
27/04/2026,137367,Magonet0,PIXPOKER,0,"1,2","20,03"," R$  21,23 ","0,00%","5,65%","94,35%",PLO6,-162
27/04/2026,139726,bananinha,PIXPOKER,0,"364,85","508,87"," R$  873,72 ","0,00%","41,76%","58,24%",PLO6,"2168,47"
27/04/2026,147069,cryyy,PIXPOKER,"0,23","11,7","2,6"," R$  14,53 ","1,58%","80,52%","17,89%",MTT,"-153,86"
27/04/2026,155671,777777777,PIXPOKER,0,0,"278,89"," R$  278,89 ","0,00%","0,00%","100,00%",PLO6,"747,83"
27/04/2026,155905,Laga Lagartão,PIXPOKER,0,0,"508,93"," R$  508,93 ","0,00%","0,00%","100,00%",PLO6,"-431,04"
27/04/2026,156870,JPGA,PIXPOKER,"42,86","25,1","40,99"," R$  108,95 ","39,34%","23,04%","37,62%",NLH,"204,29"
27/04/2026,159587,PesoPesadoVoltou,PIXPOKER,0,0,"900,19"," R$  900,19 ","0,00%","0,00%","100,00%",PLO6,"1600,88"
27/04/2026,160844,Willian Yabiku,PIXPOKER,0,"22,5","5,46"," R$  27,96 ","0,00%","80,47%","19,53%",MTT,"-324,72"
27/04/2026,162897,Totó ?,PIXPOKER,"37,93",0,"65,76"," R$  103,69 ","36,58%","0,00%","63,42%",PLO6,"-113,13"
27/04/2026,162905,picanele,PIXPOKER,"0,56","1,6","25,35"," R$  27,51 ","2,04%","5,82%","92,15%",PLO6,"-178,66"
27/04/2026,165296,pix165296,PIXPOKER,"26,96",0,"32,99"," R$  59,95 ","44,97%","0,00%","55,03%",PLO6,"36,39"
27/04/2026,165694,jr?,PIXPOKER,"55,33","35,9","626,8"," R$  718,03 ","7,71%","5,00%","87,29%",PLO6,163
27/04/2026,173235,Iduclerc,PIXPOKER,0,"255,8","45,43"," R$  301,23 ","0,00%","84,92%","15,08%",MTT,"-611,43"
27/04/2026,180184,ROLUDU,PIXPOKER,"7,93",0,"439,74"," R$  447,67 ","1,77%","0,00%","98,23%",PLO6,"-980,22"
27/04/2026,182655,Nelson Ned,PIXPOKER,0,20,"145,76"," R$  165,76 ","0,00%","12,07%","87,93%",PLO6,"-299,75"
27/04/2026,185295,David blefador,PIXPOKER,0,"0,1","249,29"," R$  249,39 ","0,00%","0,04%","99,96%",PLO6,"-457,77"
27/04/2026,188835,Gincobilola,PIXPOKER,0,0,"33,3"," R$  33,30 ","0,00%","0,00%","100,00%",PLO6,"-415,72"
27/04/2026,193434,PDVCUIDA,PIXPOKER,0,20,"2688,13"," R$  2.708,13 ","0,00%","0,74%","99,26%",PLO6,"-9159,01"
27/04/2026,193467,Mercado livre,PIXPOKER,0,0,"358,62"," R$  358,62 ","0,00%","0,00%","100,00%",PLO6,-1160
27/04/2026,193561,Iperes,PIXPOKER,0,"105,3","38,13"," R$  143,43 ","0,00%","73,42%","26,58%",MTT,-555
27/04/2026,195351,show10,PIXPOKER,"0,47",0,"120,95"," R$  121,42 ","0,39%","0,00%","99,61%",PLO6,"-228,83"
27/04/2026,100188,Alys0n,PIXPOKER,0,0,0, R$  -   ,,,,NLH,0
27/04/2026,100479,9Tnaipadin,PIXPOKER,0,"0,5","4,26"," R$  4,76 ","0,00%","10,50%","89,50%",PLO6,"19,86"
27/04/2026,109059,GBALA,PIXPOKER,0,0,0, R$  -   ,,,,NLH,0
27/04/2026,109387,Bigode,PIXPOKER,"5,34",0,0," R$  5,34 ","100,00%","0,00%","0,00%",NLH,-30
27/04/2026,112203,suportePH,PIXPOKER,0,"0,4","6,73"," R$  7,13 ","0,00%","5,61%","94,39%",PLO6,"-7,93"
27/04/2026,117575,Let’s Go,PIXPOKER,0,"2,5",0," R$  2,50 ","0,00%","100,00%","0,00%",MTT,"-0,87"
27/04/2026,125825,pica-pau,PIXPOKER,0,0,"539,86"," R$  539,86 ","0,00%","0,00%","100,00%",PLO6,188
27/04/2026,129186,???Pato,PIXPOKER,"2,38","0,3",0," R$  2,68 ","88,81%","11,19%","0,00%",NLH,4
27/04/2026,151483,Wollfman69,PIXPOKER,0,0,0, R$  -   ,,,,NLH,"0,4"
27/04/2026,153593,Tizil1,PIXPOKER,0,"0,2",0," R$  0,20 ","0,00%","100,00%","0,00%",MTT,"0,11"
27/04/2026,153931,App Maracutaia,PIXPOKER,0,"0,3",0," R$  0,30 ","0,00%","100,00%","0,00%",MTT,"0,62"
27/04/2026,154633,pix154633,PIXPOKER,"1,67",0,0," R$  1,67 ","100,00%","0,00%","0,00%",NLH,"1,92"
27/04/2026,158004,SaToRu,PIXPOKER,0,"0,2",0," R$  0,20 ","0,00%","100,00%","0,00%",MTT,"0,28"
27/04/2026,159054,malfoy,PIXPOKER,0,"0,9","2,22"," R$  3,12 ","0,00%","28,85%","71,15%",PLO6,-17
27/04/2026,163476,capetinha,PIXPOKER,0,"0,2",0," R$  0,20 ","0,00%","100,00%","0,00%",MTT,"-0,46"
27/04/2026,168955,pix168955,PIXPOKER,0,"0,1",0," R$  0,10 ","0,00%","100,00%","0,00%",MTT,-1
27/04/2026,172242,Mike Wazowski,PIXPOKER,0,0,0, R$  -   ,,,,NLH,"1,29"
27/04/2026,172670,pix172670,PIXPOKER,0,"0,1",0," R$  0,10 ","0,00%","100,00%","0,00%",MTT,"0,27"
27/04/2026,173580,bitulety,PIXPOKER,0,"0,1",0," R$  0,10 ","0,00%","100,00%","0,00%",MTT,"-0,4"
27/04/2026,174658,Luka Magic,PIXPOKER,0,"0,2",0," R$  0,20 ","0,00%","100,00%","0,00%",MTT,"0,41"
27/04/2026,177504,pix177504,PIXPOKER,0,3,0," R$  3,00 ","0,00%","100,00%","0,00%",MTT,"-16,22"
27/04/2026,177692,pix177692,PIXPOKER,0,"0,4",0," R$  0,40 ","0,00%","100,00%","0,00%",MTT,"-3,39"
27/04/2026,177693,pix177693,PIXPOKER,0,"0,2",0," R$  0,20 ","0,00%","100,00%","0,00%",MTT,"-0,08"
27/04/2026,177942,pix177942,PIXPOKER,0,"0,7",0," R$  0,70 ","0,00%","100,00%","0,00%",MTT,"-3,8"
27/04/2026,179838,pix179838,PIXPOKER,0,"0,8",0," R$  0,80 ","0,00%","100,00%","0,00%",MTT,"4,62"
27/04/2026,179909,Trilheiro???,PIXPOKER,"39,17","68,7",0," R$  107,87 ","36,31%","63,69%","0,00%",MTT,"-814,58"
27/04/2026,180584,lagarto171,PIXPOKER,0,"6,8",0," R$  6,80 ","0,00%","100,00%","0,00%",MTT,"-58,43"
27/04/2026,184749,Patrãozinhu,PIXPOKER,0,0,0, R$  -   ,,,,NLH,0
27/04/2026,185187,JJoNuTs,PIXPOKER,0,0,0, R$  -   ,,,,NLH,0
27/04/2026,185225,pix185225,PIXPOKER,0,0,"1,21"," R$  1,21 ","0,00%","0,00%","100,00%",PLO6,"-7,28"
27/04/2026,185553,??Mangusto?,PIXPOKER,0,0,0, R$  -   ,,,,NLH,0
27/04/2026,187278,VICTOR GUERRA,PIXPOKER,"0,93","0,2",0," R$  1,13 ","82,30%","17,70%","0,00%",NLH,-10
27/04/2026,189508,Salmo23??,PIXPOKER,0,0,0, R$  -   ,,,,NLH,"5,56"
27/04/2026,193238,pix193238,PIXPOKER,0,0,0, R$  -   ,,,,NLH,0
27/04/2026,193890,pix193890,PIXPOKER,"31,73","14,6",0," R$  46,33 ","68,49%","31,51%","0,00%",NLH,"-144,1"
27/04/2026,194186,Roger_ldna,PIXPOKER,0,"7,4",0," R$  7,40 ","0,00%","100,00%","0,00%",MTT,"-72,4"
27/04/2026,194497,Hungria,PIXPOKER,"8,33","19,1","1,13"," R$  28,56 ","29,17%","66,88%","3,96%",MTT,"-183,16"
27/04/2026,195114,Atena,PIXPOKER,"4,38","0,1",0," R$  4,48 ","97,77%","2,23%","0,00%",NLH,"13,04"
27/04/2026,195436,cochichola??,PIXPOKER,0,"0,2",0," R$  0,20 ","0,00%","100,00%","0,00%",MTT,"28,46"
27/04/2026,166612,Emanuel Farias,PIXPOKER,"11,81",0,0," R$  11,81 ","100,00%","0,00%","0,00%",NLH,"9,92"
27/04/2026,185992,davizin,PIXPOKER,"2,9",0,"79,71"," R$  82,61 ","3,51%","0,00%","96,49%",PLO6,-507
27/04/2026,100557,AMARILDOJR,PIXPOKER,"10,96",0,"0,91"," R$  11,87 ","92,33%","0,00%","7,67%",NLH,"-41,2"
27/04/2026,116030,Cordolla,PIXPOKER,"3,76",0,0," R$  3,76 ","100,00%","0,00%","0,00%",NLH,"-0,93"
27/04/2026,141508,TedBundy,PIXPOKER,"8,67","1,26","27,93"," R$  37,86 ","22,90%","3,33%","73,77%",PLO6,-45
27/04/2026,144329,guga02,PIXPOKER,"20,7",0,0," R$  20,70 ","100,00%","0,00%","0,00%",NLH,"141,54"
27/04/2026,150186,el brocador,PIXPOKER,"27,58",0,0," R$  27,58 ","100,00%","0,00%","0,00%",NLH,"26,57"
27/04/2026,151827,juru pinga,PIXPOKER,"16,22",0,"3,04"," R$  19,26 ","84,22%","0,00%","15,78%",NLH,"-118,08"
27/04/2026,152397,RRMcg,PIXPOKER,"0,84",0,0," R$  0,84 ","100,00%","0,00%","0,00%",NLH,"-1,81"
27/04/2026,152468,CADUMCC,PIXPOKER,"5,36","31,11",0," R$  36,47 ","14,70%","85,30%","0,00%",MTT,-260
27/04/2026,154882,É O BR,PIXPOKER,"39,84",0,"9,98"," R$  49,82 ","79,97%","0,00%","20,03%",NLH,"-3,52"
27/04/2026,155383,Xots,PIXPOKER,"9,83",0,"0,35"," R$  10,18 ","96,56%","0,00%","3,44%",NLH,"15,85"
27/04/2026,157549,mu97,PIXPOKER,"50,47",0,"1,35"," R$  51,82 ","97,39%","0,00%","2,61%",NLH,20
27/04/2026,158848,cherameusovos,PIXPOKER,"13,32","2,4",0," R$  15,72 ","84,73%","15,27%","0,00%",NLH,"-67,78"
27/04/2026,170386,pix170386,PIXPOKER,"1,73","4,55","7,88"," R$  14,16 ","12,22%","32,13%","55,65%",PLO6,"-70,64"
27/04/2026,173268,nacton silvq,PIXPOKER,"13,57",0,0," R$  13,57 ","100,00%","0,00%","0,00%",NLH,"60,88"
27/04/2026,173866,Matheusjopa,PIXPOKER,"3,8",0,0," R$  3,80 ","100,00%","0,00%","0,00%",NLH,"-32,03"
27/04/2026,175073,AdemirF,PIXPOKER,"5,56","0,84",0," R$  6,40 ","86,88%","13,13%","0,00%",NLH,"-24,51"
27/04/2026,179974,Bezim09,PIXPOKER,"6,92",0,0," R$  6,92 ","100,00%","0,00%","0,00%",NLH,-30
27/04/2026,183216,preta02,PIXPOKER,"32,81",0,"152,07"," R$  184,88 ","17,75%","0,00%","82,25%",PLO6,"-465,55"
27/04/2026,191293,jh Júnior,PIXPOKER,"20,32","7,2",0," R$  27,52 ","73,84%","26,16%","0,00%",NLH,"71,33"
27/04/2026,193280,GODZZILLA,PIXPOKER,"4,76","20,3",0," R$  25,06 ","18,99%","81,01%","0,00%",MTT,"-130,05"
27/04/2026,193637,BeNSharK?,PIXPOKER,"5,84","78,3",0," R$  84,14 ","6,94%","93,06%","0,00%",MTT,"14,08"
27/04/2026,193941,joaofurtado,PIXPOKER,"86,7","42,3",0," R$  129,00 ","67,21%","32,79%","0,00%",NLH,"-559,02"
27/04/2026,193950,Danilopira,PIXPOKER,"4,9",0,"2,06"," R$  6,96 ","70,40%","0,00%","29,60%",NLH,"-35,57"
27/04/2026,194005,Tuts vida ?,PIXPOKER,"18,08",0,"42,03"," R$  60,11 ","30,08%","0,00%","69,92%",PLO6,"-39,14"
27/04/2026,194922,omenaprime,PIXPOKER,"2,07",0,0," R$  2,07 ","100,00%","0,00%","0,00%",NLH,-12
27/04/2026,148445,gil pm,PIXPOKER,0,"94,3","1758,9"," R$  1.853,20 ","0,00%","5,09%","94,91%",PLO6,"-2866,28"
27/04/2026,157420,Gaamoraa,PIXPOKER,0,3,0," R$  3,00 ","0,00%","100,00%","0,00%",MTT,"-26,2"
27/04/2026,148415,Barnitoo,PIXPOKER,0,0,"156,06"," R$  156,06 ","0,00%","0,00%","100,00%",PLO6,"-500,74"
27/04/2026,188115,RivaxL,PIXPOKER,0,3,"1457,51"," R$  1.460,51 ","0,00%","0,21%","99,79%",PLO6,"-897,38"
27/04/2026,136352,DonaMaria,PIXPOKER,0,0,"110,6"," R$  110,60 ","0,00%","0,00%","100,00%",PLO6,"23,68"
27/04/2026,149559,Tata é  Fota,PIXPOKER,"42,96",0,"192,05"," R$  235,01 ","18,28%","0,00%","81,72%",PLO6,"-1059,41"
27/04/2026,101888,pix101888,PIXPOKER,0,"0,8","20,64"," R$  21,44 ","0,00%","3,73%","96,27%",PLO6,"47,39"
27/04/2026,102916,Elthigas,PIXPOKER,0,2,"27,82"," R$  29,82 ","0,00%","6,71%","93,29%",PLO6,"-151,28"
27/04/2026,110016,? Fantasma ?,PIXPOKER,0,0,"149,02"," R$  149,02 ","0,00%","0,00%","100,00%",PLO6,"43,71"
27/04/2026,120235,Brandão 08,PIXPOKER,0,"0,1","101,54"," R$  101,64 ","0,00%","0,10%","99,90%",PLO6,-6
27/04/2026,121506,Big big mecky,PIXPOKER,0,0,"9,23"," R$  9,23 ","0,00%","0,00%","100,00%",PLO6,"-46,08"
27/04/2026,159020,Zlatan11,PIXPOKER,"2,18",0,"249,13"," R$  251,31 ","0,87%","0,00%","99,13%",PLO6,"93,56"
27/04/2026,159222,MC81,PIXPOKER,0,"18,9","169,51"," R$  188,41 ","0,00%","10,03%","89,97%",PLO6,"340,3"
27/04/2026,171895,BRR_magnificousSAGAZ,PIXPOKER,"2,41",0,"2,83"," R$  5,24 ","45,99%","0,00%","54,01%",PLO6,"-20,61"
27/04/2026,178968,pix178968,PIXPOKER,0,0,"2,06"," R$  2,06 ","0,00%","0,00%","100,00%",PLO6,"-32,06"
27/04/2026,191416,Thomasl17,PIXPOKER,"2,95","24,77","11,31"," R$  39,03 ","7,56%","63,46%","28,98%",MTT,"39,67"
27/04/2026,192136,pix192136,PIXPOKER,0,0,"24,33"," R$  24,33 ","0,00%","0,00%","100,00%",PLO6,"-34,77"
27/04/2026,193274,henriquecm_,PIXPOKER,0,0,"8,44"," R$  8,44 ","0,00%","0,00%","100,00%",PLO6,"-22,21"
27/04/2026,193709,Zebranoo,PIXPOKER,0,"19,9","189,65"," R$  209,55 ","0,00%","9,50%","90,50%",PLO6,"-308,79"
27/04/2026,194380,pix194380,PIXPOKER,0,"2,1","306,97"," R$  309,07 ","0,00%","0,68%","99,32%",PLO6,"-348,27"
27/04/2026,101280,boanoitepessual,PIXPOKER,"11,13","10,5","44,07"," R$  65,70 ","16,94%","15,98%","67,08%",PLO6,218
27/04/2026,138157,Gigiroro,PIXPOKER,"76,24","2,7","294,7"," R$  373,64 ","20,40%","0,72%","78,87%",PLO6,-502
27/04/2026,145359,pix145359JJ,PIXPOKER,0,"25,7","26,3"," R$  52,00 ","0,00%","49,42%","50,58%",PLO6,"-117,54"
27/04/2026,159370,pix159370,PIXPOKER,0,0,"38,1"," R$  38,10 ","0,00%","0,00%","100,00%",PLO6,-260
27/04/2026,164927,cafécleite,PIXPOKER,0,"2,7","86,15"," R$  88,85 ","0,00%","3,04%","96,96%",PLO6,"-305,71"
27/04/2026,170583,jocla33,PIXPOKER,0,0,"9,01"," R$  9,01 ","0,00%","0,00%","100,00%",PLO6,"-105,43"
27/04/2026,184304,fbarros,PIXPOKER,0,"44,2","294,51"," R$  338,71 ","0,00%","13,05%","86,95%",PLO6,"-2839,2"
27/04/2026,186865,Tr_Chapinha,PIXPOKER,"0,4",0,"179,36"," R$  179,76 ","0,22%","0,00%","99,78%",PLO6,"-124,34"
27/04/2026,191481,binbalanagulha,PIXPOKER,0,0,"17,71"," R$  17,71 ","0,00%","0,00%","100,00%",PLO6,-152
27/04/2026,192041,pix192041,PIXPOKER,0,0,"10,56"," R$  10,56 ","0,00%","0,00%","100,00%",PLO6,"136,17"
27/04/2026,195066,joaofon,PIXPOKER,0,0,"298,15"," R$  298,15 ","0,00%","0,00%","100,00%",PLO6,-2445
27/04/2026,133713,Thekid,PIXPOKER,0,10,"57,03"," R$  67,03 ","0,00%","14,92%","85,08%",PLO6,-1100
27/04/2026,141374,hrios,PIXPOKER,0,0,"3091,24"," R$  3.091,24 ","0,00%","0,00%","100,00%",PLO6,"-8510,62"
27/04/2026,153359,semreclamação,PIXPOKER,0,"50,65",0," R$  50,65 ","0,00%","100,00%","0,00%",MTT,"685,06"
27/04/2026,161583,Eddy10,PIXPOKER,0,"41,4",0," R$  41,40 ","0,00%","100,00%","0,00%",MTT,"-247,41"
27/04/2026,113348,Pedro Otávio,PIXPOKER,"0,34",0,"2,11"," R$  2,45 ","13,88%","0,00%","86,12%",PLO6,-18
27/04/2026,176747,Infame,PIXPOKER,"6,05","0,9","0,9"," R$  7,85 ","77,07%","11,46%","11,46%",NLH,-29
27/04/2026,179590,lucas082,PIXPOKER,0,0,"72,9"," R$  72,90 ","0,00%","0,00%","100,00%",PLO6,12
27/04/2026,188702,Aécio2064,PIXPOKER,"0,89","0,6","74,82"," R$  76,31 ","1,17%","0,79%","98,05%",PLO6,-437
27/04/2026,191320,zobaa,PIXPOKER,"13,96",0,"20,75"," R$  34,71 ","40,22%","0,00%","59,78%",PLO6,-131
27/04/2026,120111,pix120111,PIXPOKER,0,0,"59,32"," R$  59,32 ","0,00%","0,00%","100,00%",PLO6,"-560,7"
27/04/2026,100486,Jr Holanda,PIXPOKER,0,0,"24,44"," R$  24,44 ","0,00%","0,00%","100,00%",PLO6,-36
27/04/2026,101200,Elbarto,PIXPOKER,0,0,"11,87"," R$  11,87 ","0,00%","0,00%","100,00%",PLO6,3
27/04/2026,101435,Euclides,PIXPOKER,0,10,"7,4"," R$  17,40 ","0,00%","57,47%","42,53%",MTT,"-145,12"
27/04/2026,108144,Tudão Ap,PIXPOKER,0,0,"77,78"," R$  77,78 ","0,00%","0,00%","100,00%",PLO6,-35
27/04/2026,112569,LNI23,PIXPOKER,0,"2,8","24,45"," R$  27,25 ","0,00%","10,28%","89,72%",PLO6,0
27/04/2026,129292,kinho$?,PIXPOKER,0,"0,9","44,9"," R$  45,80 ","0,00%","1,97%","98,03%",PLO6,-386
27/04/2026,129537,REI DO POKKER AA,PIXPOKER,0,0,"24,82"," R$  24,82 ","0,00%","0,00%","100,00%",PLO6,"-175,89"
27/04/2026,129800,Th7AKK’,PIXPOKER,0,"10,5","37,88"," R$  48,38 ","0,00%","21,70%","78,30%",PLO6,"-18,92"
27/04/2026,140015,NenTrindade,PIXPOKER,0,"1,3","324,6"," R$  325,90 ","0,00%","0,40%","99,60%",PLO6,-41
27/04/2026,144291,d. negreano,PIXPOKER,0,0,"264,67"," R$  264,67 ","0,00%","0,00%","100,00%",PLO6,"400,63"
27/04/2026,145086,Dani,PIXPOKER,0,"148,7","2,81"," R$  151,51 ","0,00%","98,15%","1,85%",MTT,"-498,03"
27/04/2026,146392,pix146392,PIXPOKER,0,0,"20,02"," R$  20,02 ","0,00%","0,00%","100,00%",PLO6,-22
27/04/2026,147693,TC97,PIXPOKER,"0,95",0,"507,83"," R$  508,78 ","0,19%","0,00%","99,81%",PLO6,"-1556,97"
27/04/2026,150043,gamby,PIXPOKER,0,0,"32,71"," R$  32,71 ","0,00%","0,00%","100,00%",PLO6,178
27/04/2026,156053,Doidera66,PIXPOKER,0,0,"45,13"," R$  45,13 ","0,00%","0,00%","100,00%",PLO6,-442
27/04/2026,157729,Breno Mel ?,PIXPOKER,0,0,"40,24"," R$  40,24 ","0,00%","0,00%","100,00%",PLO6,"124,19"
27/04/2026,158399,ldcostta,PIXPOKER,"7,63",0,"21,66"," R$  29,29 ","26,05%","0,00%","73,95%",PLO6,"35,36"
27/04/2026,171369,pix171369,PIXPOKER,0,0,"44,55"," R$  44,55 ","0,00%","0,00%","100,00%",PLO6,-232
27/04/2026,174513,LasVegas171,PIXPOKER,0,"0,5","32,62"," R$  33,12 ","0,00%","1,51%","98,49%",PLO6,-91
27/04/2026,182921,MEUGRANDE,PIXPOKER,0,0,"105,21"," R$  105,21 ","0,00%","0,00%","100,00%",PLO6,-537
27/04/2026,185542,Gomess,PIXPOKER,"1,52",0,"89,71"," R$  91,23 ","1,67%","0,00%","98,33%",PLO6,-226
27/04/2026,186019,LC7PB,PIXPOKER,0,0,"6,71"," R$  6,71 ","0,00%","0,00%","100,00%",PLO6,-82
27/04/2026,193251,Birungueta ?,PIXPOKER,0,0,"406,46"," R$  406,46 ","0,00%","0,00%","100,00%",PLO6,"-1342,16"
27/04/2026,194490,fliperama,PIXPOKER,0,"0,7","206,23"," R$  206,93 ","0,00%","0,34%","99,66%",PLO6,-185
27/04/2026,151133,somos+,PIXPOKER,0,"28,6",0," R$  28,60 ","0,00%","100,00%","0,00%",MTT,"-209,75"
27/04/2026,155001,pix155001,PIXPOKER,"2,22","496,12",0," R$  498,34 ","0,45%","99,55%","0,00%",MTT,"-912,29"
27/04/2026,158586,junebass,PIXPOKER,0,"70,2","6,08"," R$  76,28 ","0,00%","92,03%","7,97%",MTT,"1449,46"
27/04/2026,163909,MARQUINHOS13,PIXPOKER,0,"2,8",0," R$  2,80 ","0,00%","100,00%","0,00%",MTT,-28
27/04/2026,103301,gika,PIXPOKER,0,0,"0,25"," R$  0,25 ","0,00%","0,00%","100,00%",PLO6,"1,37"
27/04/2026,133682,Disney,PIXPOKER,0,0,"55,05"," R$  55,05 ","0,00%","0,00%","100,00%",PLO6,-180
27/04/2026,150031,TudoOuNada,PIXPOKER,"3,09",0,"3,18"," R$  6,27 ","49,28%","0,00%","50,72%",PLO6,-57
27/04/2026,171844,matarindo,PIXPOKER,0,"0,1","16,49"," R$  16,59 ","0,00%","0,60%","99,40%",PLO6,-1
27/04/2026,174208,Negot,PIXPOKER,"10,5",0,"18,59"," R$  29,09 ","36,09%","0,00%","63,91%",PLO6,"-112,1"
27/04/2026,175529,Leozim,PIXPOKER,0,0,"5,77"," R$  5,77 ","0,00%","0,00%","100,00%",PLO6,-24
27/04/2026,180838,xXxDdD,PIXPOKER,0,0,42," R$  42,00 ","0,00%","0,00%","100,00%",PLO6,-30
27/04/2026,183420,jheniffer,PIXPOKER,0,"28,6","2,12"," R$  30,72 ","0,00%","93,10%","6,90%",MTT,"-171,57"
27/04/2026,189391,Shell271,PIXPOKER,"0,3",0,"25,46"," R$  25,76 ","1,16%","0,00%","98,84%",PLO6,"14,3"
27/04/2026,190898,RD LOGÍSTICA,PIXPOKER,0,0,"8,88"," R$  8,88 ","0,00%","0,00%","100,00%",PLO6,"193,29"
27/04/2026,193559,Gabriellopes,PIXPOKER,"3,69",0,"0,3"," R$  3,99 ","92,48%","0,00%","7,52%",NLH,-36
27/04/2026,195428,Tureckao2MIL,PIXPOKER,0,"11,6","0,27"," R$  11,87 ","0,00%","97,73%","2,27%",MTT,-100
27/04/2026,112906,emociones,PIXPOKER,0,0,"307,12"," R$  307,12 ","0,00%","0,00%","100,00%",PLO6,"-438,38"
27/04/2026,118027,EUROFARMA,PIXPOKER,0,"0,2","426,13"," R$  426,33 ","0,00%","0,05%","99,95%",PLO6,"-41,92"
27/04/2026,121760,velinho8657,PIXPOKER,0,"0,1","266,87"," R$  266,97 ","0,00%","0,04%","99,96%",PLO6,"-1569,43"
27/04/2026,134557,reidocongo,PIXPOKER,0,0,"48,61"," R$  48,61 ","0,00%","0,00%","100,00%",PLO6,112
27/04/2026,135262,F3lp1s,PIXPOKER,"0,35",0,"88,52"," R$  88,87 ","0,39%","0,00%","99,61%",PLO6,-358
27/04/2026,147010,zepliplin,PIXPOKER,"3,79",0,"1047,43"," R$  1.051,22 ","0,36%","0,00%","99,64%",PLO6,-6515
27/04/2026,155309,Andre13,PIXPOKER,0,0,"71,4"," R$  71,40 ","0,00%","0,00%","100,00%",PLO6,"-393,88"
27/04/2026,172030,ChaparralJr,PIXPOKER,0,35,"361,35"," R$  396,35 ","0,00%","8,83%","91,17%",PLO6,"-593,47"
27/04/2026,115700,pix115700,PIXPOKER,0,0,"8,23"," R$  8,23 ","0,00%","0,00%","100,00%",PLO6,-120
27/04/2026,118908,Alex_Pinto,PIXPOKER,0,0,"139,11"," R$  139,11 ","0,00%","0,00%","100,00%",PLO6,"-793,49"
27/04/2026,100934,monts237,PIXPOKER,"27,59","2,1","0,39"," R$  30,08 ","91,72%","6,98%","1,30%",NLH,-99
27/04/2026,160558,lanelas,PIXPOKER,"3,72","3,1",0," R$  6,82 ","54,55%","45,45%","0,00%",NLH,"-12,5"
27/04/2026,172710,71364,PIXPOKER,"12,29",0,0," R$  12,29 ","100,00%","0,00%","0,00%",NLH,-100
27/04/2026,182909,Johnny walkr,PIXPOKER,"1,33","14,6",0," R$  15,93 ","8,35%","91,65%","0,00%",MTT,"-40,55"
27/04/2026,191967,plmatadoreeporco,PIXPOKER,"6,96",0,"25,05"," R$  32,01 ","21,74%","0,00%","78,26%",PLO6,-227
27/04/2026,171251,jhony@,PIXPOKER,"4,01",0,"1044,35"," R$  1.048,36 ","0,38%","0,00%","99,62%",PLO6,"-1779,67"
27/04/2026,112552,Andinho1505,PIXPOKER,"17,87",0,0," R$  17,87 ","100,00%","0,00%","0,00%",NLH,"-58,89"
27/04/2026,190094,pix190094,PIXPOKER,"6,42",0,0," R$  6,42 ","100,00%","0,00%","0,00%",NLH,-50
27/04/2026,127620,Gabriel.R,PIXPOKER,"3,71",0,0," R$  3,71 ","100,00%","0,00%","0,00%",NLH,-50
27/04/2026,165419,pix165419,PIXPOKER,"2,46",0,"13,05"," R$  15,51 ","15,86%","0,00%","84,14%",PLO6,"207,27"
27/04/2026,171689,Felp0123,PIXPOKER,"23,44",0,"9,38"," R$  32,82 ","71,42%","0,00%","28,58%",NLH,"-113,38"
27/04/2026,187618,RenannLima,PIXPOKER,"25,5",0,"18,08"," R$  43,58 ","58,51%","0,00%","41,49%",NLH,"-139,24"
27/04/2026,147154,Bombom,PIXPOKER,0,0,"35,8"," R$  35,80 ","0,00%","0,00%","100,00%",PLO6,-100
27/04/2026,149427,JJsparrow,PIXPOKER,0,0,"16,34"," R$  16,34 ","0,00%","0,00%","100,00%",PLO6,-84
27/04/2026,152555,BossRico,PIXPOKER,"9,6",0,"3,64"," R$  13,24 ","72,51%","0,00%","27,49%",NLH,-72
27/04/2026,162898,Arturlm11,PIXPOKER,"4,16",1,"7,88"," R$  13,04 ","31,90%","7,67%","60,43%",PLO6,12
27/04/2026,120035,ok então,PIXPOKER,"75,72",0,0," R$  75,72 ","100,00%","0,00%","0,00%",NLH,"-2,11"
27/04/2026,123986,D10xxx,PIXPOKER,"3,69",12,0," R$  15,69 ","23,52%","76,48%","0,00%",MTT,-220
27/04/2026,169232,bumbum guloso,PIXPOKER,"32,75",0,"26,41"," R$  59,16 ","55,36%","0,00%","44,64%",NLH,-194
27/04/2026,193178,10 ANO,PIXPOKER,"31,41","70,4","5,56"," R$  107,37 ","29,25%","65,57%","5,18%",MTT,"-961,25"
27/04/2026,100384,AAgoniado,PIXPOKER,0,0,"80,3"," R$  80,30 ","0,00%","0,00%","100,00%",PLO6,-408
27/04/2026,151826,Jack.Palmer,PIXPOKER,"22,4",0,"5,34"," R$  27,74 ","80,75%","0,00%","19,25%",NLH,"-260,72"
27/04/2026,153312,jack,PIXPOKER,0,0,"1,87"," R$  1,87 ","0,00%","0,00%","100,00%",PLO6,-50
27/04/2026,184048,flmaia,PIXPOKER,0,0,"152,73"," R$  152,73 ","0,00%","0,00%","100,00%",PLO6,"-881,22"
27/04/2026,149960,11678,PIXPOKER,0,0,"743,87"," R$  743,87 ","0,00%","0,00%","100,00%",PLO6,"-7096,14"
27/04/2026,194206,Sem Alma,PIXPOKER,"4,35","2,5","1970,46"," R$  1.977,31 ","0,22%","0,13%","99,65%",PLO6,"2876,68"
27/04/2026,101229,OffThekingdepower,PIXPOKER,0,"0,1",0," R$  0,10 ","0,00%","100,00%","0,00%",MTT,-1
27/04/2026,116140,Márcio Lins,PIXPOKER,"2,21",27,0," R$  29,21 ","7,57%","92,43%","0,00%",MTT,"-122,27"
27/04/2026,140263,Deivão,PIXPOKER,0,1,0," R$  1,00 ","0,00%","100,00%","0,00%",MTT,"-8,95"
27/04/2026,163235,Jumenta preta ?,PIXPOKER,"1,76","20,3",0," R$  22,06 ","7,98%","92,02%","0,00%",MTT,"84,38"
27/04/2026,172208,? REI,PIXPOKER,0,"0,3",0," R$  0,30 ","0,00%","100,00%","0,00%",MTT,-3
27/04/2026,173555,pix173555,PIXPOKER,0,1,0," R$  1,00 ","0,00%","100,00%","0,00%",MTT,"-4,67"
27/04/2026,181098,pix181098,PIXPOKER,0,"1,9",0," R$  1,90 ","0,00%","100,00%","0,00%",MTT,"-4,39"
27/04/2026,187520,pix187520,PIXPOKER,"19,6","12,6",0," R$  32,20 ","60,87%","39,13%","0,00%",NLH,"-129,69"
27/04/2026,191359,coldpaul,PIXPOKER,"0,19","2,94",0," R$  3,13 ","6,07%","93,93%","0,00%",MTT,"-22,56"
27/04/2026,192657,IgorM,PIXPOKER,0,"12,6",0," R$  12,60 ","0,00%","100,00%","0,00%",MTT,-126
27/04/2026,193191,rc1908,PIXPOKER,"28,53","0,6","0,9"," R$  30,03 ","95,00%","2,00%","3,00%",NLH,-64
27/04/2026,193840,sougg,PIXPOKER,0,"0,1",0," R$  0,10 ","0,00%","100,00%","0,00%",MTT,-1
27/04/2026,193889,torres00,PIXPOKER,0,"0,1",0," R$  0,10 ","0,00%","100,00%","0,00%",MTT,-1
27/04/2026,194663,TioPika,PIXPOKER,"0,3","0,4",0," R$  0,70 ","42,86%","57,14%","0,00%",MTT,"-2,75"
27/04/2026,194735,Ivan gráfica pai,PIXPOKER,0,"9,82",0," R$  9,82 ","0,00%","100,00%","0,00%",MTT,"-44,46"
27/04/2026,184466,pix184466,PIXPOKER,"11,66",0,"2,14"," R$  13,80 ","84,49%","0,00%","15,51%",NLH,-170
27/04/2026,148535,amisraelchai??,PIXPOKER,0,"48,5",0," R$  48,50 ","0,00%","100,00%","0,00%",MTT,"66,56"
27/04/2026,166232,esseoN,PIXPOKER,0,"111,5",0," R$  111,50 ","0,00%","100,00%","0,00%",MTT,"-546,49"
27/04/2026,180358,AGRF,PIXPOKER,0,2,"47,17"," R$  49,17 ","0,00%","4,07%","95,93%",PLO6,"-400,21"
27/04/2026,188178,RETROESCAVADEIRA,PIXPOKER,0,2,"147,91"," R$  149,91 ","0,00%","1,33%","98,67%",PLO6,"-265,46"
27/04/2026,195384,pix195384,PIXPOKER,0,0,"209,09"," R$  209,09 ","0,00%","0,00%","100,00%",PLO6,"2041,67"
27/04/2026,101185,dual,PIXPOKER,0,0,0, R$  -   ,,,,NLH,0
27/04/2026,102854,mrsflush,PIXPOKER,0,"0,3",0," R$  0,30 ","0,00%","100,00%","0,00%",MTT,"-0,67"
27/04/2026,102869,shogun,PIXPOKER,0,"0,1","0,31"," R$  0,41 ","0,00%","24,39%","75,61%",PLO6,"-1,76"
27/04/2026,102898,shark,PIXPOKER,0,0,0, R$  -   ,,,,NLH,"2,72"
27/04/2026,105921,verdao,PIXPOKER,0,"0,9",0," R$  0,90 ","0,00%","100,00%","0,00%",MTT,"-7,99"
27/04/2026,106309,AcademiaDePoker,PIXPOKER,0,"1,8",0," R$  1,80 ","0,00%","100,00%","0,00%",MTT,"2,13"
27/04/2026,124416,vaibrasil,PIXPOKER,0,"0,1","1,16"," R$  1,26 ","0,00%","7,94%","92,06%",PLO6,"27,08"
27/04/2026,124632,seteduque,PIXPOKER,0,0,0, R$  -   ,,,,NLH,0
27/04/2026,128921,pix128921,PIXPOKER,"0,39","37,5","1,17"," R$  39,06 ","1,00%","96,01%","3,00%",MTT,"-232,63"
27/04/2026,136483,Alírio,PIXPOKER,0,0,0, R$  -   ,,,,NLH,"1,74"
27/04/2026,140055,jr oião motos,PIXPOKER,0,0,0, R$  -   ,,,,NLH,0
27/04/2026,149604,NoBru,PIXPOKER,"0,54","0,1","1,7"," R$  2,34 ","23,08%","4,27%","72,65%",PLO6,"-7,66"
27/04/2026,151216,Matador 2024,PIXPOKER,0,0,0, R$  -   ,,,,NLH,0
27/04/2026,151894,emersonTHE,PIXPOKER,"5,17","0,2",0," R$  5,37 ","96,28%","3,72%","0,00%",NLH,"-46,9"
27/04/2026,153195,ZackEfr0n,PIXPOKER,0,"0,3",0," R$  0,30 ","0,00%","100,00%","0,00%",MTT,"-0,21"
27/04/2026,155175,LyncolnK2,PIXPOKER,0,"0,1",0," R$  0,10 ","0,00%","100,00%","0,00%",MTT,"13,61"
27/04/2026,155709,pix155709,PIXPOKER,0,0,0, R$  -   ,,,,NLH,0
27/04/2026,168321,Breno Mendes,PIXPOKER,"1,91",0,"3,31"," R$  5,22 ","36,59%","0,00%","63,41%",PLO6,"14,77"
27/04/2026,169016,Creck,PIXPOKER,0,"0,1",0," R$  0,10 ","0,00%","100,00%","0,00%",MTT,"0,08"
27/04/2026,170943,claytim,PIXPOKER,0,0,0, R$  -   ,,,,NLH,0
27/04/2026,175113,chau,PIXPOKER,"0,1","0,6","4,61"," R$  5,31 ","1,88%","11,30%","86,82%",PLO6,"-4,95"
27/04/2026,176166,cuz cuz cum ovo,PIXPOKER,0,"0,2",0," R$  0,20 ","0,00%","100,00%","0,00%",MTT,"0,98"
27/04/2026,180210,pix180210,PIXPOKER,0,0,0, R$  -   ,,,,NLH,0
27/04/2026,186144,PORTAO10,PIXPOKER,0,0,0, R$  -   ,,,,NLH,0
27/04/2026,189004,ABUSADO,PIXPOKER,0,0,"106,66"," R$  106,66 ","0,00%","0,00%","100,00%",PLO6,"-1499,67"
27/04/2026,190835,Velhote,PIXPOKER,0,0,0, R$  -   ,,,,NLH,0
27/04/2026,192635,jandao,PIXPOKER,0,0,0, R$  -   ,,,,NLH,0
27/04/2026,193366,pix193366,PIXPOKER,"0,96","1,75",0," R$  2,71 ","35,42%","64,58%","0,00%",MTT,"1,84"
27/04/2026,194473,segundopoker,PIXPOKER,"43,3","64,3",0," R$  107,60 ","40,24%","59,76%","0,00%",MTT,"-395,92"
27/04/2026,194641,Rodrigoxl666,PIXPOKER,0,"1,5",0," R$  1,50 ","0,00%","100,00%","0,00%",MTT,-15
27/04/2026,195449,Rutsonfc2K,PIXPOKER,"5,72","13,75",0," R$  19,47 ","29,38%","70,62%","0,00%",MTT,"-89,85"
27/04/2026,101128,bateu,PIXPOKER,0,7,0," R$  7,00 ","0,00%","100,00%","0,00%",MTT,-70
27/04/2026,147210,Leooo_nery,PIXPOKER,"5,63","162,8","157,5"," R$  325,93 ","1,73%","49,95%","48,32%",MTT,"492,82"
27/04/2026,154531,allinsemolhar,PIXPOKER,0,"180,2","72,61"," R$  252,81 ","0,00%","71,28%","28,72%",MTT,"478,48"
27/04/2026,188457,tomate,PIXPOKER,0,"67,3",0," R$  67,30 ","0,00%","100,00%","0,00%",MTT,"-158,57"
27/04/2026,190726,Spikeeee,PIXPOKER,0,"20,9","57,76"," R$  78,66 ","0,00%","26,57%","73,43%",PLO6,"156,88"
27/04/2026,193970,Pimentax1,PIXPOKER,0,"325,69",0," R$  325,69 ","0,00%","100,00%","0,00%",MTT,"-1467,65"
27/04/2026,153998,pix153998,PIXPOKER,0,0,"149,66"," R$  149,66 ","0,00%","0,00%","100,00%",PLO6,"42,68"
27/04/2026,161105,picanha,PIXPOKER,"14,47",0,"42,06"," R$  56,53 ","25,60%","0,00%","74,40%",PLO6,-14
27/04/2026,102323,flavio,PIXPOKER,"0,47",0,"1,23"," R$  1,70 ","27,65%","0,00%","72,35%",PLO6,-54
27/04/2026,115286,America RN??,PIXPOKER,0,"0,56","36,42"," R$  36,98 ","0,00%","1,51%","98,49%",PLO6,"-226,24"
27/04/2026,160003,Ioribr (777),PIXPOKER,"9,16","0,6","8,73"," R$  18,49 ","49,54%","3,24%","47,21%",NLH,"-8,1"
27/04/2026,149703,azarado,PIXPOKER,0,"86,8",0," R$  86,80 ","0,00%","100,00%","0,00%",MTT,"485,55"
27/04/2026,158851,Marques,PIXPOKER,0,"0,2",0," R$  0,20 ","0,00%","100,00%","0,00%",MTT,-2
27/04/2026,189425,NeutrófiloX,PIXPOKER,0,"0,8",0," R$  0,80 ","0,00%","100,00%","0,00%",MTT,-8
27/04/2026,155002,FFilho,PIXPOKER,0,0,"15,73"," R$  15,73 ","0,00%","0,00%","100,00%",PLO6,"10,52"
27/04/2026,102657,Edson ?,PIXPOKER,"37,6",3,8," R$  48,60 ","77,37%","6,17%","16,46%",NLH,344
27/04/2026,187443,CaioJr14,PIXPOKER,"6,56",0,0," R$  6,56 ","100,00%","0,00%","0,00%",NLH,-60
27/04/2026,189622,TIJUBINA ?,PIXPOKER,"36,56",0,0," R$  36,56 ","100,00%","0,00%","0,00%",NLH,"-72,94"
27/04/2026,101534,te meto a pica,PIXPOKER,"0,15","8,7","26,23"," R$  35,08 ","0,43%","24,80%","74,77%",PLO6,-177
27/04/2026,142465,crrc79,PIXPOKER,0,141,"120,02"," R$  261,02 ","0,00%","54,02%","45,98%",MTT,"631,35"
27/04/2026,129424,KidMoney,PIXPOKER,0,77,0," R$  77,00 ","0,00%","100,00%","0,00%",MTT,"-602,76"
27/04/2026,138592,pix138592,PIXPOKER,0,64,0," R$  64,00 ","0,00%","100,00%","0,00%",MTT,"-304,72"
27/04/2026,153018,Madara??,PIXPOKER,0,0,"70,47"," R$  70,47 ","0,00%","0,00%","100,00%",PLO6,157
27/04/2026,181033,pix181033,PIXPOKER,0,"59,5",0," R$  59,50 ","0,00%","100,00%","0,00%",MTT,"-248,99"
27/04/2026,147278,Yordan,PIXPOKER,"2,02",0,0," R$  2,02 ","100,00%","0,00%","0,00%",NLH,"-4,29"
27/04/2026,154334,space burguer,PIXPOKER,"0,7",0,0," R$  0,70 ","100,00%","0,00%","0,00%",NLH,"4,55"
27/04/2026,194463,JosepPoker,PIXPOKER,"0,37",0,0," R$  0,37 ","100,00%","0,00%","0,00%",NLH,"-4,38"
27/04/2026,194831,BillyBoy,PIXPOKER,"71,95","0,7","0,03"," R$  72,68 ","99,00%","0,96%","0,04%",NLH,"856,16"
27/04/2026,129251,DiegoIsrael,PIXPOKER,0,"1,6",0," R$  1,60 ","0,00%","100,00%","0,00%",MTT,-16
27/04/2026,146679,miguelito,PIXPOKER,0,"8,7",0," R$  8,70 ","0,00%","100,00%","0,00%",MTT,-87
27/04/2026,168156,JhonBad,PIXPOKER,0,"29,7",0," R$  29,70 ","0,00%","100,00%","0,00%",MTT,"-166,27"
27/04/2026,189866,pix189866,PIXPOKER,0,1,0," R$  1,00 ","0,00%","100,00%","0,00%",MTT,"-8,92"
27/04/2026,194578,JacksonMcz,PIXPOKER,"2,32",89,0," R$  91,32 ","2,54%","97,46%","0,00%",MTT,"-356,55"
27/04/2026,147160,comotudo,PIXPOKER,0,0,"86,07"," R$  86,07 ","0,00%","0,00%","100,00%",PLO6,"84,26"
27/04/2026,171361,CATDEALER,PIXPOKER,0,"31,4",0," R$  31,40 ","0,00%","100,00%","0,00%",MTT,-350
27/04/2026,194709,reidabad96,PIXPOKER,0,"40,6",0," R$  40,60 ","0,00%","100,00%","0,00%",MTT,"-232,25"
27/04/2026,194360,Peco.,PIXPOKER,"5,59",32,0," R$  37,59 ","14,87%","85,13%","0,00%",MTT,"20,25"
27/04/2026,116936,clenilson,PIXPOKER,"10,18",1,"4,8"," R$  15,98 ","63,70%","6,26%","30,04%",NLH,"-136,69"
27/04/2026,156622,alvaromontoro,PIXPOKER,"5,09","61,4",0," R$  66,49 ","7,66%","92,34%","0,00%",MTT,"-573,27"
27/04/2026,170039,Braúna??,PIXPOKER,0,3,0," R$  3,00 ","0,00%","100,00%","0,00%",MTT,"3,97"
27/04/2026,173790,Eraldo,PIXPOKER,"3,83","71,3",0," R$  75,13 ","5,10%","94,90%","0,00%",MTT,"629,63"
27/04/2026,190555,animeshuga,PIXPOKER,0,"29,3",0," R$  29,30 ","0,00%","100,00%","0,00%",MTT,-293
27/04/2026,194188,EliminadordeDonk,PIXPOKER,"0,08","17,2",0," R$  17,28 ","0,46%","99,54%","0,00%",MTT,"311,06"
27/04/2026,104697,gb__,PIXPOKER,0,"1,7",0," R$  1,70 ","0,00%","100,00%","0,00%",MTT,-17
27/04/2026,115174,andrade2,PIXPOKER,0,"0,5",0," R$  0,50 ","0,00%","100,00%","0,00%",MTT,-5
27/04/2026,118633,0PREDADORDEBUMBUM,PIXPOKER,0,"0,6",0," R$  0,60 ","0,00%","100,00%","0,00%",MTT,-6
27/04/2026,135144,gabriel glerean,PIXPOKER,0,"2,7",0," R$  2,70 ","0,00%","100,00%","0,00%",MTT,"-14,87"
27/04/2026,135648,OgunhePTKR,PIXPOKER,0,"0,3",0," R$  0,30 ","0,00%","100,00%","0,00%",MTT,-3
27/04/2026,143543,Amorica do vrau,PIXPOKER,0,"1,2","3,45"," R$  4,65 ","0,00%","25,81%","74,19%",PLO6,"-0,39"
27/04/2026,145593,johnn,PIXPOKER,0,1,0," R$  1,00 ","0,00%","100,00%","0,00%",MTT,-10
27/04/2026,146343,Mika,PIXPOKER,0,"0,1",0," R$  0,10 ","0,00%","100,00%","0,00%",MTT,-1
27/04/2026,152279,Palmer,PIXPOKER,"0,49",1,0," R$  1,49 ","32,89%","67,11%","0,00%",MTT,"-10,49"
27/04/2026,159727,pix159727,PIXPOKER,0,"0,5",0," R$  0,50 ","0,00%","100,00%","0,00%",MTT,-5
27/04/2026,165018,pix165018,PIXPOKER,0,"1,05",0," R$  1,05 ","0,00%","100,00%","0,00%",MTT,"-10,5"
27/04/2026,185182,lois,PIXPOKER,0,"0,2",0," R$  0,20 ","0,00%","100,00%","0,00%",MTT,-2
27/04/2026,193402,porKoloKo,PIXPOKER,0,"3,3","1,95"," R$  5,25 ","0,00%","62,86%","37,14%",MTT,"-50,08"
27/04/2026,193440,N2SF,PIXPOKER,0,"1,2",0," R$  1,20 ","0,00%","100,00%","0,00%",MTT,-12
27/04/2026,108683,Rei das Bruxas,PIXPOKER,"5,93",1,0," R$  6,93 ","85,57%","14,43%","0,00%",NLH,-70
27/04/2026,139869,Cachoeira,PIXPOKER,0,3,0," R$  3,00 ","0,00%","100,00%","0,00%",MTT,"-23,24"
27/04/2026,178389,TLDBS,PIXPOKER,0,"0,5",0," R$  0,50 ","0,00%","100,00%","0,00%",MTT,"-3,92"
27/04/2026,157261,amv3ct,PIXPOKER,0,"18,5",0," R$  18,50 ","0,00%","100,00%","0,00%",MTT,"445,01"
27/04/2026,182051,Abacatudo ?,PIXPOKER,0,"10,5",0," R$  10,50 ","0,00%","100,00%","0,00%",MTT,-105
27/04/2026,100221,El Magron,PIXPOKER,0,0,0, R$  -   ,,,,NLH,"0,88"
27/04/2026,100300,Barboza?,PIXPOKER,0,0,0, R$  -   ,,,,NLH,"1,52"
27/04/2026,103345,Homer Simpson,PIXPOKER,0,31,"1491,07"," R$  1.522,07 ","0,00%","2,04%","97,96%",PLO6,-1523
27/04/2026,109150,vitinpe,PIXPOKER,0,0,"87,56"," R$  87,56 ","0,00%","0,00%","100,00%",PLO6,-349
27/04/2026,109744,Paulão do flop,PIXPOKER,0,0,"6,76"," R$  6,76 ","0,00%","0,00%","100,00%",PLO6,30
27/04/2026,110951,SrAndrezito,PIXPOKER,"14,23",0,0," R$  14,23 ","100,00%","0,00%","0,00%",NLH,-90
27/04/2026,111444,amanga,PIXPOKER,0,"0,1",0," R$  0,10 ","0,00%","100,00%","0,00%",MTT,"0,21"
27/04/2026,116811,joka,PIXPOKER,0,0,0, R$  -   ,,,,NLH,0
27/04/2026,117746,bocao10,PIXPOKER,0,"0,2",0," R$  0,20 ","0,00%","100,00%","0,00%",MTT,"-0,67"
27/04/2026,133756,Marinho 54,PIXPOKER,0,"17,69",0," R$  17,69 ","0,00%","100,00%","0,00%",MTT,"-120,2"
27/04/2026,145213,pix145213,PIXPOKER,0,0,"408,26"," R$  408,26 ","0,00%","0,00%","100,00%",PLO6,"-52,41"
27/04/2026,145257,hoop shot,PIXPOKER,"33,26",0,0," R$  33,26 ","100,00%","0,00%","0,00%",NLH,"329,69"
27/04/2026,151112,SanMds,PIXPOKER,0,0,"3,56"," R$  3,56 ","0,00%","0,00%","100,00%",PLO6,"-17,88"
27/04/2026,162063,VIT0R,PIXPOKER,0,0,0, R$  -   ,,,,NLH,0
27/04/2026,165730,kara de Xibata,PIXPOKER,0,0,0, R$  -   ,,,,NLH,0
27/04/2026,168505,Bitenca,PIXPOKER,0,"0,2",0," R$  0,20 ","0,00%","100,00%","0,00%",MTT,"0,81"
27/04/2026,170685,Pitheolico,PIXPOKER,0,"8,4",0," R$  8,40 ","0,00%","100,00%","0,00%",MTT,"165,75"
27/04/2026,171835,TheRock99,PIXPOKER,"3,97","29,82",0," R$  33,79 ","11,75%","88,25%","0,00%",MTT,"-268,24"
27/04/2026,171921,Arthuralp,PIXPOKER,0,0,0, R$  -   ,,,,NLH,0
27/04/2026,173021,pix173021,PIXPOKER,0,0,0, R$  -   ,,,,NLH,0
27/04/2026,173559,pix173559,PIXPOKER,"7,3","4,1",0," R$  11,40 ","64,04%","35,96%","0,00%",NLH,-105
27/04/2026,174229,treiss77,PIXPOKER,0,0,0, R$  -   ,,,,NLH,0
27/04/2026,174952,tremdofullhouse33,PIXPOKER,"4,95","0,9",0," R$  5,85 ","84,62%","15,38%","0,00%",NLH,"-15,48"
27/04/2026,176326,Ragnarok_176326,PIXPOKER,0,"1,5",0," R$  1,50 ","0,00%","100,00%","0,00%",MTT,-15
27/04/2026,177057,KAKASHI,PIXPOKER,0,0,0, R$  -   ,,,,NLH,0
27/04/2026,179691,Bielvn,PIXPOKER,0,"2,4",0," R$  2,40 ","0,00%","100,00%","0,00%",MTT,-24
27/04/2026,180025,pix180025,PIXPOKER,0,0,0, R$  -   ,,,,NLH,0
27/04/2026,180777,pix180777,PIXPOKER,"3,94","4,3",0," R$  8,24 ","47,82%","52,18%","0,00%",MTT,"7,75"
27/04/2026,181845,pix181845,PIXPOKER,0,0,0, R$  -   ,,,,NLH,0
27/04/2026,183471,pix183471,PIXPOKER,0,0,0, R$  -   ,,,,NLH,"1,11"
27/04/2026,188429,oliveiraa,PIXPOKER,"0,3","0,1",0," R$  0,40 ","75,00%","25,00%","0,00%",NLH,-5
27/04/2026,188674,Mancuso,PIXPOKER,0,"0,1",0," R$  0,10 ","0,00%","100,00%","0,00%",MTT,"3,02"
27/04/2026,190448,andim,PIXPOKER,"1,01","1,1","10,04"," R$  12,15 ","8,31%","9,05%","82,63%",PLO6,"-35,61"
27/04/2026,193240,pix193240,PIXPOKER,0,0,0, R$  -   ,,,,NLH,0
27/04/2026,193550,carl$kk,PIXPOKER,0,0,0, R$  -   ,,,,NLH,0
27/04/2026,195476,feijuca96,PIXPOKER,0,0,0, R$  -   ,,,,NLH,"0,4"
27/04/2026,119281,Juliocfh,PIXPOKER,0,0,"20,19"," R$  20,19 ","0,00%","0,00%","100,00%",PLO6,-15
27/04/2026,133158,jrspoker,PIXPOKER,0,0,"1,28"," R$  1,28 ","0,00%","0,00%","100,00%",PLO6,-10
27/04/2026,158292,BYD66,PIXPOKER,"100,38","6,5","0,6"," R$  107,48 ","93,39%","6,05%","0,56%",NLH,"19,27"
27/04/2026,177526,XRafaBoassX,PIXPOKER,"5,81","0,8","62,13"," R$  68,74 ","8,45%","1,16%","90,38%",PLO6,"206,76"
27/04/2026,102371,Sertão,PIXPOKER,0,0,"541,79"," R$  541,79 ","0,00%","0,00%","100,00%",PLO6,"195,92"
27/04/2026,109250,????JC,PIXPOKER,0,0,"166,54"," R$  166,54 ","0,00%","0,00%","100,00%",PLO6,"-250,2"
27/04/2026,160289,jimmysdi,PIXPOKER,0,"10,6",0," R$  10,60 ","0,00%","100,00%","0,00%",MTT,-106
27/04/2026,101251,Chupeta,PIXPOKER,0,0,"227,22"," R$  227,22 ","0,00%","0,00%","100,00%",PLO6,"-1709,34"
27/04/2026,163330,RN????,PIXPOKER,0,0,"56,17"," R$  56,17 ","0,00%","0,00%","100,00%",PLO6,"-83,87"
27/04/2026,141288,g777,PIXPOKER,"9,2",0,"13,35"," R$  22,55 ","40,80%","0,00%","59,20%",PLO6,"137,72"
27/04/2026,150634,Texurro,PIXPOKER,"1,6","1,76",0," R$  3,36 ","47,62%","52,38%","0,00%",MTT,"-49,6"
27/04/2026,194722,Rick_Ldna,PIXPOKER,0,"5,4",0," R$  5,40 ","0,00%","100,00%","0,00%",MTT,"220,49"
27/04/2026,100711,Mister...,PIXPOKER,0,"4,3","10,07"," R$  14,37 ","0,00%","29,92%","70,08%",PLO6,-118
27/04/2026,111860,pedro Aurélio,PIXPOKER,"12,15",0,0," R$  12,15 ","100,00%","0,00%","0,00%",NLH,160
27/04/2026,120746,toctoc,PIXPOKER,"0,23","1,6","46,2"," R$  48,03 ","0,48%","3,33%","96,19%",PLO6,"-311,95"
27/04/2026,138609,PEDRO MATIAS,PIXPOKER,0,0,"230,62"," R$  230,62 ","0,00%","0,00%","100,00%",PLO6,"-930,97"
27/04/2026,140135,lukinhas05,PIXPOKER,0,0,"527,05"," R$  527,05 ","0,00%","0,00%","100,00%",PLO6,"587,02"
27/04/2026,147011,leruiz,PIXPOKER,0,0,"250,29"," R$  250,29 ","0,00%","0,00%","100,00%",PLO6,"2281,71"
27/04/2026,153384,NUTS,PIXPOKER,0,"15,14","254,82"," R$  269,96 ","0,00%","5,61%","94,39%",PLO6,"471,54"
27/04/2026,111754,pix111754,PIXPOKER,"21,41","2,6","28,61"," R$  52,62 ","40,69%","4,94%","54,37%",PLO6,"2,89"
27/04/2026,167950,pix167950,PIXPOKER,0,0,"32,39"," R$  32,39 ","0,00%","0,00%","100,00%",PLO6,21
27/04/2026,125910,Dekixter,PIXPOKER,0,0,0, R$  -   ,,,,NLH,0
27/04/2026,146383,pix146383,PIXPOKER,0,0,0, R$  -   ,,,,NLH,0
27/04/2026,162289,Gabrielzm,PIXPOKER,0,0,0, R$  -   ,,,,NLH,0
27/04/2026,163477,Dilma,PIXPOKER,0,"0,1",0," R$  0,10 ","0,00%","100,00%","0,00%",MTT,"-0,23"
27/04/2026,187132,ninguém,PIXPOKER,0,0,0, R$  -   ,,,,NLH,0
27/04/2026,191271,Anthony Jonsson,PIXPOKER,0,0,0, R$  -   ,,,,NLH,0
27/04/2026,194911,popo-iwnl,PIXPOKER,0,0,0, R$  -   ,,,,NLH,0
27/04/2026,130831,SnAAcK,PIXPOKER,0,"111,5","154,33"," R$  265,83 ","0,00%","41,94%","58,06%",PLO6,"-995,73"
27/04/2026,195315,pix195315,PIXPOKER,0,0,"11,41"," R$  11,41 ","0,00%","0,00%","100,00%",PLO6,-31
27/04/2026,100605,henrique,PIXPOKER,"15,99",0,"3,75"," R$  19,74 ","81,00%","0,00%","19,00%",NLH,-17
27/04/2026,112234,AMSFOGO,PIXPOKER,"14,64",0,0," R$  14,64 ","100,00%","0,00%","0,00%",NLH,"20,27"
27/04/2026,134522,ZEBEDEL,PIXPOKER,"1,27","8,6","18,96"," R$  28,83 ","4,41%","29,83%","65,76%",PLO6,"244,29"
27/04/2026,139469,WKPE,PIXPOKER,"6,9",1,"12,31"," R$  20,21 ","34,14%","4,95%","60,91%",PLO6,-167
27/04/2026,153367,Gi.p,PIXPOKER,"0,97",13,0," R$  13,97 ","6,94%","93,06%","0,00%",MTT,"-134,8"
27/04/2026,175068,Urubudupix,PIXPOKER,"5,52",0,0," R$  5,52 ","100,00%","0,00%","0,00%",NLH,-40
27/04/2026,189262,ZéNutzz,PIXPOKER,"8,06",0,0," R$  8,06 ","100,00%","0,00%","0,00%",NLH,-46
27/04/2026,192358,pix192358,PIXPOKER,"1,69",0,0," R$  1,69 ","100,00%","0,00%","0,00%",NLH,-14
27/04/2026,193731,iangabriel,PIXPOKER,"0,37",0,"0,24"," R$  0,61 ","60,66%","0,00%","39,34%",NLH,-10
27/04/2026,193979,pix193979,PIXPOKER,"15,12","1,6",0," R$  16,72 ","90,43%","9,57%","0,00%",NLH,"5,44"
27/04/2026,194604,Aquiles77,PIXPOKER,"59,35","0,5",0," R$  59,85 ","99,16%","0,84%","0,00%",NLH,-103
27/04/2026,145184,Chepinha,PIXPOKER,0,"17,35","0,86"," R$  18,21 ","0,00%","95,28%","4,72%",MTT,"-89,19"
27/04/2026,100134,VaiVolta,PIXPOKER,0,0,"5907,45"," R$  5.907,45 ","0,00%","0,00%","100,00%",PLO6,"9288,72"
27/04/2026,102535,Luizão LDS,PIXPOKER,0,0,"4911,61"," R$  4.911,61 ","0,00%","0,00%","100,00%",PLO6,"13515,48"
27/04/2026,129250,dayvisonfranklin,PIXPOKER,0,0,"102,29"," R$  102,29 ","0,00%","0,00%","100,00%",PLO6,-86
27/04/2026,146599,pix146599,PIXPOKER,0,0,"107,04"," R$  107,04 ","0,00%","0,00%","100,00%",PLO6,"153,39"
27/04/2026,193603,ahladrao,PIXPOKER,"2,66",0,"16,42"," R$  19,08 ","13,94%","0,00%","86,06%",PLO6,"-196,05"
27/04/2026,112088,Eu!!,PIXPOKER,"1,2",0,"0,41"," R$  1,61 ","74,53%","0,00%","25,47%",NLH,-4
27/04/2026,173322,enndeoL,PIXPOKER,0,0,"0,88"," R$  0,88 ","0,00%","0,00%","100,00%",PLO6,"-11,49"
27/04/2026,107666,Thiago.Oba,PIXPOKER,0,9,"196,66"," R$  205,66 ","0,00%","4,38%","95,62%",PLO6,"-1544,44"
27/04/2026,101162,Messi10?,PIXPOKER,0,0,"237,68"," R$  237,68 ","0,00%","0,00%","100,00%",PLO6,"-1040,26"
27/04/2026,120161,Forasteiro,PIXPOKER,0,0,"14,5"," R$  14,50 ","0,00%","0,00%","100,00%",PLO6,"0,4"
27/04/2026,160135,marciomelo,PIXPOKER,"0,71",0,0," R$  0,71 ","100,00%","0,00%","0,00%",NLH,"-0,93"
27/04/2026,100869,pix100869,PIXPOKER,"25,76",0,"55,32"," R$  81,08 ","31,77%","0,00%","68,23%",PLO6,"-88,94"
27/04/2026,161330,ALLMUTED,PIXPOKER,15,0,"4,3"," R$  19,30 ","77,72%","0,00%","22,28%",NLH,"137,5"
27/04/2026,191542,pix191542,PIXPOKER,0,"3,7","4,87"," R$  8,57 ","0,00%","43,17%","56,83%",PLO6,-75
27/04/2026,127799,W P S,PIXPOKER,"4,07",0,"4,68"," R$  8,75 ","46,51%","0,00%","53,49%",PLO6,-28
27/04/2026,159669,mainardi,PIXPOKER,0,0,"28,22"," R$  28,22 ","0,00%","0,00%","100,00%",PLO6,-168
27/04/2026,193430,cbZada,PIXPOKER,0,0,"20,14"," R$  20,14 ","0,00%","0,00%","100,00%",PLO6,-52
27/04/2026,118627,ninjabranco,PIXPOKER,0,0,"37,79"," R$  37,79 ","0,00%","0,00%","100,00%",PLO6,"-51,91"
27/04/2026,163350,px34256871976,PIXPOKER,"21,73",0,"14,46"," R$  36,19 ","60,04%","0,00%","39,96%",NLH,"-110,98"
27/04/2026,170570,levy  osterno,PIXPOKER,"2,48",0,"18,12"," R$  20,60 ","12,04%","0,00%","87,96%",PLO6,108
27/04/2026,187315,luanpg10,PIXPOKER,"0,08",5,"35,47"," R$  40,55 ","0,20%","12,33%","87,47%",PLO6,"-39,83"
27/04/2026,120916,Jaburu9,PIXPOKER,"5,09","0,3","35,75"," R$  41,14 ","12,37%","0,73%","86,90%",PLO6,307
27/04/2026,147641,dieguinho08,PIXPOKER,"2,86",0,0," R$  2,86 ","100,00%","0,00%","0,00%",NLH,"74,32"
27/04/2026,148134,pix148134,PIXPOKER,"109,07",0,0," R$  109,07 ","100,00%","0,00%","0,00%",NLH,"-366,89"
27/04/2026,163367,oftheking,PIXPOKER,"2,56",0,"6,61"," R$  9,17 ","27,92%","0,00%","72,08%",PLO6,-64
27/04/2026,171429,Lisameuovo,PIXPOKER,"0,97",0,0," R$  0,97 ","100,00%","0,00%","0,00%",NLH,"-13,32"
27/04/2026,174728,PrisionBreak,PIXPOKER,"3,09",3,0," R$  6,09 ","50,74%","49,26%","0,00%",NLH,-50
27/04/2026,131387,JoaoCbmpa,PIXPOKER,"2,29","10,9",0," R$  13,19 ","17,36%","82,64%","0,00%",MTT,159
27/04/2026,127748,pytter.parke,PIXPOKER,0,"3,3","3,89"," R$  7,19 ","0,00%","45,90%","54,10%",PLO6,-97
27/04/2026,162751,Cless,PIXPOKER,0,"0,1",0," R$  0,10 ","0,00%","100,00%","0,00%",MTT,-1
27/04/2026,154470,Batgirl,PIXPOKER,0,"6,6",0," R$  6,60 ","0,00%","100,00%","0,00%",MTT,-66
27/04/2026,100761,AlanKessio,PIXPOKER,"0,43","0,6","2,76"," R$  3,79 ","11,35%","15,83%","72,82%",PLO6,"24,32"
27/04/2026,109887,cucuriti,PIXPOKER,"3,04",0,"97,31"," R$  100,35 ","3,03%","0,00%","96,97%",PLO6,121
27/04/2026,144289,maakkaco26,PIXPOKER,0,"3,5","0,68"," R$  4,18 ","0,00%","83,73%","16,27%",MTT,"-64,8"
27/04/2026,158143,tudo35,PIXPOKER,0,0,"24,07"," R$  24,07 ","0,00%","0,00%","100,00%",PLO6,"-77,37"
27/04/2026,183918,magovk12,PIXPOKER,0,0,"78,38"," R$  78,38 ","0,00%","0,00%","100,00%",PLO6,6
27/04/2026,193100,Custodes,PIXPOKER,0,"1,6","3,29"," R$  4,89 ","0,00%","32,72%","67,28%",PLO6,"-24,66"
27/04/2026,100819,A:.L:.,PIXPOKER,0,"5,5",0," R$  5,50 ","0,00%","100,00%","0,00%",MTT,-55
27/04/2026,118893,eujhon,PIXPOKER,"0,09","0,8",0," R$  0,89 ","10,11%","89,89%","0,00%",MTT,"-3,66"
27/04/2026,120987,Ricardo420,PIXPOKER,0,0,0, R$  -   ,,,,NLH,"3,9"
27/04/2026,150113,predador ?,PIXPOKER,"0,52",0,"0,92"," R$  1,44 ","36,11%","0,00%","63,89%",PLO6,"-21,11"
27/04/2026,151750,pix151750,PIXPOKER,0,"0,5",0," R$  0,50 ","0,00%","100,00%","0,00%",MTT,0
27/04/2026,155242,Allon ?,PIXPOKER,0,0,0, R$  -   ,,,,NLH,0
27/04/2026,168753,mago?,PIXPOKER,0,0,0, R$  -   ,,,,NLH,0
27/04/2026,172054,kevenbrs,PIXPOKER,0,0,0, R$  -   ,,,,NLH,0
27/04/2026,172456,TicoTico,PIXPOKER,0,"0,5",0," R$  0,50 ","0,00%","100,00%","0,00%",MTT,"-4,27"
27/04/2026,175842,arthuzinho,PIXPOKER,0,0,0, R$  -   ,,,,NLH,0
27/04/2026,179744,pix179744,PIXPOKER,"12,03",0,0," R$  12,03 ","100,00%","0,00%","0,00%",NLH,-18
27/04/2026,186267,marion,PIXPOKER,0,0,"28,47"," R$  28,47 ","0,00%","0,00%","100,00%",PLO6,-78
27/04/2026,191081,Olbis,PIXPOKER,0,"3,75",0," R$  3,75 ","0,00%","100,00%","0,00%",MTT,"-36,45"
27/04/2026,194858,unrealgio,PIXPOKER,0,0,0, R$  -   ,,,,NLH,0
27/04/2026,157546,Donolt Trump?,PIXPOKER,"36,04","0,5",0," R$  36,54 ","98,63%","1,37%","0,00%",NLH,"63,07"
27/04/2026,130772,molico10,PIXPOKER,0,0,"66,81"," R$  66,81 ","0,00%","0,00%","100,00%",PLO6,-675
27/04/2026,154421,Batt rico,PIXPOKER,0,0,"57,13"," R$  57,13 ","0,00%","0,00%","100,00%",PLO6,"-277,11"
27/04/2026,167868,jusadelas_,PIXPOKER,0,33,"38,97"," R$  71,97 ","0,00%","45,85%","54,15%",PLO6,"90,5"
27/04/2026,137423,Godoy,PIXPOKER,0,33,0," R$  33,00 ","0,00%","100,00%","0,00%",MTT,-330
27/04/2026,191446,Rochedo,PIXPOKER,"0,28",0,"5,09"," R$  5,37 ","5,21%","0,00%","94,79%",PLO6,"-50,6"
27/04/2026,195232,pix195232,PIXPOKER,"2,48",0,"56,42"," R$  58,90 ","4,21%","0,00%","95,79%",PLO6,"-263,79"
27/04/2026,110511,elchapo?,PIXPOKER,0,0,"4,37"," R$  4,37 ","0,00%","0,00%","100,00%",PLO6,-26
27/04/2026,164151,pagou morreu,PIXPOKER,"14,11",0,"291,99"," R$  306,10 ","4,61%","0,00%","95,39%",PLO6,"-126,44"
27/04/2026,171772,carlos.souza,PIXPOKER,0,"8,4","5,88"," R$  14,28 ","0,00%","58,82%","41,18%",MTT,-144
27/04/2026,188365,pix188365,PIXPOKER,"10,97","1,5","0,24"," R$  12,71 ","86,31%","11,80%","1,89%",NLH,"85,42"
27/04/2026,152604,Chib4ta,PIXPOKER,0,"1,4",0," R$  1,40 ","0,00%","100,00%","0,00%",MTT,-14
27/04/2026,193198,Carol??,PIXPOKER,0,0,"0,32"," R$  0,32 ","0,00%","0,00%","100,00%",PLO6,"-4,82"
27/04/2026,149021,ANTONOW,PIXPOKER,0,0,"43,68"," R$  43,68 ","0,00%","0,00%","100,00%",PLO6,-184
27/04/2026,139654,Ari,PIXPOKER,"82,12",0,0," R$  82,12 ","100,00%","0,00%","0,00%",NLH,"-117,86"
27/04/2026,160141,Piaca2024,PIXPOKER,"22,39",0,0," R$  22,39 ","100,00%","0,00%","0,00%",NLH,-200
27/04/2026,133397,Walkerxz,PIXPOKER,0,1,0," R$  1,00 ","0,00%","100,00%","0,00%",MTT,-10
27/04/2026,149966,ajex,PIXPOKER,0,0,"16,89"," R$  16,89 ","0,00%","0,00%","100,00%",PLO6,-200
27/04/2026,102214,Daniel Dias,PIXPOKER,0,"214,1",0," R$  214,10 ","0,00%","100,00%","0,00%",MTT,"-828,53"
27/04/2026,146086,roberto all in,PIXPOKER,0,9,"2,29"," R$  11,29 ","0,00%","79,72%","20,28%",MTT,"1399,55"
27/04/2026,171981,FIGUEIIREDO,PIXPOKER,0,0,"143,67"," R$  143,67 ","0,00%","0,00%","100,00%",PLO6,"938,75"
27/04/2026,189502,kid poker AA,PIXPOKER,"29,17",0,"211,83"," R$  241,00 ","12,10%","0,00%","87,90%",PLO6,"-347,37"
27/04/2026,134660,kosov13,PIXPOKER,0,0,"288,92"," R$  288,92 ","0,00%","0,00%","100,00%",PLO6,"21,18"
27/04/2026,138540,papinha,PIXPOKER,0,0,"26,24"," R$  26,24 ","0,00%","0,00%","100,00%",PLO6,-96
27/04/2026,195442,pix195442,PIXPOKER,0,"0,1","36,63"," R$  36,73 ","0,00%","0,27%","99,73%",PLO6,-150
27/04/2026,108417,Cariri,PIXPOKER,"3,7",5,0," R$  8,70 ","42,53%","57,47%","0,00%",MTT,"-38,49"
27/04/2026,169264,pix169264,PIXPOKER,"1,02","0,1","0,28"," R$  1,40 ","72,86%","7,14%","20,00%",NLH,-15
27/04/2026,177123,TRINCADINHO,PIXPOKER,"0,47",0,0," R$  0,47 ","100,00%","0,00%","0,00%",NLH,-4
27/04/2026,191930,Mata-rindo,PIXPOKER,"1,49",0,0," R$  1,49 ","100,00%","0,00%","0,00%",NLH,-20
27/04/2026,193016,pix193016,PIXPOKER,"5,1",0,0," R$  5,10 ","100,00%","0,00%","0,00%",NLH,"-29,95"
27/04/2026,195117,pix195117,PIXPOKER,"10,34",0,"0,31"," R$  10,65 ","97,09%","0,00%","2,91%",NLH,"11,62"
27/04/2026,108133,M10CABRERA,PIXPOKER,"34,85","15,7",0," R$  50,55 ","68,94%","31,06%","0,00%",NLH,-200
27/04/2026,107341,Luiz Carlos,PIXPOKER,0,0,"10,96"," R$  10,96 ","0,00%","0,00%","100,00%",PLO6,-66
27/04/2026,119970,X2KK,PIXPOKER,0,"18,85","28,21"," R$  47,06 ","0,00%","40,06%","59,94%",PLO6,-123
27/04/2026,193531,pix193531,PIXPOKER,0,"1,5",0," R$  1,50 ","0,00%","100,00%","0,00%",MTT,-15
27/04/2026,100410,pix100410,PIXPOKER,0,0,"1,54"," R$  1,54 ","0,00%","0,00%","100,00%",PLO6,"-50,1"
27/04/2026,121804,Descubra,PIXPOKER,"19,62","0,5","122,11"," R$  142,23 ","13,79%","0,35%","85,85%",PLO6,"-1046,31"
27/04/2026,127489,BruSsani95,PIXPOKER,0,0,"7,95"," R$  7,95 ","0,00%","0,00%","100,00%",PLO6,-83
27/04/2026,128228,bobssdi,PIXPOKER,"4,43","1,1","97,77"," R$  103,30 ","4,29%","1,06%","94,65%",PLO6,-140
27/04/2026,133097,URACAN,PIXPOKER,"0,78",0,"29,48"," R$  30,26 ","2,58%","0,00%","97,42%",PLO6,-210
27/04/2026,161710,Drogba,PIXPOKER,"19,66",0,"200,2"," R$  219,86 ","8,94%","0,00%","91,06%",PLO6,"-249,18"
27/04/2026,171159,LestSGoGuys,PIXPOKER,0,0,"46,72"," R$  46,72 ","0,00%","0,00%","100,00%",PLO6,"-54,75"
27/04/2026,187173,pix187173,PIXPOKER,0,0,"15,04"," R$  15,04 ","0,00%","0,00%","100,00%",PLO6,"-29,73"
27/04/2026,192679,lucaslgbr,PIXPOKER,"1,72",0,"4,56"," R$  6,28 ","27,39%","0,00%","72,61%",PLO6,-81
27/04/2026,158820,Horus,PIXPOKER,"4,72",0,0," R$  4,72 ","100,00%","0,00%","0,00%",NLH,-25
27/04/2026,192323,pix192323,PIXPOKER,0,0,"42,58"," R$  42,58 ","0,00%","0,00%","100,00%",PLO6,"-200,49"
27/04/2026,185757,chica,PIXPOKER,0,"5,6",0," R$  5,60 ","0,00%","100,00%","0,00%",MTT,-36
27/04/2026,143841,Rbraga,PIXPOKER,0,0,"4,65"," R$  4,65 ","0,00%","0,00%","100,00%",PLO6,-60
27/04/2026,157737,raule de mel,PIXPOKER,0,0,"30,39"," R$  30,39 ","0,00%","0,00%","100,00%",PLO6,-233
27/04/2026,190813,lapiada,PIXPOKER,0,0,"28,69"," R$  28,69 ","0,00%","0,00%","100,00%",PLO6,-168
27/04/2026,116324,maradona_90,PIXPOKER,"3,51",0,0," R$  3,51 ","100,00%","0,00%","0,00%",NLH,-55
27/04/2026,104131,all inn,PIXPOKER,0,0,0, R$  -   ,,,,NLH,0
27/04/2026,106910,alexmast223,PIXPOKER,0,"0,5",0," R$  0,50 ","0,00%","100,00%","0,00%",MTT,"-3,67"
27/04/2026,126452,Brunov86,PIXPOKER,0,0,0, R$  -   ,,,,NLH,0
27/04/2026,152602,toskdecorrente,PIXPOKER,0,"0,1",0," R$  0,10 ","0,00%","100,00%","0,00%",MTT,"0,47"
27/04/2026,153705,BubutiCheio??,PIXPOKER,0,0,"29,16"," R$  29,16 ","0,00%","0,00%","100,00%",PLO6,"534,52"
27/04/2026,158902,minhocauhaha,PIXPOKER,0,"0,1",0," R$  0,10 ","0,00%","100,00%","0,00%",MTT,"1,67"
27/04/2026,194996,fa.do.risi,PIXPOKER,0,0,0, R$  -   ,,,,NLH,0
27/04/2026,195176,pix195176,PIXPOKER,0,0,0, R$  -   ,,,,NLH,0
27/04/2026,119093,paullorafael,PIXPOKER,"3,01","7,7",0," R$  10,71 ","28,10%","71,90%","0,00%",MTT,-102
27/04/2026,139229,RatodaBad,PIXPOKER,"9,55",0,0," R$  9,55 ","100,00%","0,00%","0,00%",NLH,"-36,4"
27/04/2026,172194,gringo01,PIXPOKER,"33,9",0,"2,64"," R$  36,54 ","92,78%","0,00%","7,22%",NLH,-85
27/04/2026,194244,PH Goiano,PIXPOKER,"0,09",0,0," R$  0,09 ","100,00%","0,00%","0,00%",NLH,"-1,24"
27/04/2026,100890,_xXx_,PIXPOKER,0,2,0," R$  2,00 ","0,00%","100,00%","0,00%",MTT,-20
27/04/2026,188526,Gabrielinstacall,PIXPOKER,0,0,"27,78"," R$  27,78 ","0,00%","0,00%","100,00%",PLO6,"-96,56"
27/04/2026,159619,....,PIXPOKER,"2,37",0,0," R$  2,37 ","100,00%","0,00%","0,00%",NLH,-35
27/04/2026,136435,KIKO_CPB,PIXPOKER,"0,63",0,0," R$  0,63 ","100,00%","0,00%","0,00%",NLH,-5
27/04/2026,153919,Boiadeiro,PIXPOKER,"4,49",0,"0,96"," R$  5,45 ","82,39%","0,00%","17,61%",NLH,10
27/04/2026,172229,dagataa,PIXPOKER,"13,53",0,"2,94"," R$  16,47 ","82,15%","0,00%","17,85%",NLH,"22,08"
27/04/2026,173035,JeffCGPB.,PIXPOKER,"3,23",0,0," R$  3,23 ","100,00%","0,00%","0,00%",NLH,"-8,68"
27/04/2026,181613,tyago,PIXPOKER,"1,73",0,"4,64"," R$  6,37 ","27,16%","0,00%","72,84%",PLO6,"-41,54"
27/04/2026,136607,NiKa,PIXPOKER,0,"11,5",0," R$  11,50 ","0,00%","100,00%","0,00%",MTT,-115
27/04/2026,194994,Bob’s,PIXPOKER,0,0,"3774,34"," R$  3.774,34 ","0,00%","0,00%","100,00%",PLO6,"-10000,17"
27/04/2026,108030,Pitbull Enraivado,PIXPOKER,0,"2,6","52,06"," R$  54,66 ","0,00%","4,76%","95,24%",PLO6,-78
27/04/2026,190940,ValérioKK,PIXPOKER,0,0,"2,67"," R$  2,67 ","0,00%","0,00%","100,00%",PLO6,-43
27/04/2026,106390,chca,PIXPOKER,0,0,"23,28"," R$  23,28 ","0,00%","0,00%","100,00%",PLO6,-112
27/04/2026,112345,VictorM,PIXPOKER,0,0,"5,9"," R$  5,90 ","0,00%","0,00%","100,00%",PLO6,-24
27/04/2026,173467,pix173467,PIXPOKER,0,0,"19,19"," R$  19,19 ","0,00%","0,00%","100,00%",PLO6,"-97,78"
27/04/2026,183817,magnata71,PIXPOKER,0,"0,1",0," R$  0,10 ","0,00%","100,00%","0,00%",MTT,-1
27/04/2026,190998,KABREL BR,PIXPOKER,0,"2,5","0,53"," R$  3,03 ","0,00%","82,51%","17,49%",MTT,-30
27/04/2026,147410,Thiago27,PIXPOKER,0,1,"38,96"," R$  39,96 ","0,00%","2,50%","97,50%",PLO6,"-648,72"
27/04/2026,152826,pix152826,PIXPOKER,0,0,"10,62"," R$  10,62 ","0,00%","0,00%","100,00%",PLO6,-95
27/04/2026,143424,eider junior,PIXPOKER,0,0,"24,27"," R$  24,27 ","0,00%","0,00%","100,00%",PLO6,-110
27/04/2026,152253,Men10,PIXPOKER,0,0,"92,64"," R$  92,64 ","0,00%","0,00%","100,00%",PLO6,"430,73"
27/04/2026,102576,kaos,PIXPOKER,0,10,"114,87"," R$  124,87 ","0,00%","8,01%","91,99%",PLO6,"-749,09"
27/04/2026,136600,pix136600,PIXPOKER,0,0,"2021,96"," R$  2.021,96 ","0,00%","0,00%","100,00%",PLO6,"678,94"
27/04/2026,157192,kakaziinho,PIXPOKER,0,"3,7","46,61"," R$  50,31 ","0,00%","7,35%","92,65%",PLO6,"-719,67"
27/04/2026,154247,king81,PIXPOKER,0,0,0, R$  -   ,,,,NLH,0
27/04/2026,194640,JoaoPoker_,PIXPOKER,0,0,0, R$  -   ,,,,NLH,"1,83"
27/04/2026,144439,jhtissimo30,PIXPOKER,"4,67",0,"48,59"," R$  53,26 ","8,77%","0,00%","91,23%",PLO6,400
27/04/2026,147547,Advanced,PIXPOKER,"132,3",0,0," R$  132,30 ","100,00%","0,00%","0,00%",NLH,"49,56"
27/04/2026,165646,pix165646,PIXPOKER,"3,95",0,0," R$  3,95 ","100,00%","0,00%","0,00%",NLH,"9,7"
27/04/2026,150610,tudotudo,PIXPOKER,0,0,"1,72"," R$  1,72 ","0,00%","0,00%","100,00%",PLO6,-10
27/04/2026,102244,babayaga_,PIXPOKER,"1,2","7,3",0," R$  8,50 ","14,12%","85,88%","0,00%",MTT,"-88,76"
27/04/2026,146768,Tonon,PIXPOKER,"2,38","2,6",0," R$  4,98 ","47,79%","52,21%","0,00%",MTT,-30
27/04/2026,171242,pix171242,PIXPOKER,"0,13","0,4",0," R$  0,53 ","24,53%","75,47%","0,00%",MTT,"-0,85"
27/04/2026,189826,drygoberto,PIXPOKER,"11,75",0,0," R$  11,75 ","100,00%","0,00%","0,00%",NLH,-15
27/04/2026,191116,Ladrão012,PIXPOKER,"0,91",0,0," R$  0,91 ","100,00%","0,00%","0,00%",NLH,-8
27/04/2026,139374,Algoz,PIXPOKER,0,0,"23,94"," R$  23,94 ","0,00%","0,00%","100,00%",PLO6,-166
27/04/2026,177434,Negreira ?,PIXPOKER,0,"0,1",0," R$  0,10 ","0,00%","100,00%","0,00%",MTT,-1
27/04/2026,194302,pix194302,PIXPOKER,0,1,0," R$  1,00 ","0,00%","100,00%","0,00%",MTT,"11,44"
27/04/2026,194638,pix194638,PIXPOKER,16,0,0," R$  16,00 ","100,00%","0,00%","0,00%",NLH,"2060,46"
27/04/2026,158308,LEAFAR777,PIXPOKER,0,8,0," R$  8,00 ","0,00%","100,00%","0,00%",MTT,-80
27/04/2026,170374,CIA-1000$,PIXPOKER,0,120,0," R$  120,00 ","0,00%","100,00%","0,00%",MTT,"18,74"
27/04/2026,170483,gig4nte,PIXPOKER,0,"57,6",0," R$  57,60 ","0,00%","100,00%","0,00%",MTT,"1281,33"
27/04/2026,181533,liquidificadora,PIXPOKER,0,"67,6",0," R$  67,60 ","0,00%","100,00%","0,00%",MTT,-586
27/04/2026,163358,Léo Monteiro,PIXPOKER,0,0,"26,31"," R$  26,31 ","0,00%","0,00%","100,00%",PLO6,"102,54"
27/04/2026,182989,leovictormm,PIXPOKER,"6,01",0,"3,44"," R$  9,45 ","63,60%","0,00%","36,40%",NLH,-60
27/04/2026,176138,otrembb??,PIXPOKER,0,"0,1",0," R$  0,10 ","0,00%","100,00%","0,00%",MTT,"24,77"
27/04/2026,172347,luccaspw,PIXPOKER,"0,51","0,9","3,08"," R$  4,49 ","11,36%","20,04%","68,60%",PLO6,"-29,05"
27/04/2026,193871,pix193871,PIXPOKER,0,0,"1,46"," R$  1,46 ","0,00%","0,00%","100,00%",PLO6,-50
27/04/2026,136730,Pabin do gasolina,PIXPOKER,0,"1,5",0," R$  1,50 ","0,00%","100,00%","0,00%",MTT,-15
27/04/2026,161763,Reddy80,PIXPOKER,0,"27,5",0," R$  27,50 ","0,00%","100,00%","0,00%",MTT,"-311,84"
27/04/2026,180680,pix180680,PIXPOKER,0,"11,1",0," R$  11,10 ","0,00%","100,00%","0,00%",MTT,-111
27/04/2026,111233,khhk,PIXPOKER,0,0,"14,57"," R$  14,57 ","0,00%","0,00%","100,00%",PLO6,-110
27/04/2026,100600,BArruAdA,PIXPOKER,0,0,0, R$  -   ,,,,NLH,0
27/04/2026,101374,bea19M,PIXPOKER,0,0,0, R$  -   ,,,,NLH,0
27/04/2026,102042,MatheusCarvalho,PIXPOKER,0,0,0, R$  -   ,,,,NLH,0
27/04/2026,117948,Billgats,PIXPOKER,"10,45",0,0," R$  10,45 ","100,00%","0,00%","0,00%",NLH,-83
27/04/2026,120875,odonodogame,PIXPOKER,0,0,0, R$  -   ,,,,NLH,0
27/04/2026,151377,Coisaruim,PIXPOKER,0,0,0, R$  -   ,,,,NLH,0
27/04/2026,160259,Pagaquevale,PIXPOKER,0,0,0, R$  -   ,,,,NLH,0
27/04/2026,162093,pix162093,PIXPOKER,"0,16","1,8","16,11"," R$  18,07 ","0,89%","9,96%","89,15%",PLO6,-2
27/04/2026,162893,Geladeira ?,PIXPOKER,"13,32","6,2","41,45"," R$  60,97 ","21,85%","10,17%","67,98%",PLO6,"114,66"
27/04/2026,164204,Brassaroti,PIXPOKER,0,0,0, R$  -   ,,,,NLH,0
27/04/2026,175771,celoreeis,PIXPOKER,0,0,0, R$  -   ,,,,NLH,0
27/04/2026,189179,JuuH,PIXPOKER,0,0,0, R$  -   ,,,,NLH,0
27/04/2026,193904,pix193904,PIXPOKER,0,"9,8",0," R$  9,80 ","0,00%","100,00%","0,00%",MTT,-18
27/04/2026,138031,Tchipsss,PIXPOKER,0,0,0, R$  -   ,,,,NLH,-50
27/04/2026,115245,zicadoo,PIXPOKER,0,"0,7","338,42"," R$  339,12 ","0,00%","0,21%","99,79%",PLO6,-2910
27/04/2026,100211,Patrik Estrela,PIXPOKER,0,0,"28,38"," R$  28,38 ","0,00%","0,00%","100,00%",PLO6,"115,01"
27/04/2026,192910,Tagler,PIXPOKER,0,0,"5,07"," R$  5,07 ","0,00%","0,00%","100,00%",PLO6,"-11,41"
27/04/2026,194990,DJOG??,PIXPOKER,0,0,"265,12"," R$  265,12 ","0,00%","0,00%","100,00%",PLO6,"944,47"
27/04/2026,194298,pix194298,PIXPOKER,"0,3",0,0," R$  0,30 ","100,00%","0,00%","0,00%",NLH,"-0,36"
27/04/2026,190931,pix190931,PIXPOKER,"0,4",0,"0,65"," R$  1,05 ","38,10%","0,00%","61,90%",PLO6,-12
27/04/2026,195264,ely chata,PIXPOKER,0,0,0, R$  -   ,,,,NLH,"0,6"
27/04/2026,102589,Nando campos,PIXPOKER,"6,03",0,0," R$  6,03 ","100,00%","0,00%","0,00%",NLH,"-6,85"
27/04/2026,145865,pix145865,PIXPOKER,"27,83",0,0," R$  27,83 ","100,00%","0,00%","0,00%",NLH,"232,24"
27/04/2026,173795,KingJames24,PIXPOKER,0,0,"13,46"," R$  13,46 ","0,00%","0,00%","100,00%",PLO6,-60
27/04/2026,148116,joker ?,PIXPOKER,0,0,"80,93"," R$  80,93 ","0,00%","0,00%","100,00%",PLO6,"-499,07"
27/04/2026,178626,Vava13,PIXPOKER,"25,19",0,0," R$  25,19 ","100,00%","0,00%","0,00%",NLH,-100
27/04/2026,124196,mjr.,PIXPOKER,0,0,"4,75"," R$  4,75 ","0,00%","0,00%","100,00%",PLO6,-75
27/04/2026,150253,n3ymar,PIXPOKER,"3,71",0,"26,21"," R$  29,92 ","12,40%","0,00%","87,60%",PLO6,"-238,34"
27/04/2026,156515,Miquelangela,PIXPOKER,0,0,"38,13"," R$  38,13 ","0,00%","0,00%","100,00%",PLO6,105
27/04/2026,157565,Chupa|Engole,PIXPOKER,0,0,"1,08"," R$  1,08 ","0,00%","0,00%","100,00%",PLO6,-25
27/04/2026,157853,bossfinal,PIXPOKER,0,0,"80,53"," R$  80,53 ","0,00%","0,00%","100,00%",PLO6,1100
27/04/2026,186146,adriel,PIXPOKER,0,"15,5","261,49"," R$  276,99 ","0,00%","5,60%","94,40%",PLO6,"-125,78"
27/04/2026,132736,cara_de_moto,PIXPOKER,0,0,"9,19"," R$  9,19 ","0,00%","0,00%","100,00%",PLO6,-80
27/04/2026,183808,município,PIXPOKER,0,0,"49,97"," R$  49,97 ","0,00%","0,00%","100,00%",PLO6,-100
27/04/2026,157266,GB-GB,PIXPOKER,"1,69",0,0," R$  1,69 ","100,00%","0,00%","0,00%",NLH,"20,38"
27/04/2026,141518,benito772,PIXPOKER,"1,49",0,"1,45"," R$  2,94 ","50,68%","0,00%","49,32%",NLH,-28
27/04/2026,135200,borba,PIXPOKER,0,0,"0,67"," R$  0,67 ","0,00%","0,00%","100,00%",PLO6,-10
27/04/2026,136797,#FANTASMA$,PIXPOKER,"1,33",0,0," R$  1,33 ","100,00%","0,00%","0,00%",NLH,-30
27/04/2026,189369,Manologomes,PIXPOKER,0,"0,1",0," R$  0,10 ","0,00%","100,00%","0,00%",MTT,-1
27/04/2026,154395,Maurinho Amaro,PIXPOKER,0,0,"15,68"," R$  15,68 ","0,00%","0,00%","100,00%",PLO6,"46,65"
27/04/2026,185894,pix185894,PIXPOKER,"2,64",0,"4,46"," R$  7,10 ","37,18%","0,00%","62,82%",PLO6,"-42,09"
27/04/2026,190452,pix190452,PIXPOKER,0,0,"1,83"," R$  1,83 ","0,00%","0,00%","100,00%",PLO6,-6
27/04/2026,195419,Pretinha ?,PIXPOKER,0,"1,3","0,28"," R$  1,58 ","0,00%","82,28%","17,72%",MTT,"-13,67"
27/04/2026,156977,Boyitu,PIXPOKER,0,0,"8,31"," R$  8,31 ","0,00%","0,00%","100,00%",PLO6,-80
27/04/2026,101227,MJ0906,PIXPOKER,0,0,0, R$  -   ,,,,NLH,0
27/04/2026,136090,pixxx,PIXPOKER,0,0,0, R$  -   ,,,,NLH,0
27/04/2026,159423,DamaDeEspadas,PIXPOKER,0,0,0, R$  -   ,,,,NLH,0
27/04/2026,176091,carlindos,PIXPOKER,0,"16,2","190,74"," R$  206,94 ","0,00%","7,83%","92,17%",PLO6,"-624,62"
27/04/2026,179387,Sansão.,PIXPOKER,"5,5",0,0," R$  5,50 ","100,00%","0,00%","0,00%",NLH,-16
27/04/2026,188416,juliomoneymaker,PIXPOKER,0,"1,7",0," R$  1,70 ","0,00%","100,00%","0,00%",MTT,-17
27/04/2026,194472,Micha fold,PIXPOKER,0,0,0, R$  -   ,,,,NLH,0
27/04/2026,146307,Bartholomew Kuma,PIXPOKER,0,"2,6",0," R$  2,60 ","0,00%","100,00%","0,00%",MTT,-26
27/04/2026,147634,AJéFold,PIXPOKER,0,"3,6",0," R$  3,60 ","0,00%","100,00%","0,00%",MTT,"-29,83"
27/04/2026,190877,V20??,PIXPOKER,0,0,"139,65"," R$  139,65 ","0,00%","0,00%","100,00%",PLO6,"-35,52"
27/04/2026,151756,Mw81,PIXPOKER,0,"30,5",0," R$  30,50 ","0,00%","100,00%","0,00%",MTT,"-244,25"
27/04/2026,194400,Brisa ??,PIXPOKER,0,"13,5",0," R$  13,50 ","0,00%","100,00%","0,00%",MTT,"-29,86"
27/04/2026,141902,Luksolive,PIXPOKER,0,"5,8",0," R$  5,80 ","0,00%","100,00%","0,00%",MTT,"188,01"
27/04/2026,147674,Diego merrim,PIXPOKER,0,"6,2",0," R$  6,20 ","0,00%","100,00%","0,00%",MTT,-62
27/04/2026,144010,KKPOKER,PIXPOKER,0,181,0," R$  181,00 ","0,00%","100,00%","0,00%",MTT,"1416,64"
27/04/2026,157697,Papaipega,PIXPOKER,0,27,0," R$  27,00 ","0,00%","100,00%","0,00%",MTT,-270
27/04/2026,153601,Pelé,PIXPOKER,0,0,0, R$  -   ,,,,NLH,0
27/04/2026,156548,pix156548,PIXPOKER,0,1,0," R$  1,00 ","0,00%","100,00%","0,00%",MTT,-10
27/04/2026,194733,pimenta 19,PIXPOKER,0,"2,9",0," R$  2,90 ","0,00%","100,00%","0,00%",MTT,-29
27/04/2026,151611,vai que mole,PIXPOKER,0,0,"16,55"," R$  16,55 ","0,00%","0,00%","100,00%",PLO6,-270
27/04/2026,132128,pix132128,PIXPOKER,0,0,"110,09"," R$  110,09 ","0,00%","0,00%","100,00%",PLO6,-1000
27/04/2026,138318,so badd,PIXPOKER,0,"5,5",0," R$  5,50 ","0,00%","100,00%","0,00%",MTT,-55
27/04/2026,150966,bola10,PIXPOKER,0,"10,9",0," R$  10,90 ","0,00%","100,00%","0,00%",MTT,"59,89"
27/04/2026,100323,Foresths,PIXPOKER,0,0,0, R$  -   ,,,,NLH,0
27/04/2026,104266,valdinho forró,PIXPOKER,0,1,0," R$  1,00 ","0,00%","100,00%","0,00%",MTT,"11,52"
27/04/2026,156686,gugu da catingueira,PIXPOKER,0,0,0, R$  -   ,,,,NLH,0
27/04/2026,171589,kuskusiiiis,PIXPOKER,"0,27","3,2",0," R$  3,47 ","7,78%","92,22%","0,00%",MTT,"-24,82"
27/04/2026,194004,pix194004,PIXPOKER,0,0,0, R$  -   ,,,,NLH,"0,88"
27/04/2026,195346,pix195346,PIXPOKER,0,0,0, R$  -   ,,,,NLH,0
27/04/2026,149763,pix149763,PIXPOKER,0,0,"47,81"," R$  47,81 ","0,00%","0,00%","100,00%",PLO6,"-250,81"
27/04/2026,107109,pix107109,PIXPOKER,"0,94",0,"13,82"," R$  14,76 ","6,37%","0,00%","93,63%",PLO6,"-186,75"
27/04/2026,181067,pix181067,PIXPOKER,0,0,"1,3"," R$  1,30 ","0,00%","0,00%","100,00%",PLO6,"-9,1"
27/04/2026,187654,Luiz Henrique,PIXPOKER,0,0,"1,69"," R$  1,69 ","0,00%","0,00%","100,00%",PLO6,-20
27/04/2026,162361,pix162361,PIXPOKER,"0,62",0,"7,71"," R$  8,33 ","7,44%","0,00%","92,56%",PLO6,-35
27/04/2026,171659,pix171659,PIXPOKER,"2,7",0,"5,53"," R$  8,23 ","32,81%","0,00%","67,19%",PLO6,-100
27/04/2026,175409,Neidebatis30,PIXPOKER,"45,19","4,1","56,49"," R$  105,78 ","42,72%","3,88%","53,40%",PLO6,-58
27/04/2026,158519,JKing,PIXPOKER,0,0,0, R$  -   ,,,,NLH,0
27/04/2026,194417,Fenix S,PIXPOKER,0,0,0, R$  -   ,,,,NLH,"1,55"
27/04/2026,155880,monitoramento,PIXPOKER,"13,42",0,0," R$  13,42 ","100,00%","0,00%","0,00%",NLH,"-87,27"
27/04/2026,174549,pix174549,PIXPOKER,"0,3",0,0," R$  0,30 ","100,00%","0,00%","0,00%",NLH,-4
27/04/2026,154738,destruidor,PIXPOKER,0,0,"38,43"," R$  38,43 ","0,00%","0,00%","100,00%",PLO6,-300
27/04/2026,194598,pix194598,PIXPOKER,0,0,"222,81"," R$  222,81 ","0,00%","0,00%","100,00%",PLO6,"99,56"
27/04/2026,147593,pix147593,PIXPOKER,0,0,"34,94"," R$  34,94 ","0,00%","0,00%","100,00%",PLO6,-100
27/04/2026,165675,advdopovo,PIXPOKER,"11,69",0,"4,12"," R$  15,81 ","73,94%","0,00%","26,06%",NLH,"-43,37"
27/04/2026,134878,eaejack,PIXPOKER,"4,52",0,0," R$  4,52 ","100,00%","0,00%","0,00%",NLH,-6
27/04/2026,139976,BB Counter 25,PIXPOKER,"7,19",0,0," R$  7,19 ","100,00%","0,00%","0,00%",NLH,-40
27/04/2026,194589,pix194589,PIXPOKER,"2,19",0,"45,19"," R$  47,38 ","4,62%","0,00%","95,38%",PLO6,-200
27/04/2026,102699,LIONEL Gaúcho,PIXPOKER,0,0,"2,83"," R$  2,83 ","0,00%","0,00%","100,00%",PLO6,"2,64"
27/04/2026,112160,Njr034,PIXPOKER,0,0,"6,25"," R$  6,25 ","0,00%","0,00%","100,00%",PLO6,-38
27/04/2026,123726,derickGuardia94,PIXPOKER,0,0,"0,87"," R$  0,87 ","0,00%","0,00%","100,00%",PLO6,-14
27/04/2026,140832,VICIADA,PIXPOKER,0,0,1," R$  1,00 ","0,00%","0,00%","100,00%",PLO6,-10
27/04/2026,141552,PULSOFIRME,PIXPOKER,0,0,"15,17"," R$  15,17 ","0,00%","0,00%","100,00%",PLO6,"48,21"
27/04/2026,181267,Menor LK,PIXPOKER,0,0,"101,33"," R$  101,33 ","0,00%","0,00%","100,00%",PLO6,"599,65"
27/04/2026,151996,fumo na 09,PIXPOKER,0,0,"14,36"," R$  14,36 ","0,00%","0,00%","100,00%",PLO6,"-49,52"
27/04/2026,158548,FelipeMths,PIXPOKER,0,0,"3,89"," R$  3,89 ","0,00%","0,00%","100,00%",PLO6,"-30,08"
27/04/2026,134931,GG14,PIXPOKER,"11,92",0,0," R$  11,92 ","100,00%","0,00%","0,00%",NLH,-300
27/04/2026,195410,pix195410,PIXPOKER,"5,96",0,0," R$  5,96 ","100,00%","0,00%","0,00%",NLH,-50
27/04/2026,165522,Nicollas01poker,PIXPOKER,"2,12",0,"6,23"," R$  8,35 ","25,39%","0,00%","74,61%",PLO6,-80
27/04/2026,158734,escaledita,PIXPOKER,"6,28",0,0," R$  6,28 ","100,00%","0,00%","0,00%",NLH,-10
27/04/2026,125304,Denão,PIXPOKER,"0,84",0,0," R$  0,84 ","100,00%","0,00%","0,00%",NLH,-12
27/04/2026,195237,pix195237,PIXPOKER,"2,85",5,0," R$  7,85 ","36,31%","63,69%","0,00%",MTT,"-57,93"
27/04/2026,138930,Ljr?,PIXPOKER,0,1,"26,77"," R$  27,77 ","0,00%","3,60%","96,40%",PLO6,"-100,97"
27/04/2026,154027,goku,PIXPOKER,0,"10,2","21,53"," R$  31,73 ","0,00%","32,15%","67,85%",PLO6,"-350,18"
27/04/2026,194592,papilim,PIXPOKER,"1,02",0,"20,21"," R$  21,23 ","4,80%","0,00%","95,20%",PLO6,"93,12"
27/04/2026,134523,leaomem,PIXPOKER,0,"0,75",0," R$  0,75 ","0,00%","100,00%","0,00%",MTT,"-7,5"
27/04/2026,148966,pix148966,PIXPOKER,0,0,"1,13"," R$  1,13 ","0,00%","0,00%","100,00%",PLO6,-15
27/04/2026,174548,monamedeiros,PIXPOKER,0,"4,6",0," R$  4,60 ","0,00%","100,00%","0,00%",MTT,-46
27/04/2026,100234,Pacauu,PIXPOKER,0,"57,6",0," R$  57,60 ","0,00%","100,00%","0,00%",MTT,"748,55"
27/04/2026,170159,PPelanda,PIXPOKER,0,12,0," R$  12,00 ","0,00%","100,00%","0,00%",MTT,-120
27/04/2026,118148,Diogolll,PIXPOKER,"0,98",0,0," R$  0,98 ","100,00%","0,00%","0,00%",NLH,"-6,7"
27/04/2026,123585,tudo nosso,PIXPOKER,"1,84",0,"2,49"," R$  4,33 ","42,49%","0,00%","57,51%",PLO6,"15,82"
27/04/2026,194630,zambrotti,PIXPOKER,"7,85",0,0," R$  7,85 ","100,00%","0,00%","0,00%",NLH,-50
27/04/2026,100576,Vitornspb,PIXPOKER,0,0,0, R$  -   ,,,,NLH,0
27/04/2026,116601,BGX30,PIXPOKER,0,0,0, R$  -   ,,,,NLH,0
27/04/2026,148623,RICKSAJSDI,PIXPOKER,0,0,0, R$  -   ,,,,NLH,"1,27"
27/04/2026,162039,deras,PIXPOKER,0,0,0, R$  -   ,,,,NLH,0
27/04/2026,170993,EleJot4,PIXPOKER,"0,71","0,1",0," R$  0,81 ","87,65%","12,35%","0,00%",NLH,-10
27/04/2026,193356,pix193356,PIXPOKER,0,0,0, R$  -   ,,,,NLH,0
27/04/2026,172708,Mendess.v,PIXPOKER,0,"2,4",0," R$  2,40 ","0,00%","100,00%","0,00%",MTT,-24
27/04/2026,189235,pix189235,PIXPOKER,0,"7,2",0," R$  7,20 ","0,00%","100,00%","0,00%",MTT,-72
27/04/2026,164616,RATUERA,PIXPOKER,0,0,"10,87"," R$  10,87 ","0,00%","0,00%","100,00%",PLO6,-100
27/04/2026,132744,Edymar,PIXPOKER,"8,82",0,0," R$  8,82 ","100,00%","0,00%","0,00%",NLH,70
27/04/2026,172386,pix172386,PIXPOKER,"61,85",0,"90,8"," R$  152,65 ","40,52%","0,00%","59,48%",PLO6,"258,96"
27/04/2026,152480,Boca,PIXPOKER,0,0,"7,19"," R$  7,19 ","0,00%","0,00%","100,00%",PLO6,"14,37"
27/04/2026,156485,MestredosMagos$$,PIXPOKER,0,"0,5",0," R$  0,50 ","0,00%","100,00%","0,00%",MTT,-5
27/04/2026,125371,Everton abreu,PIXPOKER,"1,51",0,0," R$  1,51 ","100,00%","0,00%","0,00%",NLH,-17
27/04/2026,107011,ABS99,PIXPOKER,1,0,"2,09"," R$  3,09 ","32,36%","0,00%","67,64%",PLO6,"-15,14"
27/04/2026,160545,netim play,PIXPOKER,"0,32",0,0," R$  0,32 ","100,00%","0,00%","0,00%",NLH,-4
27/04/2026,188123,pix188123,PIXPOKER,"8,44",0,0," R$  8,44 ","100,00%","0,00%","0,00%",NLH,"-30,1"
27/04/2026,195129,pix195129,PIXPOKER,"4,19",0,0," R$  4,19 ","100,00%","0,00%","0,00%",NLH,-20
27/04/2026,195386,vende4,PIXPOKER,"0,59",0,0," R$  0,59 ","100,00%","0,00%","0,00%",NLH,-4
27/04/2026,152068,DCasado,PIXPOKER,"1,62",0,"0,25"," R$  1,87 ","86,63%","0,00%","13,37%",NLH,"12,41"
27/04/2026,154267,bil,PIXPOKER,"23,83",0,"8,82"," R$  32,65 ","72,99%","0,00%","27,01%",NLH,"-171,98"
27/04/2026,161340,valmiro643,PIXPOKER,"3,15",0,0," R$  3,15 ","100,00%","0,00%","0,00%",NLH,"1,97"
27/04/2026,164157,nenemotos,PIXPOKER,"1,35",0,0," R$  1,35 ","100,00%","0,00%","0,00%",NLH,"-20,64"
27/04/2026,187273,ELITE_13,PIXPOKER,0,0,0, R$  -   ,,,,NLH,0
27/04/2026,192114,aff??,PIXPOKER,0,0,0, R$  -   ,,,,NLH,0
27/04/2026,136752,pix136752,PIXPOKER,"13,62",0,"10,58"," R$  24,20 ","56,28%","0,00%","43,72%",NLH,"-59,21"
27/04/2026,102331,Nelson,PIXPOKER,"0,08",0,"2,28"," R$  2,36 ","3,39%","0,00%","96,61%",PLO6,-50
27/04/2026,142359,breninmvp,PIXPOKER,0,"6,7","97,97"," R$  104,67 ","0,00%","6,40%","93,60%",PLO6,"-287,98"
27/04/2026,171266,BALA 27,PIXPOKER,0,0,"3,76"," R$  3,76 ","0,00%","0,00%","100,00%",PLO6,-10
27/04/2026,178437,loucojoker777?,PIXPOKER,0,0,"2,16"," R$  2,16 ","0,00%","0,00%","100,00%",PLO6,"55,67"
27/04/2026,163752,LIANDROaposentado,PIXPOKER,"5,85","0,8",0," R$  6,65 ","87,97%","12,03%","0,00%",NLH,"62,38"
27/04/2026,148875,raflespe,PIXPOKER,0,0,"3,19"," R$  3,19 ","0,00%","0,00%","100,00%",PLO6,-20
27/04/2026,129343,LF7Nuts,PIXPOKER,0,0,"63,3"," R$  63,30 ","0,00%","0,00%","100,00%",PLO6,-1000
27/04/2026,139234,Doom,PIXPOKER,0,0,"0,57"," R$  0,57 ","0,00%","0,00%","100,00%",PLO6,"15,04"
27/04/2026,113444,brad33,PIXPOKER,"6,96","38,5",0," R$  45,46 ","15,31%","84,69%","0,00%",MTT,"758,86"
27/04/2026,149244,vem bambo não,PIXPOKER,0,0,"1,13"," R$  1,13 ","0,00%","0,00%","100,00%",PLO6,-15
27/04/2026,192356,pix192356,PIXPOKER,0,0,"8,18"," R$  8,18 ","0,00%","0,00%","100,00%",PLO6,"-28,83"
27/04/2026,156298,Caze,PIXPOKER,0,11,0," R$  11,00 ","0,00%","100,00%","0,00%",MTT,290
27/04/2026,101357,FrangoRobo,PIXPOKER,0,0,"3,6"," R$  3,60 ","0,00%","0,00%","100,00%",PLO6,-50
27/04/2026,131761,Limpaibestao,PIXPOKER,0,10,"4,63"," R$  14,63 ","0,00%","68,35%","31,65%",MTT,"-81,25"
27/04/2026,146752,anabrasil,PIXPOKER,0,"2,4",0," R$  2,40 ","0,00%","100,00%","0,00%",MTT,-24
27/04/2026,173425,gm_car,PIXPOKER,0,"3,8",0," R$  3,80 ","0,00%","100,00%","0,00%",MTT,-38
27/04/2026,164168,draga,PIXPOKER,0,0,"2,03"," R$  2,03 ","0,00%","0,00%","100,00%",PLO6,-35
27/04/2026,158767,Stonks,PIXPOKER,"13,41",0,0," R$  13,41 ","100,00%","0,00%","0,00%",NLH,-114
27/04/2026,194294,pix194294,PIXPOKER,"0,7","0,2",0," R$  0,90 ","77,78%","22,22%","0,00%",NLH,"-10,88"
27/04/2026,100389,dorminhoco,PIXPOKER,0,0,0, R$  -   ,,,,NLH,0
27/04/2026,100544,Amarildo Junior,PIXPOKER,0,0,0, R$  -   ,,,,NLH,0
27/04/2026,100616,ferrado,PIXPOKER,0,0,0, R$  -   ,,,,NLH,0
27/04/2026,123435,El Bandolero,PIXPOKER,0,"4,8","47,75"," R$  52,55 ","0,00%","9,13%","90,87%",PLO6,"-49,98"
27/04/2026,108131,Coxapira,PIXPOKER,"7,41",0,0," R$  7,41 ","100,00%","0,00%","0,00%",NLH,-62
27/04/2026,164108,IramBODVEI,PIXPOKER,"3,27",0,0," R$  3,27 ","100,00%","0,00%","0,00%",NLH,"-43,12"
27/04/2026,171911,pix171911,PIXPOKER,"5,94",0,0," R$  5,94 ","100,00%","0,00%","0,00%",NLH,-12
27/04/2026,179849,Marreta Show,PIXPOKER,"5,88",0,0," R$  5,88 ","100,00%","0,00%","0,00%",NLH,-26
27/04/2026,156357,idiki,PIXPOKER,0,0,"20,38"," R$  20,38 ","0,00%","0,00%","100,00%",PLO6,70
27/04/2026,192442,JAIRPLAY,PIXPOKER,0,0,"27,06"," R$  27,06 ","0,00%","0,00%","100,00%",PLO6,"338,13"
27/04/2026,158537,??fé no flop,PIXPOKER,"0,06",0,"1,85"," R$  1,91 ","3,14%","0,00%","96,86%",PLO6,-25
27/04/2026,101391,FernandesPb,PIXPOKER,0,0,0, R$  -   ,,,,NLH,"1,27"
27/04/2026,101473,GTODF,PIXPOKER,0,0,0, R$  -   ,,,,NLH,0
27/04/2026,109850,Gabriel.sc,PIXPOKER,0,0,0, R$  -   ,,,,NLH,0
27/04/2026,122560,F3RRAD0,PIXPOKER,0,0,0, R$  -   ,,,,NLH,0
27/04/2026,143968,Galego75,PIXPOKER,0,0,0, R$  -   ,,,,NLH,0
27/04/2026,159057,MatosPoker,PIXPOKER,0,0,0, R$  -   ,,,,NLH,0
27/04/2026,119022,SKROTO,PIXPOKER,0,"3,5","1,71"," R$  5,21 ","0,00%","67,18%","32,82%",MTT,-59
27/04/2026,187664,Dwbliu,PIXPOKER,0,0,"7,75"," R$  7,75 ","0,00%","0,00%","100,00%",PLO6,"17,69"
27/04/2026,101525,Vitin do Pokker tian,PIXPOKER,0,0,"160,24"," R$  160,24 ","0,00%","0,00%","100,00%",PLO6,"667,06"
27/04/2026,170266,dnss,PIXPOKER,0,"0,3",0," R$  0,30 ","0,00%","100,00%","0,00%",MTT,-3
27/04/2026,186414,zenaaa,PIXPOKER,0,"0,4",0," R$  0,40 ","0,00%","100,00%","0,00%",MTT,-4
27/04/2026,173441,Pão??,PIXPOKER,0,0,"7,23"," R$  7,23 ","0,00%","0,00%","100,00%",PLO6,-60
27/04/2026,147665,dleitao,PIXPOKER,"4,93",0,0," R$  4,93 ","100,00%","0,00%","0,00%",NLH,"-32,6"
27/04/2026,193774,Grabbovoy,PIXPOKER,0,0,"0,63"," R$  0,63 ","0,00%","0,00%","100,00%",PLO6,"-15,96"
27/04/2026,110044,pix1642256,PIXPOKER,0,"3,4",0," R$  3,40 ","0,00%","100,00%","0,00%",MTT,-34
27/04/2026,107838,STAR 52,PIXPOKER,0,20,0," R$  20,00 ","0,00%","100,00%","0,00%",MTT,-155
27/04/2026,108544,Zé Cambalhota,PIXPOKER,0,20,0," R$  20,00 ","0,00%","100,00%","0,00%",MTT,-155
27/04/2026,136202,guiba22,PIXPOKER,0,"3,4",0," R$  3,40 ","0,00%","100,00%","0,00%",MTT,-34
27/04/2026,100415,CarcaraPoker,PIXPOKER,0,8,0," R$  8,00 ","0,00%","100,00%","0,00%",MTT,0
27/04/2026,101531,Delici_AA,PIXPOKER,0,20,0," R$  20,00 ","0,00%","100,00%","0,00%",MTT,-200
27/04/2026,143724,RaafaFlose,PIXPOKER,0,32,0," R$  32,00 ","0,00%","100,00%","0,00%",MTT,-320
27/04/2026,158407,Talysson,PIXPOKER,0,20,0," R$  20,00 ","0,00%","100,00%","0,00%",MTT,-200
27/04/2026,176073,marcusp159,PIXPOKER,0,"7,5",0," R$  7,50 ","0,00%","100,00%","0,00%",MTT,-75
27/04/2026,119847,ttAk,PIXPOKER,0,0,0, R$  -   ,,,,NLH,0
27/04/2026,169201,danigodoy,PIXPOKER,0,0,0, R$  -   ,,,,NLH,0
27/04/2026,126650,sgtpastel,AF - PEUEUA,0,"119,05",0," R$  119,05 ","0,00%","100,00%","0,00%",MTT,"276,24"
27/04/2026,129313,Falcão FTS,AF - PEUEUA,0,0,"365,14"," R$  365,14 ","0,00%","0,00%","100,00%",PLO6,"-133,87"
27/04/2026,116298,Pernalonga,AF - PEUEUA,0,0,"407,82"," R$  407,82 ","0,00%","0,00%","100,00%",PLO6,"47,73"
27/04/2026,133599,Netto,AF - PEUEUA,0,"108,75",0," R$  108,75 ","0,00%","100,00%","0,00%",MTT,"-140,85"
27/04/2026,131193,Baiba,AF - PEUEUA,"14,38",0,0," R$  14,38 ","100,00%","0,00%","0,00%",NLH,"-192,01"
27/04/2026,116289,Duuuuur,AF - PEUEUA,"41,37","46,4","16,47"," R$  104,24 ","39,69%","44,51%","15,80%",MTT,"-284,06"
27/04/2026,112891,CHICO DE ARARA,AF - PEUEUA,0,0,0, R$  -   ,,,,NLH,0
27/04/2026,195366,pix195366,AF - PEUEUA,"3,72","7,5",0," R$  11,22 ","33,16%","66,84%","0,00%",MTT,"-119,93"
27/04/2026,116300,Meulindo,AF - PEUEUA,"16,63",0,0," R$  16,63 ","100,00%","0,00%","0,00%",NLH,"-100,77"
27/04/2026,146454,Rambo,AF - AX POKER CLUB,0,"5,6",0," R$  5,60 ","0,00%","100,00%","0,00%",MTT,-56
27/04/2026,159984,fortal085,AF - AX POKER CLUB,"37,15",0,"82,66"," R$  119,81 ","31,01%","0,00%","68,99%",PLO6,"103,86"
27/04/2026,152520,Jeronimooo,AF - AX POKER CLUB,0,0,0, R$  -   ,,,,NLH,0
27/04/2026,155964,rodttneto,AF - AX POKER CLUB,0,"0,3",0," R$  0,30 ","0,00%","100,00%","0,00%",MTT,"-0,66"
27/04/2026,143520,SamBernardelli,AF - AX POKER CLUB,"3,22","0,1",0," R$  3,32 ","96,99%","3,01%","0,00%",NLH,"-10,86"
27/04/2026,154689,Carl Johnson,AF - AX POKER CLUB,"0,19","0,3",0," R$  0,49 ","38,78%","61,22%","0,00%",MTT,"-0,23"
27/04/2026,165456,Aruu,AF - AX POKER CLUB,0,0,0, R$  -   ,,,,NLH,0
27/04/2026,144139,Lumina.Noctis,AF - AX POKER CLUB,"3,9","2,4","58,96"," R$  65,26 ","5,98%","3,68%","90,35%",PLO6,"-312,36"
27/04/2026,134785,Andersonvercosa,AF - AX POKER CLUB,0,"3,4",0," R$  3,40 ","0,00%","100,00%","0,00%",MTT,-34
27/04/2026,145831,pedroigor,AF - AX POKER CLUB,0,0,0, R$  -   ,,,,NLH,"0,91"
27/04/2026,171613,CaboFela,AF - AX POKER CLUB,0,0,"38,12"," R$  38,12 ","0,00%","0,00%","100,00%",PLO6,"-36,79"
27/04/2026,137496,messi??,AF - AX POKER CLUB,0,0,"13,82"," R$  13,82 ","0,00%","0,00%","100,00%",PLO6,"16,6"
27/04/2026,179681,offzz07,AF - AX POKER CLUB,0,0,0, R$  -   ,,,,NLH,"0,75"
27/04/2026,144720,PSaraiva,AF - AX POKER CLUB,"15,45",0,"52,17"," R$  67,62 ","22,85%","0,00%","77,15%",PLO6,-40
27/04/2026,148315,Dibe,AF - AX POKER CLUB,0,"6,9",0," R$  6,90 ","0,00%","100,00%","0,00%",MTT,-69
27/04/2026,101823,Herocall,AF - AX POKER CLUB,0,15,0," R$  15,00 ","0,00%","100,00%","0,00%",MTT,"-35,25"
27/04/2026,153188,pix1727,AF - AX POKER CLUB,0,0,0, R$  -   ,,,,NLH,0
27/04/2026,123484,JEFFIN,AF - AX POKER CLUB,"2,34","5,5",0," R$  7,84 ","29,85%","70,15%","0,00%",MTT,"-78,97"
27/04/2026,174005,isvizin,AF - AX POKER CLUB,0,"8,2",0," R$  8,20 ","0,00%","100,00%","0,00%",MTT,-82
27/04/2026,133910,Stat,AF - AX POKER CLUB,"11,26",0,0," R$  11,26 ","100,00%","0,00%","0,00%",NLH,-50
27/04/2026,135540,ELISEU,AF - AX POKER CLUB,0,5,0," R$  5,00 ","0,00%","100,00%","0,00%",MTT,-50
27/04/2026,145264,Romin,AF - AX POKER CLUB,0,0,0, R$  -   ,,,,NLH,0
27/04/2026,146820,pix146820,None,"2,48","3,3","1,85"," R$  7,63 ","32,50%","43,25%","24,25%",MTT,"-34,2"
27/04/2026,114215,felix,None,"2,53",0,0," R$  2,53 ","100,00%","0,00%","0,00%",NLH,-36
27/04/2026,184486,RAFAELDAVI,None,"12,9",0,0," R$  12,90 ","100,00%","0,00%","0,00%",NLH,"-92,88"
27/04/2026,189022,LadieStars,None,"3,29",0,0," R$  3,29 ","100,00%","0,00%","0,00%",NLH,-24
27/04/2026,195561,verissimo001,None,"15,03",0,0," R$  15,03 ","100,00%","0,00%","0,00%",NLH,"-125,91"
27/04/2026,195645,Paco_Sc,None,"22,74",2,"12,55"," R$  37,29 ","60,98%","5,36%","33,66%",NLH,"-40,81"
27/04/2026,195674,galandopoker,None,"7,87",0,0," R$  7,87 ","100,00%","0,00%","0,00%",NLH,-72
27/04/2026,195702,BatzNinja,None,"31,16","27,85",0," R$  59,01 ","52,80%","47,20%","0,00%",NLH,"-163,11"
27/04/2026,164390,John82,None,0,"0,7",0," R$  0,70 ","0,00%","100,00%","0,00%",MTT,"-6,27"
27/04/2026,195582,pix195582,None,"0,87","28,65",0," R$  29,52 ","2,95%","97,05%","0,00%",MTT,"-246,4"
27/04/2026,134361,N.Macêdo?,None,0,0,"2,41"," R$  2,41 ","0,00%","0,00%","100,00%",PLO6,-36
27/04/2026,154652,BB das Rima,None,"2,88",0,"838,81"," R$  841,69 ","0,34%","0,00%","99,66%",PLO6,"-5667,74"
27/04/2026,180186,golpe.baixo,None,0,2,"13,03"," R$  15,03 ","0,00%","13,31%","86,69%",PLO6,-114
27/04/2026,117406,Guimarães,None,0,"1,2","36,08"," R$  37,28 ","0,00%","3,22%","96,78%",PLO6,"-105,72"
27/04/2026,195603,pix195603,None,"0,45",0,0," R$  0,45 ","100,00%","0,00%","0,00%",NLH,-28
27/04/2026,189112,sukitabr3,None,0,"0,7","0,57"," R$  1,27 ","0,00%","55,12%","44,88%",MTT,-11
27/04/2026,195636,MatheusBorges061,None,"7,07","52,8",0," R$  59,87 ","11,81%","88,19%","0,00%",MTT,"-369,05"
27/04/2026,190091,joca 0 rey,None,"0,04",0,"379,15"," R$  379,19 ","0,01%","0,00%","99,99%",PLO6,"-285,33"
27/04/2026,110683,Muriele Vieira,None,0,1,0," R$  1,00 ","0,00%","100,00%","0,00%",MTT,-10
27/04/2026,123058,pix123058,None,0,0,0, R$  -   ,,,,NLH,0
27/04/2026,131044,BINNA$,None,0,0,0, R$  -   ,,,,NLH,"1,11"
27/04/2026,132049,B4NDID0,None,0,0,0, R$  -   ,,,,NLH,"1,86"
27/04/2026,143782,celia184,None,0,"0,1",0," R$  0,10 ","0,00%","100,00%","0,00%",MTT,"-0,1"
27/04/2026,145204,Cebola do sertão,None,"0,46","0,1",0," R$  0,56 ","82,14%","17,86%","0,00%",NLH,"-0,48"
27/04/2026,145859,Walber_,None,0,0,0, R$  -   ,,,,NLH,0
27/04/2026,148239,Oscar Alho,None,0,"0,2",0," R$  0,20 ","0,00%","100,00%","0,00%",MTT,"-0,5"
27/04/2026,153307,carinhadenenem,None,"0,2","0,2",0," R$  0,40 ","50,00%","50,00%","0,00%",NLH,"-0,64"
27/04/2026,153636,Mussolini,None,0,"0,2",0," R$  0,20 ","0,00%","100,00%","0,00%",MTT,"-1,39"
27/04/2026,153730,Gil do Vigor,None,0,"0,2","0,04"," R$  0,24 ","0,00%","83,33%","16,67%",MTT,"-3,58"
27/04/2026,153965,Nunca nem vi,None,0,"0,1",0," R$  0,10 ","0,00%","100,00%","0,00%",MTT,"0,11"
27/04/2026,159745,pix159745,None,0,0,0, R$  -   ,,,,NLH,0
27/04/2026,160013,pluh,None,0,"2,9",0," R$  2,90 ","0,00%","100,00%","0,00%",MTT,"0,16"
27/04/2026,160339,eduardo aguiar,None,0,"0,4",0," R$  0,40 ","0,00%","100,00%","0,00%",MTT,"10,93"
27/04/2026,162710,poker aí,None,0,0,0, R$  -   ,,,,NLH,"3,84"
27/04/2026,170660,pix170660,None,0,0,0, R$  -   ,,,,NLH,0
27/04/2026,172407,CanindeCearaBrasil,None,0,0,"0,4"," R$  0,40 ","0,00%","0,00%","100,00%",PLO6,"-2,78"
27/04/2026,172448,Milgrau,None,0,0,0, R$  -   ,,,,NLH,0
27/04/2026,172697,pix172697,None,0,"0,1",0," R$  0,10 ","0,00%","100,00%","0,00%",MTT,"0,08"
27/04/2026,172698,pix172698,None,0,0,0, R$  -   ,,,,NLH,0
27/04/2026,173020,pix173020,None,0,0,0, R$  -   ,,,,NLH,0
27/04/2026,175847,JoãodeQuinca,None,0,"0,1",0," R$  0,10 ","0,00%","100,00%","0,00%",MTT,-1
27/04/2026,176165,garfield,None,"0,95","0,1","0,21"," R$  1,26 ","75,40%","7,94%","16,67%",NLH,"8,3"
27/04/2026,176188,Kiku lombrado,None,0,"0,1","0,78"," R$  0,88 ","0,00%","11,36%","88,64%",PLO6,"-1,95"
27/04/2026,176309,Moabe10,None,0,"0,2",0," R$  0,20 ","0,00%","100,00%","0,00%",MTT,"-0,89"
27/04/2026,176798,JanildodoAA,None,0,0,0, R$  -   ,,,,NLH,0
27/04/2026,177117,Cheque Reizé,None,0,"0,2",0," R$  0,20 ","0,00%","100,00%","0,00%",MTT,"-0,04"
27/04/2026,177691,pix177691,None,0,"0,4",0," R$  0,40 ","0,00%","100,00%","0,00%",MTT,"27,53"
27/04/2026,179836,Regispacajus,None,0,0,0, R$  -   ,,,,NLH,0
27/04/2026,181043,Foldei mane,None,0,0,0, R$  -   ,,,,NLH,0
27/04/2026,181687,Lampião ?,None,0,"0,2",0," R$  0,20 ","0,00%","100,00%","0,00%",MTT,"-1,25"
27/04/2026,182817,CreisoN25,None,"0,63","0,6",0," R$  1,23 ","51,22%","48,78%","0,00%",NLH,"-5,76"
27/04/2026,182861,Nikolau ?,None,0,0,"0,02"," R$  0,02 ","0,00%","0,00%","100,00%",PLO6,"-1,77"
27/04/2026,187477,EwertonK2,None,0,0,0, R$  -   ,,,,NLH,0
27/04/2026,189042,juannito,None,0,0,0, R$  -   ,,,,NLH,0
27/04/2026,189539,pix189539,None,0,"0,3",0," R$  0,30 ","0,00%","100,00%","0,00%",MTT,-3
27/04/2026,190974,pix190974,None,0,0,0, R$  -   ,,,,NLH,0
27/04/2026,190975,jully2915,None,0,0,0, R$  -   ,,,,NLH,0
27/04/2026,193281,novocel,None,0,0,0, R$  -   ,,,,NLH,0
27/04/2026,193282,pix193282,None,0,0,0, R$  -   ,,,,NLH,0
27/04/2026,193532,pix193532,None,0,0,0, R$  -   ,,,,NLH,"12,51"
27/04/2026,193741,minhapicatotentando,None,0,0,0, R$  -   ,,,,NLH,0
27/04/2026,194016,pix194016,None,0,0,0, R$  -   ,,,,NLH,0
27/04/2026,194367,marcelopoker,None,0,"0,2",0," R$  0,20 ","0,00%","100,00%","0,00%",MTT,-2
27/04/2026,194433,pix194433,None,0,0,"1,66"," R$  1,66 ","0,00%","0,00%","100,00%",PLO6,0
27/04/2026,194772,pix194772,None,0,0,0, R$  -   ,,,,NLH,"1,05"
27/04/2026,195270,Advogado catão,None,0,"0,2","1,18"," R$  1,38 ","0,00%","14,49%","85,51%",PLO6,"-7,39"
27/04/2026,195271,Mardoni PT,None,0,"0,1",0," R$  0,10 ","0,00%","100,00%","0,00%",MTT,-1
27/04/2026,195493,pix195493,None,0,0,0, R$  -   ,,,,NLH,0
27/04/2026,195495,pix195495,None,0,0,0, R$  -   ,,,,NLH,0
27/04/2026,195621,Sandrao01,None,0,0,0, R$  -   ,,,,NLH,0
27/04/2026,195739,5885 Q2,None,0,"0,7",0," R$  0,70 ","0,00%","100,00%","0,00%",MTT,"0,58"
27/04/2026,108574,Nery,None,"2,78",0,"0,79"," R$  3,57 ","77,87%","0,00%","22,13%",NLH,"-22,86"
27/04/2026,114345,Itaypava,None,"5,95",0,0," R$  5,95 ","100,00%","0,00%","0,00%",NLH,"38,19"
27/04/2026,172462,melll577,None,"0,3",0,0," R$  0,30 ","100,00%","0,00%","0,00%",NLH,"1,84"
27/04/2026,174283,Natan Grangeiro,None,"1,8",0,"1,07"," R$  2,87 ","62,72%","0,00%","37,28%",NLH,"-34,09"
27/04/2026,182906,pix182906,None,"8,48","0,7","2,12"," R$  11,30 ","75,04%","6,19%","18,76%",NLH,"-0,74"
27/04/2026,184776,Kilau,None,"0,75","0,3","1,43"," R$  2,48 ","30,24%","12,10%","57,66%",PLO6,"-14,48"
27/04/2026,195072,PKzynn,None,"16,49",0,0," R$  16,49 ","100,00%","0,00%","0,00%",NLH,"-64,73"
27/04/2026,195524,pix195524,None,"0,86",0,"2,06"," R$  2,92 ","29,45%","0,00%","70,55%",PLO6,-20
27/04/2026,195579,pix195579,None,"80,37",2,0," R$  82,37 ","97,57%","2,43%","0,00%",NLH,"-55,04"
27/04/2026,195643,pix195643,None,"10,69",0,0," R$  10,69 ","100,00%","0,00%","0,00%",NLH,-15
27/04/2026,195671,terroristadopoker,None,"75,11","0,2",0," R$  75,31 ","99,73%","0,27%","0,00%",NLH,"54,42"
27/04/2026,195687,Anao,None,"7,82",0,"0,91"," R$  8,73 ","89,58%","0,00%","10,42%",NLH,"-50,33"
27/04/2026,195604,mane,None,0,0,"270,84"," R$  270,84 ","0,00%","0,00%","100,00%",PLO6,"-646,86"
27/04/2026,182466,pix182466,None,0,"0,2","0,41"," R$  0,61 ","0,00%","32,79%","67,21%",PLO6,-46
27/04/2026,178919,pix178919,None,0,"67,5",0," R$  67,50 ","0,00%","100,00%","0,00%",MTT,"-670,09"
27/04/2026,176164,1 centavo,None,0,"0,1","0,29"," R$  0,39 ","0,00%","25,64%","74,36%",PLO6,"-2,17"
27/04/2026,169601,pix169601,None,0,0,"224,5"," R$  224,50 ","0,00%","0,00%","100,00%",PLO6,"-539,63"
27/04/2026,115320,Fidelis,None,"3,22","0,8",0," R$  4,02 ","80,10%","19,90%","0,00%",NLH,"31,24"
27/04/2026,116720,fAshinA,None,"0,27",0,0," R$  0,27 ","100,00%","0,00%","0,00%",NLH,"-3,11"
27/04/2026,136613,Sertão22,None,"0,56","4,1",0," R$  4,66 ","12,02%","87,98%","0,00%",MTT,-49
27/04/2026,195665,Mendes26,None,"0,81",0,"0,25"," R$  1,06 ","76,42%","0,00%","23,58%",NLH,"2,15"
27/04/2026,134364,trincadonoflop,None,"0,84",0,"9,6"," R$  10,44 ","8,05%","0,00%","91,95%",PLO6,-60
27/04/2026,176255,Kauaggs,None,"35,14",0,0," R$  35,14 ","100,00%","0,00%","0,00%",NLH,"-115,36"
27/04/2026,195720,pix195720,None,"11,77",0,0," R$  11,77 ","100,00%","0,00%","0,00%",NLH,-80
27/04/2026,131114,Rodrigo lindo,None,0,"0,2",0," R$  0,20 ","0,00%","100,00%","0,00%",MTT,-2
27/04/2026,153304,confuso sobrinho,None,0,"0,1",0," R$  0,10 ","0,00%","100,00%","0,00%",MTT,"0,08"
27/04/2026,161570,cristianderson,None,0,"0,2",0," R$  0,20 ","0,00%","100,00%","0,00%",MTT,"6,74"
27/04/2026,172648,Badpix69,None,0,"0,1",0," R$  0,10 ","0,00%","100,00%","0,00%",MTT,"0,21"
27/04/2026,186140,pix186140,None,0,"0,1",0," R$  0,10 ","0,00%","100,00%","0,00%",MTT,-1
27/04/2026,194445,michaelLeonny,None,0,"28,71",0," R$  28,71 ","0,00%","100,00%","0,00%",MTT,"118,87"
27/04/2026,195672,pix195672,None,"50,43","2,7",0," R$  53,13 ","94,92%","5,08%","0,00%",NLH,"-162,75"
27/04/2026,148572,pix148572,None,"12,81",0,"1127,98"," R$  1.140,79 ","1,12%","0,00%","98,88%",PLO6,"8112,45"
27/04/2026,187978,zoroo,None,"58,47",0,0," R$  58,47 ","100,00%","0,00%","0,00%",NLH,"-171,2"
27/04/2026,102785,Joaofilho,None,0,"0,1",0," R$  0,10 ","0,00%","100,00%","0,00%",MTT,"0,52"
27/04/2026,103255,pix103255,None,0,0,0, R$  -   ,,,,NLH,0
27/04/2026,106148,migué,None,0,"0,2",0," R$  0,20 ","0,00%","100,00%","0,00%",MTT,-2
27/04/2026,106660,osj261067,None,0,"1,9",0," R$  1,90 ","0,00%","100,00%","0,00%",MTT,"-0,5"
27/04/2026,114522,GuerraPqd,None,0,0,0, R$  -   ,,,,NLH,0
27/04/2026,115802,Nauersiq,None,0,0,0, R$  -   ,,,,NLH,0
27/04/2026,124391,veraluciafar,None,0,0,0, R$  -   ,,,,NLH,"0,64"
27/04/2026,124401,killthemall,None,0,0,0, R$  -   ,,,,NLH,0
27/04/2026,124413,catrupe,None,0,0,0, R$  -   ,,,,NLH,"0,51"
27/04/2026,124444,jubileu333,None,0,0,0, R$  -   ,,,,NLH,0
27/04/2026,124454,20mata,None,0,0,0, R$  -   ,,,,NLH,0
27/04/2026,124461,obaralhao,None,0,"0,1",0," R$  0,10 ","0,00%","100,00%","0,00%",MTT,"-0,07"
27/04/2026,124630,fungonaunha,None,0,0,0, R$  -   ,,,,NLH,"1,72"
27/04/2026,124634,filmetriste,None,0,0,0, R$  -   ,,,,NLH,0
27/04/2026,125929,Riih,None,0,0,0, R$  -   ,,,,NLH,"4,66"
27/04/2026,128702,pix128702,None,0,0,0, R$  -   ,,,,NLH,"1,96"
27/04/2026,133051,Diegueira,None,0,0,0, R$  -   ,,,,NLH,"3,61"
27/04/2026,135895,yanpaiva,None,0,"0,1",0," R$  0,10 ","0,00%","100,00%","0,00%",MTT,"0,52"
27/04/2026,143861,KAROÁ,None,0,0,0, R$  -   ,,,,NLH,"1,46"
27/04/2026,144591,gabi87,None,0,"0,4",0," R$  0,40 ","0,00%","100,00%","0,00%",MTT,"-3,39"
27/04/2026,145320,pix145320,None,0,0,0, R$  -   ,,,,NLH,0
27/04/2026,146985,carlos bomba,None,0,0,0, R$  -   ,,,,NLH,0
27/04/2026,148477,eleitor do lula,None,0,"0,1",0," R$  0,10 ","0,00%","100,00%","0,00%",MTT,"-0,25"
27/04/2026,148613,pix148613,None,0,0,0, R$  -   ,,,,NLH,0
27/04/2026,149573,Saul do entrega,None,0,0,0, R$  -   ,,,,NLH,0
27/04/2026,149758,pix149758,None,0,0,0, R$  -   ,,,,NLH,0
27/04/2026,150638,Wanessa CAM,None,0,0,0, R$  -   ,,,,NLH,0
27/04/2026,155859,Jett Mafioso,None,0,"0,2",0," R$  0,20 ","0,00%","100,00%","0,00%",MTT,"-0,74"
27/04/2026,157958,dinizjay,None,0,"0,3",0," R$  0,30 ","0,00%","100,00%","0,00%",MTT,"-1,48"
27/04/2026,159848,DMAK,None,0,0,0, R$  -   ,,,,NLH,0
27/04/2026,161561,GuZman$,None,0,0,0, R$  -   ,,,,NLH,0
27/04/2026,165010,Thdoborel,None,0,0,0, R$  -   ,,,,NLH,0
27/04/2026,165386,pix165386,None,0,"0,1",0," R$  0,10 ","0,00%","100,00%","0,00%",MTT,"0,6"
27/04/2026,171178,JeessiQueiroz,None,0,0,0, R$  -   ,,,,NLH,0
27/04/2026,171995,pix171995,None,0,0,0, R$  -   ,,,,NLH,0
27/04/2026,172478,sir inga,None,0,0,0, R$  -   ,,,,NLH,0
27/04/2026,172722,CORAGEM?,None,0,0,0, R$  -   ,,,,NLH,0
27/04/2026,172984,SeuZé$,None,0,"0,1",0," R$  0,10 ","0,00%","100,00%","0,00%",MTT,"1,06"
27/04/2026,173743,pix173743,None,0,0,0, R$  -   ,,,,NLH,0
27/04/2026,173780,pix173780,None,0,0,0, R$  -   ,,,,NLH,"0,51"
27/04/2026,174477,pix174477,None,0,0,0, R$  -   ,,,,NLH,"0,51"
27/04/2026,176186,Açai vencido,None,"0,41","0,4",0," R$  0,81 ","50,62%","49,38%","0,00%",NLH,"-0,56"
27/04/2026,176849,pix176849,None,0,0,0, R$  -   ,,,,NLH,"1,05"
27/04/2026,177257,solovis,None,0,"0,1",0," R$  0,10 ","0,00%","100,00%","0,00%",MTT,-1
27/04/2026,178133,DCP22,None,0,0,0, R$  -   ,,,,NLH,0
27/04/2026,178267,Wilson Reis,None,0,0,0, R$  -   ,,,,NLH,0
27/04/2026,180211,pix180211,None,"1,2",1,0," R$  2,20 ","54,55%","45,45%","0,00%",NLH,"-0,57"
27/04/2026,180212,reidoflop,None,0,0,0, R$  -   ,,,,NLH,0
27/04/2026,183155,AQUI E SO ALL-IN,None,0,0,0, R$  -   ,,,,NLH,0
27/04/2026,184217,CPAK,None,0,0,0, R$  -   ,,,,NLH,0
27/04/2026,185013,Padrinho,None,0,"0,2",0," R$  0,20 ","0,00%","100,00%","0,00%",MTT,-2
27/04/2026,185392,pix185392,None,0,0,0, R$  -   ,,,,NLH,0
27/04/2026,185700,BISAQUE,None,0,"0,1",0," R$  0,10 ","0,00%","100,00%","0,00%",MTT,"0,11"
27/04/2026,188795,pix188795,None,0,"0,1",0," R$  0,10 ","0,00%","100,00%","0,00%",MTT,"-0,27"
27/04/2026,188995,vandersonmqs,None,0,0,0, R$  -   ,,,,NLH,0
27/04/2026,189281,pix189281,None,0,0,0, R$  -   ,,,,NLH,0
27/04/2026,189357,Tiquinho,None,0,0,0, R$  -   ,,,,NLH,0
27/04/2026,189662,Kabulozo,None,0,0,0, R$  -   ,,,,NLH,"3,27"
27/04/2026,190818,lascado,None,0,0,0, R$  -   ,,,,NLH,0
27/04/2026,190899,Ely19 ?,None,0,"0,1",0," R$  0,10 ","0,00%","100,00%","0,00%",MTT,"3,1"
27/04/2026,192079,Gleristontnt,None,0,0,0, R$  -   ,,,,NLH,"5,63"
27/04/2026,192127,EuSouChato??,None,0,"0,1",0," R$  0,10 ","0,00%","100,00%","0,00%",MTT,-1
27/04/2026,192188,Suzana25,None,0,0,0, R$  -   ,,,,NLH,0
27/04/2026,193767,pix193767,None,0,0,0, R$  -   ,,,,NLH,0
27/04/2026,194679,Nicoletti$,None,0,0,0, R$  -   ,,,,NLH,0
27/04/2026,194757,Wellington Ramon,None,0,0,0, R$  -   ,,,,NLH,"1,86"
27/04/2026,195362,pix195362,None,0,0,0, R$  -   ,,,,NLH,0
27/04/2026,195607,pix195607,None,0,"0,1",0," R$  0,10 ","0,00%","100,00%","0,00%",MTT,"0,05"
27/04/2026,118640,WEASLEY,None,"3,79","20,5","453,75"," R$  478,04 ","0,79%","4,29%","94,92%",PLO6,"-784,5"
27/04/2026,155860,Uezile,None,0,"0,1",0," R$  0,10 ","0,00%","100,00%","0,00%",MTT,-1
27/04/2026,158022,pix158022,None,0,"0,2",0," R$  0,20 ","0,00%","100,00%","0,00%",MTT,"-0,71"
27/04/2026,171052,pix171052,None,"1,14","2,9",0," R$  4,04 ","28,22%","71,78%","0,00%",MTT,"-8,78"
27/04/2026,130203,Guimo,None,"9,42",0,"0,01"," R$  9,43 ","99,89%","0,00%","0,11%",NLH,"12,12"
27/04/2026,129000,pix129000,None,"17,25","15,6",0," R$  32,85 ","52,51%","47,49%","0,00%",NLH,"-106,47"
27/04/2026,113006,lilaoartestattoo,None,0,0,"4,32"," R$  4,32 ","0,00%","0,00%","100,00%",PLO6,-45
27/04/2026,139413,vilela,None,0,"7,2",0," R$  7,20 ","0,00%","100,00%","0,00%",MTT,-90
27/04/2026,188083,pix188083,None,0,"14,8",0," R$  14,80 ","0,00%","100,00%","0,00%",MTT,"-137,5"
27/04/2026,194041,TAKUNAVARA,None,0,1,0," R$  1,00 ","0,00%","100,00%","0,00%",MTT,-10
27/04/2026,129753,FabioAlpha,None,0,"4,1",0," R$  4,10 ","0,00%","100,00%","0,00%",MTT,"-39,73"
27/04/2026,160127,totohaole,None,0,"0,7",0," R$  0,70 ","0,00%","100,00%","0,00%",MTT,-7
27/04/2026,171898,matheus rocha,None,0,"0,1",0," R$  0,10 ","0,00%","100,00%","0,00%",MTT,-1
27/04/2026,192368,Dc07,None,0,"0,3",0," R$  0,30 ","0,00%","100,00%","0,00%",MTT,-3
27/04/2026,193564,Alison pires,None,0,"2,3",0," R$  2,30 ","0,00%","100,00%","0,00%",MTT,"-16,91"
27/04/2026,195591,djenos,None,0,"4,8",0," R$  4,80 ","0,00%","100,00%","0,00%",MTT,"7,42"
27/04/2026,195642,Dioguinho123,None,"4,33","18,9",0," R$  23,23 ","18,64%","81,36%","0,00%",MTT,"-30,99"
27/04/2026,183934,xuxupika,None,0,"3,5",0," R$  3,50 ","0,00%","100,00%","0,00%",MTT,-35
27/04/2026,102664,pix102664,None,0,0,0, R$  -   ,,,,NLH,0
27/04/2026,102814,pix102814,None,0,0,0, R$  -   ,,,,NLH,0
27/04/2026,102820,dual core,None,0,0,0, R$  -   ,,,,NLH,0
27/04/2026,110402,BetoPz11,None,0,0,0, R$  -   ,,,,NLH,0
27/04/2026,111169,pix111169,None,0,0,0, R$  -   ,,,,NLH,0
27/04/2026,122649,Soneca36,None,0,0,0, R$  -   ,,,,NLH,0
27/04/2026,125132,williannuts,None,0,0,0, R$  -   ,,,,NLH,0
27/04/2026,126206,meduza,None,"0,46","0,1","12,33"," R$  12,89 ","3,57%","0,78%","95,66%",PLO6,"103,01"
27/04/2026,126226,torapreula,None,0,0,0, R$  -   ,,,,NLH,0
27/04/2026,136258,padrefesteiro,None,0,0,0, R$  -   ,,,,NLH,0
27/04/2026,141875,pix141875,None,0,"0,1",0," R$  0,10 ","0,00%","100,00%","0,00%",MTT,"-0,27"
27/04/2026,142094,VIPGOLD,None,0,0,0, R$  -   ,,,,NLH,0
27/04/2026,143211,pix143211,None,0,0,0, R$  -   ,,,,NLH,0
27/04/2026,146912,fp_malvadeza,None,"5,88",0,0," R$  5,88 ","100,00%","0,00%","0,00%",NLH,-39
27/04/2026,149578,atrevido2,None,0,0,0, R$  -   ,,,,NLH,0
27/04/2026,150851,pix150851,None,0,0,0, R$  -   ,,,,NLH,0
27/04/2026,154231,77tattoo,None,0,0,0, R$  -   ,,,,NLH,"2,19"
27/04/2026,154310,COMECU,None,"0,46",0,0," R$  0,46 ","100,00%","0,00%","0,00%",NLH,"5,62"
27/04/2026,156615,Tutubarão83,None,0,"0,1",0," R$  0,10 ","0,00%","100,00%","0,00%",MTT,"-0,27"
27/04/2026,158564,AKQJ10,None,0,0,0, R$  -   ,,,,NLH,0
27/04/2026,159736,FunEngine,None,0,"0,1",0," R$  0,10 ","0,00%","100,00%","0,00%",MTT,"-0,27"
27/04/2026,167737,vinijr7,None,0,"0,1",0," R$  0,10 ","0,00%","100,00%","0,00%",MTT,-1
27/04/2026,171876,pedro123321,None,0,0,0, R$  -   ,,,,NLH,0
27/04/2026,172016,pix172016,None,0,0,0, R$  -   ,,,,NLH,0
27/04/2026,172026,pix172026,None,0,0,0, R$  -   ,,,,NLH,0
27/04/2026,172118,pix172118,None,0,0,0, R$  -   ,,,,NLH,0
27/04/2026,173018,pix173018,None,0,0,0, R$  -   ,,,,NLH,0
27/04/2026,173019,pix173019,None,0,0,0, R$  -   ,,,,NLH,0
27/04/2026,173048,murillinho,None,0,0,0, R$  -   ,,,,NLH,0
27/04/2026,174582,pix174582,None,0,0,0, R$  -   ,,,,NLH,0
27/04/2026,175460,pix175460,None,0,0,0, R$  -   ,,,,NLH,0
27/04/2026,176187,meçi careka,None,0,"0,2",0," R$  0,20 ","0,00%","100,00%","0,00%",MTT,"1,34"
27/04/2026,176827,Rudrigu,None,0,0,0, R$  -   ,,,,NLH,"0,73"
27/04/2026,177176,pix177176,None,0,0,0, R$  -   ,,,,NLH,"0,84"
27/04/2026,180036,pix180036,None,0,0,0, R$  -   ,,,,NLH,"2,68"
27/04/2026,180037,pix180037,None,0,0,0, R$  -   ,,,,NLH,"0,77"
27/04/2026,181574,Caroline 01,None,0,0,0, R$  -   ,,,,NLH,0
27/04/2026,181970,3A5T0S,None,"0,46","0,4",0," R$  0,86 ","53,49%","46,51%","0,00%",NLH,"12,27"
27/04/2026,183246,detona pato,None,0,0,0, R$  -   ,,,,NLH,"0,6"
27/04/2026,183527,pix183527,None,0,0,0, R$  -   ,,,,NLH,0
27/04/2026,183533,pix183533,None,0,"0,1",0," R$  0,10 ","0,00%","100,00%","0,00%",MTT,"0,05"
27/04/2026,184773,pix184773,None,0,0,0, R$  -   ,,,,NLH,0
27/04/2026,184778,petrolina-Pe,None,0,0,0, R$  -   ,,,,NLH,0
27/04/2026,184953,chiquinho,None,0,0,0, R$  -   ,,,,NLH,0
27/04/2026,185697,levigbrl,None,0,1,0," R$  1,00 ","0,00%","100,00%","0,00%",MTT,"10,47"
27/04/2026,185699,petrolina,None,0,0,0, R$  -   ,,,,NLH,0
27/04/2026,185701,gato a jato,None,0,"0,1",0," R$  0,10 ","0,00%","100,00%","0,00%",MTT,"0,03"
27/04/2026,185810,Silvio,None,0,0,0, R$  -   ,,,,NLH,0
27/04/2026,186159,FAEL,None,"3,58","1,1",0," R$  4,68 ","76,50%","23,50%","0,00%",NLH,"-0,25"
27/04/2026,186162,BOUP,None,0,0,0, R$  -   ,,,,NLH,0
27/04/2026,186165,AAAA!,None,0,0,0, R$  -   ,,,,NLH,0
27/04/2026,187062,chacal$74,None,0,0,0, R$  -   ,,,,NLH,"2,19"
27/04/2026,188990,Jacke,None,0,0,0, R$  -   ,,,,NLH,"12,62"
27/04/2026,189016,Cicinh0,None,0,0,0, R$  -   ,,,,NLH,0
27/04/2026,190020,pix190020,None,0,0,0, R$  -   ,,,,NLH,0
27/04/2026,190633,pix190633,None,0,0,0, R$  -   ,,,,NLH,0
27/04/2026,190884,bezzera11,None,0,0,0, R$  -   ,,,,NLH,0
27/04/2026,192772,pix192772,None,0,0,0, R$  -   ,,,,NLH,0
27/04/2026,193022,pix193022,None,0,0,0, R$  -   ,,,,NLH,0
27/04/2026,193166,pix193166,None,0,0,0, R$  -   ,,,,NLH,0
27/04/2026,193580,ROLUD0,None,0,0,0, R$  -   ,,,,NLH,0
27/04/2026,193605,pix193605,None,0,"0,1",0," R$  0,10 ","0,00%","100,00%","0,00%",MTT,"-0,3"
27/04/2026,193606,pix193606,None,0,0,0, R$  -   ,,,,NLH,0
27/04/2026,193634,pix193634,None,0,0,1," R$  1,00 ","0,00%","0,00%","100,00%",PLO6,"0,56"
27/04/2026,193740,pix193740,None,0,0,0, R$  -   ,,,,NLH,0
27/04/2026,194071,pix194071,None,0,0,0, R$  -   ,,,,NLH,0
27/04/2026,194965,call toda hora,None,0,0,0, R$  -   ,,,,NLH,"10,19"
27/04/2026,195168,cabral23,None,0,0,0, R$  -   ,,,,NLH,0
27/04/2026,195390,cria,None,0,0,0, R$  -   ,,,,NLH,0
27/04/2026,195662,Asteroid Destroyer,None,0,0,0, R$  -   ,,,,NLH,"1,52"
27/04/2026,195688,nerinha,None,0,0,0, R$  -   ,,,,NLH,"1,6"
27/04/2026,195531,Sh4rk,None,"4,27",0,0," R$  4,27 ","100,00%","0,00%","0,00%",NLH,"-55,62"
27/04/2026,195750,pix195750,None,"25,64",0,"742,15"," R$  767,79 ","3,34%","0,00%","96,66%",PLO6,"-3807,2"
27/04/2026,102450,peter sutherland,None,0,"2,4",0," R$  2,40 ","0,00%","100,00%","0,00%",MTT,"37,77"
27/04/2026,189433,98NAIPADO,None,0,"1,2",0," R$  1,20 ","0,00%","100,00%","0,00%",MTT,"61,65"
27/04/2026,195546,Saul2A,None,"45,34",0,"8,65"," R$  53,99 ","83,98%","0,00%","16,02%",NLH,-54
27/04/2026,102335,Cristianbell,None,0,0,"9,42"," R$  9,42 ","0,00%","0,00%","100,00%",PLO6,"-100,9"
27/04/2026,133288,manothawas,None,"4,03",0,0," R$  4,03 ","100,00%","0,00%","0,00%",NLH,"-30,23"
27/04/2026,195657,vaqueirosm,None,0,0,"14,29"," R$  14,29 ","0,00%","0,00%","100,00%",PLO6,-108
27/04/2026,195751,pix195751,None,"0,7",0,"2,4"," R$  3,10 ","22,58%","0,00%","77,42%",PLO6,"-36,45"
27/04/2026,107383,eduardo deodato,None,0,0,0, R$  -   ,,,,NLH,"0,75"
27/04/2026,114402,pix114402,None,0,0,0, R$  -   ,,,,NLH,0
27/04/2026,126233,telasko,None,0,0,0, R$  -   ,,,,NLH,0
27/04/2026,126244,pix126244,None,0,0,0, R$  -   ,,,,NLH,0
27/04/2026,126628,matarato,None,0,0,0, R$  -   ,,,,NLH,0
27/04/2026,140529,pix140529,None,0,0,0, R$  -   ,,,,NLH,0
27/04/2026,146266,pix146266,None,0,0,0, R$  -   ,,,,NLH,0
27/04/2026,154739,Zé piqueno,None,0,"0,1",0," R$  0,10 ","0,00%","100,00%","0,00%",MTT,-1
27/04/2026,157503,omthluz10,None,0,0,0, R$  -   ,,,,NLH,0
27/04/2026,161737,ABSOLUT,None,0,"0,9",0," R$  0,90 ","0,00%","100,00%","0,00%",MTT,"-1,63"
27/04/2026,166767,calleri?,None,0,"0,1",0," R$  0,10 ","0,00%","100,00%","0,00%",MTT,"0,66"
27/04/2026,168866,pix168866,None,0,0,0, R$  -   ,,,,NLH,0
27/04/2026,169796,pix169796,None,0,0,0, R$  -   ,,,,NLH,0
27/04/2026,170216,tia naia,None,0,"0,1",0," R$  0,10 ","0,00%","100,00%","0,00%",MTT,"4,87"
27/04/2026,170218,chicoo,None,0,"0,2",0," R$  0,20 ","0,00%","100,00%","0,00%",MTT,"-1,49"
27/04/2026,171114,Vapor Z/S,None,0,0,0, R$  -   ,,,,NLH,0
27/04/2026,172160,Luizzzeraaa,None,0,0,0, R$  -   ,,,,NLH,0
27/04/2026,177126,duhx7,None,0,0,0, R$  -   ,,,,NLH,0
27/04/2026,180674,Lumesmo ?,None,0,"0,1",0," R$  0,10 ","0,00%","100,00%","0,00%",MTT,-1
27/04/2026,181996,pix181996,None,0,0,0, R$  -   ,,,,NLH,0
27/04/2026,185426,pix185426,None,0,0,0, R$  -   ,,,,NLH,0
27/04/2026,185429,PixpoKKer,None,0,0,0, R$  -   ,,,,NLH,0
27/04/2026,186283,pix186283,None,0,0,0, R$  -   ,,,,NLH,0
27/04/2026,188325,pix188325,None,0,0,0, R$  -   ,,,,NLH,0
27/04/2026,189512,pix189512,None,0,0,0, R$  -   ,,,,NLH,0
27/04/2026,190181,lailson,None,0,0,0, R$  -   ,,,,NLH,0
27/04/2026,191135,carlosvolt,None,0,"0,1",0," R$  0,10 ","0,00%","100,00%","0,00%",MTT,"-0,1"
27/04/2026,192148,pix192148,None,0,"0,1",0," R$  0,10 ","0,00%","100,00%","0,00%",MTT,"0,08"
27/04/2026,194308,mapoker,None,0,0,0, R$  -   ,,,,NLH,0
27/04/2026,194353,pasteldefeira,None,0,0,0, R$  -   ,,,,NLH,"2,68"
27/04/2026,194706,jojodemel,None,0,"0,2",0," R$  0,20 ","0,00%","100,00%","0,00%",MTT,"0,82"
27/04/2026,112367,Reis86,None,0,"0,1","33,71"," R$  33,81 ","0,00%","0,30%","99,70%",PLO6,"35,74"
27/04/2026,121438,chavess,None,"0,07",0,"119,6"," R$  119,67 ","0,06%","0,00%","99,94%",PLO6,"174,78"
27/04/2026,135268,bieldopastel,None,"0,54",0,0," R$  0,54 ","100,00%","0,00%","0,00%",NLH,"-0,75"
27/04/2026,193658,Zer0,None,"0,3","5,1",0," R$  5,40 ","5,56%","94,44%","0,00%",MTT,-55
27/04/2026,195473,MiguelCavalcanti,None,"51,17","0,1",0," R$  51,27 ","99,80%","0,20%","0,00%",NLH,-61
27/04/2026,195496,joao.gostosinho,None,"37,83","0,5",0," R$  38,33 ","98,70%","1,30%","0,00%",NLH,"154,22"
27/04/2026,195752,vjunior,None,0,"3,8",0," R$  3,80 ","0,00%","100,00%","0,00%",MTT,-38
27/04/2026,149844,guiga16,None,0,0,"186,5"," R$  186,50 ","0,00%","0,00%","100,00%",PLO6,-2000
27/04/2026,100215,Gorete.BallCat,None,0,24,"827,65"," R$  851,65 ","0,00%","2,82%","97,18%",PLO6,"-2639,5"
27/04/2026,183970,pix183970,None,"0,3",0,0," R$  0,30 ","100,00%","0,00%","0,00%",NLH,"24,24"
27/04/2026,194803,auadaa,None,0,0,"34,66"," R$  34,66 ","0,00%","0,00%","100,00%",PLO6,"9,32"
27/04/2026,142834,chris44,None,"1,5",0,0," R$  1,50 ","100,00%","0,00%","0,00%",NLH,"27,35"
27/04/2026,159212,Jack Sparrow,None,"3,96",0,0," R$  3,96 ","100,00%","0,00%","0,00%",NLH,-37
27/04/2026,195729,pix195729,None,"183,64",0,0," R$  183,64 ","100,00%","0,00%","0,00%",NLH,-247
27/04/2026,142783,Dinhostar,None,0,"9,5",0," R$  9,50 ","0,00%","100,00%","0,00%",MTT,"-66,32"
27/04/2026,169830,pix169830,None,0,0,"0,49"," R$  0,49 ","0,00%","0,00%","100,00%",PLO6,0
27/04/2026,106058,Mnk,None,0,0,0, R$  -   ,,,,NLH,0
27/04/2026,120344,Rsousa,None,0,0,0, R$  -   ,,,,NLH,"0,88"
27/04/2026,120955,pix120955,None,0,"0,1",0," R$  0,10 ","0,00%","100,00%","0,00%",MTT,-1
27/04/2026,138679,BadbitAA,None,0,0,0, R$  -   ,,,,NLH,0
27/04/2026,141774,pix141774,None,0,"0,5",0," R$  0,50 ","0,00%","100,00%","0,00%",MTT,-5
27/04/2026,148154,rafagm2005,None,0,0,0, R$  -   ,,,,NLH,0
27/04/2026,155592,ZecaPauGoriN,None,0,0,0, R$  -   ,,,,NLH,0
27/04/2026,159392,Drps,None,0,0,0, R$  -   ,,,,NLH,0
27/04/2026,160408,pix160408,None,0,0,0, R$  -   ,,,,NLH,0
27/04/2026,163903,R Silva,None,0,0,0, R$  -   ,,,,NLH,0
27/04/2026,172043,GuiAL,None,0,0,0, R$  -   ,,,,NLH,"1,52"
27/04/2026,180013,IC—,None,0,0,0, R$  -   ,,,,NLH,0
27/04/2026,185849,sisi,None,0,0,0, R$  -   ,,,,NLH,0
27/04/2026,189597,pix189597,None,0,0,0, R$  -   ,,,,NLH,0
27/04/2026,189819,GEriNO0¹,None,0,0,0, R$  -   ,,,,NLH,0
27/04/2026,190514,pix190514,None,0,0,0, R$  -   ,,,,NLH,0
27/04/2026,190515,pix190515,None,0,0,0, R$  -   ,,,,NLH,0
27/04/2026,190568,pix190568,None,0,0,0, R$  -   ,,,,NLH,0
27/04/2026,190573,pix190573,None,0,"0,2",0," R$  0,20 ","0,00%","100,00%","0,00%",MTT,"-0,17"
27/04/2026,190902,pix190902,None,0,0,0, R$  -   ,,,,NLH,0
27/04/2026,190903,pix190903,None,0,0,0, R$  -   ,,,,NLH,0
27/04/2026,190987,pix190987,None,0,0,0, R$  -   ,,,,NLH,0
27/04/2026,193935,pix193935,None,0,0,0, R$  -   ,,,,NLH,0
27/04/2026,195325,nicolas,None,0,0,0, R$  -   ,,,,NLH,0
27/04/2026,195608,vick444,None,0,"0,6",0," R$  0,60 ","0,00%","100,00%","0,00%",MTT,"-5,39"
27/04/2026,195660,Matias44,None,0,0,0, R$  -   ,,,,NLH,0
27/04/2026,192583,pp07,None,0,0,"5,12"," R$  5,12 ","0,00%","0,00%","100,00%",PLO6,-50
27/04/2026,139127,Júnior Furtado,None,0,1,"4,21"," R$  5,21 ","0,00%","19,19%","80,81%",PLO6,-70
27/04/2026,195464,ZebranoPixPoker,None,0,13,"74,76"," R$  87,76 ","0,00%","14,81%","85,19%",PLO6,"359,56"
27/04/2026,195759,pix195759,None,0,0,"41,91"," R$  41,91 ","0,00%","0,00%","100,00%",PLO6,-450
27/04/2026,195732,pix195732,None,"18,44",0,0," R$  18,44 ","100,00%","0,00%","0,00%",NLH,-100
27/04/2026,190234,pix190234,None,0,1,0," R$  1,00 ","0,00%","100,00%","0,00%",MTT,-10
27/04/2026,115715,malvadao96,None,0,"106,7",0," R$  106,70 ","0,00%","100,00%","0,00%",MTT,"-1009,63"
27/04/2026,180552,Barão+$$+,None,"8,05","0,5",0," R$  8,55 ","94,15%","5,85%","0,00%",NLH,"-115,94"
27/04/2026,193126,Carraaco07XD,None,"0,36",0,0," R$  0,36 ","100,00%","0,00%","0,00%",NLH,0
27/04/2026,195768,pix195768,None,"81,78","1,5","0,43"," R$  83,71 ","97,69%","1,79%","0,51%",NLH,-29
27/04/2026,117545,Neguin 23,None,"3,17","2,2","13,92"," R$  19,29 ","16,43%","11,40%","72,16%",PLO6,"-140,2"
27/04/2026,147991,BateuAsNossa,None,"10,39",0,"13,24"," R$  23,63 ","43,97%","0,00%","56,03%",PLO6,"37,09"
27/04/2026,195528,pix195528,None,"2,55",0,0," R$  2,55 ","100,00%","0,00%","0,00%",NLH,"-0,4"
27/04/2026,195758,cavalodoido,None,0,25,"7,89"," R$  32,89 ","0,00%","76,01%","23,99%",MTT,"-188,88"
27/04/2026,195776,pix195776,None,"2,91",3,"205,33"," R$  211,24 ","1,38%","1,42%","97,20%",PLO6,"1036,42"
27/04/2026,195778,pix195778,None,"1,39","11,8","5,08"," R$  18,27 ","7,61%","64,59%","27,81%",MTT,-190
27/04/2026,147303,mushura,None,"1,78",0,0," R$  1,78 ","100,00%","0,00%","0,00%",NLH,"-8,54"
27/04/2026,176727,ZE KAU,None,"2,47",0,0," R$  2,47 ","100,00%","0,00%","0,00%",NLH,-30
27/04/2026,124575,pix124575,None,0,0,0, R$  -   ,,,,NLH,0
27/04/2026,125040,Mércia,None,0,0,0, R$  -   ,,,,NLH,0
27/04/2026,135400,Mercia09,None,0,"0,1",0," R$  0,10 ","0,00%","100,00%","0,00%",MTT,"0,6"
27/04/2026,155529,pix155529,None,0,0,0, R$  -   ,,,,NLH,0
27/04/2026,160409,erivandoido,None,0,0,0, R$  -   ,,,,NLH,0
27/04/2026,165307,mulukulo,None,0,0,0, R$  -   ,,,,NLH,0
27/04/2026,165742,dedinhacatia,None,0,0,0, R$  -   ,,,,NLH,0
27/04/2026,172896,Torres01,None,0,0,0, R$  -   ,,,,NLH,0
27/04/2026,172902,xurume$$,None,0,0,0, R$  -   ,,,,NLH,0
27/04/2026,194356,pix194356,None,0,0,0, R$  -   ,,,,NLH,0
27/04/2026,195080,cassiov7,None,0,0,0, R$  -   ,,,,NLH,0
27/04/2026,113921,vambora,None,"1,13",0,0," R$  1,13 ","100,00%","0,00%","0,00%",NLH,-20
27/04/2026,171808,pix171808,None,"150,96",0,0," R$  150,96 ","100,00%","0,00%","0,00%",NLH,-250
27/04/2026,175895,xerere,None,"1,88",0,0," R$  1,88 ","100,00%","0,00%","0,00%",NLH,-12
27/04/2026,195697,kvxzada,None,"6,46",0,"1,16"," R$  7,62 ","84,78%","0,00%","15,22%",NLH,-67
27/04/2026,184129,FurosLanches,None,0,"1,5","57,89"," R$  59,39 ","0,00%","2,53%","97,47%",PLO6,-154
27/04/2026,147221,muvukinha,None,0,"55,8",0," R$  55,80 ","0,00%","100,00%","0,00%",MTT,"300,45"
27/04/2026,162211,mrLeandroDP,None,0,0,"7,58"," R$  7,58 ","0,00%","0,00%","100,00%",PLO6,-100
27/04/2026,108614,andinhosamu,None,"1,48",0,0," R$  1,48 ","100,00%","0,00%","0,00%",NLH,-30
27/04/2026,118130,Renanloc,None,"9,29",0,"30,06"," R$  39,35 ","23,61%","0,00%","76,39%",PLO6,"162,64"
27/04/2026,188073,Xtz34,None,"46,86",0,0," R$  46,86 ","100,00%","0,00%","0,00%",NLH,"-104,38"
27/04/2026,192783,pix192783,None,"3,47",0,"10,07"," R$  13,54 ","25,63%","0,00%","74,37%",PLO6,-50
27/04/2026,195775,PAGA????...,None,"0,43","2,7",0," R$  3,13 ","13,74%","86,26%","0,00%",MTT,-39
27/04/2026,171656,wallisson,None,"0,34",0,0," R$  0,34 ","100,00%","0,00%","0,00%",NLH,-5
27/04/2026,195523,Ramonzito,None,"52,94",0,0," R$  52,94 ","100,00%","0,00%","0,00%",NLH,"-143,27"
27/04/2026,195578,gessica,None,"18,4",0,0," R$  18,40 ","100,00%","0,00%","0,00%",NLH,"6,69"
27/04/2026,195696,Lucas011,None,"2,27",0,0," R$  2,27 ","100,00%","0,00%","0,00%",NLH,-14
27/04/2026,132708,o pai,None,0,0,"4,62"," R$  4,62 ","0,00%","0,00%","100,00%",PLO6,"34,94"
27/04/2026,129188,RRS14,None,0,0,"5,26"," R$  5,26 ","0,00%","0,00%","100,00%",PLO6,-20
27/04/2026,195682,lukinhas09,None,"5,24",0,0," R$  5,24 ","100,00%","0,00%","0,00%",NLH,"-3,32"
27/04/2026,124306,punicaoalimpers,None,0,"0,1",0," R$  0,10 ","0,00%","100,00%","0,00%",MTT,"-0,49"
27/04/2026,125000,pix125000,None,0,0,0, R$  -   ,,,,NLH,0
27/04/2026,141122,buenoo,None,0,0,0, R$  -   ,,,,NLH,0
27/04/2026,144081,Wender ws,None,0,0,0, R$  -   ,,,,NLH,"0,51"
27/04/2026,151017,(((TIGRE))),None,0,"0,2",0," R$  0,20 ","0,00%","100,00%","0,00%",MTT,-2
27/04/2026,152922,ﾠﾠ,None,0,0,0, R$  -   ,,,,NLH,0
27/04/2026,162091,Veronica bg,None,0,"0,1",0," R$  0,10 ","0,00%","100,00%","0,00%",MTT,"0,11"
27/04/2026,169067,zoin22,None,0,0,0, R$  -   ,,,,NLH,0
27/04/2026,175004,vamoJJ,None,0,0,0, R$  -   ,,,,NLH,0
27/04/2026,176462,markin valde,None,0,0,0, R$  -   ,,,,NLH,0
27/04/2026,177983,Aelton,None,0,0,0, R$  -   ,,,,NLH,0
27/04/2026,179070,pix179070,None,0,"0,1",0," R$  0,10 ","0,00%","100,00%","0,00%",MTT,-1
27/04/2026,179097,pix179097,None,0,0,0, R$  -   ,,,,NLH,0
27/04/2026,189082,luketa_,None,0,0,0, R$  -   ,,,,NLH,0
27/04/2026,190490,pix190490,None,0,0,0, R$  -   ,,,,NLH,0
27/04/2026,192223,pix192223,None,0,0,0, R$  -   ,,,,NLH,0
27/04/2026,192799,johannes,None,0,0,0, R$  -   ,,,,NLH,0
27/04/2026,194366,Buhaiov,None,0,0,0, R$  -   ,,,,NLH,"4,91"
27/04/2026,194836,Ester2026,None,0,"0,1",0," R$  0,10 ","0,00%","100,00%","0,00%",MTT,-1
27/04/2026,194837,Gatuno,None,0,0,0, R$  -   ,,,,NLH,0
27/04/2026,195262,dona estressada,None,0,"0,1",0," R$  0,10 ","0,00%","100,00%","0,00%",MTT,"1,66"
27/04/2026,195363,pix195363,None,0,"0,1",0," R$  0,10 ","0,00%","100,00%","0,00%",MTT,"2,17"
27/04/2026,195771,pix195771,None,0,0,0, R$  -   ,,,,NLH,0
27/04/2026,195772,pix195772,None,0,0,0, R$  -   ,,,,NLH,0
27/04/2026,195773,pix195773,None,0,0,0, R$  -   ,,,,NLH,0
27/04/2026,195774,pix195774,None,0,0,0, R$  -   ,,,,NLH,0
27/04/2026,195780,pix195780,None,0,"68,5",0," R$  68,50 ","0,00%","100,00%","0,00%",MTT,"-668,13"
27/04/2026,191922,jubzin7,None,0,5,0," R$  5,00 ","0,00%","100,00%","0,00%",MTT,-50
27/04/2026,129280,William Junior,None,0,"0,1",0," R$  0,10 ","0,00%","100,00%","0,00%",MTT,-1
27/04/2026,193619,ZulianJV,None,0,24,0," R$  24,00 ","0,00%","100,00%","0,00%",MTT,-240
27/04/2026,105323,Serra City,None,0,0,0, R$  -   ,,,,NLH,0
27/04/2026,105379,AD1D4S,None,0,0,0, R$  -   ,,,,NLH,0
27/04/2026,105484,azaradoooo,None,0,"0,1",0," R$  0,10 ","0,00%","100,00%","0,00%",MTT,"-0,27"
27/04/2026,106763,Rair Fox,None,0,0,0, R$  -   ,,,,NLH,0
27/04/2026,107187,pix107187,None,0,0,0, R$  -   ,,,,NLH,0
27/04/2026,107336,slawer,None,0,0,0, R$  -   ,,,,NLH,0
27/04/2026,116764,leandroSant,None,"0,62","0,2","0,82"," R$  1,64 ","37,80%","12,20%","50,00%",PLO6,"-7,75"
27/04/2026,134373,fio bao,None,0,0,0, R$  -   ,,,,NLH,0
27/04/2026,139201,misterio331,None,0,0,0, R$  -   ,,,,NLH,"0,51"
27/04/2026,143190,Erivan01,None,0,0,0, R$  -   ,,,,NLH,0
27/04/2026,149121,Jucelio,None,0,0,0, R$  -   ,,,,NLH,0
27/04/2026,160412,pix160412,None,0,0,0, R$  -   ,,,,NLH,0
27/04/2026,161533,pix161533,None,0,0,0, R$  -   ,,,,NLH,"0,73"
27/04/2026,162797,gabbifm33,None,0,0,0, R$  -   ,,,,NLH,0
27/04/2026,170343,JJ-metal,None,0,0,0, R$  -   ,,,,NLH,0
27/04/2026,170734,pix170734,None,0,0,0, R$  -   ,,,,NLH,0
27/04/2026,171735,veronicabc,None,0,0,0, R$  -   ,,,,NLH,0
27/04/2026,171757,pix171757,None,0,0,0, R$  -   ,,,,NLH,0
27/04/2026,171791,pix171791,None,0,0,0, R$  -   ,,,,NLH,0
27/04/2026,172258,pix172258,None,0,0,0, R$  -   ,,,,NLH,0
27/04/2026,172976,NR⁰¹⁹,None,0,0,0, R$  -   ,,,,NLH,0
27/04/2026,172979,pix172979,None,0,0,0, R$  -   ,,,,NLH,0
27/04/2026,173124,pix173124,None,0,0,0, R$  -   ,,,,NLH,0
27/04/2026,176694,veroniicabc,None,0,0,0, R$  -   ,,,,NLH,0
27/04/2026,177067,FCS9,None,0,"1,7",0," R$  1,70 ","0,00%","100,00%","0,00%",MTT,"-14,81"
27/04/2026,177358,Veronicaborges,None,0,0,0, R$  -   ,,,,NLH,0
27/04/2026,180375,LCS13BR,None,0,0,0, R$  -   ,,,,NLH,0
27/04/2026,182027,Capivara,None,0,0,0, R$  -   ,,,,NLH,0
27/04/2026,182216,Xinxa Da Cebola,None,0,0,0, R$  -   ,,,,NLH,0
27/04/2026,186053,manobronx,None,0,0,0, R$  -   ,,,,NLH,0
27/04/2026,188969,Gylly CWB,None,0,0,0, R$  -   ,,,,NLH,0
27/04/2026,193437,pix193437,None,0,0,0, R$  -   ,,,,NLH,0
27/04/2026,194085,pix194085,None,0,0,0, R$  -   ,,,,NLH,0
27/04/2026,194315,pix194315,None,0,0,0, R$  -   ,,,,NLH,"1,05"
27/04/2026,194835,Gladiador2026,None,0,"0,1",0," R$  0,10 ","0,00%","100,00%","0,00%",MTT,"0,52"
27/04/2026,195782,pix195782,None,0,0,0, R$  -   ,,,,NLH,0
27/04/2026,195744,??Mony??,None,0,"0,7",0," R$  0,70 ","0,00%","100,00%","0,00%",MTT,-7
27/04/2026,195274,Jabulani,None,"0,81","0,2","2,1"," R$  3,11 ","26,05%","6,43%","67,52%",PLO6,"-1,08"
27/04/2026,195788,evol,None,0,"1,45","0,26"," R$  1,71 ","0,00%","84,80%","15,20%",MTT,"-18,5"
27/04/2026,165346,pix165346,None,0,0,0, R$  -   ,,,,NLH,0
27/04/2026,172246,FoiNadaaa,None,0,0,0, R$  -   ,,,,NLH,0
27/04/2026,173515,pix173515,None,0,"0,3",0," R$  0,30 ","0,00%","100,00%","0,00%",MTT,-3
27/04/2026,185424,pix185424,None,0,0,0, R$  -   ,,,,NLH,0
27/04/2026,186056,pix186056,None,0,0,0, R$  -   ,,,,NLH,0
27/04/2026,191332,pix191332,None,0,"0,1",0," R$  0,10 ","0,00%","100,00%","0,00%",MTT,-1
27/04/2026,195263,dramática,None,0,"0,1",0," R$  0,10 ","0,00%","100,00%","0,00%",MTT,"0,39"
27/04/2026,195797,Putiane?,None,"0,32",0,0," R$  0,32 ","100,00%","0,00%","0,00%",NLH,"0,04"
27/04/2026,158337,bolinha10,None,"0,49",0,0," R$  0,49 ","100,00%","0,00%","0,00%",NLH,-5
27/04/2026,195556,pix195556,None,"0,14",0,0," R$  0,14 ","100,00%","0,00%","0,00%",NLH,-4
27/04/2026,195794,alearaujo,None,"7,16",0,"0,03"," R$  7,19 ","99,58%","0,00%","0,42%",NLH,-100
27/04/2026,195606,vencedor090,None,"53,5",0,0," R$  53,50 ","100,00%","0,00%","0,00%",NLH,"9,55"
27/04/2026,115887,Near,None,"6,21","0,2",0," R$  6,41 ","96,88%","3,12%","0,00%",NLH,-22
27/04/2026,195789,lucas021,None,"6,32",0,0," R$  6,32 ","100,00%","0,00%","0,00%",NLH,-20
27/04/2026,195798,Porzelt,None,"2,54",0,0," R$  2,54 ","100,00%","0,00%","0,00%",NLH,-12
27/04/2026,193218,box405,None,0,1,"180,37"," R$  181,37 ","0,00%","0,55%","99,45%",PLO6,-800
27/04/2026,191227,pix191227,None,0,"0,1",0," R$  0,10 ","0,00%","100,00%","0,00%",MTT,-1
27/04/2026,105494,maguila,None,0,"0,7",0," R$  0,70 ","0,00%","100,00%","0,00%",MTT,"-0,58"
27/04/2026,127583,JJ é Fold,None,0,0,0, R$  -   ,,,,NLH,0
27/04/2026,155750,Jovem,None,0,0,0, R$  -   ,,,,NLH,"1,27"
27/04/2026,162785,BlackRiver,None,0,0,0, R$  -   ,,,,NLH,0
27/04/2026,165703,Lena9000,None,0,0,0, R$  -   ,,,,NLH,0
27/04/2026,177060,pix177060,None,0,0,0, R$  -   ,,,,NLH,0
27/04/2026,177227,ET_BILU,None,0,0,0, R$  -   ,,,,NLH,0
27/04/2026,181074,pix181074,None,0,0,0, R$  -   ,,,,NLH,0
27/04/2026,181075,pix181075,None,0,0,0, R$  -   ,,,,NLH,0
27/04/2026,181076,pix181076,None,0,0,0, R$  -   ,,,,NLH,0
27/04/2026,181095,pix181095,None,0,0,0, R$  -   ,,,,NLH,0
27/04/2026,181567,pix181567,None,0,0,0, R$  -   ,,,,NLH,0
27/04/2026,181568,pix181568,None,0,0,0, R$  -   ,,,,NLH,0
27/04/2026,181570,pix181570,None,0,0,0, R$  -   ,,,,NLH,0
27/04/2026,181571,pix181571,None,0,0,0, R$  -   ,,,,NLH,0
27/04/2026,182029,pix182029,None,0,0,0, R$  -   ,,,,NLH,0
27/04/2026,182030,pix182030,None,0,0,0, R$  -   ,,,,NLH,0
27/04/2026,188591,jujivell,None,0,0,0, R$  -   ,,,,NLH,0
27/04/2026,191331,pix191331,None,0,0,0, R$  -   ,,,,NLH,0
27/04/2026,192149,pix192149,None,0,"0,1","1,05"," R$  1,15 ","0,00%","8,70%","91,30%",PLO6,0
27/04/2026,192189,pix192189,None,0,0,0, R$  -   ,,,,NLH,0
27/04/2026,192259,pix192259,None,0,0,0, R$  -   ,,,,NLH,0
27/04/2026,195273,Neymagro,None,0,0,0, R$  -   ,,,,NLH,0
27/04/2026,195793,Bris4:20,None,0,0,0, R$  -   ,,,,NLH,0
27/04/2026,109677,rafaelsanntos,None,"42,11",0,"10,89"," R$  53,00 ","79,45%","0,00%","20,55%",NLH,-380
27/04/2026,179589,Dhiwick,None,0,14,0," R$  14,00 ","0,00%","100,00%","0,00%",MTT,"-128,75"
27/04/2026,124409,camisa7,None,0,"0,1",0," R$  0,10 ","0,00%","100,00%","0,00%",MTT,"-0,12"
27/04/2026,146616,ESQUELETO,None,0,"0,1",0," R$  0,10 ","0,00%","100,00%","0,00%",MTT,-1
27/04/2026,146622,Silvio Santos poker,None,0,"0,1",0," R$  0,10 ","0,00%","100,00%","0,00%",MTT,-1
27/04/2026,153303,Marc Pk five,None,0,0,0, R$  -   ,,,,NLH,"0,9"
27/04/2026,153305,Marconi galego,None,0,0,0, R$  -   ,,,,NLH,"0,9"
27/04/2026,174860,Sheika,None,0,0,0, R$  -   ,,,,NLH,0
27/04/2026,176746,Mark Ivey,None,0,0,0, R$  -   ,,,,NLH,0
27/04/2026,177012,Como Tchê,None,0,0,0, R$  -   ,,,,NLH,"2,99"
27/04/2026,178556,Sajaum,None,0,0,0, R$  -   ,,,,NLH,0
27/04/2026,178561,Gi Genesini,None,"0,41",0,0," R$  0,41 ","100,00%","0,00%","0,00%",NLH,0
27/04/2026,179757,zorrokkk,None,0,0,0, R$  -   ,,,,NLH,"0,64"
27/04/2026,180282,pixmaicon,None,0,"0,1","0,32"," R$  0,42 ","0,00%","23,81%","76,19%",PLO6,"1,66"
27/04/2026,180519,renatorusso,None,0,"0,1",0," R$  0,10 ","0,00%","100,00%","0,00%",MTT,"2,12"
27/04/2026,180523,psao7608,None,0,0,0, R$  -   ,,,,NLH,0
27/04/2026,183149,CABELUDOBAR,None,0,0,0, R$  -   ,,,,NLH,0
27/04/2026,195272,Super Catao,None,0,0,0, R$  -   ,,,,NLH,0
27/04/2026,195543,lavx,None,0,0,0, R$  -   ,,,,NLH,0
27/04/2026,195668,FullHaxx,None,0,0,0, R$  -   ,,,,NLH,0
27/04/2026,195673,pix195673,None,0,0,0, R$  -   ,,,,NLH,0
27/04/2026,156555,Kaio_PE,None,0,"1,9",0," R$  1,90 ","0,00%","100,00%","0,00%",MTT,-19
27/04/2026,167656,Bigodinhopoker,None,"0,88","2,2",0," R$  3,08 ","28,57%","71,43%","0,00%",MTT,"-1,78"
27/04/2026,195562,Angelhb,None,0,"2,2",0," R$  2,20 ","0,00%","100,00%","0,00%",MTT,-22
27/04/2026,195695,pix195695,None,0,1,0," R$  1,00 ","0,00%","100,00%","0,00%",MTT,-10
27/04/2026,103039,pix103039,None,0,0,0, R$  -   ,,,,NLH,0
27/04/2026,123490,largatixa,None,0,"0,2",0," R$  0,20 ","0,00%","100,00%","0,00%",MTT,"-1,49"
27/04/2026,147269,paracetamol,None,0,0,0, R$  -   ,,,,NLH,0
27/04/2026,169526,soniamgfm2,None,0,0,0, R$  -   ,,,,NLH,0
27/04/2026,170099,Alexandre fm,None,0,0,0, R$  -   ,,,,NLH,0
27/04/2026,170102,pix170102,None,0,0,0, R$  -   ,,,,NLH,0
27/04/2026,183315,pix183315,None,0,0,0, R$  -   ,,,,NLH,0
27/04/2026,187871,pix187871,None,0,0,0, R$  -   ,,,,NLH,0
27/04/2026,191195,pix191195,None,0,0,0, R$  -   ,,,,NLH,0
27/04/2026,191196,pix191196,None,0,0,0, R$  -   ,,,,NLH,0
27/04/2026,194102,pix194102,None,0,0,0, R$  -   ,,,,NLH,0
27/04/2026,195800,NiinjaCe,None,0,4,0," R$  4,00 ","0,00%","100,00%","0,00%",MTT,"-30,5"
27/04/2026,195801,pix195801,None,0,0,0, R$  -   ,,,,NLH,0
27/04/2026,195804,pix195804,None,0,0,"0,32"," R$  0,32 ","0,00%","0,00%","100,00%",PLO6,"7,06"
27/04/2026,103133,Lainzine,None,"0,72","0,3",0," R$  1,02 ","70,59%","29,41%","0,00%",NLH,"3,66"
27/04/2026,195802,pix195802,None,0,0,0, R$  -   ,,,,NLH,0
27/04/2026,195803,pix195803,None,0,0,0, R$  -   ,,,,NLH,0
27/04/2026,123911,IAGODT,None,"2,43",0,0," R$  2,43 ","100,00%","0,00%","0,00%",NLH,"10,11"
27/04/2026,138124,pix138124,None,"13,42","7,5",0," R$  20,92 ","64,15%","35,85%","0,00%",NLH,"-102,7"
27/04/2026,187011,FortalezaEc,None,"9,66",0,0," R$  9,66 ","100,00%","0,00%","0,00%",NLH,"-43,54"
27/04/2026,141480,Founar,None,"3,68",0,0," R$  3,68 ","100,00%","0,00%","0,00%",NLH,"17,45"
27/04/2026,162415,phzivisk,None,"2,43",0,0," R$  2,43 ","100,00%","0,00%","0,00%",NLH,-30
27/04/2026,172590,pix172590,None,"7,93",0,0," R$  7,93 ","100,00%","0,00%","0,00%",NLH,-30
27/04/2026,171318,pix171318,None,"4,11",0,0," R$  4,11 ","100,00%","0,00%","0,00%",NLH,"1,35"
27/04/2026,193994,moído,None,0,"5,9","0,62"," R$  6,52 ","0,00%","90,49%","9,51%",MTT,"-48,36"
27/04/2026,154477,pix154477,None,0,0,"0,79"," R$  0,79 ","0,00%","0,00%","100,00%",PLO6,"-4,03"
27/04/2026,181916,Rafael Fonseca,None,"7,37",0,0," R$  7,37 ","100,00%","0,00%","0,00%",NLH,"10,39"
27/04/2026,171207,danizin011,None,"2,37",0,"2,54"," R$  4,91 ","48,27%","0,00%","51,73%",PLO6,"-27,37"
27/04/2026,190837,LOKOLOKO,None,0,"15,1",0," R$  15,10 ","0,00%","100,00%","0,00%",MTT,"155,72"
27/04/2026,101709,pix101709,None,0,0,0, R$  -   ,,,,NLH,"0,73"
27/04/2026,120890,ItaloDo7?,None,0,0,0, R$  -   ,,,,NLH,0
27/04/2026,123166,bryanwinner,None,"0,3","0,1",0," R$  0,40 ","75,00%","25,00%","0,00%",NLH,"-3,73"
27/04/2026,135657,Pauloestrela,None,0,0,0, R$  -   ,,,,NLH,0
27/04/2026,164085,DrawingDead,None,0,0,0, R$  -   ,,,,NLH,0
27/04/2026,166793,AA+JJ+36,None,0,0,0, R$  -   ,,,,NLH,"0,77"
27/04/2026,166985,Campeão,None,0,0,0, R$  -   ,,,,NLH,0
27/04/2026,169061,gbalasb,None,0,0,0, R$  -   ,,,,NLH,0
27/04/2026,171217,xLordRandall,None,0,0,0, R$  -   ,,,,NLH,"1,52"
27/04/2026,173106,pix173106,None,0,0,0, R$  -   ,,,,NLH,0
27/04/2026,176151,nabira,None,0,0,0, R$  -   ,,,,NLH,0
27/04/2026,177167,MrBabayaga,None,0,0,0, R$  -   ,,,,NLH,0
27/04/2026,178690,Synergye,None,0,0,0, R$  -   ,,,,NLH,0
27/04/2026,179788,th200,None,0,0,0, R$  -   ,,,,NLH,0
27/04/2026,187469,visaodecego,None,0,0,0, R$  -   ,,,,NLH,0
27/04/2026,187472,pix187472,None,0,0,0, R$  -   ,,,,NLH,0
27/04/2026,194267,Fenix777,None,0,0,0, R$  -   ,,,,NLH,0
27/04/2026,195537,pix195537,None,0,0,0, R$  -   ,,,,NLH,0
27/04/2026,195718,pix195718,None,0,0,0, R$  -   ,,,,NLH,0
27/04/2026,195805,pix195805,None,0,0,0, R$  -   ,,,,NLH,0
27/04/2026,195810,pix195810,None,0,0,0, R$  -   ,,,,NLH,0
27/04/2026,135565,pix135565,None,0,0,"10,57"," R$  10,57 ","0,00%","0,00%","100,00%",PLO6,-67
27/04/2026,144864,xKalcinha,None,0,0,"611,25"," R$  611,25 ","0,00%","0,00%","100,00%",PLO6,"3576,57"
27/04/2026,193624,pix193624,None,0,"0,6",0," R$  0,60 ","0,00%","100,00%","0,00%",MTT,-6
27/04/2026,182721,pix182721,None,0,0,"113,76"," R$  113,76 ","0,00%","0,00%","100,00%",PLO6,-317
27/04/2026,132945,k99999,None,"0,02","4,8","0,1"," R$  4,92 ","0,41%","97,56%","2,03%",MTT,"27,42"
27/04/2026,152009,NsMM,None,"0,21",0,0," R$  0,21 ","100,00%","0,00%","0,00%",NLH,"-3,88"
27/04/2026,169213,matiasf,None,"0,31",0,0," R$  0,31 ","100,00%","0,00%","0,00%",NLH,"-5,1"
27/04/2026,139923,𝓡𝓮𝓷𝓪𝓷,None,"6,39",0,0," R$  6,39 ","100,00%","0,00%","0,00%",NLH,"-15,21"
27/04/2026,165639,VS 21,None,"25,41",0,0," R$  25,41 ","100,00%","0,00%","0,00%",NLH,"194,82"
27/04/2026,126340,pix126340,None,0,"0,1",0," R$  0,10 ","0,00%","100,00%","0,00%",MTT,"-0,25"
27/04/2026,147988,pix147988,None,0,0,0, R$  -   ,,,,NLH,0
27/04/2026,147993,Bella07,None,0,0,0, R$  -   ,,,,NLH,0
27/04/2026,153487,vamboragaroto,None,0,0,0, R$  -   ,,,,NLH,0
27/04/2026,158183,vitinn,None,0,0,0, R$  -   ,,,,NLH,0
27/04/2026,167984,leidegaga,None,0,0,0, R$  -   ,,,,NLH,0
27/04/2026,188950,Nectyzim,None,0,0,0, R$  -   ,,,,NLH,0
27/04/2026,195715,pix195715,None,0,0,0, R$  -   ,,,,NLH,0
27/04/2026,139485,pix139485,None,0,0,"4,99"," R$  4,99 ","0,00%","0,00%","100,00%",PLO6,"72,51"
27/04/2026,195815,ggreal,None,0,0,"989,19"," R$  989,19 ","0,00%","0,00%","100,00%",PLO6,"-999,88"
27/04/2026,195552,CREU!,None,0,0,"1,39"," R$  1,39 ","0,00%","0,00%","100,00%",PLO6,-20
27/04/2026,195818,pix195818,None,0,0,"3,76"," R$  3,76 ","0,00%","0,00%","100,00%",PLO6,-60
27/04/2026,167404,Morinh@,None,0,"4,5",0," R$  4,50 ","0,00%","100,00%","0,00%",MTT,"-36,01"
27/04/2026,194114,stormwoede,None,0,"1,75",0," R$  1,75 ","0,00%","100,00%","0,00%",MTT,"-17,5"
27/04/2026,195733,fredxota,None,0,3,0," R$  3,00 ","0,00%","100,00%","0,00%",MTT,-30
27/04/2026,189814,pix189814,None,0,0,"20,43"," R$  20,43 ","0,00%","0,00%","100,00%",PLO6,-200
27/04/2026,129756,pix129756,None,0,0,"157,9"," R$  157,90 ","0,00%","0,00%","100,00%",PLO6,"498,11"
27/04/2026,151057,Beto $alada,None,0,"7,6",0," R$  7,60 ","0,00%","100,00%","0,00%",MTT,"154,85"
27/04/2026,195827,pix195827,None,"1,59",0,"3,28"," R$  4,87 ","32,65%","0,00%","67,35%",PLO6,-35
27/04/2026,195817,wglfilho3,None,"9,75",0,0," R$  9,75 ","100,00%","0,00%","0,00%",NLH,-100
27/04/2026,140920,Nunes06,None,0,"4,24",0," R$  4,24 ","0,00%","100,00%","0,00%",MTT,"-37,15"
27/04/2026,157010,JorgeSousa,None,0,8,0," R$  8,00 ","0,00%","100,00%","0,00%",MTT,"163,46"
27/04/2026,185338,vitinhosplay,None,0,"4,1",0," R$  4,10 ","0,00%","100,00%","0,00%",MTT,-41
27/04/2026,118141,mozo,None,"0,75",0,0," R$  0,75 ","100,00%","0,00%","0,00%",NLH,-10
27/04/2026,132584,allwin,None,"1,61",0,0," R$  1,61 ","100,00%","0,00%","0,00%",NLH,-5
27/04/2026,147247,oficial,None,"10,12",0,"0,24"," R$  10,36 ","97,68%","0,00%","2,32%",NLH,"-78,73"
27/04/2026,182011,pix182011,None,"0,29","0,7",0," R$  0,99 ","29,29%","70,71%","0,00%",MTT,-11
27/04/2026,193328,Japoneis,None,"2,36",0,0," R$  2,36 ","100,00%","0,00%","0,00%",NLH,"11,22"
27/04/2026,195809,pix195809,None,"3,67",0,"16,79"," R$  20,46 ","17,94%","0,00%","82,06%",PLO6,-128
27/04/2026,195830,pix195830,None,"1,15",0,"13,56"," R$  14,71 ","7,82%","0,00%","92,18%",PLO6,"-185,53"
27/04/2026,195831,pix195831,None,"1,08","0,3",0," R$  1,38 ","78,26%","21,74%","0,00%",NLH,-7
27/04/2026,105324,pix105324,None,0,0,0, R$  -   ,,,,NLH,0
27/04/2026,112977,VULGOALADIN,None,0,0,0, R$  -   ,,,,NLH,0
27/04/2026,134981,Rodrigo Guebur,None,0,0,0, R$  -   ,,,,NLH,0
27/04/2026,136911,deixaeuganha,None,0,0,0, R$  -   ,,,,NLH,0
27/04/2026,136914,servente de pedreiro,None,0,0,0, R$  -   ,,,,NLH,0
27/04/2026,138629,baianinhodemaua_,None,0,0,0, R$  -   ,,,,NLH,0
27/04/2026,138917,pix138917,None,0,0,0, R$  -   ,,,,NLH,"1,29"
27/04/2026,139124,Sann13,None,0,0,0, R$  -   ,,,,NLH,0
27/04/2026,175565,ébrio,None,0,0,0, R$  -   ,,,,NLH,0
27/04/2026,178439,Hanna,None,0,0,0, R$  -   ,,,,NLH,0
27/04/2026,179278,ZEDOKAU,None,0,0,0, R$  -   ,,,,NLH,0
27/04/2026,179715,joker777louco,None,0,0,0, R$  -   ,,,,NLH,"2,83"
27/04/2026,188028,partiu MA,None,0,0,0, R$  -   ,,,,NLH,0
27/04/2026,188904,pix188904,None,0,0,0, R$  -   ,,,,NLH,"0,75"
27/04/2026,188905,pix188905,None,0,0,0, R$  -   ,,,,NLH,0
27/04/2026,195823,pix195823,None,0,0,0, R$  -   ,,,,NLH,0
27/04/2026,195824,pix195824,None,0,0,0, R$  -   ,,,,NLH,0
27/04/2026,195825,pix195825,None,0,0,0, R$  -   ,,,,NLH,0
27/04/2026,195826,pix195826,None,0,0,0, R$  -   ,,,,NLH,"0,75"
27/04/2026,101899,Mago,None,"1,09",0,0," R$  1,09 ","100,00%","0,00%","0,00%",NLH,"-15,1"
27/04/2026,188540,pix188540,None,"1,56",0,0," R$  1,56 ","100,00%","0,00%","0,00%",NLH,-20
27/04/2026,171504,miguellito33,None,0,0,"2,24"," R$  2,24 ","0,00%","0,00%","100,00%",PLO6,-30
27/04/2026,188144,Naza*369*,None,0,"0,1",0," R$  0,10 ","0,00%","100,00%","0,00%",MTT,-1
27/04/2026,104890,pix104890,None,0,0,0, R$  -   ,,,,NLH,0
27/04/2026,106260,kidpoker,None,0,"0,2",0," R$  0,20 ","0,00%","100,00%","0,00%",MTT,-2
27/04/2026,119399,pix119399,None,0,0,0, R$  -   ,,,,NLH,0
27/04/2026,127416,PRIMEPOKER,None,0,0,0, R$  -   ,,,,NLH,0
27/04/2026,127631,M4LANDR0,None,0,0,0, R$  -   ,,,,NLH,0
27/04/2026,127633,GL4DIAD0R,None,0,0,0, R$  -   ,,,,NLH,0
27/04/2026,128754,C4BULOS0,None,0,0,0, R$  -   ,,,,NLH,0
27/04/2026,128755,PER1GOS0,None,0,0,0, R$  -   ,,,,NLH,0
27/04/2026,132044,FASH1N4,None,0,0,0, R$  -   ,,,,NLH,0
27/04/2026,139105,M4TAD0R,None,0,0,0, R$  -   ,,,,NLH,0
27/04/2026,146440,B0L4D0,None,0,0,0, R$  -   ,,,,NLH,0
27/04/2026,146443,C4LABRES0,None,0,0,0, R$  -   ,,,,NLH,0
27/04/2026,146447,PIRAT4,None,0,0,0, R$  -   ,,,,NLH,0
27/04/2026,147165,L4DRA0,None,0,0,0, R$  -   ,,,,NLH,0
27/04/2026,150697,Sperandio,None,0,0,0, R$  -   ,,,,NLH,0
27/04/2026,158108,capitão,None,0,0,0, R$  -   ,,,,NLH,0
27/04/2026,160495,gmorett,None,0,0,0, R$  -   ,,,,NLH,0
27/04/2026,193451,IlhaPoker,None,0,0,0, R$  -   ,,,,NLH,0
27/04/2026,194514,JA.tirocerto,None,0,0,0, R$  -   ,,,,NLH,0
27/04/2026,195277,pix195277,None,0,0,0, R$  -   ,,,,NLH,0
27/04/2026,145781,nandolemoos,None,0,"10,5",0," R$  10,50 ","0,00%","100,00%","0,00%",MTT,-105
27/04/2026,195661,trembala,None,0,0,"17,18"," R$  17,18 ","0,00%","0,00%","100,00%",PLO6,"216,23"
27/04/2026,155798,LampiãoMCZ,None,0,0,0, R$  -   ,,,,NLH,"1,72"
27/04/2026,145083,Tapago,None,0,32,0," R$  32,00 ","0,00%","100,00%","0,00%",MTT,-320
27/04/2026,150865,Aciole,None,0,8,0," R$  8,00 ","0,00%","100,00%","0,00%",MTT,0
27/04/2026,154087,123?,None,0,44,0," R$  44,00 ","0,00%","100,00%","0,00%",MTT,-360
27/04/2026,143654,BingaBinga,None,0,"0,1",0," R$  0,10 ","0,00%","100,00%","0,00%",MTT,-1
27/04/2026,195490,Nelsoncaminhões,None,0,"6,5",0," R$  6,50 ","0,00%","100,00%","0,00%",MTT,-65
27/04/2026,171126,DomadorDeFemea,None,"0,7",0,0," R$  0,70 ","100,00%","0,00%","0,00%",NLH,-10
27/04/2026,131141,Ags95,None,0,0,0, R$  -   ,,,,NLH,0
27/04/2026,142773,thaisgonçalves,None,0,0,0, R$  -   ,,,,NLH,0
27/04/2026,143064,pawerrangersrosa,None,0,0,0, R$  -   ,,,,NLH,0
27/04/2026,143066,mulher gato,None,0,0,0, R$  -   ,,,,NLH,0
27/04/2026,145268,malvadaopirata,None,0,0,0, R$  -   ,,,,NLH,0
27/04/2026,146295,pix146295,None,0,0,0, R$  -   ,,,,NLH,0
27/04/2026,173640,pix173640,None,0,0,0, R$  -   ,,,,NLH,0
27/04/2026,176200,pix176200,None,0,0,0, R$  -   ,,,,NLH,0
27/04/2026,176219,pix176219,None,0,0,0, R$  -   ,,,,NLH,0
27/04/2026,176656,yuyu,None,0,0,0, R$  -   ,,,,NLH,0
27/04/2026,177177,pix177177,None,0,0,0, R$  -   ,,,,NLH,0
27/04/2026,181910,pix181910,None,0,0,0, R$  -   ,,,,NLH,0
27/04/2026,182179,Jesus Chrysler,None,0,0,0, R$  -   ,,,,NLH,0
27/04/2026,186784,gato ?,None,0,0,0, R$  -   ,,,,NLH,0
27/04/2026,194695,pix194695,None,0,0,0, R$  -   ,,,,NLH,0
27/04/2026,148110,Bona77,AF - RR,0,"8,4",0," R$  8,40 ","0,00%","100,00%","0,00%",MTT,-84
27/04/2026,100451,zumbi da noite,AF - RR,"5,72",0,"124,91"," R$  130,63 ","4,38%","0,00%","95,62%",PLO6,"-359,48"
27/04/2026,126204,djoker,AF - RR,"0,22","0,8","5,1"," R$  6,12 ","3,59%","13,07%","83,33%",PLO6,-24
27/04/2026,126584,K13b50n007,AF - RR,0,0,0, R$  -   ,,,,NLH,0
27/04/2026,145018,HUGUINHO,AF - RR,0,"17,5","303,97"," R$  321,47 ","0,00%","5,44%","94,56%",PLO6,"-999,74"
27/04/2026,165746,Brunoboka,AF - RR,0,0,"428,23"," R$  428,23 ","0,00%","0,00%","100,00%",PLO6,"-749,22"
27/04/2026,144230,ChefeAlex,AF - RR,"21,71",0,0," R$  21,71 ","100,00%","0,00%","0,00%",NLH,-200
27/04/2026,141775,televisao123,AF - RR,0,0,"1,89"," R$  1,89 ","0,00%","0,00%","100,00%",PLO6,-25
27/04/2026,146076,zipplockk,AF - RR,0,8,0," R$  8,00 ","0,00%","100,00%","0,00%",MTT,0
27/04/2026,150078,Shaco ?,AF - ARTHUR CABRAL,"27,46","44,5","2,46"," R$  74,42 ","36,90%","59,80%","3,31%",MTT,136
27/04/2026,150523,Reinoriver,AF - ARTHUR CABRAL,0,"19,65",0," R$  19,65 ","0,00%","100,00%","0,00%",MTT,"20,14"
27/04/2026,106802,??Sued??,AF - ARTHUR CABRAL,"232,7","3,4",0," R$  236,10 ","98,56%","1,44%","0,00%",NLH,"-748,7"
27/04/2026,105506,Tetopoker,AF - ARTHUR CABRAL,0,0,"98,2"," R$  98,20 ","0,00%","0,00%","100,00%",PLO6,"-664,97"
27/04/2026,104400,Brenin10,AF - ARTHUR CABRAL,0,2,"279,78"," R$  281,78 ","0,00%","0,71%","99,29%",PLO6,"-502,06"
27/04/2026,123791,Jota1010,AF - ARTHUR CABRAL,0,"0,1","376,56"," R$  376,66 ","0,00%","0,03%","99,97%",PLO6,"-1770,41"
27/04/2026,147268,DOM P,AF - ARTHUR CABRAL,0,0,"2344,31"," R$  2.344,31 ","0,00%","0,00%","100,00%",PLO6,"-604,4"
27/04/2026,183813,cleo,AF - ARTHUR CABRAL,0,"6,9","139,89"," R$  146,79 ","0,00%","4,70%","95,30%",PLO6,"-716,98"
27/04/2026,194632,pix194632,AF - ARTHUR CABRAL,0,0,"262,05"," R$  262,05 ","0,00%","0,00%","100,00%",PLO6,"-923,69"
27/04/2026,150716,Choi Mu-jin,AF - ARTHUR CABRAL,"5,6","19,1","2,53"," R$  27,23 ","20,57%","70,14%","9,29%",MTT,"-40,78"
27/04/2026,125296,FoldNutts,AF - ARTHUR CABRAL,"224,58",0,"616,15"," R$  840,73 ","26,71%","0,00%","73,29%",PLO6,"1185,45"
27/04/2026,151781,doadorAA,AF - ARTHUR CABRAL,"2,63",0,"2,14"," R$  4,77 ","55,14%","0,00%","44,86%",NLH,-29
27/04/2026,155888,Salamanca,AF - ARTHUR CABRAL,0,"0,1","2,94"," R$  3,04 ","0,00%","3,29%","96,71%",PLO6,24
27/04/2026,195438,pix195438,AF - ARTHUR CABRAL,"10,06",0,0," R$  10,06 ","100,00%","0,00%","0,00%",NLH,"-43,44"
27/04/2026,174221,XANDINHO,AF - ARTHUR CABRAL,"12,78",0,"840,97"," R$  853,75 ","1,50%","0,00%","98,50%",PLO6,"-2005,09"
27/04/2026,159448,sem noção,AF - ARTHUR CABRAL,"75,87",0,0," R$  75,87 ","100,00%","0,00%","0,00%",NLH,"-83,2"
27/04/2026,163452,pix163452,AF - ARTHUR CABRAL,"10,14","8,1","0,28"," R$  18,52 ","54,75%","43,74%","1,51%",NLH,"-125,99"
27/04/2026,177717,regularizando,AF - ARTHUR CABRAL,"35,02",0,"4,55"," R$  39,57 ","88,50%","0,00%","11,50%",NLH,"-55,52"
27/04/2026,177979,Ôh CheFe,AF - ARTHUR CABRAL,"101,71",0,"292,3"," R$  394,01 ","25,81%","0,00%","74,19%",PLO6,-2538
27/04/2026,179903,pix179903,AF - ARTHUR CABRAL,"207,67",0,"868,32"," R$  1.075,99 ","19,30%","0,00%","80,70%",PLO6,"1541,64"
27/04/2026,178732,LUIZ INACIL,AF - ARTHUR CABRAL,0,"3,6","4,69"," R$  8,29 ","0,00%","43,43%","56,57%",PLO6,-68
27/04/2026,143629,Lascou-se,AF - ARTHUR CABRAL,0,27,"1299,01"," R$  1.326,01 ","0,00%","2,04%","97,96%",PLO6,"-797,68"
27/04/2026,145461,ficha no pano,AF - ARTHUR CABRAL,0,0,"57,27"," R$  57,27 ","0,00%","0,00%","100,00%",PLO6,"-223,27"
27/04/2026,187576,Power Rangers,AF - ARTHUR CABRAL,"105,66",0,"84,47"," R$  190,13 ","55,57%","0,00%","44,43%",NLH,373
27/04/2026,187825,rutra,AF - ARTHUR CABRAL,"0,25","2,3","27,43"," R$  29,98 ","0,83%","7,67%","91,49%",PLO6,"39,53"
27/04/2026,193500,peteco peteco,AF - ARTHUR CABRAL,0,0,"0,37"," R$  0,37 ","0,00%","0,00%","100,00%",PLO6,"-5,01"
27/04/2026,167813,Edivaldo ??,AF - ARTHUR CABRAL,"19,81",0,0," R$  19,81 ","100,00%","0,00%","0,00%",NLH,-120
27/04/2026,123425,Lisura,AF - ARTHUR CABRAL,0,0,"1799,26"," R$  1.799,26 ","0,00%","0,00%","100,00%",PLO6,"-9071,34"
27/04/2026,171967,chico bala,AF - ARTHUR CABRAL,0,0,0, R$  -   ,,,,NLH,0
27/04/2026,173040,Careca1kGrau,AF - ARTHUR CABRAL,0,0,0, R$  -   ,,,,NLH,"1,11"
27/04/2026,104519,Poseidon,AF - ARTHUR CABRAL,0,3,0," R$  3,00 ","0,00%","100,00%","0,00%",MTT,-30
27/04/2026,186161,Samengo,AF - ARTHUR CABRAL,0,"2,7","0,7"," R$  3,40 ","0,00%","79,41%","20,59%",MTT,-32
27/04/2026,114323,do agro?,AF - ARTHUR CABRAL,0,"0,5",0," R$  0,50 ","0,00%","100,00%","0,00%",MTT,-5
27/04/2026,112389,luis.angelim,AF - ARTHUR CABRAL,"6,99","16,7",0," R$  23,69 ","29,51%","70,49%","0,00%",MTT,-241
27/04/2026,187153,SóVouNuts,AF - ARTHUR CABRAL,"2,64",0,0," R$  2,64 ","100,00%","0,00%","0,00%",NLH,"-15,35"
27/04/2026,151720,Merlin,AF - ARTHUR CABRAL,0,3,0," R$  3,00 ","0,00%","100,00%","0,00%",MTT,"-23,25"
27/04/2026,131359,tpguei,AF - ARTHUR CABRAL,"28,56",0,"5,29"," R$  33,85 ","84,37%","0,00%","15,63%",NLH,-69
27/04/2026,159377,papaléguas?,AF - ARTHUR CABRAL,"134,01",0,0," R$  134,01 ","100,00%","0,00%","0,00%",NLH,"-213,78"
27/04/2026,150117,corujaNI,AF - ARTHUR CABRAL,0,"298,5",0," R$  298,50 ","0,00%","100,00%","0,00%",MTT,"-393,45"
27/04/2026,148056,?BRG1 ? JJ,AF - ARTHUR CABRAL,0,"0,3",0," R$  0,30 ","0,00%","100,00%","0,00%",MTT,-3
27/04/2026,177052,BadPix,AF - ARTHUR CABRAL,0,0,0, R$  -   ,,,,NLH,0
27/04/2026,180496,Supremo359,AF - ARTHUR CABRAL,0,0,0, R$  -   ,,,,NLH,0
27/04/2026,159155,Fortunato.137,AF - ARTHUR CABRAL,"3,44",0,"6,63"," R$  10,07 ","34,16%","0,00%","65,84%",PLO6,"-5,83"
27/04/2026,151971,Neto Sinuca Ipuense,AF - ARTHUR CABRAL,"3,55",0,0," R$  3,55 ","100,00%","0,00%","0,00%",NLH,-5
27/04/2026,101820,O Matuto,AF - ARTHUR CABRAL,"58,02",0,103," R$  161,02 ","36,03%","0,00%","63,97%",PLO6,"-590,67"
27/04/2026,178476,FiscaldeFlop,AF - ARTHUR CABRAL,"355,36",0,0," R$  355,36 ","100,00%","0,00%","0,00%",NLH,"-796,67"
27/04/2026,100230,#NJR#,AF - ARTHUR CABRAL,"1,77",0,"3,83"," R$  5,60 ","31,61%","0,00%","68,39%",PLO6,"-17,83"
27/04/2026,109817,pituconha,AF - ARTHUR CABRAL,"2,22",0,0," R$  2,22 ","100,00%","0,00%","0,00%",NLH,-30
27/04/2026,125345,BR071,AF - ARTHUR CABRAL,0,3,0," R$  3,00 ","0,00%","100,00%","0,00%",MTT,0
27/04/2026,154992,Laiho.W.F,AF - ARTHUR CABRAL,0,0,"1,25"," R$  1,25 ","0,00%","0,00%","100,00%",PLO6,-8
27/04/2026,110272,A NO TURN,AF - ARTHUR CABRAL,0,0,0, R$  -   ,,,,NLH,0
27/04/2026,159522,?BM?,AF - ARTHUR CABRAL,"1,79","8,7","3,18"," R$  13,67 ","13,09%","63,64%","23,26%",MTT,-97
27/04/2026,159834,SoLamento,AF - ARTHUR CABRAL,0,"0,1",0," R$  0,10 ","0,00%","100,00%","0,00%",MTT,-1
27/04/2026,172140,AdolfHitler,AF - ARTHUR CABRAL,0,0,0, R$  -   ,,,,NLH,0
27/04/2026,172397,Zeca74,AF - ARTHUR CABRAL,0,"0,1",0," R$  0,10 ","0,00%","100,00%","0,00%",MTT,"0,05"
27/04/2026,160215,Boogeyman,AF - ARTHUR CABRAL,0,27,0," R$  27,00 ","0,00%","100,00%","0,00%",MTT,-270
27/04/2026,160830,LeandroFloriani,AF - ARTHUR CABRAL,"48,6",0,0," R$  48,60 ","100,00%","0,00%","0,00%",NLH,"-226,39"
27/04/2026,161331,BibliaDeGivaldo,AF - ARTHUR CABRAL,"23,04",0,0," R$  23,04 ","100,00%","0,00%","0,00%",NLH,-200
27/04/2026,113118,OLD MONEY,AF - ARTHUR CABRAL,0,"5,5","2,44"," R$  7,94 ","0,00%","69,27%","30,73%",MTT,-86
27/04/2026,170941,PagodaO-,AF - ARTHUR CABRAL,"70,21",0,"1092,33"," R$  1.162,54 ","6,04%","0,00%","93,96%",PLO6,"-2800,24"
27/04/2026,132383,pix132383,AF - ARTHUR CABRAL,0,0,0, R$  -   ,,,,NLH,0
27/04/2026,112648,maniaco da praça,AF - ARTHUR CABRAL,0,"0,1","30,61"," R$  30,71 ","0,00%","0,33%","99,67%",PLO6,-108
27/04/2026,143900,Caralh0,AF - ARTHUR CABRAL,"4,49",0,0," R$  4,49 ","100,00%","0,00%","0,00%",NLH,-58
27/04/2026,182625,guisatiroo,AF - ARTHUR CABRAL,0,"3,5",0," R$  3,50 ","0,00%","100,00%","0,00%",MTT,-35
27/04/2026,164156,KAKACELL,AF - ARTHUR CABRAL,"1,18","4,2","1,6"," R$  6,98 ","16,91%","60,17%","22,92%",MTT,"-31,26"
27/04/2026,100473,FlaPix,AF - ARTHUR CABRAL,"4,85",0,"7,57"," R$  12,42 ","39,05%","0,00%","60,95%",PLO6,-75
27/04/2026,190995,Jhon Arias,AF - ARTHUR CABRAL,0,0,0, R$  -   ,,,,NLH,0
27/04/2026,172353,GARRUDA27??,AF - ARTHUR CABRAL,0,0,"1,32"," R$  1,32 ","0,00%","0,00%","100,00%",PLO6,-16
27/04/2026,195717,pix195717,AF - ARTHUR CABRAL,0,0,"140,61"," R$  140,61 ","0,00%","0,00%","100,00%",PLO6,-215
27/04/2026,134710,Pretaothug,AF - ARTHUR CABRAL,0,1,"9,46"," R$  10,46 ","0,00%","9,56%","90,44%",PLO6,"-145,61"
27/04/2026,182616,urubu do pixe,AF - ARTHUR CABRAL,0,"4,5","72,99"," R$  77,49 ","0,00%","5,81%","94,19%",PLO6,"48,8"
27/04/2026,158421,BOLSONARO??,AF - ARTHUR CABRAL,0,"2,3",0," R$  2,30 ","0,00%","100,00%","0,00%",MTT,-23
27/04/2026,172476,willasmir poker,AF - ARTHUR CABRAL,"1,37",0,0," R$  1,37 ","100,00%","0,00%","0,00%",NLH,"-7,06"
27/04/2026,162667,dr. marcones,AF - ARTHUR CABRAL,0,0,"0,38"," R$  0,38 ","0,00%","0,00%","100,00%",PLO6,-5
27/04/2026,193723,pix193723,AF - ARTHUR CABRAL,0,2,0," R$  2,00 ","0,00%","100,00%","0,00%",MTT,-20
27/04/2026,161607,Smoke,AF - ARTHUR CABRAL,0,0,0, R$  -   ,,,,NLH,0
27/04/2026,162392,deminho,AF - ARTHUR CABRAL,0,3,0," R$  3,00 ","0,00%","100,00%","0,00%",MTT,"320,38"
27/04/2026,165523,Proibido,AF - ARTHUR CABRAL,0,"2,7",0," R$  2,70 ","0,00%","100,00%","0,00%",MTT,-27
27/04/2026,150374,?????,AF - CATHOLÃO,0,"148,1","49,18"," R$  197,28 ","0,00%","75,07%","24,93%",MTT,"-532,29"
27/04/2026,132320,blessedRF,AF - CATHOLÃO,0,0,"89,6"," R$  89,60 ","0,00%","0,00%","100,00%",PLO6,"50,79"
27/04/2026,139707,AkioYutaka,AF - CATHOLÃO,0,10,"6,01"," R$  16,01 ","0,00%","62,46%","37,54%",MTT,"-94,33"
27/04/2026,137593,pix137593,AF - CATHOLÃO,0,0,"449,9"," R$  449,90 ","0,00%","0,00%","100,00%",PLO6,"1353,77"
27/04/2026,150819,HugoDaniel,AF - CATHOLÃO,0,0,"36,7"," R$  36,70 ","0,00%","0,00%","100,00%",PLO6,"-207,95"
27/04/2026,131072,TIGRlNHO,AF - CATHOLÃO,0,0,"940,91"," R$  940,91 ","0,00%","0,00%","100,00%",PLO6,"114,5"
27/04/2026,165527,LIÃO,AF - CATHOLÃO,"1,8",0,"0,43"," R$  2,23 ","80,72%","0,00%","19,28%",NLH,"-19,99"
27/04/2026,149509,pix149509,AF - CATHOLÃO,"2,08","1,6",0," R$  3,68 ","56,52%","43,48%","0,00%",NLH,"-33,61"
27/04/2026,133386,mastsy,AF - CATHOLÃO,"2,8","3,3","254,93"," R$  261,03 ","1,07%","1,26%","97,66%",PLO6,-570
27/04/2026,115288,vicluz10,AF - CATHOLÃO,0,20,0," R$  20,00 ","0,00%","100,00%","0,00%",MTT,-200
27/04/2026,160268,Hedizin,AF - CARLA JP,0,"20,5","16,4"," R$  36,90 ","0,00%","55,56%","44,44%",MTT,"-299,22"
27/04/2026,193416,Santiago83,AF - CARLA JP,0,"5,9",0," R$  5,90 ","0,00%","100,00%","0,00%",MTT,"-54,56"
27/04/2026,147505,D??N,AF - CARLA JP,0,"74,7","15,13"," R$  89,83 ","0,00%","83,16%","16,84%",MTT,"-389,29"
27/04/2026,154196,CoxinhaPoker,AF - CARLA JP,0,"25,3","36,89"," R$  62,19 ","0,00%","40,68%","59,32%",PLO6,216
27/04/2026,111925,XAN?,AF - CARLA JP,0,0,"99,68"," R$  99,68 ","0,00%","0,00%","100,00%",PLO6,"195,43"
27/04/2026,118251,bebelteam,AF - CARLA JP,0,"0,8","13,56"," R$  14,36 ","0,00%","5,57%","94,43%",PLO6,"-140,38"
27/04/2026,174177,-Lokii—,AF - CARLA JP,0,0,"3,09"," R$  3,09 ","0,00%","0,00%","100,00%",PLO6,"-45,01"
27/04/2026,146758,jrdoido,AF - CARLA JP,0,"3,1","247,88"," R$  250,98 ","0,00%","1,24%","98,76%",PLO6,-333
27/04/2026,156724,CARLOS GRANDE,AF - CARLA JP,0,10,"571,23"," R$  581,23 ","0,00%","1,72%","98,28%",PLO6,"-8,18"
27/04/2026,117342,Carla Renna,AF - CARLA JP,0,64,"62,21"," R$  126,21 ","0,00%","50,71%","49,29%",MTT,"189,19"
27/04/2026,121370,TôlinnRabano,AF - CARLA JP,"0,85","13,8","15,94"," R$  30,59 ","2,78%","45,11%","52,11%",PLO6,"-306,13"
27/04/2026,166288,Muryo Kusho,AF - CARLA JP,0,4,"624,32"," R$  628,32 ","0,00%","0,64%","99,36%",PLO6,-519
27/04/2026,195670,ADias,AF - CARLA JP,"35,02",0,0," R$  35,02 ","100,00%","0,00%","0,00%",NLH,"-45,69"
27/04/2026,143649,chibata83,AF - CARLA JP,0,0,"1593,83"," R$  1.593,83 ","0,00%","0,00%","100,00%",PLO6,"-7014,66"
27/04/2026,178216,ibañez ??,AF - CARLA JP,0,"5,1","10,89"," R$  15,99 ","0,00%","31,89%","68,11%",PLO6,"5,97"
27/04/2026,188011,jajanteii,AF - CARLA JP,0,0,"166,9"," R$  166,90 ","0,00%","0,00%","100,00%",PLO6,"-534,81"
27/04/2026,177784,Sheep,AF - CARLA JP,"17,81","5,9","30,6"," R$  54,31 ","32,79%","10,86%","56,34%",PLO6,"-21,04"
27/04/2026,187106,nego bidu2,AF - CARLA JP,"0,4","21,8",0," R$  22,20 ","1,80%","98,20%","0,00%",MTT,"-174,72"
27/04/2026,195741,Amo-Groot,AF - CARLA JP,"0,57","5,7","69,68"," R$  75,95 ","0,75%","7,50%","91,74%",PLO6,2
27/04/2026,194202,CashOUT,AF - CARLA JP,0,"108,7",0," R$  108,70 ","0,00%","100,00%","0,00%",MTT,"125,92"
27/04/2026,179086,marretadAA,AF - CARLA JP,0,0,"110,54"," R$  110,54 ","0,00%","0,00%","100,00%",PLO6,-285
27/04/2026,115863,Olliver07,AF - CARLA JP,0,"2,3",0," R$  2,30 ","0,00%","100,00%","0,00%",MTT,"-5,76"
27/04/2026,136477,cidoka,AF - CARLA JP,0,0,0, R$  -   ,,,,NLH,"9,37"
27/04/2026,194174,GalegoBC,AF - CARLA JP,0,"5,8",0," R$  5,80 ","0,00%","100,00%","0,00%",MTT,"-35,73"
27/04/2026,195735,Joaquim França,AF - CARLA JP,4,"25,36",0," R$  29,36 ","13,62%","86,38%","0,00%",MTT,"-187,02"
27/04/2026,152376,Charles L.,AF - CARLA JP,0,"23,1",0," R$  23,10 ","0,00%","100,00%","0,00%",MTT,-245
27/04/2026,174895,ThomasBruns,AF - CARLA JP,0,"3,45",0," R$  3,45 ","0,00%","100,00%","0,00%",MTT,"-34,5"
27/04/2026,147790,guzAApoker,AF - CARLA JP,0,95,0," R$  95,00 ","0,00%","100,00%","0,00%",MTT,"1320,72"
27/04/2026,176816,victini,AF - CARLA JP,0,"5,71",0," R$  5,71 ","0,00%","100,00%","0,00%",MTT,"102,74"
27/04/2026,136268,jobelis,AF - CARLA JP,0,"7,6","0,1"," R$  7,70 ","0,00%","98,70%","1,30%",MTT,"99,19"
27/04/2026,115704,viper pb,AF - CARLA JP,0,"8,5","8,12"," R$  16,62 ","0,00%","51,14%","48,86%",MTT,"124,27"
27/04/2026,146188,trempagador,AF - CARLA JP,0,"15,5",0," R$  15,50 ","0,00%","100,00%","0,00%",MTT,-155
27/04/2026,106447,TREVAS,AF - CARLA JP,0,0,0, R$  -   ,,,,NLH,0
27/04/2026,117286,português,AF - CARLA JP,0,0,0, R$  -   ,,,,NLH,0
27/04/2026,139967,LinhoCabeca,AF - CARLA JP,0,0,0, R$  -   ,,,,NLH,0
27/04/2026,188529,trempix69,AF - CARLA JP,0,"0,1",0," R$  0,10 ","0,00%","100,00%","0,00%",MTT,"0,24"
27/04/2026,159905,zecaaa,AF - CARLA JP,0,0,"9,68"," R$  9,68 ","0,00%","0,00%","100,00%",PLO6,-103
27/04/2026,151310,arthurpix,AF - CARLA JP,0,"3,5","363,93"," R$  367,43 ","0,00%","0,95%","99,05%",PLO6,"2296,56"
27/04/2026,158912,brandao.jv,AF - CARLA JP,"0,76",0,0," R$  0,76 ","100,00%","0,00%","0,00%",NLH,-11
27/04/2026,160520,Miratan,AF - CARLA JP,"14,24",0,0," R$  14,24 ","100,00%","0,00%","0,00%",NLH,"-29,16"
27/04/2026,170178,Paiva,AF - CARLA JP,0,"7,1","5,59"," R$  12,69 ","0,00%","55,95%","44,05%",MTT,-69
27/04/2026,181934,pededu,AF - CARLA JP,0,"9,8","41,69"," R$  51,49 ","0,00%","19,03%","80,97%",PLO6,"344,77"
27/04/2026,184144,Light4i20,AF - CARLA JP,0,"0,25","110,36"," R$  110,61 ","0,00%","0,23%","99,77%",PLO6,-416
27/04/2026,117404,Cnhhh,AF - CARLA JP,0,0,"56,72"," R$  56,72 ","0,00%","0,00%","100,00%",PLO6,-107
27/04/2026,135771,michaelmdss,AF - CARLA JP,0,"0,1",0," R$  0,10 ","0,00%","100,00%","0,00%",MTT,"4,34"
27/04/2026,171032,Gkanayko,AF - CARLA JP,"3,52",2,0," R$  5,52 ","63,77%","36,23%","0,00%",NLH,-50
27/04/2026,184906,ThalesS,AF - CARLA JP,"0,87","12,4",0," R$  13,27 ","6,56%","93,44%","0,00%",MTT,448
27/04/2026,182828,ur3a_,AF - CARLA JP,0,"3,2",0," R$  3,20 ","0,00%","100,00%","0,00%",MTT,-40
27/04/2026,184734,tinhozzo,AF - CARLA JP,0,"4,8","29,25"," R$  34,05 ","0,00%","14,10%","85,90%",PLO6,"420,97"
27/04/2026,195761,BPF$$,AF - CARLA JP,0,"6,6",0," R$  6,60 ","0,00%","100,00%","0,00%",MTT,-75
27/04/2026,194040,B.D.G.,AF - CARLA JP,0,0,"16,98"," R$  16,98 ","0,00%","0,00%","100,00%",PLO6,"-167,82"
27/04/2026,160784,miltinhosensação,AF - CARLA JP,0,"16,9","17,33"," R$  34,23 ","0,00%","49,37%","50,63%",PLO6,"-7,45"
27/04/2026,118354,Daniboy/PB,AF - CARLA JP,0,"12,2",0," R$  12,20 ","0,00%","100,00%","0,00%",MTT,"-128,75"
27/04/2026,158406,Velho Tarado,AF - CARLA JP,0,"14,95",0," R$  14,95 ","0,00%","100,00%","0,00%",MTT,"-83,9"
27/04/2026,178700,Lamborghini,AF - CARLA JP,0,0,"955,36"," R$  955,36 ","0,00%","0,00%","100,00%",PLO6,"5525,95"
27/04/2026,127033,pix127033,AF - CARLA JP,"20,13","14,2",7," R$  41,33 ","48,71%","34,36%","16,94%",NLH,"-278,42"
27/04/2026,194108,nathant,AF - CARLA JP,"2,7","4,6",0," R$  7,30 ","36,99%","63,01%","0,00%",MTT,"25,25"
27/04/2026,141194,Chocolate,AF - CARLA JP,0,"9,2",0," R$  9,20 ","0,00%","100,00%","0,00%",MTT,-92
27/04/2026,154115,PatrickEstrela,AF - CARLA JP,0,0,"151,24"," R$  151,24 ","0,00%","0,00%","100,00%",PLO6,"-149,37"
27/04/2026,188878,Flopper,AF - CARLA JP,"4,94",0,0," R$  4,94 ","100,00%","0,00%","0,00%",NLH,"30,45"
27/04/2026,167732,Gregory55,AF - CARLA JP,0,"2,9",0," R$  2,90 ","0,00%","100,00%","0,00%",MTT,-29
27/04/2026,170605,Lasmar,AF - CARLA JP,0,2,0," R$  2,00 ","0,00%","100,00%","0,00%",MTT,-20
27/04/2026,195656,FCrispim,AF - CARLA JP,"11,3",13,0," R$  24,30 ","46,50%","53,50%","0,00%",MTT,"-159,8"
27/04/2026,139949,tomillo,AF - CARLA JP,0,0,0, R$  -   ,,,,NLH,0
27/04/2026,176365,LincolnMendes,AF - CARLA JP,0,0,0, R$  -   ,,,,NLH,0
27/04/2026,195140,Leão_Rafael07,AF - CARLA JP,0,0,0, R$  -   ,,,,NLH,0
27/04/2026,106934,mazetto83,AF - CARLA JP,0,"0,8","12,37"," R$  13,17 ","0,00%","6,07%","93,93%",PLO6,"-190,49"
27/04/2026,184737,Carlos Alberto,AF - CARLA JP,0,0,"1,31"," R$  1,31 ","0,00%","0,00%","100,00%",PLO6,-40
27/04/2026,162087,o jovem,AF - CARLA JP,0,3,0," R$  3,00 ","0,00%","100,00%","0,00%",MTT,-30
27/04/2026,146408,gggg,AF - CARLA JP,0,9,0," R$  9,00 ","0,00%","100,00%","0,00%",MTT,-90
27/04/2026,155766,pix155766,AF - CARLA JP,0,6,0," R$  6,00 ","0,00%","100,00%","0,00%",MTT,-60
27/04/2026,195550,pix195550,AF - CARLA JP,0,2,0," R$  2,00 ","0,00%","100,00%","0,00%",MTT,-20
27/04/2026,191677,bileut,AF - CARLA JP,0,"0,5",0," R$  0,50 ","0,00%","100,00%","0,00%",MTT,-5
27/04/2026,168163,Micael Rafles,AF - MARKETING,0,"25,1",0," R$  25,10 ","0,00%","100,00%","0,00%",MTT,"-153,24"
27/04/2026,172775,pix172775,AF - MARKETING,"428,07","0,5","41,82"," R$  470,39 ","91,00%","0,11%","8,89%",NLH,"-194,52"
27/04/2026,169786,Aluci,AF - MARKETING,0,0,"11,35"," R$  11,35 ","0,00%","0,00%","100,00%",PLO6,"-94,06"
27/04/2026,174738,the best,AF - MARKETING,0,0,"480,98"," R$  480,98 ","0,00%","0,00%","100,00%",PLO6,"-764,61"
27/04/2026,104508,reidobaralho,AF - MARKETING,0,0,"606,88"," R$  606,88 ","0,00%","0,00%","100,00%",PLO6,"-2451,35"
27/04/2026,156209,calvin88,AF - MARKETING,0,"40,9","6187,42"," R$  6.228,32 ","0,00%","0,66%","99,34%",PLO6,"-9139,46"
27/04/2026,169327,GeMare,AF - MARKETING,0,0,"13,77"," R$  13,77 ","0,00%","0,00%","100,00%",PLO6,-100
27/04/2026,155555,Alustau,AF - MARKETING,0,0,0, R$  -   ,,,,NLH,0
27/04/2026,146830,comojoga?,AF - MARKETING,"0,75",0,0," R$  0,75 ","100,00%","0,00%","0,00%",NLH,-4
27/04/2026,159041,silverio,AF - MARKETING,"15,52",0,"26,35"," R$  41,87 ","37,07%","0,00%","62,93%",PLO6,-172
27/04/2026,162931,Kiko moreira,AF - MARKETING,"2,92","5,2",0," R$  8,12 ","35,96%","64,04%","0,00%",MTT,"-98,1"
27/04/2026,157560,cachorro,AF - MARKETING,0,0,"113,07"," R$  113,07 ","0,00%","0,00%","100,00%",PLO6,"-184,86"
27/04/2026,171907,zeus?,AF - MARKETING,"1,32","0,3","83,95"," R$  85,57 ","1,54%","0,35%","98,11%",PLO6,"-110,63"
27/04/2026,130270,Picademel,AF - MARKETING,"0,72",0,"8,59"," R$  9,31 ","7,73%","0,00%","92,27%",PLO6,"-32,74"
27/04/2026,100240,Abacatudo,AF - MARKETING,"3,57","3,7","111,97"," R$  119,24 ","2,99%","3,10%","93,90%",PLO6,-42
27/04/2026,102930,pix102930,AF - MARKETING,0,194,0," R$  194,00 ","0,00%","100,00%","0,00%",MTT,"524,5"
27/04/2026,144175,DexterM,AF - MARKETING,0,"0,3","0,35"," R$  0,65 ","0,00%","46,15%","53,85%",PLO6,"-2,31"
27/04/2026,133124,I.Oliveira,AF - MARKETING,0,0,"16,52"," R$  16,52 ","0,00%","0,00%","100,00%",PLO6,"-32,67"
27/04/2026,172832,A LENDA1010,AF - MARKETING,0,"3,8",0," R$  3,80 ","0,00%","100,00%","0,00%",MTT,"-36,48"
27/04/2026,186297,Joda,AF - MARKETING,0,"4,3",0," R$  4,30 ","0,00%","100,00%","0,00%",MTT,"-19,03"
27/04/2026,185326,SBRN,AF - MARKETING,0,"2,2",0," R$  2,20 ","0,00%","100,00%","0,00%",MTT,"-12,5"
27/04/2026,156346,kxa28,AF - MARKETING,"0,66","150,2",0," R$  150,86 ","0,44%","99,56%","0,00%",MTT,"465,35"
27/04/2026,130211,udacmota,AF - MARKETING,0,21,0," R$  21,00 ","0,00%","100,00%","0,00%",MTT,-210
27/04/2026,100709,DITOX,AF - MARKETING,0,"226,9","6,72"," R$  233,62 ","0,00%","97,12%","2,88%",MTT,"3470,29"
27/04/2026,124675,tsousa,AF - MARKETING,0,"0,5","20,76"," R$  21,26 ","0,00%","2,35%","97,65%",PLO6,"238,65"
27/04/2026,170934,Monstro sagrado,AF - MARKETING,0,"8,8","0,93"," R$  9,73 ","0,00%","90,44%","9,56%",MTT,-100
27/04/2026,119471,Rospepi,AF - MARKETING,0,1,0," R$  1,00 ","0,00%","100,00%","0,00%",MTT,-10
27/04/2026,166745,Joaosnow,AF - MARKETING,0,"2,65",0," R$  2,65 ","0,00%","100,00%","0,00%",MTT,"-9,73"
27/04/2026,179178,akazin27,AF - MARKETING,0,"21,6","446,76"," R$  468,36 ","0,00%","4,61%","95,39%",PLO6,"-430,97"
27/04/2026,172365,PauloHeitor09,AF - MARKETING,0,0,"146,31"," R$  146,31 ","0,00%","0,00%","100,00%",PLO6,"-1204,97"
27/04/2026,156809,AL ?,AF - MARKETING,"1,87","2,6","28,14"," R$  32,61 ","5,73%","7,97%","86,29%",PLO6,-48
27/04/2026,108815,negodrama,AF - MARKETING,0,0,"49,85"," R$  49,85 ","0,00%","0,00%","100,00%",PLO6,"904,59"
27/04/2026,175876,BATMAN HONEY HONEY,AF - MARKETING,0,0,"8,45"," R$  8,45 ","0,00%","0,00%","100,00%",PLO6,-45
27/04/2026,102264,biu77,AF - MARKETING,"3,56","8,7",0," R$  12,26 ","29,04%","70,96%","0,00%",MTT,"2,29"
27/04/2026,131753,egoísta,AF - MARKETING,0,"23,25",0," R$  23,25 ","0,00%","100,00%","0,00%",MTT,"-176,86"
27/04/2026,173241,QKceta,AF - MARKETING,0,0,"6,19"," R$  6,19 ","0,00%","0,00%","100,00%",PLO6,-35
27/04/2026,153229,bencinha,AF - MARKETING,0,5,"67,46"," R$  72,46 ","0,00%","6,90%","93,10%",PLO6,"1316,08"
27/04/2026,172857,julioAA,AF - MARKETING,0,"0,8","0,35"," R$  1,15 ","0,00%","69,57%","30,43%",MTT,-7
27/04/2026,173885,TCHATCHA,AF - MARKETING,0,"47,6",0," R$  47,60 ","0,00%","100,00%","0,00%",MTT,-476
27/04/2026,179579,Linopraxedes,AF - MARKETING,0,"19,5",0," R$  19,50 ","0,00%","100,00%","0,00%",MTT,-195
27/04/2026,171197,luandersonjac,AF - MARKETING,0,0,"3,65"," R$  3,65 ","0,00%","0,00%","100,00%",PLO6,-44
27/04/2026,157957,Diogo posture,AF - MARKETING,"1,56","1,6",0," R$  3,16 ","49,37%","50,63%","0,00%",MTT,-28
27/04/2026,176410,GJCruz,AF - MARKETING,0,0,0, R$  -   ,,,,NLH,0
27/04/2026,171183,véio do pocker,AF - MARKETING,0,0,"4,22"," R$  4,22 ","0,00%","0,00%","100,00%",PLO6,-80
27/04/2026,157052,winnikes,AF - MARKETING,0,"12,5",0," R$  12,50 ","0,00%","100,00%","0,00%",MTT,"-24,14"
27/04/2026,145442,bayma,AF - MARKETING,0,0,"11,19"," R$  11,19 ","0,00%","0,00%","100,00%",PLO6,-108
27/04/2026,124704,ALLIN.e,AF - MARKETING,0,2,0," R$  2,00 ","0,00%","100,00%","0,00%",MTT,-20
27/04/2026,116027,Marinho07,AF - MARKETING,0,"0,1",0," R$  0,10 ","0,00%","100,00%","0,00%",MTT,-1
27/04/2026,160843,DaColombia??,AF - MARKETING,"11,92",0,"5,54"," R$  17,46 ","68,27%","0,00%","31,73%",NLH,"-18,77"
27/04/2026,167249,bigodi,AF - MARKETING,0,0,"21,71"," R$  21,71 ","0,00%","0,00%","100,00%",PLO6,"326,96"
27/04/2026,174963,Haycar,AF - MARKETING,0,0,"17,72"," R$  17,72 ","0,00%","0,00%","100,00%",PLO6,"3,45"
27/04/2026,146204,Mia colute,AF - MARKETING,0,0,"5,58"," R$  5,58 ","0,00%","0,00%","100,00%",PLO6,"39,07"
27/04/2026,175198,SOATEREZA,AF - MARKETING,0,32,0," R$  32,00 ","0,00%","100,00%","0,00%",MTT,0
27/04/2026,163848,IGSPOKER,AF - MARKETING,0,"10,2",0," R$  10,20 ","0,00%","100,00%","0,00%",MTT,"-100,17"
27/04/2026,100537,Zebrano,AF - MARKETING,0,0,"225,71"," R$  225,71 ","0,00%","0,00%","100,00%",PLO6,"-2003,12"
27/04/2026,102483,Ronier V,AF - MARKETING,0,0,"5,1"," R$  5,10 ","0,00%","0,00%","100,00%",PLO6,-66
27/04/2026,167530,pfson,AF - MARKETING,0,"7,7",0," R$  7,70 ","0,00%","100,00%","0,00%",MTT,"-73,25"
27/04/2026,170576,cavalinho??,AF - MARKETING,0,0,"1,37"," R$  1,37 ","0,00%","0,00%","100,00%",PLO6,-20
27/04/2026,151547,lucasmateus,AF - MARKETING,0,0,"43,25"," R$  43,25 ","0,00%","0,00%","100,00%",PLO6,"-100,66"
27/04/2026,144330,????,AF - MARKETING,"14,84",0,"7,36"," R$  22,20 ","66,85%","0,00%","33,15%",NLH,"-68,47"
27/04/2026,144889,NaMalda.,AF - MARKETING,0,"3,5",0," R$  3,50 ","0,00%","100,00%","0,00%",MTT,-35
27/04/2026,157465,Pikitin,AF - MARKETING,0,"7,2",0," R$  7,20 ","0,00%","100,00%","0,00%",MTT,"32,32"
27/04/2026,171090,Gu_Abrahão,AF - MARKETING,0,3,0," R$  3,00 ","0,00%","100,00%","0,00%",MTT,0
27/04/2026,172533,Cravei ?,AF - PHYETRO,0,"750,9","351,87"," R$  1.102,77 ","0,00%","68,09%","31,91%",MTT,"586,76"
27/04/2026,173802,TonyRedgrave,AF - PHYETRO,0,"85,2","111,22"," R$  196,42 ","0,00%","43,38%","56,62%",PLO6,"-279,48"
27/04/2026,102446,MD420,AF - PHYETRO,0,"236,5","122,6"," R$  359,10 ","0,00%","65,86%","34,14%",MTT,"-134,51"
27/04/2026,101831,Faz o K,AF - PHYETRO,0,"136,5","26,38"," R$  162,88 ","0,00%","83,80%","16,20%",MTT,"2003,01"
27/04/2026,102551,Felipe Dylon,AF - PHYETRO,0,12,0," R$  12,00 ","0,00%","100,00%","0,00%",MTT,-100
27/04/2026,173287,FlipGrind,AF - PHYETRO,0,"157,2",0," R$  157,20 ","0,00%","100,00%","0,00%",MTT,"-307,64"
27/04/2026,176592,ruiperesdilsinho,AF - BRUNO FOSTER,"21,04","6,25",0," R$  27,29 ","77,10%","22,90%","0,00%",NLH,"26,47"
27/04/2026,175098,K7PAU,AF - BRUNO FOSTER,"74,68",2,"30,77"," R$  107,45 ","69,50%","1,86%","28,64%",NLH,"-583,25"
27/04/2026,186550,VT10,AF - BRUNO FOSTER,"279,61",0,0," R$  279,61 ","100,00%","0,00%","0,00%",NLH,"166,05"
27/04/2026,177933,exe;,AF - BRUNO FOSTER,0,3,"757,6"," R$  760,60 ","0,00%","0,39%","99,61%",PLO6,"-1173,29"
27/04/2026,182891,Joz1ka,AF - BRUNO FOSTER,0,"7,7","142,23"," R$  149,93 ","0,00%","5,14%","94,86%",PLO6,"-1574,2"
27/04/2026,175804,MANDIBULLA,AF - BRUNO FOSTER,0,"0,3",0," R$  0,30 ","0,00%","100,00%","0,00%",MTT,"-1,73"
27/04/2026,179067,ekdidk,AF - BRUNO FOSTER,"8,59",0,0," R$  8,59 ","100,00%","0,00%","0,00%",NLH,"105,03"
27/04/2026,179798,ValdeirTeixeira,AF - BRUNO FOSTER,"2,16",3,"0,03"," R$  5,19 ","41,62%","57,80%","0,58%",MTT,"-3,99"
27/04/2026,182850,Davidsoa,AF - BRUNO FOSTER,"2,66",0,0," R$  2,66 ","100,00%","0,00%","0,00%",NLH,-10
27/04/2026,178109,kawehzin,AF - BRUNO FOSTER,0,0,"4,26"," R$  4,26 ","0,00%","0,00%","100,00%",PLO6,-25
27/04/2026,183349,Vegeta San,AF - BRUNO FOSTER,0,2,0," R$  2,00 ","0,00%","100,00%","0,00%",MTT,-20
27/04/2026,170907,MenteGelada,AF - BRUNO FOSTER,0,0,"6,78"," R$  6,78 ","0,00%","0,00%","100,00%",PLO6,-103
27/04/2026,175423,pix175423,AF - BRUNO FOSTER,0,"15,5","11,84"," R$  27,34 ","0,00%","56,69%","43,31%",MTT,"20,34"
27/04/2026,138369,pedropaulo,AF - BRUNO FOSTER,"0,74","0,9","17,73"," R$  19,37 ","3,82%","4,65%","91,53%",PLO6,21
27/04/2026,189825,POKER STAR,AF - BRUNO FOSTER,0,50,"1967,49"," R$  2.017,49 ","0,00%","2,48%","97,52%",PLO6,"-16222,43"
27/04/2026,176921,Pe572dro,AF - BRUNO FOSTER,"9,14","2,2",0," R$  11,34 ","80,60%","19,40%","0,00%",NLH,"32,67"
27/04/2026,178483,Rï§øką,AF - BRUNO FOSTER,0,"0,5",0," R$  0,50 ","0,00%","100,00%","0,00%",MTT,"3,73"
27/04/2026,135561,Modetec,AF - BRUNO FOSTER,0,0,0, R$  -   ,,,,NLH,0
27/04/2026,174958,pix174958,AF - BRUNO FOSTER,0,0,0, R$  -   ,,,,NLH,0
27/04/2026,178692,pix178692,AF - BRUNO FOSTER,0,0,0, R$  -   ,,,,NLH,0
27/04/2026,176862,pix176862,AF - BRUNO FOSTER,0,0,"338,83"," R$  338,83 ","0,00%","0,00%","100,00%",PLO6,"-639,43"
27/04/2026,180421,CASSINHO 1821,AF - BRUNO FOSTER,0,0,0, R$  -   ,,,,NLH,"1,05"
27/04/2026,177628,papacman,AF - BRUNO FOSTER,0,"13,5","169,14"," R$  182,64 ","0,00%","7,39%","92,61%",PLO6,-127
27/04/2026,145871,Aposentado ??,AF - BRUNO FOSTER,0,56,"389,07"," R$  445,07 ","0,00%","12,58%","87,42%",PLO6,"-2791,37"
27/04/2026,175072,sovimsacar,AF - BRUNO FOSTER,0,"1,6","22,83"," R$  24,43 ","0,00%","6,55%","93,45%",PLO6,-175
27/04/2026,157566,Nunca foi Sorte,AF - BRUNO FOSTER,0,0,"4,8"," R$  4,80 ","0,00%","0,00%","100,00%",PLO6,"-17,35"
27/04/2026,185924,Tio wlack,AF - BRUNO FOSTER,0,"2,8","1,19"," R$  3,99 ","0,00%","70,18%","29,82%",MTT,"-33,8"
27/04/2026,185503,mmmaschio,AF - BRUNO FOSTER,0,0,0, R$  -   ,,,,NLH,0
27/04/2026,186212,pix186212,AF - BRUNO FOSTER,0,0,0, R$  -   ,,,,NLH,0
27/04/2026,184830,Filma $$,AF - BRUNO FOSTER,0,"6,7","2,7"," R$  9,40 ","0,00%","71,28%","28,72%",MTT,"16,99"
27/04/2026,145168,Fagundes,AF - BRUNO FOSTER,0,0,0, R$  -   ,,,,NLH,0
27/04/2026,175736,jokerlouco777,AF - BRUNO FOSTER,0,0,0, R$  -   ,,,,NLH,0
27/04/2026,182791,FabricioVrCity,AF - BRUNO FOSTER,0,0,0, R$  -   ,,,,NLH,0
27/04/2026,176021,Viníciusdao@,AF - BRUNO FOSTER,0,0,0, R$  -   ,,,,NLH,0
27/04/2026,176214,Cardoso22,AF - BRUNO FOSTER,0,0,0, R$  -   ,,,,NLH,0
27/04/2026,176359,dendele 2,AF - BRUNO FOSTER,0,0,0, R$  -   ,,,,NLH,0
27/04/2026,177685,pepebets,AF - BRUNO FOSTER,0,0,0, R$  -   ,,,,NLH,0
27/04/2026,180508,pix180508,AF - BRUNO FOSTER,0,0,0, R$  -   ,,,,NLH,0
27/04/2026,184733,pix184733,AF - BRUNO FOSTER,0,0,0, R$  -   ,,,,NLH,0
27/04/2026,179068,Piu Piu doido,AF - BRENO BIGNARD,"109,84","33,7","27,73"," R$  171,27 ","64,13%","19,68%","16,19%",NLH,"-143,21"
27/04/2026,111575,TH4N0S,AF - BRENO BIGNARD,"932,49","64,2","7,23"," R$  1.003,92 ","92,88%","6,39%","0,72%",NLH,"-558,22"
27/04/2026,160617,pix160617,AF - BRENO BIGNARD,"156,13",9,0," R$  165,13 ","94,55%","5,45%","0,00%",NLH,"113,74"
27/04/2026,162155,moraz,AF - BRENO BIGNARD,"54,4",0,0," R$  54,40 ","100,00%","0,00%","0,00%",NLH,"-215,14"
27/04/2026,162179,pedro.,AF - BRENO BIGNARD,"26,24",0,"96,79"," R$  123,03 ","21,33%","0,00%","78,67%",PLO6,"-373,11"
27/04/2026,180983,pix180983,AF - BRENO BIGNARD,"123,9",0,0," R$  123,90 ","100,00%","0,00%","0,00%",NLH,"-119,84"
27/04/2026,192998,pix192998,AF - BRENO BIGNARD,"95,29",0,0," R$  95,29 ","100,00%","0,00%","0,00%",NLH,"-48,92"
27/04/2026,194954,AA?,AF - BRENO BIGNARD,"30,95",0,"245,69"," R$  276,64 ","11,19%","0,00%","88,81%",PLO6,"-430,45"
27/04/2026,180225,vai da tudo certo,AF - BRENO BIGNARD,"49,98","11,9","25,16"," R$  87,04 ","57,42%","13,67%","28,91%",NLH,"-137,63"
27/04/2026,162860,pix162860,AF - BRENO BIGNARD,0,0,"13,36"," R$  13,36 ","0,00%","0,00%","100,00%",PLO6,"-58,02"
27/04/2026,164986,Deide costa,AF - BRENO BIGNARD,0,0,"122,28"," R$  122,28 ","0,00%","0,00%","100,00%",PLO6,155
27/04/2026,172367,pix172367,AF - BRENO BIGNARD,"2,24","37,1",0," R$  39,34 ","5,69%","94,31%","0,00%",MTT,"50,34"
27/04/2026,149811,bezerro,AF - BRENO BIGNARD,"16,31",0,0," R$  16,31 ","100,00%","0,00%","0,00%",NLH,"-86,39"
27/04/2026,170951,Guiaraujoshow,AF - BRENO BIGNARD,"6,51",0,0," R$  6,51 ","100,00%","0,00%","0,00%",NLH,"-27,26"
27/04/2026,182598,allanzinho91,AF - BRENO BIGNARD,"17,75","7,04",0," R$  24,79 ","71,60%","28,40%","0,00%",NLH,"25,72"
27/04/2026,136656,pedrotaigro,AF - BRENO BIGNARD,0,"0,1",0," R$  0,10 ","0,00%","100,00%","0,00%",MTT,-1
27/04/2026,178930,Beto Barbosa,AF - BRENO BIGNARD,"13,53","0,7","2,14"," R$  16,37 ","82,65%","4,28%","13,07%",NLH,-28
27/04/2026,171202,jhony@AK,AF - BRENO BIGNARD,"0,86",0,"11,62"," R$  12,48 ","6,89%","0,00%","93,11%",PLO6,"-113,12"
27/04/2026,158010,sacoleeeeee,AF - BRENO BIGNARD,"9,44","0,5","1,06"," R$  11,00 ","85,82%","4,55%","9,64%",NLH,-22
27/04/2026,190294,harrypotter,AF - BRENO BIGNARD,0,"42,7",0," R$  42,70 ","0,00%","100,00%","0,00%",MTT,-242
27/04/2026,135743,piotr,AF - BRENO BIGNARD,"30,72","47,6",0," R$  78,32 ","39,22%","60,78%","0,00%",MTT,"-563,26"
27/04/2026,171258,Washigton Salles,AF - BRENO BIGNARD,"3,76",0,0," R$  3,76 ","100,00%","0,00%","0,00%",NLH,"48,28"
27/04/2026,174130,pix00001,AF - BRENO BIGNARD,"14,45","0,5","4,12"," R$  19,07 ","75,77%","2,62%","21,60%",NLH,"32,87"
27/04/2026,131569,Gilsão,AF - BRENO BIGNARD,0,"57,6",0," R$  57,60 ","0,00%","100,00%","0,00%",MTT,281
27/04/2026,182340,RaphaBassUZL,AF - BRENO BIGNARD,"2,57",0,0," R$  2,57 ","100,00%","0,00%","0,00%",NLH,"-8,14"
27/04/2026,188140,Maniacodopoker,AF - BRENO BIGNARD,"35,08",0,"2,27"," R$  37,35 ","93,92%","0,00%","6,08%",NLH,-100
27/04/2026,188467,TheNerdXama,AF - BRENO BIGNARD,0,"2,4",0," R$  2,40 ","0,00%","100,00%","0,00%",MTT,-24
27/04/2026,173765,tartaruga ?,AF - BRENO BIGNARD,0,0,0, R$  -   ,,,,NLH,"0,61"
27/04/2026,171275,lukaaas,AF - BRENO BIGNARD,"1,89",0,0," R$  1,89 ","100,00%","0,00%","0,00%",NLH,-25
27/04/2026,172888,klerbert?,AF - BRENO BIGNARD,0,"0,5",0," R$  0,50 ","0,00%","100,00%","0,00%",MTT,0
27/04/2026,182244,TiiBilu1010,AF - BRENO BIGNARD,0,21,0," R$  21,00 ","0,00%","100,00%","0,00%",MTT,"492,61"
27/04/2026,181917,Carlos Andrade,AF - RYAN CARVALHO,"73,78",218,0," R$  291,78 ","25,29%","74,71%","0,00%",MTT,"-349,2"
27/04/2026,179591,Brabo-do-Timão,AF - RYAN CARVALHO,0,2,0," R$  2,00 ","0,00%","100,00%","0,00%",MTT,"87,18"
27/04/2026,124057,phmb06,AF - RYAN CARVALHO,0,0,"45,16"," R$  45,16 ","0,00%","0,00%","100,00%",PLO6,-40
27/04/2026,173878,Romário Barreto,AF - RYAN CARVALHO,0,"1,5",0," R$  1,50 ","0,00%","100,00%","0,00%",MTT,"-8,66"
27/04/2026,181833,Cozinheiro Hemp,AF - RYAN CARVALHO,"0,34","35,04","11,7"," R$  47,08 ","0,72%","74,43%","24,85%",MTT,"-18,48"
27/04/2026,180237,aylla17,AF - RYAN CARVALHO,"7,58","0,5","3,53"," R$  11,61 ","65,29%","4,31%","30,40%",NLH,"-10,51"
27/04/2026,173812,Victor09,AF - RYAN CARVALHO,0,"7,6","10,65"," R$  18,25 ","0,00%","41,64%","58,36%",PLO6,"-136,16"
27/04/2026,173807,pix palmeiras @,AF - RYAN CARVALHO,0,"87,38","85,17"," R$  172,55 ","0,00%","50,64%","49,36%",MTT,"79,47"
27/04/2026,183560,lampiao007,AF - RYAN CARVALHO,"2,31","20,7","1,87"," R$  24,88 ","9,28%","83,20%","7,52%",MTT,"-257,43"
27/04/2026,181198,vitferrazpina,AF - RYAN CARVALHO,"4,94","47,2",0," R$  52,14 ","9,47%","90,53%","0,00%",MTT,"-418,71"
27/04/2026,182977,Playboy,AF - RYAN CARVALHO,"2,51","9,6",0," R$  12,11 ","20,73%","79,27%","0,00%",MTT,-96
27/04/2026,183220,lixodepoker,AF - RYAN CARVALHO,"0,98",0,0," R$  0,98 ","100,00%","0,00%","0,00%",NLH,"-0,37"
27/04/2026,195292,MaJinBOO,AF - RYAN CARVALHO,0,3,0," R$  3,00 ","0,00%","100,00%","0,00%",MTT,-30
27/04/2026,160167,Tapana2,AF - RYAN CARVALHO,0,"4,8",0," R$  4,80 ","0,00%","100,00%","0,00%",MTT,-48
27/04/2026,180389,VivianSaliba??,AF - RYAN CARVALHO,"93,49",0,0," R$  93,49 ","100,00%","0,00%","0,00%",NLH,-345
27/04/2026,182032,Kakashi Hatake,AF - RYAN CARVALHO,0,15,0," R$  15,00 ","0,00%","100,00%","0,00%",MTT,"128,07"
27/04/2026,178771,Toma Rapariga,AF - RYAN CARVALHO,0,"0,8","69,61"," R$  70,41 ","0,00%","1,14%","98,86%",PLO6,-1000
27/04/2026,181523,Espelho,AF - RYAN CARVALHO,0,"2,4","6,69"," R$  9,09 ","0,00%","26,40%","73,60%",PLO6,-110
27/04/2026,180056,TILT????,AF - RYAN CARVALHO,0,"23,1","54,24"," R$  77,34 ","0,00%","29,87%","70,13%",PLO6,"-565,56"
27/04/2026,168944,tropa do 7,AF - RYAN CARVALHO,0,0,0, R$  -   ,,,,NLH,"1,11"
27/04/2026,183010,STANLEY ????,AF - RYAN CARVALHO,0,6,0," R$  6,00 ","0,00%","100,00%","0,00%",MTT,-60
27/04/2026,186210,joaoboka,AF - RYAN CARVALHO,0,0,0, R$  -   ,,,,NLH,0
27/04/2026,103225,olisee,AF - RYAN CARVALHO,"6,53","7,5","12,44"," R$  26,47 ","24,67%","28,33%","47,00%",PLO6,-94
27/04/2026,181205,pdrogatheking,AF - RYAN CARVALHO,0,"7,9",0," R$  7,90 ","0,00%","100,00%","0,00%",MTT,"-73,38"
27/04/2026,177859,TARJA PRETA,AF - RYAN CARVALHO,0,"11,1",0," R$  11,10 ","0,00%","100,00%","0,00%",MTT,"-6,73"
27/04/2026,177343,vitindograu,AF - RYAN CARVALHO,0,"1,5",0," R$  1,50 ","0,00%","100,00%","0,00%",MTT,-15
27/04/2026,188903,savio14,AF - RYAN CARVALHO,0,0,0, R$  -   ,,,,NLH,0
27/04/2026,193650,Dog$,AF - MATHEUS HENRIQU,"20,44","43,7","699,58"," R$  763,72 ","2,68%","5,72%","91,60%",PLO6,"1169,18"
27/04/2026,176706,pix176706,AF - MATHEUS HENRIQU,"2,71",0,0," R$  2,71 ","100,00%","0,00%","0,00%",NLH,-20
27/04/2026,155779,RomeuJr,AF - MATHEUS HENRIQU,0,0,"324,59"," R$  324,59 ","0,00%","0,00%","100,00%",PLO6,"-1050,36"
27/04/2026,111265,henry.22,AF - MATHEUS HENRIQU,"22,04",0,"89,78"," R$  111,82 ","19,71%","0,00%","80,29%",PLO6,"-185,49"
27/04/2026,194363,meydson,AF - MATHEUS HENRIQU,"26,71",0,"0,15"," R$  26,86 ","99,44%","0,00%","0,56%",NLH,8
27/04/2026,160621,Débora Araújo,AF - MATHEUS HENRIQU,0,0,0, R$  -   ,,,,NLH,0
27/04/2026,171678,ArmandoBestafera,AF - MATHEUS HENRIQU,0,0,"7,7"," R$  7,70 ","0,00%","0,00%","100,00%",PLO6,"33,52"
27/04/2026,175284,TETEUZADA,AF - MATHEUS HENRIQU,"2,37",0,0," R$  2,37 ","100,00%","0,00%","0,00%",NLH,-5
27/04/2026,178011,pix178011,AF - MATHEUS HENRIQU,"2,2",0,"6,95"," R$  9,15 ","24,04%","0,00%","75,96%",PLO6,"-17,43"
27/04/2026,194170,xwillx,AF - FAMTH,"0,33","124,8",0," R$  125,13 ","0,26%","99,74%","0,00%",MTT,"-266,76"
27/04/2026,131348,AADVOGADO-AM,AF - FAMTH,0,0,"823,72"," R$  823,72 ","0,00%","0,00%","100,00%",PLO6,"1718,28"
27/04/2026,193099,John_Stewart,AF - FAMTH,0,"17,4","56,68"," R$  74,08 ","0,00%","23,49%","76,51%",PLO6,"106,76"
27/04/2026,194171,...NANAI...,AF - FAMTH,0,"20,6",0," R$  20,60 ","0,00%","100,00%","0,00%",MTT,"-93,93"
27/04/2026,173768,Nascimentoimob,AF - FAMTH,"2,65","1,1",0," R$  3,75 ","70,67%","29,33%","0,00%",NLH,"-32,39"
27/04/2026,103179,RicardinhoMotAA,AF - FAMTH,0,49,0," R$  49,00 ","0,00%","100,00%","0,00%",MTT,"911,94"
27/04/2026,193106,AmazonPro,AF - FAMTH,0,0,"96,84"," R$  96,84 ","0,00%","0,00%","100,00%",PLO6,-1000
27/04/2026,128731,SPIGA,AF - NHONHO,0,0,"333,72"," R$  333,72 ","0,00%","0,00%","100,00%",PLO6,"23,74"
27/04/2026,120841,NHONHOj6,AF - NHONHO,0,0,"3646,68"," R$  3.646,68 ","0,00%","0,00%","100,00%",PLO6,"4700,42"
27/04/2026,147619,Luffygear4,AF - NHONHO,0,0,"779,54"," R$  779,54 ","0,00%","0,00%","100,00%",PLO6,"-733,74"
27/04/2026,122587,pix122587,AF - NHONHO,0,0,"233,5"," R$  233,50 ","0,00%","0,00%","100,00%",PLO6,"832,24"
27/04/2026,147208,pix147208,AF - NHONHO,"0,61","0,1","0,48"," R$  1,19 ","51,26%","8,40%","40,34%",NLH,"-2,4"
27/04/2026,106868,Duble,AF - NHONHO,0,0,"18,52"," R$  18,52 ","0,00%","0,00%","100,00%",PLO6,-200
27/04/2026,124365,??cuidado??,AF - NHONHO,0,0,"143,77"," R$  143,77 ","0,00%","0,00%","100,00%",PLO6,"-11,23"
27/04/2026,123480,SapongaFC,AF - NHONHO,0,0,0, R$  -   ,,,,NLH,0
27/04/2026,124395,Escanor,AF - NHONHO,0,"0,2",0," R$  0,20 ","0,00%","100,00%","0,00%",MTT,"-0,73"
27/04/2026,155080,Harvey,AF - MAURICIO,"1,13","1,1","1644,53"," R$  1.646,76 ","0,07%","0,07%","99,86%",PLO6,"1455,02"
27/04/2026,109162,ORIGINAL poker??,AF - MAURICIO,"2,48","0,8","8,6"," R$  11,88 ","20,88%","6,73%","72,39%",PLO6,-122
27/04/2026,127125,Gabriel.PB,AF - MAURICIO,"148,13","64,19",0," R$  212,32 ","69,77%","30,23%","0,00%",NLH,"-316,68"
27/04/2026,138771,GoldNomad,AF - MAURICIO,0,"4,1",0," R$  4,10 ","0,00%","100,00%","0,00%",MTT,"6,63"
27/04/2026,185066,VitinPoker,AF - MAURICIO,0,"3,7","10,12"," R$  13,82 ","0,00%","26,77%","73,23%",PLO6,"56,29"
27/04/2026,119612,DoeuAi??,AF - MAURICIO,"4,58",0,"385,34"," R$  389,92 ","1,17%","0,00%","98,83%",PLO6,"-443,55"
27/04/2026,123468,JanuthBR,AF - MAURICIO,0,0,"8,13"," R$  8,13 ","0,00%","0,00%","100,00%",PLO6,-50
27/04/2026,132045,Mineirinho,AF - MAURICIO,0,0,0, R$  -   ,,,,NLH,0
27/04/2026,132046,C4DEL0,AF - MAURICIO,0,0,0, R$  -   ,,,,NLH,0
27/04/2026,145547,pokerplayer,AF - MAURICIO,0,"0,3",0," R$  0,30 ","0,00%","100,00%","0,00%",MTT,"0,56"
27/04/2026,152588,Eumesmonao,AF - MAURICIO,0,0,0, R$  -   ,,,,NLH,"3,56"
27/04/2026,171360,Jclever,AF - MAURICIO,0,0,0, R$  -   ,,,,NLH,0
27/04/2026,171527,Maverica,AF - MAURICIO,0,"0,3",0," R$  0,30 ","0,00%","100,00%","0,00%",MTT,"-1,41"
27/04/2026,176189,melicianus,AF - MAURICIO,"0,25","0,2",0," R$  0,45 ","55,56%","44,44%","0,00%",NLH,"2,91"
27/04/2026,162335,PerôPB,AF - MAURICIO,"60,35",5,"24,3"," R$  89,65 ","67,32%","5,58%","27,11%",NLH,"-57,4"
27/04/2026,108585,coveirodoriver,AF - MAURICIO,"14,14",0,"26,53"," R$  40,67 ","34,77%","0,00%","65,23%",PLO6,-20
27/04/2026,114516,SÓ AA,AF - MAURICIO,"0,92",0,0," R$  0,92 ","100,00%","0,00%","0,00%",NLH,"-6,18"
27/04/2026,139401,FreitasAAKK,AF - MAURICIO,"4,55","2,7",0," R$  7,25 ","62,76%","37,24%","0,00%",NLH,"-29,87"
27/04/2026,177765,NicolásMaduro,AF - MAURICIO,"2,01",0,"3,24"," R$  5,25 ","38,29%","0,00%","61,71%",PLO6,-58
27/04/2026,180443,@mau.jr7,AF - MAURICIO,0,24,"5,8"," R$  29,80 ","0,00%","80,54%","19,46%",MTT,"-173,11"
27/04/2026,107313,?SORTUDO777?,AF - MAURICIO,"0,64",0,"36,06"," R$  36,70 ","1,74%","0,00%","98,26%",PLO6,-50
27/04/2026,145508,BRUMBRUM,AF - MAURICIO,"3,32","40,94","159,39"," R$  203,65 ","1,63%","20,10%","78,27%",PLO6,-987
27/04/2026,118639,paulo Nunes,AF - MAURICIO,"45,17","45,4",0," R$  90,57 ","49,87%","50,13%","0,00%",MTT,"628,96"
27/04/2026,106444,TonySoprano,AF - MAURICIO,"50,34",0,0," R$  50,34 ","100,00%","0,00%","0,00%",NLH,-60
27/04/2026,150152,Trastezin Lima??,AF - MAURICIO,"1,68","0,1",0," R$  1,78 ","94,38%","5,62%","0,00%",NLH,"103,87"
27/04/2026,120599,CoronelCalazans7,AF - MAURICIO,0,0,"289,37"," R$  289,37 ","0,00%","0,00%","100,00%",PLO6,"31,26"
27/04/2026,139113,@jrmaiag_poker,AF - MAURICIO,0,0,0, R$  -   ,,,,NLH,0
27/04/2026,176163,roxo pá,AF - MAURICIO,0,"0,3",0," R$  0,30 ","0,00%","100,00%","0,00%",MTT,"1,17"
27/04/2026,195359,pix195359,AF - MAURICIO,0,"0,1",0," R$  0,10 ","0,00%","100,00%","0,00%",MTT,"0,05"
27/04/2026,195360,pix195360,AF - MAURICIO,0,"0,3",0," R$  0,30 ","0,00%","100,00%","0,00%",MTT,"-1,48"
27/04/2026,195361,pix195361,AF - MAURICIO,"0,21","0,2",0," R$  0,41 ","51,22%","48,78%","0,00%",NLH,"-0,07"
27/04/2026,109489,Damião,AF - MAURICIO,0,0,"4,54"," R$  4,54 ","0,00%","0,00%","100,00%",PLO6,"-12,68"
27/04/2026,119793,Taícia,AF - MAURICIO,"9,38",0,"22,44"," R$  31,82 ","29,48%","0,00%","70,52%",PLO6,"-30,32"
27/04/2026,146218,pix146218baton,AF - MAURICIO,"3,36",0,"34,86"," R$  38,22 ","8,79%","0,00%","91,21%",PLO6,"-200,29"
27/04/2026,195034,pix195034,AF - MAURICIO,"1,86","29,1",0," R$  30,96 ","6,01%","93,99%","0,00%",MTT,"-70,45"
27/04/2026,119119,Welshowman,AF - MAURICIO,0,"0,5","17,73"," R$  18,23 ","0,00%","2,74%","97,26%",PLO6,-11
27/04/2026,131354,Redhouse,AF - MAURICIO,0,"7,5",0," R$  7,50 ","0,00%","100,00%","0,00%",MTT,-75
27/04/2026,178673,Ricco Marcondes,AF - MAURICIO,0,0,0, R$  -   ,,,,NLH,0
27/04/2026,106821,PH 17,AF - MAURICIO,0,0,"6,23"," R$  6,23 ","0,00%","0,00%","100,00%",PLO6,"2,67"
27/04/2026,101589,SEGURAAA__,AF - MAURICIO,"0,32",0,"25,71"," R$  26,03 ","1,23%","0,00%","98,77%",PLO6,-189
27/04/2026,137659,JP duda,AF - MAURICIO,0,"3,85",0," R$  3,85 ","0,00%","100,00%","0,00%",MTT,"-30,45"
27/04/2026,154690,pix ad + lee,AF - MAURICIO,0,0,0, R$  -   ,,,,NLH,0
27/04/2026,139597,Dr.Wender,AF - MAURICIO,"0,77",0,"8,92"," R$  9,69 ","7,95%","0,00%","92,05%",PLO6,"-9,45"
27/04/2026,140296,Coringa??,AF - MAURICIO,"1,38",0,"2,84"," R$  4,22 ","32,70%","0,00%","67,30%",PLO6,-13
27/04/2026,140234,josemaria,AF - MAURICIO,"5,4",0,0," R$  5,40 ","100,00%","0,00%","0,00%",NLH,-40
27/04/2026,186097,Aquario,AF - MAURICIO,0,7,0," R$  7,00 ","0,00%","100,00%","0,00%",MTT,-70
27/04/2026,144408,CORINGA0101,AF - MAURICIO,0,"0,1",0," R$  0,10 ","0,00%","100,00%","0,00%",MTT,-1
27/04/2026,163478,irmão de theozin,AF - MAURICIO,0,0,0, R$  -   ,,,,NLH,0
27/04/2026,176161,400 conto,AF - MAURICIO,0,"0,2",0," R$  0,20 ","0,00%","100,00%","0,00%",MTT,"0,14"
27/04/2026,141769,Gui Ferreira,AF - MAURICIO,0,"7,2",0," R$  7,20 ","0,00%","100,00%","0,00%",MTT,-72
27/04/2026,107225,…..,AF - MAURICIO,"8,73",0,"2,3"," R$  11,03 ","79,15%","0,00%","20,85%",NLH,-90
27/04/2026,109925,Ch blefe,AF - MAURICIO,"3,07","4,4",0," R$  7,47 ","41,10%","58,90%","0,00%",MTT,70
27/04/2026,173857,Thogai,AF - MAURICIO,"0,32",0,0," R$  0,32 ","100,00%","0,00%","0,00%",NLH,"-3,95"
27/04/2026,185691,Lulinha,AF - MAURICIO,"6,74","0,8",0," R$  7,54 ","89,39%","10,61%","0,00%",NLH,-20
27/04/2026,108062,dodosc,AF - MAURICIO,0,0,"13,17"," R$  13,17 ","0,00%","0,00%","100,00%",PLO6,-176
27/04/2026,137763,pix ad + le,AF - MAURICIO,"24,95","29,3","128,61"," R$  182,86 ","13,64%","16,02%","70,33%",PLO6,-681
27/04/2026,139417,Doidoo,AF - MAURICIO,0,0,0, R$  -   ,,,,NLH,0
27/04/2026,101767,c.nedeR,AF - MAURICIO,"1,59",0,"4,1"," R$  5,69 ","27,94%","0,00%","72,06%",PLO6,"-81,61"
27/04/2026,132894,MONEY AGAIN,AF - MAURICIO,"2,87",0,0," R$  2,87 ","100,00%","0,00%","0,00%",NLH,-40
27/04/2026,159788,Heitor99,AF - MAURICIO,"144,84",0,"7,55"," R$  152,39 ","95,05%","0,00%","4,95%",NLH,39
27/04/2026,178503,Mateusbad,AF - MAURICIO,0,"0,4",0," R$  0,40 ","0,00%","100,00%","0,00%",MTT,"-2,48"
27/04/2026,178292,TeuPapai,AF - MAURICIO,0,0,0, R$  -   ,,,,NLH,0
27/04/2026,132085,Só blef..,AF - MAURICIO,"1,18",1,"31,99"," R$  34,17 ","3,45%","2,93%","93,62%",PLO6,-230
27/04/2026,116798,Zé Mamão,AF - MAURICIO,0,"0,5","17,07"," R$  17,57 ","0,00%","2,85%","97,15%",PLO6,40
27/04/2026,152762,roger424344,AF - MAURICIO,0,"6,1",0," R$  6,10 ","0,00%","100,00%","0,00%",MTT,-61
27/04/2026,105568,Nirk,AF - MAURICIO,0,0,0, R$  -   ,,,,NLH,0
27/04/2026,170156,Presidente GL,AF - MAURICIO,0,0,0, R$  -   ,,,,NLH,0
27/04/2026,102701,NegreANUS,AF - MAURICIO,0,0,0, R$  -   ,,,,NLH,0
27/04/2026,127377,pix127377,AF - MAURICIO,0,0,0, R$  -   ,,,,NLH,0
27/04/2026,126945,Dementador,AF - MAURICIO,"0,22",0,"0,34"," R$  0,56 ","39,29%","0,00%","60,71%",PLO6,-10
27/04/2026,141801,DihBankai,AF - MAURICIO,"7,89",0,0," R$  7,89 ","100,00%","0,00%","0,00%",NLH,-12
27/04/2026,156199,dtrzin,AF - MAURICIO,"88,48",1,"4,11"," R$  93,59 ","94,54%","1,07%","4,39%",NLH,"95,21"
27/04/2026,147319,MOSSORÓ084,AF - MAURICIO,0,0,"12,54"," R$  12,54 ","0,00%","0,00%","100,00%",PLO6,"-55,9"
27/04/2026,101203,Ruyter,AF - MAURICIO,0,0,"7,42"," R$  7,42 ","0,00%","0,00%","100,00%",PLO6,-136
27/04/2026,152705,Erick,AF - MAURICIO,0,0,0, R$  -   ,,,,NLH,0
27/04/2026,195430,hjunior,AF - MAURICIO,0,0,0, R$  -   ,,,,NLH,0
27/04/2026,121051,hahahahahah,AF - MAURICIO,"8,66","7,75",0," R$  16,41 ","52,77%","47,23%","0,00%",NLH,"-96,24"
27/04/2026,105531,Neyleo,AF - MAURICIO,0,4,0," R$  4,00 ","0,00%","100,00%","0,00%",MTT,-40
27/04/2026,170977,Alyssoni,AF - MAURICIO,"1,98",0,0," R$  1,98 ","100,00%","0,00%","0,00%",NLH,-25
27/04/2026,188026,jeremias18cm,AF - MAURICIO,0,"0,1",0," R$  0,10 ","0,00%","100,00%","0,00%",MTT,"1,19"
27/04/2026,102022,Me Chupa,AF - MAURICIO,0,0,"3,21"," R$  3,21 ","0,00%","0,00%","100,00%",PLO6,-25
27/04/2026,100564,CassiONE,AF - MAURICIO,"2,94",0,0," R$  2,94 ","100,00%","0,00%","0,00%",NLH,"21,88"
27/04/2026,132054,PEG4D0R,AF - MAURICIO,0,0,0, R$  -   ,,,,NLH,0
27/04/2026,126041,juan jr,AF - MAURICIO,0,"0,1",0," R$  0,10 ","0,00%","100,00%","0,00%",MTT,-1
27/04/2026,150216,.?.,AF - MAURICIO,"4,07",0,0," R$  4,07 ","100,00%","0,00%","0,00%",NLH,"-37,07"
27/04/2026,106368,seu joao,AF - MAURICIO,0,0,"0,9"," R$  0,90 ","0,00%","0,00%","100,00%",PLO6,"7,65"
27/04/2026,159805,pix159805,AF - MAURICIO,0,0,"3,19"," R$  3,19 ","0,00%","0,00%","100,00%",PLO6,-20
27/04/2026,170065,MacielBet,AF - DAYVISSOM,0,"65,5","174,29"," R$  239,79 ","0,00%","27,32%","72,68%",PLO6,"-259,75"
27/04/2026,100508,luizinhodoido,AF - DAYVISSOM,0,"8,4","416,97"," R$  425,37 ","0,00%","1,97%","98,03%",PLO6,"203,12"
27/04/2026,100624,Reybingo,AF - DAYVISSOM,0,"53,7","5,15"," R$  58,85 ","0,00%","91,25%","8,75%",MTT,"-516,07"
27/04/2026,102486,IaninhAA,AF - DAYVISSOM,0,"8,5","99,77"," R$  108,27 ","0,00%","7,85%","92,15%",PLO6,-467
27/04/2026,100435,pix100435,AF - DAYVISSOM,0,"61,2","1288,64"," R$  1.349,84 ","0,00%","4,53%","95,47%",PLO6,"380,26"
27/04/2026,151434,J H P,AF - DAYVISSOM,"20,97",33,"30,62"," R$  84,59 ","24,79%","39,01%","36,20%",MTT,"-370,84"
27/04/2026,183209,pix183209,AF - DAYVISSOM,0,"1,6","79,87"," R$  81,47 ","0,00%","1,96%","98,04%",PLO6,194
27/04/2026,101731,cai fora,AF - DAYVISSOM,"1,66",0,"1,05"," R$  2,71 ","61,25%","0,00%","38,75%",NLH,-30
27/04/2026,137607,netoredley,AF - EDUARDO FRANÇA,"0,04","0,7","4,84"," R$  5,58 ","0,72%","12,54%","86,74%",PLO6,"-99,74"
27/04/2026,135331,rsmjunior91,AF - EDUARDO FRANÇA,0,0,"146,19"," R$  146,19 ","0,00%","0,00%","100,00%",PLO6,-228
27/04/2026,130369,Padeiro,AF - EDUARDO FRANÇA,0,30,"32,5"," R$  62,50 ","0,00%","48,00%","52,00%",PLO6,"-191,73"
27/04/2026,141352,RuiBR,AF - EDUARDO FRANÇA,0,"11,2","63,75"," R$  74,95 ","0,00%","14,94%","85,06%",PLO6,"-11,53"
27/04/2026,180290,Espankacu,AF - EDUARDO FRANÇA,0,0,0, R$  -   ,,,,NLH,"8,33"
27/04/2026,143740,Hidalgo,AF - EDUARDO FRANÇA,"41,44","3,6","1,32"," R$  46,36 ","89,39%","7,77%","2,85%",NLH,-111
27/04/2026,148112,Jean22,AF - EDUARDO FRANÇA,0,0,0, R$  -   ,,,,NLH,0
27/04/2026,135179,demolidor?,AF - EDUARDO FRANÇA,0,0,0, R$  -   ,,,,NLH,0
27/04/2026,149053,mcl9vin,AF - EDUARDO FRANÇA,0,0,"4,44"," R$  4,44 ","0,00%","0,00%","100,00%",PLO6,"-47,39"
27/04/2026,135146,BRshelby,AF - EDUARDO FRANÇA,0,"13,05",0," R$  13,05 ","0,00%","100,00%","0,00%",MTT,"-118,69"
27/04/2026,194850,pix194850,AF - EDUARDO FRANÇA,0,0,"23,75"," R$  23,75 ","0,00%","0,00%","100,00%",PLO6,-150
27/04/2026,135777,MLima,AF - EDUARDO FRANÇA,"1,49",0,0," R$  1,49 ","100,00%","0,00%","0,00%",NLH,-20
27/04/2026,139605,meireles,AF - EDUARDO FRANÇA,0,0,0, R$  -   ,,,,NLH,"0,51"
27/04/2026,145008,CAPS,AF - AMOR DE PESSOA,"782,2",0,"1,69"," R$  783,89 ","99,78%","0,00%","0,22%",NLH,"108,25"
27/04/2026,140316,pocoyogay,AF - AMOR DE PESSOA,0,"3,5","86,96"," R$  90,46 ","0,00%","3,87%","96,13%",PLO6,"295,85"
27/04/2026,127823,pix127823,AF - AMOR DE PESSOA,0,0,0, R$  -   ,,,,NLH,0
27/04/2026,126476,o gaiato!,AF - AMOR DE PESSOA,0,85,"51,14"," R$  136,14 ","0,00%","62,44%","37,56%",MTT,"-282,11"
27/04/2026,120038,pix120038,AF - AMOR DE PESSOA,0,0,"9,65"," R$  9,65 ","0,00%","0,00%","100,00%",PLO6,"505,67"
27/04/2026,151946,Maracajá,AF - RAFAEL MENEZES,"42,71",0,0," R$  42,71 ","100,00%","0,00%","0,00%",NLH,"-218,07"
27/04/2026,185010,ISAACcc,AF - RAFAEL MENEZES,"12,15","89,58","5,95"," R$  107,68 ","11,28%","83,19%","5,53%",MTT,"65,5"
27/04/2026,134454,1%deitm,AF - RAFAEL MENEZES,"1,11","0,5",0," R$  1,61 ","68,94%","31,06%","0,00%",NLH,-14
27/04/2026,125347,Padre Gato,AF - RAFAEL MENEZES,0,0,"137,4"," R$  137,40 ","0,00%","0,00%","100,00%",PLO6,"-288,29"
27/04/2026,127736,LAPAPODS,AF - RAFAEL MENEZES,"0,04",0,"1044,63"," R$  1.044,67 ","0,00%","0,00%","100,00%",PLO6,"1396,87"
27/04/2026,174141,55 é nuts,AF - RAFAEL MENEZES,0,"43,8","56,7"," R$  100,50 ","0,00%","43,58%","56,42%",PLO6,"-382,29"
27/04/2026,146449,Sem flertar AA,AF - RAFAEL MENEZES,"48,96","38,4","93,45"," R$  180,81 ","27,08%","21,24%","51,68%",PLO6,-354
27/04/2026,124326,Kabula_13,AF - RAFAEL MENEZES,0,0,"8,51"," R$  8,51 ","0,00%","0,00%","100,00%",PLO6,-120
27/04/2026,109128,tomeeei,AF - RAFAEL MENEZES,0,"59,9","45,59"," R$  105,49 ","0,00%","56,78%","43,22%",MTT,"-288,37"
27/04/2026,159869,Lá e Loa ?,AF - RAFAEL MENEZES,0,"97,6",0," R$  97,60 ","0,00%","100,00%","0,00%",MTT,"321,35"
27/04/2026,139285,Ernaldo Junior,AF - RAFAEL MENEZES,"7,49",0,"16,72"," R$  24,21 ","30,94%","0,00%","69,06%",PLO6,"-40,09"
27/04/2026,165516,tchula,AF - RAFAEL MENEZES,"67,25","14,76",0," R$  82,01 ","82,00%","18,00%","0,00%",NLH,"527,55"
27/04/2026,144311,Robson#@,AF - RAFAEL MENEZES,0,"29,29",0," R$  29,29 ","0,00%","100,00%","0,00%",MTT,"-276,9"
27/04/2026,180730,pix180730,AF - RAFAEL MENEZES,0,"5,3",0," R$  5,30 ","0,00%","100,00%","0,00%",MTT,"15,64"
27/04/2026,181789,Epson Júnior,AF - RAFAEL MENEZES,0,0,"47,94"," R$  47,94 ","0,00%","0,00%","100,00%",PLO6,"-130,04"
27/04/2026,193592,nossaaaa,AF - RAFAEL MENEZES,0,"44,9",0," R$  44,90 ","0,00%","100,00%","0,00%",MTT,"-501,41"
27/04/2026,104627,ZéPretin???,AF - RAFAEL MENEZES,0,"28,6",0," R$  28,60 ","0,00%","100,00%","0,00%",MTT,"221,94"
27/04/2026,164248,D1EG0,AF - RAFAEL MENEZES,"2,54","18,1",0," R$  20,64 ","12,31%","87,69%","0,00%",MTT,"-211,25"
27/04/2026,111960,adivinha,AF - RAFAEL MENEZES,0,"23,2",0," R$  23,20 ","0,00%","100,00%","0,00%",MTT,-242
27/04/2026,158491,LeBron James,AF - RAFAEL MENEZES,0,"65,3",0," R$  65,30 ","0,00%","100,00%","0,00%",MTT,"-379,32"
27/04/2026,151458,Jubileux,AF - RAFAEL MENEZES,"1,74","11,16",0," R$  12,90 ","13,49%","86,51%","0,00%",MTT,"162,91"
27/04/2026,151678,guijucca,AF - RAFAEL MENEZES,0,"0,4","1,73"," R$  2,13 ","0,00%","18,78%","81,22%",PLO6,-17
27/04/2026,164687,PatrickCWB,AF - RAFAEL MENEZES,"1,36",0,0," R$  1,36 ","100,00%","0,00%","0,00%",NLH,-4
27/04/2026,184999,Balovisk,AF - RAFAEL MENEZES,0,"2,1",0," R$  2,10 ","0,00%","100,00%","0,00%",MTT,-21
27/04/2026,172435,VALDETARIO CARNEIRO,AF - RAFAEL MENEZES,0,0,"3,19"," R$  3,19 ","0,00%","0,00%","100,00%",PLO6,"-48,3"
27/04/2026,104665,Lima2115,AF - RAFAEL MENEZES,0,0,"5,2"," R$  5,20 ","0,00%","0,00%","100,00%",PLO6,-40
27/04/2026,151397,LScwb___10,AF - RAFAEL MENEZES,0,"0,5",0," R$  0,50 ","0,00%","100,00%","0,00%",MTT,"-2,76"
27/04/2026,132222,Xp zero02,AF - RAFAEL MENEZES,0,"25,4",0," R$  25,40 ","0,00%","100,00%","0,00%",MTT,"298,05"
27/04/2026,194046,JM AA,AF - RAFAEL MENEZES,"2,49",0,0," R$  2,49 ","100,00%","0,00%","0,00%",NLH,-20
27/04/2026,132226,mirassol.fc,AF - RAFAEL MENEZES,0,"2,1","24,74"," R$  26,84 ","0,00%","7,82%","92,18%",PLO6,-179
27/04/2026,131655,leolima,AF - RAFAEL MENEZES,0,"1,5",0," R$  1,50 ","0,00%","100,00%","0,00%",MTT,-15
27/04/2026,150204,TheJoker,AF - RAFAEL MENEZES,0,0,"35,95"," R$  35,95 ","0,00%","0,00%","100,00%",PLO6,-100
27/04/2026,141530,MADDA,AF - RAFAEL MENEZES,0,0,0, R$  -   ,,,,NLH,0
27/04/2026,137030,Felipe A,AF - RAFAEL MENEZES,"0,99",0,0," R$  0,99 ","100,00%","0,00%","0,00%",NLH,-10
27/04/2026,127609,Andreza Marques,AF - RAFAEL MENEZES,"1,05","6,9","35,08"," R$  43,03 ","2,44%","16,04%","81,52%",PLO6,-9
27/04/2026,117132,GabrielKK,AF - RAFAEL MENEZES,"1,45",0,0," R$  1,45 ","100,00%","0,00%","0,00%",NLH,"-21,11"
27/04/2026,193262,cafezito,AF - RAFAEL MENEZES,"0,88",0,0," R$  0,88 ","100,00%","0,00%","0,00%",NLH,-13
27/04/2026,146775,ruanzin77,AF - RAFAEL MENEZES,"5,67",0,"0,37"," R$  6,04 ","93,87%","0,00%","6,13%",NLH,0
27/04/2026,179215,ChavesCWB,AF - RAFAEL MENEZES,0,0,0, R$  -   ,,,,NLH,0
27/04/2026,145445,Boy urea,AF - RAFAEL MENEZES,0,60,0," R$  60,00 ","0,00%","100,00%","0,00%",MTT,-600
27/04/2026,134797,FoldarPraQ,AF - RAFAEL MENEZES,0,0,"6,52"," R$  6,52 ","0,00%","0,00%","100,00%",PLO6,-100
27/04/2026,152510,BruceWayne,AF - GABRIEL BENEVOL,"38,52","0,1",0," R$  38,62 ","99,74%","0,26%","0,00%",NLH,"-18,71"
27/04/2026,152791,Karintó,AF - GABRIEL BENEVOL,"5,87",0,"436,17"," R$  442,04 ","1,33%","0,00%","98,67%",PLO6,"1887,18"
27/04/2026,155748,MaxFarias,AF - GABRIEL BENEVOL,0,261,0," R$  261,00 ","0,00%","100,00%","0,00%",MTT,"434,18"
27/04/2026,141676,lipesantos,AF - GABRIEL BENEVOL,0,13,0," R$  13,00 ","0,00%","100,00%","0,00%",MTT,110
27/04/2026,140440,Rafiusky,AF - GABRIEL BENEVOL,0,"0,5","4,89"," R$  5,39 ","0,00%","9,28%","90,72%",PLO6,-70
27/04/2026,110023,083JP.,AF - GABRIEL BENEVOL,0,"0,2","15,52"," R$  15,72 ","0,00%","1,27%","98,73%",PLO6,"-109,62"
27/04/2026,139352,henryzin,AF - GABRIEL BENEVOL,0,0,"126,14"," R$  126,14 ","0,00%","0,00%","100,00%",PLO6,"2062,83"
27/04/2026,136771,curupira,AF - GABRIEL BENEVOL,0,2,0," R$  2,00 ","0,00%","100,00%","0,00%",MTT,-20
27/04/2026,163050,Andrersann,AF - FRED AGUIAR,"89,79",2,"2,43"," R$  94,22 ","95,30%","2,12%","2,58%",NLH,"-223,35"
27/04/2026,189721,bananudo,AF - FRED AGUIAR,"39,74","0,8",0," R$  40,54 ","98,03%","1,97%","0,00%",NLH,"-106,12"
27/04/2026,192509,jotavoy,AF - FRED AGUIAR,"28,08",0,"2,71"," R$  30,79 ","91,20%","0,00%","8,80%",NLH,"-149,55"
27/04/2026,171047,tigresa,AF - FRED AGUIAR,"3,47","0,96",0," R$  4,43 ","78,33%","21,67%","0,00%",NLH,"78,32"
27/04/2026,162906,pix162906,AF - FRED AGUIAR,"37,78","3,84",0," R$  41,62 ","90,77%","9,23%","0,00%",NLH,"-139,24"
27/04/2026,171924,dudusiqueira,AF - FRED AGUIAR,0,"0,1",0," R$  0,10 ","0,00%","100,00%","0,00%",MTT,-1
27/04/2026,137719,Noslimeda,AF - FRED AGUIAR,0,0,0, R$  -   ,,,,NLH,"0,73"
27/04/2026,194450,Luiss,AF - FRED AGUIAR,0,3,"16,38"," R$  19,38 ","0,00%","15,48%","84,52%",PLO6,-100
27/04/2026,163754,Soemia gostosa,AF - FRED AGUIAR,0,0,0, R$  -   ,,,,NLH,0
27/04/2026,164147,DavidRam,AF - LEANDRO,"17,93",0,0," R$  17,93 ","100,00%","0,00%","0,00%",NLH,"-8,53"
27/04/2026,176575,Vela,AF - LEANDRO,"121,31",0,"6,39"," R$  127,70 ","95,00%","0,00%","5,00%",NLH,"-185,95"
27/04/2026,139289,JoaoAdibe,AF - LEANDRO,0,3,"148,36"," R$  151,36 ","0,00%","1,98%","98,02%",PLO6,"-1280,66"
27/04/2026,151420,pitbul,AF - LEANDRO,"3,58","3,8","124,54"," R$  131,92 ","2,71%","2,88%","94,41%",PLO6,"-436,96"
27/04/2026,172717,bicarbonato,AF - LEANDRO,0,0,"1,25"," R$  1,25 ","0,00%","0,00%","100,00%",PLO6,"-16,69"
27/04/2026,153971,pix153971,AF - LEANDRO,0,0,"1675,56"," R$  1.675,56 ","0,00%","0,00%","100,00%",PLO6,"-2237,69"
27/04/2026,151135,tutu151135,AF - LEANDRO,0,0,"103,77"," R$  103,77 ","0,00%","0,00%","100,00%",PLO6,-250
27/04/2026,164460,J h o n z i n h o10k,AF - LEANDRO,0,"4,2","54,59"," R$  58,79 ","0,00%","7,14%","92,86%",PLO6,"0,73"
27/04/2026,114556,Santista Roxo,AF - LEANDRO,0,"0,1",0," R$  0,10 ","0,00%","100,00%","0,00%",MTT,-1
27/04/2026,125576,Sdcam011,AF - LEANDRO,0,0,0, R$  -   ,,,,NLH,0
27/04/2026,144856,RaffaJoker,AF - LEANDRO,0,"0,1",0," R$  0,10 ","0,00%","100,00%","0,00%",MTT,"-0,12"
27/04/2026,152313,JP777,AF - LEANDRO,0,"1,6",0," R$  1,60 ","0,00%","100,00%","0,00%",MTT,"-14,99"
27/04/2026,171573,Gabriel.Lacerda,AF - LEANDRO,"195,61","0,2",0," R$  195,81 ","99,90%","0,10%","0,00%",NLH,"235,4"
27/04/2026,172006,Moreira Filho,AF - LEANDRO,0,0,0, R$  -   ,,,,NLH,"1,29"
27/04/2026,105336,Mestre Coringa,AF - LEANDRO,"10,16",0,"25,97"," R$  36,13 ","28,12%","0,00%","71,88%",PLO6,"-50,71"
27/04/2026,108942,Galeego,AF - LEANDRO,"210,61",0,0," R$  210,61 ","100,00%","0,00%","0,00%",NLH,"79,8"
27/04/2026,119181,AstecK,AF - LEANDRO,"36,18",2,"1,69"," R$  39,87 ","90,74%","5,02%","4,24%",NLH,"90,59"
27/04/2026,150696,Derel?,AF - LEANDRO,"17,64",0,0," R$  17,64 ","100,00%","0,00%","0,00%",NLH,"-73,37"
27/04/2026,154475,DENVER,AF - LEANDRO,"0,56","19,9","3,09"," R$  23,55 ","2,38%","84,50%","13,12%",MTT,"-129,6"
27/04/2026,165311,boruto,AF - LEANDRO,"0,72","1,1",0," R$  1,82 ","39,56%","60,44%","0,00%",MTT,"-13,92"
27/04/2026,179740,energyronald,AF - LEANDRO,"2,26",0,0," R$  2,26 ","100,00%","0,00%","0,00%",NLH,-14
27/04/2026,152368,SeMijarNoMuroKai,AF - LEANDRO,0,"47,7","5,85"," R$  53,55 ","0,00%","89,08%","10,92%",MTT,"-201,11"
27/04/2026,151970,METEORO,AF - LEANDRO,"0,86",0,"3,47"," R$  4,33 ","19,86%","0,00%","80,14%",PLO6,"-15,62"
27/04/2026,106706,karai,AF - LEANDRO,0,"0,1","2,26"," R$  2,36 ","0,00%","4,24%","95,76%",PLO6,-20
27/04/2026,133735,Balodinhosx777,AF - LEANDRO,0,"0,6","41,71"," R$  42,31 ","0,00%","1,42%","98,58%",PLO6,"54,59"
27/04/2026,162745,TOMATao,AF - LEANDRO,0,"6,5","14,85"," R$  21,35 ","0,00%","30,44%","69,56%",PLO6,"-21,96"
27/04/2026,158242,pix158242,AF - LEANDRO,0,"0,5","209,34"," R$  209,84 ","0,00%","0,24%","99,76%",PLO6,"574,53"
27/04/2026,165375,SAROBEIRO ?,AF - LEANDRO,"1,2","1,6","45,22"," R$  48,02 ","2,50%","3,33%","94,17%",PLO6,150
27/04/2026,135735,Tchamba,AF - LEANDRO,0,0,"8,23"," R$  8,23 ","0,00%","0,00%","100,00%",PLO6,"-28,73"
27/04/2026,159067,Brenooo,AF - LEANDRO,"0,29",0,"18,67"," R$  18,96 ","1,53%","0,00%","98,47%",PLO6,-63
27/04/2026,140434,Risotto,AF - LEANDRO,"17,28",0,0," R$  17,28 ","100,00%","0,00%","0,00%",NLH,"-62,26"
27/04/2026,194205,pix194205,AF - LEANDRO,0,0,"12,81"," R$  12,81 ","0,00%","0,00%","100,00%",PLO6,-200
27/04/2026,170947,vofoldar,AF - LEANDRO,0,"37,5","0,74"," R$  38,24 ","0,00%","98,06%","1,94%",MTT,"1293,14"
27/04/2026,149115,carlito157,AF - LEANDRO,0,2,"10,01"," R$  12,01 ","0,00%","16,65%","83,35%",PLO6,-100
27/04/2026,152328,ALEMDALOMBRA??,AF - LEANDRO,"10,53",2,0," R$  12,53 ","84,04%","15,96%","0,00%",NLH,"-26,04"
27/04/2026,130833,joakspk,AF - LEANDRO,0,0,0, R$  -   ,,,,NLH,"1,33"
27/04/2026,139476,willamys,AF - LEANDRO,"26,02",0,0," R$  26,02 ","100,00%","0,00%","0,00%",NLH,-128
27/04/2026,141696,lupercia,AF - LEANDRO,0,"0,3",0," R$  0,30 ","0,00%","100,00%","0,00%",MTT,"0,33"
27/04/2026,146053,MANDALORIAN-146053,AF - LEANDRO,"5,59","6,3",0," R$  11,89 ","47,01%","52,99%","0,00%",MTT,-69
27/04/2026,160798,necrótico?,AF - LEANDRO,0,"19,2",0," R$  19,20 ","0,00%","100,00%","0,00%",MTT,"234,27"
27/04/2026,168454,G2___,AF - LEANDRO,"104,01","3,9","26,32"," R$  134,23 ","77,49%","2,91%","19,61%",NLH,54
27/04/2026,152138,jlucas283941,AF - LEANDRO,0,"68,9",0," R$  68,90 ","0,00%","100,00%","0,00%",MTT,"-344,79"
27/04/2026,171210,Coringa??,AF - LEANDRO,0,"23,5",0," R$  23,50 ","0,00%","100,00%","0,00%",MTT,"470,92"
27/04/2026,156079,Alyson01,AF - LEANDRO,0,"1,7",0," R$  1,70 ","0,00%","100,00%","0,00%",MTT,-17
27/04/2026,157769,vpzera,AF - LEANDRO,3,"12,6",0," R$  15,60 ","19,23%","80,77%","0,00%",MTT,"84,02"
27/04/2026,129294,Moraes14,AF - LEANDRO,0,"6,2",0," R$  6,20 ","0,00%","100,00%","0,00%",MTT,-62
27/04/2026,140016,T. Shelby,AF - LEANDRO,0,"5,65","0,78"," R$  6,43 ","0,00%","87,87%","12,13%",MTT,"-64,5"
27/04/2026,153437,edimar delicia,AF - LEANDRO,"0,94","36,3",0," R$  37,24 ","2,52%","97,48%","0,00%",MTT,"-278,79"
27/04/2026,107566,BruxoAl,AF - LEANDRO,0,"43,3",0," R$  43,30 ","0,00%","100,00%","0,00%",MTT,"-277,52"
27/04/2026,150617,urameshi,AF - LEANDRO,"0,4","0,3",0," R$  0,70 ","57,14%","42,86%","0,00%",NLH,-3
27/04/2026,164881,Pipinelas,AF - LEANDRO,0,"0,1",0," R$  0,10 ","0,00%","100,00%","0,00%",MTT,-1
27/04/2026,143578,Drxx,AF - LEANDRO,"6,32","9,5",0," R$  15,82 ","39,95%","60,05%","0,00%",MTT,"-108,95"
27/04/2026,147762,U3LLPOKER,AF - LEANDRO,0,9,0," R$  9,00 ","0,00%","100,00%","0,00%",MTT,-90
27/04/2026,170494,Leo Sobrinho,AF - LEANDRO,0,"3,5",0," R$  3,50 ","0,00%","100,00%","0,00%",MTT,-35
27/04/2026,126685,donjuan,AF - LEANDRO,0,0,0, R$  -   ,,,,NLH,0
27/04/2026,128825,pix128825,AF - LEANDRO,0,0,0, R$  -   ,,,,NLH,0
27/04/2026,145752,Evans Sousa,AF - LEANDRO,0,0,0, R$  -   ,,,,NLH,0
27/04/2026,148508,atrevido,AF - LEANDRO,0,0,0, R$  -   ,,,,NLH,0
27/04/2026,150323,CAIPISXIT,AF - LEANDRO,0,0,0, R$  -   ,,,,NLH,"0,75"
27/04/2026,153757,jaironmachado,AF - LEANDRO,0,0,0, R$  -   ,,,,NLH,0
27/04/2026,156730,atrevido3,AF - LEANDRO,"0,21","0,1","4,06"," R$  4,37 ","4,81%","2,29%","92,91%",PLO6,"-10,51"
27/04/2026,158000,MoRPhEo,AF - LEANDRO,0,0,0, R$  -   ,,,,NLH,0
27/04/2026,167302,DrOpenHeimer,AF - LEANDRO,0,0,0, R$  -   ,,,,NLH,0
27/04/2026,147889,Nc12,AF - LEANDRO,"1,48","7,6","21,85"," R$  30,93 ","4,78%","24,57%","70,64%",PLO6,"10,71"
27/04/2026,146272,A??,AF - LEANDRO,0,"2,2",0," R$  2,20 ","0,00%","100,00%","0,00%",MTT,-197
27/04/2026,112206,thebest,AF - LEANDRO,0,0,"18,71"," R$  18,71 ","0,00%","0,00%","100,00%",PLO6,-57
27/04/2026,127645,Erick Vinny,AF - LEANDRO,"7,04",0,0," R$  7,04 ","100,00%","0,00%","0,00%",NLH,-16
27/04/2026,163914,KronoZ,AF - LEANDRO,0,0,0, R$  -   ,,,,NLH,"9,78"
27/04/2026,121205,nylmar,AF - LEANDRO,"1,13","9,1",0," R$  10,23 ","11,05%","88,95%","0,00%",MTT,"-111,26"
27/04/2026,158350,ZEDUPEIXE,AF - LEANDRO,"6,45",0,"95,07"," R$  101,52 ","6,35%","0,00%","93,65%",PLO6,-166
27/04/2026,194136,paracatu,AF - LEANDRO,0,"10,3",0," R$  10,30 ","0,00%","100,00%","0,00%",MTT,-103
27/04/2026,143787,bobdilanGOOD,AF - LEANDRO,"2,72",1,0," R$  3,72 ","73,12%","26,88%","0,00%",NLH,-29
27/04/2026,153698,Ojuara??,AF - LEANDRO,"12,4",32,0," R$  44,40 ","27,93%","72,07%","0,00%",MTT,"-377,48"
27/04/2026,156447,QuebraBanca,AF - LEANDRO,"5,05",0,0," R$  5,05 ","100,00%","0,00%","0,00%",NLH,-20
27/04/2026,156755,R&n@t0,AF - LEANDRO,"10,22",0,"89,29"," R$  99,51 ","10,27%","0,00%","89,73%",PLO6,-24
27/04/2026,157541,LucasLeite,AF - LEANDRO,"1,59",0,"18,15"," R$  19,74 ","8,05%","0,00%","91,95%",PLO6,"51,85"
27/04/2026,116003,Raul do taxi,AF - LEANDRO,"1,79","2,7",0," R$  4,49 ","39,87%","60,13%","0,00%",MTT,"-31,8"
27/04/2026,135527,KayaTT,AF - LEANDRO,0,"3,6",0," R$  3,60 ","0,00%","100,00%","0,00%",MTT,-36
27/04/2026,147243,BiaFreitas,AF - LEANDRO,0,0,0, R$  -   ,,,,NLH,0
27/04/2026,147246,Luisa Freitas,AF - LEANDRO,0,0,0, R$  -   ,,,,NLH,0
27/04/2026,147363,FreitasJr,AF - LEANDRO,0,0,0, R$  -   ,,,,NLH,0
27/04/2026,153141,Arthur2mm,AF - LEANDRO,"0,45",0,"18,87"," R$  19,32 ","2,33%","0,00%","97,67%",PLO6,26
27/04/2026,164403,uzucrack,AF - LEANDRO,"0,74",0,0," R$  0,74 ","100,00%","0,00%","0,00%",NLH,-10
27/04/2026,140127,Peco,AF - LEANDRO,0,0,"15,03"," R$  15,03 ","0,00%","0,00%","100,00%",PLO6,36
27/04/2026,155377,GabrielFallett,AF - LEANDRO,"0,47",0,0," R$  0,47 ","100,00%","0,00%","0,00%",NLH,"-6,92"
27/04/2026,122068,JGZIN DAS BAD,AF - LEANDRO,0,0,0, R$  -   ,,,,NLH,0
27/04/2026,138374,pix138374,AF - LEANDRO,0,0,0, R$  -   ,,,,NLH,0
27/04/2026,159010,MESTRESHEIK,AF - LEANDRO,0,"0,1",0," R$  0,10 ","0,00%","100,00%","0,00%",MTT,"-0,27"
27/04/2026,129998,Gengis Khan,AF - LEANDRO,"17,13",0,0," R$  17,13 ","100,00%","0,00%","0,00%",NLH,"45,4"
27/04/2026,136662,PERICANO,AF - LEANDRO,0,0,0, R$  -   ,,,,NLH,0
27/04/2026,173137,Batllesquiva,AF - LEANDRO,0,0,0, R$  -   ,,,,NLH,0
27/04/2026,179537,jjnao,AF - LEANDRO,0,0,0, R$  -   ,,,,NLH,0
27/04/2026,111763,patifari@ poker,AF - LEANDRO,"1,56","5,06",0," R$  6,62 ","23,56%","76,44%","0,00%",MTT,"12,2"
27/04/2026,150298,Msanto,AF - LEANDRO,"1,17",0,0," R$  1,17 ","100,00%","0,00%","0,00%",NLH,-21
27/04/2026,142316,Tomzera Apelão,AF - LEANDRO,"55,78","9,4","8,15"," R$  73,33 ","76,07%","12,82%","11,11%",NLH,"811,91"
27/04/2026,171558,oliveiraluiz,AF - LEANDRO,"4,97",0,0," R$  4,97 ","100,00%","0,00%","0,00%",NLH,-15
27/04/2026,162734,abdujaballl,AF - LEANDRO,0,"1,6",0," R$  1,60 ","0,00%","100,00%","0,00%",MTT,"1,88"
27/04/2026,143463,@BATE ESTACA,AF - LEANDRO,0,0,0, R$  -   ,,,,NLH,0
27/04/2026,141565,shameless,AF - LEANDRO,"11,06",0,"3,21"," R$  14,27 ","77,51%","0,00%","22,49%",NLH,-86
27/04/2026,153680,ToGi,AF - LEANDRO,0,"34,7",0," R$  34,70 ","0,00%","100,00%","0,00%",MTT,"-213,63"
27/04/2026,165787,Azarado22,AF - LEANDRO,0,0,"6,08"," R$  6,08 ","0,00%","0,00%","100,00%",PLO6,-26
27/04/2026,163958,Netobala,AF - LEANDRO,0,0,0, R$  -   ,,,,NLH,0
27/04/2026,145256,FabrícioVoctor,AF - LEANDRO,0,0,0, R$  -   ,,,,NLH,0
27/04/2026,146963,kinho011,AF - LEANDRO,0,0,0, R$  -   ,,,,NLH,0
27/04/2026,155238,RigoShelbyy,AF - LEANDRO,"19,9",0,0," R$  19,90 ","100,00%","0,00%","0,00%",NLH,-30
27/04/2026,139541,Boca,AF - LEANDRO,0,0,"1,81"," R$  1,81 ","0,00%","0,00%","100,00%",PLO6,-21
27/04/2026,117424,ManoPepa ??,AF - LEANDRO,"1,46",0,0," R$  1,46 ","100,00%","0,00%","0,00%",NLH,-7
27/04/2026,155125,NUTS ????,AF - LEANDRO,"1,23",0,"0,55"," R$  1,78 ","69,10%","0,00%","30,90%",NLH,"-3,96"
27/04/2026,173174,pix173174,AF - LEANDRO,"1,27",0,0," R$  1,27 ","100,00%","0,00%","0,00%",NLH,-4
27/04/2026,139265,DiegoPicaPau,AF - LEANDRO,0,"2,9","0,77"," R$  3,67 ","0,00%","79,02%","20,98%",MTT,27
27/04/2026,151610,general,AF - LEANDRO,"0,51","3,4",0," R$  3,91 ","13,04%","86,96%","0,00%",MTT,"-36,89"
27/04/2026,153398,741520,AF - LEANDRO,0,0,0, R$  -   ,,,,NLH,0
27/04/2026,112572,Viniti,AF - LEANDRO,0,0,"10,73"," R$  10,73 ","0,00%","0,00%","100,00%",PLO6,-100
27/04/2026,180159,JOT4ÉRRE,AF - LEANDRO,0,"2,4",0," R$  2,40 ","0,00%","100,00%","0,00%",MTT,-24
27/04/2026,132060,GAAALLLOOOOOOOOO,AF - LEANDRO,0,0,0, R$  -   ,,,,NLH,0
27/04/2026,165566,pix165566,AF - ENZO VIEC,"316,2",0,0," R$  316,20 ","100,00%","0,00%","0,00%",NLH,"1521,76"
27/04/2026,165322,pix165322,AF - ENZO VIEC,"245,42",0,"133,33"," R$  378,75 ","64,80%","0,00%","35,20%",NLH,"-120,12"
27/04/2026,170927,Dan07,AF - SILVINHO,"54,08","2,2","60,12"," R$  116,40 ","46,46%","1,89%","51,65%",PLO6,"-428,61"
27/04/2026,100478,balashinekov,AF - SILVINHO,0,0,"24,35"," R$  24,35 ","0,00%","0,00%","100,00%",PLO6,"-129,95"
27/04/2026,172138,Russia,AF - FABIO MURAKAMI,"50,22",0,0," R$  50,22 ","100,00%","0,00%","0,00%",NLH,"-67,25"
27/04/2026,147416,????????,AF - FABIO MURAKAMI,0,32,"92,91"," R$  124,91 ","0,00%","25,62%","74,38%",PLO6,"-250,41"
27/04/2026,158904,SHARON??,AF - FABIO MURAKAMI,0,"37,9","6,81"," R$  44,71 ","0,00%","84,77%","15,23%",MTT,-335
27/04/2026,144307,AANTONIOE,AF - FABIO MURAKAMI,0,"1,7",0," R$  1,70 ","0,00%","100,00%","0,00%",MTT,-17
27/04/2026,163679,Leo 73,AF - FABIO MURAKAMI,0,"0,1",0," R$  0,10 ","0,00%","100,00%","0,00%",MTT,"0,29"
27/04/2026,182047,joventralha1,AF - FABIO MURAKAMI,"41,77","4,4","34,65"," R$  80,82 ","51,68%","5,44%","42,87%",NLH,-414
27/04/2026,127292,ErroPotte,AF - FABIO MURAKAMI,0,"34,5",0," R$  34,50 ","0,00%","100,00%","0,00%",MTT,"213,2"
27/04/2026,160733,TheKing92,AF - FABIO MURAKAMI,"0,89","40,3",0," R$  41,19 ","2,16%","97,84%","0,00%",MTT,"-278,61"
27/04/2026,146545,Patativover,AF - FABIO MURAKAMI,0,116,0," R$  116,00 ","0,00%","100,00%","0,00%",MTT,"-105,63"
27/04/2026,153916,Xandovysk,AF - FABIO MURAKAMI,0,0,0, R$  -   ,,,,NLH,0
27/04/2026,130042,FabioK9,AF - FABIO MURAKAMI,0,0,"11,99"," R$  11,99 ","0,00%","0,00%","100,00%",PLO6,-117
27/04/2026,195448,thiagotng,AF - RICARDO SEHNEM,"212,44",0,0," R$  212,44 ","100,00%","0,00%","0,00%",NLH,"560,22"
27/04/2026,195694,CriadoPix,AF - RICARDO SEHNEM,"20,59","31,15",0," R$  51,74 ","39,80%","60,20%","0,00%",MTT,"-428,41"
27/04/2026,195527,Mestre723,AF - RICARDO SEHNEM,0,0,0, R$  -   ,,,,NLH,"0,51"
27/04/2026,149672,SACO DE BOI,AF - FERNANDO M.,0,"28,8",0," R$  28,80 ","0,00%","100,00%","0,00%",MTT,"236,66"
27/04/2026,147900,MHConline,AF - FERNANDO M.,"6,7",0,0," R$  6,70 ","100,00%","0,00%","0,00%",NLH,"15,29"
27/04/2026,148451,Serimac,AF - FERNANDO M.,0,0,"356,81"," R$  356,81 ","0,00%","0,00%","100,00%",PLO6,"-901,18"
27/04/2026,148848,meno K,AF - FERNANDO M.,0,0,"94,25"," R$  94,25 ","0,00%","0,00%","100,00%",PLO6,"370,28"
27/04/2026,153977,DanielAndre1822,AF - FERNANDO M.,"1,58","6,4",0," R$  7,98 ","19,80%","80,20%","0,00%",MTT,"-78,03"
27/04/2026,156181,KidCaucaia,AF - FERNANDO M.,0,"1,7",0," R$  1,70 ","0,00%","100,00%","0,00%",MTT,"-0,64"
27/04/2026,159024,pablyto66,AF - FERNANDO M.,"0,86","3,3",0," R$  4,16 ","20,67%","79,33%","0,00%",MTT,"-35,48"
27/04/2026,161423,BASSOA,AF - FERNANDO M.,0,0,0, R$  -   ,,,,NLH,"0,77"
27/04/2026,170717,litlle nerd,AF - FERNANDO M.,0,0,0, R$  -   ,,,,NLH,0
27/04/2026,149498,pix149498,AF - FERNANDO M.,0,"5,5",0," R$  5,50 ","0,00%","100,00%","0,00%",MTT,-55
27/04/2026,170113,Larry Bird 33#,AF - FERNANDO M.,"1,93",0,0," R$  1,93 ","100,00%","0,00%","0,00%",NLH,"-10,95"
27/04/2026,170439,esthercruzv,AF - FERNANDO M.,0,0,0, R$  -   ,,,,NLH,0
27/04/2026,107169,danilo10,AF - KZAA CLUB,0,20,"247,56"," R$  267,56 ","0,00%","7,47%","92,53%",PLO6,"329,48"
27/04/2026,107490,Josanny,AF - KZAA CLUB,0,0,"97,93"," R$  97,93 ","0,00%","0,00%","100,00%",PLO6,"-20,89"
27/04/2026,123623,pix123623,AF - KZAA CLUB,0,0,"559,96"," R$  559,96 ","0,00%","0,00%","100,00%",PLO6,"-2228,49"
27/04/2026,123154,Greey,AF - KZAA CLUB,0,0,"229,77"," R$  229,77 ","0,00%","0,00%","100,00%",PLO6,-595
27/04/2026,144100,Jogador69,AF - KZAA CLUB,0,0,"2764,48"," R$  2.764,48 ","0,00%","0,00%","100,00%",PLO6,"2502,35"
27/04/2026,100796,PixPlay,AF - KZAA CLUB,"29,55","7,55","122,21"," R$  159,31 ","18,55%","4,74%","76,71%",PLO6,-714
27/04/2026,100154,pixbad,AF - KZAA CLUB,0,"52,5","28,4"," R$  80,90 ","0,00%","64,89%","35,11%",MTT,"530,25"
27/04/2026,100448,Paga,AF - KZAA CLUB,0,0,"139,81"," R$  139,81 ","0,00%","0,00%","100,00%",PLO6,"733,99"
27/04/2026,104648,nilsonsergio15,AF - KZAA CLUB,0,0,"1916,38"," R$  1.916,38 ","0,00%","0,00%","100,00%",PLO6,"-3546,87"
27/04/2026,130918,pix130918,AF - KZAA CLUB,0,0,"3291,42"," R$  3.291,42 ","0,00%","0,00%","100,00%",PLO6,"1447,93"
27/04/2026,169277,Kakaroto?,AF - KZAA CLUB,0,0,"114,03"," R$  114,03 ","0,00%","0,00%","100,00%",PLO6,-268
27/04/2026,100266,BerôPB,AF - KZAA CLUB,0,0,"51,63"," R$  51,63 ","0,00%","0,00%","100,00%",PLO6,"218,14"
27/04/2026,100397,Professor,AF - KZAA CLUB,0,"16,5","20,93"," R$  37,43 ","0,00%","44,08%","55,92%",PLO6,"-423,76"
27/04/2026,157331,TIO GILNETO,AF - KZAA CLUB,0,0,"335,36"," R$  335,36 ","0,00%","0,00%","100,00%",PLO6,"-84,71"
27/04/2026,131074,pix270576,AF - KZAA CLUB,0,2,0," R$  2,00 ","0,00%","100,00%","0,00%",MTT,-25
27/04/2026,100140,Diego Manga,AF - KZAA CLUB,0,40,"4318,6"," R$  4.358,60 ","0,00%","0,92%","99,08%",PLO6,"82,14"
27/04/2026,100136,AllInSemDó,AF - KZAA CLUB,0,"19,2","160,84"," R$  180,04 ","0,00%","10,66%","89,34%",PLO6,"-1419,36"
27/04/2026,121187,x.poker,AF - KZAA CLUB,0,0,"40,99"," R$  40,99 ","0,00%","0,00%","100,00%",PLO6,"-75,32"
27/04/2026,115616,pix559079,AF - KZAA CLUB,0,0,"639,75"," R$  639,75 ","0,00%","0,00%","100,00%",PLO6,"-3188,73"
27/04/2026,100259,Josenildo,AF - KZAA CLUB,0,"0,1",0," R$  0,10 ","0,00%","100,00%","0,00%",MTT,"-0,27"
27/04/2026,127997,wagne,AF - KZAA CLUB,0,0,"88,29"," R$  88,29 ","0,00%","0,00%","100,00%",PLO6,"161,58"
27/04/2026,140989,coqueir0,AF - KZAA CLUB,0,0,"21,14"," R$  21,14 ","0,00%","0,00%","100,00%",PLO6,-280
27/04/2026,102125,Bolsonaroo22,AF - KZAA CLUB,0,"23,4","160,52"," R$  183,92 ","0,00%","12,72%","87,28%",PLO6,"-1557,65"
27/04/2026,150122,MXavier13,AF - KZAA CLUB,"20,92",0,0," R$  20,92 ","100,00%","0,00%","0,00%",NLH,"92,68"
27/04/2026,100132,Dr Junior,AF - KZAA CLUB,0,"4,8",0," R$  4,80 ","0,00%","100,00%","0,00%",MTT,0
27/04/2026,171708,pix171708,AF - KZAA CLUB,0,0,"6,22"," R$  6,22 ","0,00%","0,00%","100,00%",PLO6,-24
27/04/2026,100247,Guto Holanda,AF - KZAA CLUB,0,0,"43,46"," R$  43,46 ","0,00%","0,00%","100,00%",PLO6,150
27/04/2026,100418,Stonerax,AF - KZAA CLUB,0,0,"1,99"," R$  1,99 ","0,00%","0,00%","100,00%",PLO6,-50
27/04/2026,100265,BreckPK,AF - KZAA CLUB,0,"2,4",10," R$  12,40 ","0,00%","19,35%","80,65%",PLO6,"11,32"
27/04/2026,128423,kelynha,AF - KZAA CLUB,0,"12,5","5,88"," R$  18,38 ","0,00%","68,01%","31,99%",MTT,-158
27/04/2026,100333,OFF.,AF - KZAA CLUB,0,0,"126,39"," R$  126,39 ","0,00%","0,00%","100,00%",PLO6,"-207,55"
27/04/2026,109252,Kakarotoo,AF - LEONARDO DUARTE,0,0,"273,54"," R$  273,54 ","0,00%","0,00%","100,00%",PLO6,"284,77"
27/04/2026,167387,pix167387,AF - LEONARDO DUARTE,0,0,"735,6"," R$  735,60 ","0,00%","0,00%","100,00%",PLO6,"-656,33"
27/04/2026,161958,pix161958,AF - LEONARDO DUARTE,0,0,"746,12"," R$  746,12 ","0,00%","0,00%","100,00%",PLO6,"937,72"
27/04/2026,163664,Matuê do poker,AF - LEONARDO DUARTE,0,"12,2","1,28"," R$  13,48 ","0,00%","90,50%","9,50%",MTT,"-63,64"
27/04/2026,160920,mtzlm,AF - LEONARDO DUARTE,0,0,"2,55"," R$  2,55 ","0,00%","0,00%","100,00%",PLO6,"-32,23"
27/04/2026,175837,CAJU,AF - LEONARDO DUARTE,"4,59",0,"0,56"," R$  5,15 ","89,13%","0,00%","10,87%",NLH,-65
27/04/2026,186673,GamblerAlencar,AF - LEONARDO DUARTE,"5,39","46,5","26,75"," R$  78,64 ","6,85%","59,13%","34,02%",MTT,"565,23"
27/04/2026,141799,Malboro,AF - LEONARDO DUARTE,0,0,"74,75"," R$  74,75 ","0,00%","0,00%","100,00%",PLO6,"573,79"
27/04/2026,140103,Arranca,AF - LEONARDO DUARTE,0,0,"70,36"," R$  70,36 ","0,00%","0,00%","100,00%",PLO6,-300
27/04/2026,163618,Pep Guardiola,AF - LEONARDO DUARTE,0,0,"6,99"," R$  6,99 ","0,00%","0,00%","100,00%",PLO6,-100
27/04/2026,187369,FelipeJoia24,AF - LEONARDO DUARTE,0,6,0," R$  6,00 ","0,00%","100,00%","0,00%",MTT,-60
27/04/2026,146234,campeiro,AF - LEONARDO DUARTE,0,32,0," R$  32,00 ","0,00%","100,00%","0,00%",MTT,-320
27/04/2026,133575,PHBarros021,AF - JEFFERSON P.,"4,12","14,2","613,45"," R$  631,77 ","0,65%","2,25%","97,10%",PLO6,"-84,28"
27/04/2026,144451,Oiregor81,AF - JEFFERSON P.,0,0,"507,4"," R$  507,40 ","0,00%","0,00%","100,00%",PLO6,"2601,39"
27/04/2026,173301,JowB99,AF - JEFFERSON P.,0,"2,8","7,89"," R$  10,69 ","0,00%","26,19%","73,81%",PLO6,"-28,81"
27/04/2026,148157,@AlugaGames,AF - JEFFERSON P.,0,20,"8184,77"," R$  8.204,77 ","0,00%","0,24%","99,76%",PLO6,"2127,5"
27/04/2026,152301,Chuck,AF - JEFFERSON P.,0,"0,5","214,81"," R$  215,31 ","0,00%","0,23%","99,77%",PLO6,"173,25"
27/04/2026,141493,Sidnei?,AF - JEFFERSON P.,0,0,"17,29"," R$  17,29 ","0,00%","0,00%","100,00%",PLO6,-115
27/04/2026,124726,I Love Warung,AF - JEFFERSON P.,0,0,"74,39"," R$  74,39 ","0,00%","0,00%","100,00%",PLO6,-600
27/04/2026,163387,pix163387,AF - JEFFERSON P.,0,0,"29,02"," R$  29,02 ","0,00%","0,00%","100,00%",PLO6,-600
27/04/2026,177226,CeasaCamp,AF - JEFFERSON P.,0,"32,3",0," R$  32,30 ","0,00%","100,00%","0,00%",MTT,"12,13"
27/04/2026,149123,AAKKratos,AF - JEFFERSON P.,0,"37,6",0," R$  37,60 ","0,00%","100,00%","0,00%",MTT,"-263,5"
27/04/2026,144097,mahirt,AF - JEFFERSON P.,0,0,"9,48"," R$  9,48 ","0,00%","0,00%","100,00%",PLO6,-100
27/04/2026,139470,pix139470,AF - JOÃO MARCOS,0,0,"2122,97"," R$  2.122,97 ","0,00%","0,00%","100,00%",PLO6,"5521,1"
27/04/2026,151879,badbeat,CAMPANHA 1,"5,62",0,"28,22"," R$  33,84 ","16,61%","0,00%","83,39%",PLO6,12
27/04/2026,186891,Andre f 16,CAMPANHA 1,"2,38","5,1",4," R$  11,48 ","20,73%","44,43%","34,84%",MTT,"-82,75"
27/04/2026,162008,pix162008,CAMPANHA 1,"2,9",0,"1470,56"," R$  1.473,46 ","0,20%","0,00%","99,80%",PLO6,"-1774,67"
27/04/2026,162174,AAMAA,CAMPANHA 1,"12,04","1,1",0," R$  13,14 ","91,63%","8,37%","0,00%",NLH,"-27,52"
27/04/2026,169382,ÉoPessa,CAMPANHA 1,"1,24","0,1",0," R$  1,34 ","92,54%","7,46%","0,00%",NLH,"-15,39"
27/04/2026,192361,pix192361,CAMPANHA 1,0,0,0, R$  -   ,,,,NLH,0
27/04/2026,192683,Faceless,CAMPANHA 1,"0,41",0,0," R$  0,41 ","100,00%","0,00%","0,00%",NLH,"8,52"
27/04/2026,185612,pix185612,CAMPANHA 1,0,4,"136,12"," R$  140,12 ","0,00%","2,85%","97,15%",PLO6,-426
27/04/2026,173626,pix173626,CAMPANHA 1,"0,48",0,"510,89"," R$  511,37 ","0,09%","0,00%","99,91%",PLO6,-727
27/04/2026,122839,willismael,CAMPANHA 1,0,"0,1",0," R$  0,10 ","0,00%","100,00%","0,00%",MTT,"-0,49"
27/04/2026,145394,erlygameAA,CAMPANHA 1,0,0,0, R$  -   ,,,,NLH,0
27/04/2026,152970,ASOUTERROR,CAMPANHA 1,0,"0,1",0," R$  0,10 ","0,00%","100,00%","0,00%",MTT,"71,13"
27/04/2026,160969,Tinelão,CAMPANHA 1,0,0,0, R$  -   ,,,,NLH,0
27/04/2026,161289,pix161289,CAMPANHA 1,0,0,0, R$  -   ,,,,NLH,0
27/04/2026,161295,dadopoker,CAMPANHA 1,0,"0,2",0," R$  0,20 ","0,00%","100,00%","0,00%",MTT,-2
27/04/2026,161716,supoker,CAMPANHA 1,0,0,0, R$  -   ,,,,NLH,0
27/04/2026,163069,Fserra,CAMPANHA 1,"0,8",0,0," R$  0,80 ","100,00%","0,00%","0,00%",NLH,-4
27/04/2026,164351,pix164351,CAMPANHA 1,0,0,0, R$  -   ,,,,NLH,0
27/04/2026,166567,KevinDe9,CAMPANHA 1,0,0,0, R$  -   ,,,,NLH,0
27/04/2026,167526,mandiocagaucha,CAMPANHA 1,0,"0,2",0," R$  0,20 ","0,00%","100,00%","0,00%",MTT,"-0,73"
27/04/2026,167918,Miltinho,CAMPANHA 1,0,0,"3,52"," R$  3,52 ","0,00%","0,00%","100,00%",PLO6,"-26,49"
27/04/2026,174183,pix174183,CAMPANHA 1,0,0,0, R$  -   ,,,,NLH,0
27/04/2026,175644,Tilas-Key,CAMPANHA 1,"1,79",0,0," R$  1,79 ","100,00%","0,00%","0,00%",NLH,-10
27/04/2026,180921,vitoorx,CAMPANHA 1,0,"6,27",0," R$  6,27 ","0,00%","100,00%","0,00%",MTT,"-61,01"
27/04/2026,192227,Lord05,CAMPANHA 1,0,"0,1",0," R$  0,10 ","0,00%","100,00%","0,00%",MTT,-1
27/04/2026,174170,Costela_07,CAMPANHA 1,"3,98","1,6","11,45"," R$  17,03 ","23,37%","9,40%","67,23%",PLO6,"64,26"
27/04/2026,184940,Allex066,CAMPANHA 1,0,0,0, R$  -   ,,,,NLH,0
27/04/2026,104971,0 maS be$tA,CAMPANHA 1,0,"1,2",0," R$  1,20 ","0,00%","100,00%","0,00%",MTT,-12
27/04/2026,174775,pix174775,CAMPANHA 1,"8,64","0,8",0," R$  9,44 ","91,53%","8,47%","0,00%",NLH,"-64,21"
27/04/2026,167342,Dantas.96,CAMPANHA 1,"0,64",0,"13,16"," R$  13,80 ","4,64%","0,00%","95,36%",PLO6,-120
27/04/2026,177513,kaballah,CAMPANHA 1,"4,23","1,6",0," R$  5,83 ","72,56%","27,44%","0,00%",NLH,-50
27/04/2026,176514,roots,CAMPANHA 1,0,"0,8",0," R$  0,80 ","0,00%","100,00%","0,00%",MTT,"0,99"
27/04/2026,180930,pix180930,CAMPANHA 1,0,0,0, R$  -   ,,,,NLH,0
27/04/2026,179799,JUJUBA25,CAMPANHA 1,0,"0,1",0," R$  0,10 ","0,00%","100,00%","0,00%",MTT,"1,01"
27/04/2026,173723,JJon,CAMPANHA 1,0,12,0," R$  12,00 ","0,00%","100,00%","0,00%",MTT,-120
27/04/2026,165834,PLINIO RAFAEL,CAMPANHA 1,"1,15",0,0," R$  1,15 ","100,00%","0,00%","0,00%",NLH,-10
27/04/2026,174687,TuÉMaCaCo,CAMPANHA 1,0,0,0, R$  -   ,,,,NLH,0
27/04/2026,191062,claytonpi,CAMPANHA 1,0,"0,1",0," R$  0,10 ","0,00%","100,00%","0,00%",MTT,"0,05"
27/04/2026,184372,GatoPreto,CAMPANHA 1,0,0,0, R$  -   ,,,,NLH,"29,11"
27/04/2026,162219,virusTHC,CAMPANHA 1,0,"0,3",0," R$  0,30 ","0,00%","100,00%","0,00%",MTT,-3
27/04/2026,164207,pix164207,CAMPANHA 1,0,0,0, R$  -   ,,,,NLH,0
27/04/2026,163140,JOKER CRAZY,CAMPANHA 1,"0,87",0,0," R$  0,87 ","100,00%","0,00%","0,00%",NLH,-12
27/04/2026,162021,dakuebom,CAMPANHA 1,0,0,0, R$  -   ,,,,NLH,0
27/04/2026,170235,pix170235,CAMPANHA 1,0,0,0, R$  -   ,,,,NLH,0
27/04/2026,176871,ViniBaralhão,CAMPANHA 1,0,0,0, R$  -   ,,,,NLH,0
27/04/2026,178754,Kakashi5,AF - TRAF. MILENA M.,0,0,"43,11"," R$  43,11 ","0,00%","0,00%","100,00%",PLO6,"-177,01"
27/04/2026,190285,BalaDelas01,AF - TRAF. MILENA M.,0,"0,3",0," R$  0,30 ","0,00%","100,00%","0,00%",MTT,"0,77"
27/04/2026,191820,aline,AF - TRAF. MILENA M.,0,"14,1",0," R$  14,10 ","0,00%","100,00%","0,00%",MTT,"-139,25"
27/04/2026,193384,pix193384,AF - TRAF. MILENA M.,0,"0,1",0," R$  0,10 ","0,00%","100,00%","0,00%",MTT,"-0,49"
27/04/2026,190304,BLÅÜÜ,AF - TRAF. MILENA M.,"4,65","4,8",0," R$  9,45 ","49,21%","50,79%","0,00%",MTT,"-50,92"
27/04/2026,189000,Edsantos,AF - TRAF. MILENA M.,0,0,0, R$  -   ,,,,NLH,0
27/04/2026,188335,Urubu Perneta1,AF - TRAF. MILENA M.,0,0,0, R$  -   ,,,,NLH,0
27/04/2026,188005,jefelima81,AF - TRAF. RAMON P.,"1,79","18,5","60,86"," R$  81,15 ","2,21%","22,80%","75,00%",PLO6,"-284,62"
27/04/2026,189476,SAMUKA YOSHI,AF - TRAF. RAMON P.,"1,27","0,5",0," R$  1,77 ","71,75%","28,25%","0,00%",NLH,"-6,3"
27/04/2026,100193,azedinho,AF - AZEDINHO,0,10,"1527,65"," R$  1.537,65 ","0,00%","0,65%","99,35%",PLO6,"-1431,73"
27/04/2026,193827,KilllerThePote,AF - AZEDINHO,0,0,"141,04"," R$  141,04 ","0,00%","0,00%","100,00%",PLO6,-580
27/04/2026,102063,BETVIP,AF - MESSI,0,0,"166,8"," R$  166,80 ","0,00%","0,00%","100,00%",PLO6,"-835,5"
27/04/2026,100748,messi.,AF - MESSI,0,120,"1612,07"," R$  1.732,07 ","0,00%","6,93%","93,07%",PLO6,"-6115,04"
27/04/2026,130350,Sete4,AF -JR. CALAZANS,0,"114,1","793,08"," R$  907,18 ","0,00%","12,58%","87,42%",PLO6,"-4505,27"
27/04/2026,124340,Bab$,AF -JR. CALAZANS,0,410,"4369,45"," R$  4.779,45 ","0,00%","8,58%","91,42%",PLO6,"-1169,82"
27/04/2026,135727,D. Luffy,AF -JR. CALAZANS,0,"17,7",0," R$  17,70 ","0,00%","100,00%","0,00%",MTT,-177
27/04/2026,131291,Pam Pam,AF -JR. CALAZANS,0,30,"2002,56"," R$  2.032,56 ","0,00%","1,48%","98,52%",PLO6,"-2608,49"
27/04/2026,193386,eltikito,AF -JR. CALAZANS,0,0,"54,1"," R$  54,10 ","0,00%","0,00%","100,00%",PLO6,-600
27/04/2026,129018,Alfredão,AF -JR. CALAZANS,0,0,"1264,26"," R$  1.264,26 ","0,00%","0,00%","100,00%",PLO6,"3353,83"
27/04/2026,188987,Apple,AF -JR. CALAZANS,0,0,"1080,29"," R$  1.080,29 ","0,00%","0,00%","100,00%",PLO6,"-435,09"
27/04/2026,192387,pix192387,AF -JR. CALAZANS,0,0,"669,47"," R$  669,47 ","0,00%","0,00%","100,00%",PLO6,"1172,03"
27/04/2026,192627,timãoepumba,AF -JR. CALAZANS,0,20,"1266,98"," R$  1.286,98 ","0,00%","1,55%","98,45%",PLO6,"-4418,58"
27/04/2026,136575,Blef_Nuts,AF -JR. CALAZANS,0,"15,05","6,71"," R$  21,76 ","0,00%","69,16%","30,84%",MTT,"451,57"
27/04/2026,178284,tuffs,AF -JR. CALAZANS,"78,44","17,3","146,17"," R$  241,91 ","32,43%","7,15%","60,42%",PLO6,"531,55"
27/04/2026,131603,tiabuh,AF -JR. CALAZANS,0,0,"782,64"," R$  782,64 ","0,00%","0,00%","100,00%",PLO6,"-3722,46"
27/04/2026,123163,pix123163,AF -JR. CALAZANS,0,0,"104,25"," R$  104,25 ","0,00%","0,00%","100,00%",PLO6,"481,57"
27/04/2026,166183,Durcall,AF -JR. CALAZANS,0,"109,5",0," R$  109,50 ","0,00%","100,00%","0,00%",MTT,"-953,17"
27/04/2026,158854,Fazendeira,AF -JR. CALAZANS,0,0,"104,85"," R$  104,85 ","0,00%","0,00%","100,00%",PLO6,"-999,61"
27/04/2026,149182,Alan Jatobá,AF -JR. CALAZANS,0,"10,95",0," R$  10,95 ","0,00%","100,00%","0,00%",MTT,"-107,98"
27/04/2026,137862,runeruner,AF -JR. CALAZANS,"12,11",0,0," R$  12,11 ","100,00%","0,00%","0,00%",NLH,"72,1"
27/04/2026,183037,Bingo,AF -JR. CALAZANS,0,0,"24,42"," R$  24,42 ","0,00%","0,00%","100,00%",PLO6,-353
27/04/2026,183056,Profeta10,AF -JR. CALAZANS,0,0,"161,44"," R$  161,44 ","0,00%","0,00%","100,00%",PLO6,"1696,17"
27/04/2026,139505,pix139505,AF - RAILSON,0,0,"320,72"," R$  320,72 ","0,00%","0,00%","100,00%",PLO6,"1660,95"
27/04/2026,192961,pix192961,AF - TRAF. BRUNO F.,0,0,"218,51"," R$  218,51 ","0,00%","0,00%","100,00%",PLO6,"-96,66"
27/04/2026,193379,pix193379,AF - TRAF. BRUNO F.,0,0,0, R$  -   ,,,,NLH,0
27/04/2026,193527,pix193527,AF - TRAF. BRUNO F.,0,0,0, R$  -   ,,,,NLH,0
27/04/2026,193548,Ma2ponto0,AF - TRAF. BRUNO F.,0,0,0, R$  -   ,,,,NLH,0
27/04/2026,193596,passamai,AF - TRAF. BRUNO F.,0,"0,3",0," R$  0,30 ","0,00%","100,00%","0,00%",MTT,"-0,96"
27/04/2026,192354,CHORA.bb,AF - TRAF. BRUNO F.,"14,73","2,9","7,26"," R$  24,89 ","59,18%","11,65%","29,17%",NLH,30
27/04/2026,130726,Douglas Pablo,AF - TRAF. BRUNO F.,"3,22",0,"1,44"," R$  4,66 ","69,10%","0,00%","30,90%",NLH,"-19,32"
27/04/2026,189242,LekoTR,AF - TRAF. BRUNO F.,"0,7",0,"95,18"," R$  95,88 ","0,73%","0,00%","99,27%",PLO6,-281
27/04/2026,191465,MynssenAA,AF - TRAF. BRUNO F.,0,0,0, R$  -   ,,,,NLH,0
27/04/2026,192934,pix192934,AF - TRAF. BRUNO F.,0,0,0, R$  -   ,,,,NLH,0
27/04/2026,189972,pix189972,AF - TRAF. BRUNO F.,0,0,0, R$  -   ,,,,NLH,0
27/04/2026,192178,As7,AF - TRAF. BRUNO F.,"6,01",0,"0,14"," R$  6,15 ","97,72%","0,00%","2,28%",NLH,-11
27/04/2026,191653,pix191653,AF - TRAF. BRUNO F.,"1,66",0,0," R$  1,66 ","100,00%","0,00%","0,00%",NLH,-15
27/04/2026,172458,radar55,AF - TRAF. BRUNO F.,"7,96","1,5","61,81"," R$  71,27 ","11,17%","2,10%","86,73%",PLO6,-259
27/04/2026,188916,g.ferreira,AF - TRAF. BRUNO F.,0,0,0, R$  -   ,,,,NLH,0
27/04/2026,193435,manny,AF - TRAF. BRUNO F.,0,0,0, R$  -   ,,,,NLH,0
27/04/2026,193479,pix193479,AF - TRAF. BRUNO F.,"0,4","20,5",0," R$  20,90 ","1,91%","98,09%","0,00%",MTT,"-140,38"
27/04/2026,188742,JALVESPOKER,AF - TRAF. BRUNO F.,0,"2,8",0," R$  2,80 ","0,00%","100,00%","0,00%",MTT,-28
27/04/2026,192441,Guuuh1000,AF - TRAF. BRUNO F.,0,6,"3,18"," R$  9,18 ","0,00%","65,36%","34,64%",MTT,30
27/04/2026,188027,meu bilu-bilu,AF - TRAF. BRUNO F.,0,0,0, R$  -   ,,,,NLH,0
27/04/2026,187927,herdeiro,AF - TRAF. BRUNO F.,"30,26",0,0," R$  30,26 ","100,00%","0,00%","0,00%",NLH,"-23,64"
27/04/2026,195576,Diomar Farias,AF - TIME ARY,0,"94,1","1269,97"," R$  1.364,07 ","0,00%","6,90%","93,10%",PLO6,"1667,29"
27/04/2026,149541,ErnildoJr.,AF - TIME ARY,0,"208,9","1373,9"," R$  1.582,80 ","0,00%","13,20%","86,80%",PLO6,"-1504,01"
27/04/2026,183050,BateAquela,AF - TIME ARY,0,0,"1727,43"," R$  1.727,43 ","0,00%","0,00%","100,00%",PLO6,"-7243,78"
27/04/2026,100148,Katrupe,AF - TIME ARY,0,20,0," R$  20,00 ","0,00%","100,00%","0,00%",MTT,0
27/04/2026,100220,Martin Kabrhel,AF - RAPHAEL A.,0,0,"348,22"," R$  348,22 ","0,00%","0,00%","100,00%",PLO6,"278,83"
27/04/2026,145480,parDeKK,AF - RAPHAEL A.,0,0,"470,16"," R$  470,16 ","0,00%","0,00%","100,00%",PLO6,"-1575,56"
27/04/2026,194024,sabourenergtico,AF - RAPHAEL A.,0,0,"692,32"," R$  692,32 ","0,00%","0,00%","100,00%",PLO6,-4658
27/04/2026,183282,ricardin,AF - RAPHAEL A.,0,4,"74,01"," R$  78,01 ","0,00%","5,13%","94,87%",PLO6,"-125,94"
27/04/2026,186000,Arapuca.armada,AF - RAPHAEL A.,0,0,"127,59"," R$  127,59 ","0,00%","0,00%","100,00%",PLO6,-755
27/04/2026,193309,LLL3,AF - RAPHAEL A.,0,0,0, R$  -   ,,,,NLH,0
27/04/2026,100725,tiltei1,AF - PAÇOCA,0,0,"11,08"," R$  11,08 ","0,00%","0,00%","100,00%",PLO6,"-14,15"
27/04/2026,100116,Fazendeiro Gay,AF - PAÇOCA,0,120,"15585,74"," R$  15.705,74 ","0,00%","0,76%","99,24%",PLO6,"8630,68"
27/04/2026,194512,pix194512,AF - PAÇOCA,0,0,"1114,85"," R$  1.114,85 ","0,00%","0,00%","100,00%",PLO6,"-390,99"
27/04/2026,100198,MarcelinhoParaiba,AF - PAÇOCA,0,"231,6","3546,73"," R$  3.778,33 ","0,00%","6,13%","93,87%",PLO6,"6926,84"
27/04/2026,124064,Presley,AF - PAÇOCA,0,146,0," R$  146,00 ","0,00%","100,00%","0,00%",MTT,"-876,13"
27/04/2026,100227,pix1648639,AF - PAÇOCA,0,87,0," R$  87,00 ","0,00%","100,00%","0,00%",MTT,"-849,75"
27/04/2026,102200,Odete Roitman ?,AF - ENIO,0,0,"3,19"," R$  3,19 ","0,00%","0,00%","100,00%",PLO6,"-59,11"
27/04/2026,140297,TOIC?,AF - ENIO,"14,34","4,5",0," R$  18,84 ","76,11%","23,89%","0,00%",NLH,"-69,83"
27/04/2026,137597,Rurouni_Kenshin,AF - ENIO,0,0,"88,1"," R$  88,10 ","0,00%","0,00%","100,00%",PLO6,-578
27/04/2026,116070,Bergkamp,AF - ENIO,0,"3,55",0," R$  3,55 ","0,00%","100,00%","0,00%",MTT,"-35,5"
27/04/2026,158574,Ond@,AF - ENIO,0,0,"1,52"," R$  1,52 ","0,00%","0,00%","100,00%",PLO6,-30
27/04/2026,117702,abunadopacato,AF - HERCULES,0,"115,2","398,06"," R$  513,26 ","0,00%","22,44%","77,56%",PLO6,"678,12"
27/04/2026,143465,arthur.zx.086,AF - HERCULES,"0,36",0,0," R$  0,36 ","100,00%","0,00%","0,00%",NLH,"0,41"
27/04/2026,132454,barbaxavier,AF - HERCULES,0,"62,5","590,89"," R$  653,39 ","0,00%","9,57%","90,43%",PLO6,"-3999,35"
27/04/2026,175094,Vaimedoar,AF - HERCULES,0,"0,6","87,5"," R$  88,10 ","0,00%","0,68%","99,32%",PLO6,91
27/04/2026,129768,NKSS,AF - HERCULES,0,"151,7",0," R$  151,70 ","0,00%","100,00%","0,00%",MTT,"810,42"
27/04/2026,141776,SisenandoCalixto,AF - HERCULES,0,"49,15",0," R$  49,15 ","0,00%","100,00%","0,00%",MTT,"69,15"
27/04/2026,131678,cassio clbo,AF - HERCULES,0,0,"3,96"," R$  3,96 ","0,00%","0,00%","100,00%",PLO6,-50
27/04/2026,129665,bigo,AF - HERCULES,0,27,0," R$  27,00 ","0,00%","100,00%","0,00%",MTT,-270
27/04/2026,129639,MALBA,AF - HERCULES,0,"3,6",0," R$  3,60 ","0,00%","100,00%","0,00%",MTT,"-249,75"
27/04/2026,139674,22énutsPB,AF - CLUB DO POKER,0,0,"139,48"," R$  139,48 ","0,00%","0,00%","100,00%",PLO6,-801
27/04/2026,147903,PanteradeSá,AF - CLUB DO POKER,0,"1,5",0," R$  1,50 ","0,00%","100,00%","0,00%",MTT,"-6,01"
27/04/2026,160225,Zekinhaflush,AF - TELES,0,"1,2","308,59"," R$  309,79 ","0,00%","0,39%","99,61%",PLO6,"-636,58"
27/04/2026,100533,Boqueirão PB?,AF - BERNARDO,0,0,"1,41"," R$  1,41 ","0,00%","0,00%","100,00%",PLO6,-8
27/04/2026,148812,Arthur Morgan,AF - BERNARDO,0,2,"59,62"," R$  61,62 ","0,00%","3,25%","96,75%",PLO6,"-226,56"
27/04/2026,146754,ricardo ribeiro,AF - BERNARDO,"0,19",23,"57,86"," R$  81,05 ","0,23%","28,38%","71,39%",PLO6,"-100,53"
27/04/2026,159243,JL0211,AF - BERNARDO,0,0,"36,14"," R$  36,14 ","0,00%","0,00%","100,00%",PLO6,"524,49"
27/04/2026,139677,Branquelo de Neve,AF - BERNARDO,0,0,"9,67"," R$  9,67 ","0,00%","0,00%","100,00%",PLO6,-100
27/04/2026,120745,Doutorzin,AF - BERNARDO,0,0,"307,5"," R$  307,50 ","0,00%","0,00%","100,00%",PLO6,"-1110,9"
27/04/2026,106837,ALANN,AF - ELOY,0,"0,2",0," R$  0,20 ","0,00%","100,00%","0,00%",MTT,"-1,4"
27/04/2026,145619,Fofura,AF - ELOY,0,0,"337,24"," R$  337,24 ","0,00%","0,00%","100,00%",PLO6,"-518,68"
27/04/2026,127129,ZecaPokerPE,AF - ELOY,0,0,0, R$  -   ,,,,NLH,0
27/04/2026,100593,Bina78,AF - ELOY,0,"19,8",0," R$  19,80 ","0,00%","100,00%","0,00%",MTT,-235
27/04/2026,100598,BiltAAs,AF - ELOY,0,"38,15",0," R$  38,15 ","0,00%","100,00%","0,00%",MTT,"513,75"
27/04/2026,145637,Srº Mentira 81,AF - ELOY,0,"0,3",0," R$  0,30 ","0,00%","100,00%","0,00%",MTT,"-2,07"
27/04/2026,139529,Abcfamilia2015,AF - ELOY,0,"26,8",0," R$  26,80 ","0,00%","100,00%","0,00%",MTT,-268
27/04/2026,126726,HSODAK,AF - ELOY,0,"37,6","14,38"," R$  51,98 ","0,00%","72,34%","27,66%",MTT,"-329,09"
27/04/2026,142062,CACH0LÃ0,AF - ELOY,0,52,"33,49"," R$  85,49 ","0,00%","60,83%","39,17%",MTT,"-940,22"
27/04/2026,145942,Luiz Filipy,AF - ELOY,0,10,0," R$  10,00 ","0,00%","100,00%","0,00%",MTT,-100
27/04/2026,139399,lavineG,AF - ELOY,0,0,"0,8"," R$  0,80 ","0,00%","0,00%","100,00%",PLO6,-12
27/04/2026,139145,bbbb,AF - ELOY,"1,85",0,0," R$  1,85 ","100,00%","0,00%","0,00%",NLH,-30
27/04/2026,102954,usujaDR,AF - ELOY,0,9,0," R$  9,00 ","0,00%","100,00%","0,00%",MTT,-90
27/04/2026,145999,Oitaven,AF - ELOY,0,18,0," R$  18,00 ","0,00%","100,00%","0,00%",MTT,-180
27/04/2026,129762,EriForte,AF - ELOY,0,"4,8","66,74"," R$  71,54 ","0,00%","6,71%","93,29%",PLO6,"-453,08"
27/04/2026,158228,kkapone42,AF - ELOY,0,"15,2","22,42"," R$  37,62 ","0,00%","40,40%","59,60%",PLO6,"-235,8"
27/04/2026,128081,pix128081,AF - ELOY,0,0,"228,45"," R$  228,45 ","0,00%","0,00%","100,00%",PLO6,"-942,95"
27/04/2026,139402,Nogueirinha,AF - ELOY,0,"81,7",0," R$  81,70 ","0,00%","100,00%","0,00%",MTT,-797
27/04/2026,108877,anix,AF - ELOY,0,"1,5",0," R$  1,50 ","0,00%","100,00%","0,00%",MTT,-15
27/04/2026,145890,pix145890,AF - ELOY,0,9,0," R$  9,00 ","0,00%","100,00%","0,00%",MTT,-90
27/04/2026,134826,ValaSeteJ7,AF - ELOY,0,"1,2",0," R$  1,20 ","0,00%","100,00%","0,00%",MTT,"-10,48"
27/04/2026,141831,SdEstevam,AF - ELOY,0,"3,6",0," R$  3,60 ","0,00%","100,00%","0,00%",MTT,-40
27/04/2026,123470,PIX123470,AF - ELOY,0,32,0," R$  32,00 ","0,00%","100,00%","0,00%",MTT,-320
27/04/2026,136990,Bianchi311,AF - TRAF. AMOR P.,0,"4,4",0," R$  4,40 ","0,00%","100,00%","0,00%",MTT,"60,48"
27/04/2026,190498,CHORA MAIS LEK,AF - TRAF. AMOR P.,"0,39","0,6",0," R$  0,99 ","39,39%","60,61%","0,00%",MTT,"-10,82"
27/04/2026,189310,pix189310,AF - TRAF. AMOR P.,0,0,0, R$  -   ,,,,NLH,0
27/04/2026,138637,pix138637,AF - RENAN COELHO,0,0,0, R$  -   ,,,,NLH,"0,75"
27/04/2026,139670,bocapreta,AF - RENAN COELHO,0,"0,1",0," R$  0,10 ","0,00%","100,00%","0,00%",MTT,-1
27/04/2026,139668,jasontatum#0,AF - RENAN COELHO,0,"0,4",0," R$  0,40 ","0,00%","100,00%","0,00%",MTT,-4
27/04/2026,154458,CAP.AMERICA,AF - CCTH,0,"48,8",0," R$  48,80 ","0,00%","100,00%","0,00%",MTT,"555,07"
27/04/2026,154436,bombazero,AF - CCTH,0,"1,5",0," R$  1,50 ","0,00%","100,00%","0,00%",MTT,"-11,64"
27/04/2026,154609,Felipecaio,AF - CCTH,0,"4,2",0," R$  4,20 ","0,00%","100,00%","0,00%",MTT,-42
27/04/2026,177786,Sortudorj,AF - MILENA MAGRINI,"20,15",0,0," R$  20,15 ","100,00%","0,00%","0,00%",NLH,"183,21"
27/04/2026,181009,juanbrsp,AF - MILENA MAGRINI,0,0,0, R$  -   ,,,,NLH,0
27/04/2026,156478,Will88,AF - MILENA MAGRINI,0,0,0, R$  -   ,,,,NLH,0
27/04/2026,182367,TRAPIÁ,AF - MILENA MAGRINI,0,0,0, R$  -   ,,,,NLH,0
27/04/2026,183097,Ribis,AF - MILENA MAGRINI,0,"3,4","6,04"," R$  9,44 ","0,00%","36,02%","63,98%",PLO6,"-83,25"
27/04/2026,184560,Vitão,AF - MILENA MAGRINI,0,0,0, R$  -   ,,,,NLH,0
27/04/2026,186523,sou profissional,AF - MILENA MAGRINI,0,0,0, R$  -   ,,,,NLH,"-8,13"
27/04/2026,149092,NF_#1,AF - FULL HOUSE A.,"0,11","67,5","1133,06"," R$  1.200,67 ","0,01%","5,62%","94,37%",PLO6,"2796,27"
27/04/2026,173237,neto carneiro,AF - FULL HOUSE A.,"3,37","0,5","1,52"," R$  5,39 ","62,52%","9,28%","28,20%",NLH,"-0,85"
27/04/2026,140124,Thiago Amós,AF - FULL HOUSE A.,0,40,0," R$  40,00 ","0,00%","100,00%","0,00%",MTT,-400
27/04/2026,120498,macabuco,AF - JEFERSONMARTINS,0,"166,1","466,56"," R$  632,66 ","0,00%","26,25%","73,75%",PLO6,"-411,43"
27/04/2026,130123,Pinguim$,AF - RILDO,0,0,"3210,91"," R$  3.210,91 ","0,00%","0,00%","100,00%",PLO6,"3114,21"
27/04/2026,113639,guilermecosta,AF - RILDO,0,0,"505,77"," R$  505,77 ","0,00%","0,00%","100,00%",PLO6,"-229,49"
27/04/2026,161131,PokerStar,AF - YAMADA,0,20,"542,91"," R$  562,91 ","0,00%","3,55%","96,45%",PLO6,"4539,91"
27/04/2026,195160,5ªserie,AF - YAMADA,0,0,"215,45"," R$  215,45 ","0,00%","0,00%","100,00%",PLO6,"-535,88"
27/04/2026,135967,MisterJohnny,AF - +EV,"0,35","0,8","1,23"," R$  2,38 ","14,71%","33,61%","51,68%",PLO6,-24
27/04/2026,153763,pix153763,AF - +EV,0,0,"201,39"," R$  201,39 ","0,00%","0,00%","100,00%",PLO6,-134
27/04/2026,132944,chillybeats,AF - +EV,0,24,"44,33"," R$  68,33 ","0,00%","35,12%","64,88%",PLO6,-300
27/04/2026,139340,rehcorreiaa2,AF - +EV,0,0,0, R$  -   ,,,,NLH,0
27/04/2026,141008,sommelier,AF - +EV,0,0,0, R$  -   ,,,,NLH,0
27/04/2026,170568,Raul.Gold,AF - +EV,0,0,0, R$  -   ,,,,NLH,"1085,31"
27/04/2026,151839,MCPOZEntado,AF - +EV,"36,98",0,0," R$  36,98 ","100,00%","0,00%","0,00%",NLH,-300
27/04/2026,145466,cleberb,AF - +EV,0,40,0," R$  40,00 ","0,00%","100,00%","0,00%",MTT,-265
27/04/2026,152944,ths_IAV,AF - +EV,"0,47","45,96",0," R$  46,43 ","1,01%","98,99%","0,00%",MTT,"335,85"
27/04/2026,151739,mariozinho,AF - +EV,"0,78","14,3",0," R$  15,08 ","5,17%","94,83%","0,00%",MTT,-155
27/04/2026,147879,GUIRRS,AF - +EV,0,"77,6",0," R$  77,60 ","0,00%","100,00%","0,00%",MTT,"108,22"
27/04/2026,135997,SkywalkerLuke,AF - +EV,0,"11,4",0," R$  11,40 ","0,00%","100,00%","0,00%",MTT,-114
27/04/2026,136659,Carlota,AF - JOANDERSON L.,0,76,"582,97"," R$  658,97 ","0,00%","11,53%","88,47%",PLO6,"476,84"
27/04/2026,174211,Anirrakell,AF - HERMINIO C,0,0,"25,35"," R$  25,35 ","0,00%","0,00%","100,00%",PLO6,-140
27/04/2026,147381,JHerminio ?,AF - HERMINIO C,0,81,0," R$  81,00 ","0,00%","100,00%","0,00%",MTT,"423,49"
27/04/2026,172370,ShoShoNilDo,AF - JAPA,0,0,"2034,53"," R$  2.034,53 ","0,00%","0,00%","100,00%",PLO6,"-15561,74"
27/04/2026,172369,Di Pace,AF - JAPA,0,"32,5","35,47"," R$  67,97 ","0,00%","47,82%","52,18%",PLO6,"-454,38"
27/04/2026,169126,sai moleza,AF - JAPA,0,0,"127,79"," R$  127,79 ","0,00%","0,00%","100,00%",PLO6,"-1211,32"
27/04/2026,142091,pau e choque,AF - JAPA,0,0,"894,24"," R$  894,24 ","0,00%","0,00%","100,00%",PLO6,-374
27/04/2026,187490,De Arrascaeta,AF - JAPA,0,52,0," R$  52,00 ","0,00%","100,00%","0,00%",MTT,"-130,03"
27/04/2026,147885,freshfrozen,AF - JAPA,0,27,0," R$  27,00 ","0,00%","100,00%","0,00%",MTT,"358,67"
27/04/2026,150635,Pixsolidario,AF - RPSOP,"192,76",0,0," R$  192,76 ","100,00%","0,00%","0,00%",NLH,"-652,35"
27/04/2026,147338,MemphisBetei,AF - RPSOP,0,0,"29,86"," R$  29,86 ","0,00%","0,00%","100,00%",PLO6,"-463,3"
27/04/2026,180233,Therok,AF - RPSOP,0,"16,2",0," R$  16,20 ","0,00%","100,00%","0,00%",MTT,-180
27/04/2026,155036,jussara,AF - RPSOP,0,"2,2",0," R$  2,20 ","0,00%","100,00%","0,00%",MTT,-22
27/04/2026,149078,Purga,AF - RPSOP,0,"0,6",0," R$  0,60 ","0,00%","100,00%","0,00%",MTT,-31
27/04/2026,152675,Semacordo,AF - RPSOP,0,0,"55,18"," R$  55,18 ","0,00%","0,00%","100,00%",PLO6,"-188,91"
27/04/2026,144512,Zé Costa,AF - RPSOP,0,0,"147,16"," R$  147,16 ","0,00%","0,00%","100,00%",PLO6,"-611,85"
27/04/2026,150259,pix 192988,AF - OZÉIAS,0,0,"7,15"," R$  7,15 ","0,00%","0,00%","100,00%",PLO6,"37,63"
27/04/2026,160697,???,AF - RACHA PIX,0,"0,9",0," R$  0,90 ","0,00%","100,00%","0,00%",MTT,-9
27/04/2026,160711,Dejota_,AF - RACHA PIX,"0,51","3,5","2,83"," R$  6,84 ","7,46%","51,17%","41,37%",MTT,-59
27/04/2026,100203,ReidoFlip,AF - EMANUEL SOUZA,"32,51",167,"18,23"," R$  217,74 ","14,93%","76,70%","8,37%",MTT,"-530,13"
27/04/2026,136566,Papitolegal,AF - RAFAEL HASS,0,"95,45",0," R$  95,45 ","0,00%","100,00%","0,00%",MTT,"-381,12"
27/04/2026,157681,Boiruna,AF - NILDINHO,0,"0,3",0," R$  0,30 ","0,00%","100,00%","0,00%",MTT,"-0,32"
27/04/2026,185617,pix185617,AF - NILDINHO,"0,29",0,"1,18"," R$  1,47 ","19,73%","0,00%","80,27%",PLO6,-20
27/04/2026,102070,Batatinha,AF - NILDINHO,"1,24",0,"3,04"," R$  4,28 ","28,97%","0,00%","71,03%",PLO6,-10
27/04/2026,134889,Júnior Picolé,AF - NILDINHO,0,0,"2,32"," R$  2,32 ","0,00%","0,00%","100,00%",PLO6,-9
27/04/2026,167892,francimar,AF - NILDINHO,"32,31","3,6","0,22"," R$  36,13 ","89,43%","9,96%","0,61%",NLH,"92,62"
27/04/2026,165229,E-Medeiros,AF - NILDINHO,0,0,0, R$  -   ,,,,NLH,"-19,38"
27/04/2026,167393,Tudo_Na_Telaaa,AF - NILDINHO,0,0,"7,97"," R$  7,97 ","0,00%","0,00%","100,00%",PLO6,-168
27/04/2026,194595,LICO,AF - BRENER VICENTE,0,138,"22,37"," R$  160,37 ","0,00%","86,05%","13,95%",MTT,"7875,18"
27/04/2026,146521,messi 10,AF - FABYAN,"30,63","11,5","2,09"," R$  44,22 ","69,27%","26,01%","4,73%",NLH,"323,77"
27/04/2026,172849,pix172849,AF - HOUSTON CLUB,0,"0,1",0," R$  0,10 ","0,00%","100,00%","0,00%",MTT,-1
27/04/2026,110584,black,AF - BOLEIROS BRAS,"0,1",0,"874,58"," R$  874,68 ","0,01%","0,00%","99,99%",PLO6,"-4772,27"
27/04/2026,137589,MH22,AF - BOLEIROS BRAS,"58,03",0,0," R$  58,03 ","100,00%","0,00%","0,00%",NLH,-120
27/04/2026,136728,Kelbinho,AF - BOLEIROS BRAS,0,0,"71,24"," R$  71,24 ","0,00%","0,00%","100,00%",PLO6,-724
27/04/2026,100204,Desconhecido,AF - DINHO,"5,42",3,"369,72"," R$  378,14 ","1,43%","0,79%","97,77%",PLO6,-952
27/04/2026,128838,joguinhodele,AF - PALISSON M,0,0,"134,87"," R$  134,87 ","0,00%","0,00%","100,00%",PLO6,"594,36"
27/04/2026,156527,Boqueirão PB,AF - BRAULIO,0,0,"16,46"," R$  16,46 ","0,00%","0,00%","100,00%",PLO6,"-72,47"
27/04/2026,119992,LULA 91,AF - MARCIO MIRANDA,0,0,0, R$  -   ,,,,NLH,0
27/04/2026,149252,kjmc-AL,AF - ENRICO,0,"4,6",0," R$  4,60 ","0,00%","100,00%","0,00%",MTT,"28,01"
27/04/2026,148236,BlackPhanton??,AF - ENRICO,0,0,"3,63"," R$  3,63 ","0,00%","0,00%","100,00%",PLO6,-13
27/04/2026,160485,Frogz,AF - BOIN,0,122,0," R$  122,00 ","0,00%","100,00%","0,00%",MTT,"-607,42"
27/04/2026,100249,CARINHA,AF - NATTAN CARINHA,0,0,"0,89"," R$  0,89 ","0,00%","0,00%","100,00%",PLO6,"-15,5"
27/04/2026,130508,Roblove,AF - POKER BSB,0,2,"2,24"," R$  4,24 ","0,00%","47,17%","52,83%",PLO6,"-50,59"
27/04/2026,181388,NUTS_88,AF - PAULINHO,0,3,"71,11"," R$  74,11 ","0,00%","4,05%","95,95%",PLO6,"-101,38"
27/04/2026,100283,PIXBOT#001,AF - BOLINHA,0,0,0, R$  -   ,,,,NLH,0