Data,ID do jogador,Apelido,Agente,NLH,MTT,PLO6,Total,NLH,MTT,PLO6,Jogo_Fav,PROFIT/LOSS
08/06/2026,103176,Yure Brito,AF - DOLFO,"6,53","354,36","4458,35"," R$  4.819,24 ","0,14%","7,35%","92,51%",PLO6,"-4555,46"
08/06/2026,128520,reggaelife??,AF - DOLFO,0,"4,7",0," R$  4,70 ","0,00%","100,00%","0,00%",MTT,"-1,1"
08/06/2026,104809,carrasco20,AF - DOLFO,"373,18",0,"195,73"," R$  568,91 ","65,60%","0,00%","34,40%",NLH,"236,41"
08/06/2026,103206,?YB?,AF - DOLFO,"1,44",0,"21,59"," R$  23,03 ","6,25%","0,00%","93,75%",PLO6,"96,71"
08/06/2026,103284,pix103284,AF - DOLFO,"16,65","3,9","15,66"," R$  36,21 ","45,98%","10,77%","43,25%",NLH,-277
08/06/2026,160638,kevinlevrone,AF - DOLFO,"14,6",0,"349,96"," R$  364,56 ","4,00%","0,00%","96,00%",PLO6,"-308,46"
08/06/2026,101034,zedamanga,AF - DOLFO,"1,19",0,0," R$  1,19 ","100,00%","0,00%","0,00%",NLH,-10
08/06/2026,180641,acendeAQUIapagaLÁ,AF - DOLFO,0,"1,3",0," R$  1,30 ","0,00%","100,00%","0,00%",MTT,"12,46"
08/06/2026,144122,food,AF - DOLFO,0,1,0," R$  1,00 ","0,00%","100,00%","0,00%",MTT,0
08/06/2026,104016,balão 12,AF - DOLFO,"2,37","0,1",0," R$  2,47 ","95,95%","4,05%","0,00%",NLH,-20
08/06/2026,144187,Lira#,AF - DOLFO,"3,18",0,0," R$  3,18 ","100,00%","0,00%","0,00%",NLH,"-30,29"
08/06/2026,104229,RoLiFiGhT,AF - DOLFO,"43,71",0,0," R$  43,71 ","100,00%","0,00%","0,00%",NLH,"-93,94"
08/06/2026,142385,AAmilton,AF - DOLFO,0,"0,6",0," R$  0,60 ","0,00%","100,00%","0,00%",MTT,-6
08/06/2026,108030,Pitbull Enraivado,PIXPOKER,"3,89","46,6","255,24"," R$  305,73 ","1,27%","15,24%","83,49%",PLO6,"-446,02"
08/06/2026,157461,Hellen_?,PIXPOKER,"27,86","69,36",0," R$  97,22 ","28,66%","71,34%","0,00%",MTT,"-146,92"
08/06/2026,171835,TheRock99,PIXPOKER,"15,33","34,35",0," R$  49,68 ","30,86%","69,14%","0,00%",MTT,"-320,66"
08/06/2026,190726,Spikeeee,PIXPOKER,0,"43,4","42,87"," R$  86,27 ","0,00%","50,31%","49,69%",MTT,"-496,41"
08/06/2026,193504,Pixpokerofc??,PIXPOKER,0,"24,64","88,82"," R$  113,46 ","0,00%","21,72%","78,28%",PLO6,148
08/06/2026,195112,Betto,PIXPOKER,"2,82","224,6","21,54"," R$  248,96 ","1,13%","90,22%","8,65%",MTT,"-1386,24"
08/06/2026,102054,natan oficial,PIXPOKER,0,0,"407,26"," R$  407,26 ","0,00%","0,00%","100,00%",PLO6,"350,6"
08/06/2026,141374,hrios,PIXPOKER,0,0,"4134,06"," R$  4.134,06 ","0,00%","0,00%","100,00%",PLO6,"-276,67"
08/06/2026,149545,pix149545,PIXPOKER,0,"64,5","2410,28"," R$  2.474,78 ","0,00%","2,61%","97,39%",PLO6,"-3170,66"
08/06/2026,155671,abj0610 jj,PIXPOKER,"0,05",0,245," R$  245,05 ","0,02%","0,00%","99,98%",PLO6,"-293,58"
08/06/2026,158650,pix158650,PIXPOKER,0,0,"2101,68"," R$  2.101,68 ","0,00%","0,00%","100,00%",PLO6,"3137,15"
08/06/2026,172386,pix172386,PIXPOKER,"80,51",0,"261,28"," R$  341,79 ","23,56%","0,00%","76,44%",PLO6,"-1167,96"
08/06/2026,183216,preta02,PIXPOKER,"6,36",0,"415,29"," R$  421,65 ","1,51%","0,00%","98,49%",PLO6,"-1239,1"
08/06/2026,130921,100MENTE,PIXPOKER,0,"1,6",0," R$  1,60 ","0,00%","100,00%","0,00%",MTT,-16
08/06/2026,150634,Texurro,PIXPOKER,"151,3","31,27",0," R$  182,57 ","82,87%","17,13%","0,00%",NLH,"-358,54"
08/06/2026,111233,khhk,PIXPOKER,"1,54",0,"2007,39"," R$  2.008,93 ","0,08%","0,00%","99,92%",PLO6,"-1563,43"
08/06/2026,121760,velinho8657,PIXPOKER,0,"0,3","368,8"," R$  369,10 ","0,00%","0,08%","99,92%",PLO6,-1627
08/06/2026,136797,@ Inter $,PIXPOKER,"0,95",0,"15,04"," R$  15,99 ","5,94%","0,00%","94,06%",PLO6,"-140,04"
08/06/2026,144439,jhtissimo30,PIXPOKER,0,0,"66,92"," R$  66,92 ","0,00%","0,00%","100,00%",PLO6,"-520,34"
08/06/2026,147593,pix147593,PIXPOKER,0,0,"3107,57"," R$  3.107,57 ","0,00%","0,00%","100,00%",PLO6,"-1421,73"
08/06/2026,152480,gbsampaio,PIXPOKER,0,0,"226,45"," R$  226,45 ","0,00%","0,00%","100,00%",PLO6,"30,58"
08/06/2026,153505,Gabriel Almeida,PIXPOKER,"133,44","1,3","16,44"," R$  151,18 ","88,27%","0,86%","10,87%",NLH,"-539,56"
08/06/2026,159587,PesoPesadoVoltou,PIXPOKER,0,20,"1950,87"," R$  1.970,87 ","0,00%","1,01%","98,99%",PLO6,"6079,91"
08/06/2026,159669,mainardi,PIXPOKER,"12,2","18,5","426,18"," R$  456,88 ","2,67%","4,05%","93,28%",PLO6,"2274,17"
08/06/2026,162136,pix162136,PIXPOKER,0,20,"1124,13"," R$  1.144,13 ","0,00%","1,75%","98,25%",PLO6,-3140
08/06/2026,162546,pix162546,PIXPOKER,0,0,"134,46"," R$  134,46 ","0,00%","0,00%","100,00%",PLO6,"195,34"
08/06/2026,177526,XRafaBoassX,PIXPOKER,"21,92","8,5","107,62"," R$  138,04 ","15,88%","6,16%","77,96%",PLO6,"-380,97"
08/06/2026,182112,22222222,PIXPOKER,0,0,"616,94"," R$  616,94 ","0,00%","0,00%","100,00%",PLO6,"-1915,24"
08/06/2026,193434,CUIDAVAI,PIXPOKER,0,0,"7562,93"," R$  7.562,93 ","0,00%","0,00%","100,00%",PLO6,"8069,81"
08/06/2026,193549,pressao12/8,PIXPOKER,0,0,"913,9"," R$  913,90 ","0,00%","0,00%","100,00%",PLO6,"-6221,12"
08/06/2026,147160,VASCOPORRA,PIXPOKER,"1,44","3,2","146,32"," R$  150,96 ","0,95%","2,12%","96,93%",PLO6,"-72,98"
08/06/2026,165694,jr?,PIXPOKER,"53,16","14,2","284,33"," R$  351,69 ","15,12%","4,04%","80,85%",PLO6,"147,55"
08/06/2026,178675,LEODEDIN,PIXPOKER,0,2,"6,54"," R$  8,54 ","0,00%","23,42%","76,58%",PLO6,-95
08/06/2026,188295,Blefudedor,PIXPOKER,0,0,"71,26"," R$  71,26 ","0,00%","0,00%","100,00%",PLO6,"-86,12"
08/06/2026,189391,Shell271,PIXPOKER,"0,53","0,6","302,84"," R$  303,97 ","0,17%","0,20%","99,63%",PLO6,"413,47"
08/06/2026,191614,B.I.N.G.O,PIXPOKER,0,0,"35,49"," R$  35,49 ","0,00%","0,00%","100,00%",PLO6,"162,29"
08/06/2026,193817,pix193817,PIXPOKER,0,0,"295,62"," R$  295,62 ","0,00%","0,00%","100,00%",PLO6,"-1659,71"
08/06/2026,195083,AAÉFOLD,PIXPOKER,0,0,106," R$  106,00 ","0,00%","0,00%","100,00%",PLO6,"-231,8"
08/06/2026,187173,pix187173,PIXPOKER,0,20,"159,21"," R$  179,21 ","0,00%","11,16%","88,84%",PLO6,"-659,82"
08/06/2026,150253,n3ymar,PIXPOKER,"7,82","9,92","9,12"," R$  26,86 ","29,11%","36,93%","33,95%",MTT,"-110,67"
08/06/2026,187654,Luiz Henrique,PIXPOKER,"0,07","1,2","13,85"," R$  15,12 ","0,46%","7,94%","91,60%",PLO6,"-81,25"
08/06/2026,188365,vapovapo,PIXPOKER,"8,27","3,8","0,47"," R$  12,54 ","65,95%","30,30%","3,75%",NLH,"-43,47"
08/06/2026,193280,GODZZILLA,PIXPOKER,"0,62","7,1",0," R$  7,72 ","8,03%","91,97%","0,00%",MTT,"-74,73"
08/06/2026,193709,100Sorte?,PIXPOKER,0,"36,5","118,53"," R$  155,03 ","0,00%","23,54%","76,46%",PLO6,-816
08/06/2026,119281,Juliocfh,PIXPOKER,"6,42","5,4","115,26"," R$  127,08 ","5,05%","4,25%","90,70%",PLO6,"108,16"
08/06/2026,145959,Adibe Jr 02,PIXPOKER,"0,15",0,"801,56"," R$  801,71 ","0,02%","0,00%","99,98%",PLO6,"-2151,03"
08/06/2026,147799,sabonete22,PIXPOKER,0,0,"566,72"," R$  566,72 ","0,00%","0,00%","100,00%",PLO6,350
08/06/2026,155367,pix155367,PIXPOKER,0,0,"433,29"," R$  433,29 ","0,00%","0,00%","100,00%",PLO6,"331,78"
08/06/2026,102512,Myster poker,PIXPOKER,"6,16","5,7",0," R$  11,86 ","51,94%","48,06%","0,00%",NLH,"-99,2"
08/06/2026,170386,pix170386,PIXPOKER,0,"1,7","2,01"," R$  3,71 ","0,00%","45,82%","54,18%",PLO6,"-34,81"
08/06/2026,163235,Jumenta preta ?,PIXPOKER,0,"2,4",0," R$  2,40 ","0,00%","100,00%","0,00%",MTT,-24
08/06/2026,188429,Flaviopoker77kg,PIXPOKER,"10,49",0,"1,64"," R$  12,13 ","86,48%","0,00%","13,52%",NLH,-17
08/06/2026,100479,9Tnaipadin,PIXPOKER,0,"0,3",0," R$  0,30 ","0,00%","100,00%","0,00%",MTT,-3
08/06/2026,153195,ZackEfr0n,PIXPOKER,0,"0,3",0," R$  0,30 ","0,00%","100,00%","0,00%",MTT,"-0,48"
08/06/2026,158810,Psicopoker,PIXPOKER,0,"5,34","0,26"," R$  5,60 ","0,00%","95,36%","4,64%",MTT,"-63,4"
08/06/2026,139726,bananinha,PIXPOKER,0,"449,6","528,07"," R$  977,67 ","0,00%","45,99%","54,01%",PLO6,"1069,87"
08/06/2026,146392,pix146392,PIXPOKER,0,3,"353,73"," R$  356,73 ","0,00%","0,84%","99,16%",PLO6,"-336,95"
08/06/2026,151375,Jamal,PIXPOKER,"3,52",0,"151,43"," R$  154,95 ","2,27%","0,00%","97,73%",PLO6,"-157,36"
08/06/2026,151543,jotinhafelipe,PIXPOKER,0,2,"1790,5"," R$  1.792,50 ","0,00%","0,11%","99,89%",PLO6,"-3957,14"
08/06/2026,155081,Bradesco $@,PIXPOKER,"13,04","10,6","12,79"," R$  36,43 ","35,79%","29,10%","35,11%",NLH,98
08/06/2026,156606,#****#,PIXPOKER,"1,13","17,8","735,97"," R$  754,90 ","0,15%","2,36%","97,49%",PLO6,"100,52"
08/06/2026,158767,LoboDeWallStreat,PIXPOKER,"2,17",8,"3,97"," R$  14,14 ","15,35%","56,58%","28,08%",MTT,-171
08/06/2026,185894,pejota23,PIXPOKER,"0,43",0,"290,64"," R$  291,07 ","0,15%","0,00%","99,85%",PLO6,"-1006,36"
08/06/2026,193306,Galego da Forra,PIXPOKER,0,0,"2,7"," R$  2,70 ","0,00%","0,00%","100,00%",PLO6,-35
08/06/2026,102854,mrsflush,PIXPOKER,0,0,"0,32"," R$  0,32 ","0,00%","0,00%","100,00%",PLO6,"-1,06"
08/06/2026,102869,shogun,PIXPOKER,0,0,"0,31"," R$  0,31 ","0,00%","0,00%","100,00%",PLO6,"-0,31"
08/06/2026,102898,shark,PIXPOKER,0,0,"0,23"," R$  0,23 ","0,00%","0,00%","100,00%",PLO6,"-0,19"
08/06/2026,103301,gika,PIXPOKER,"0,43",0,"1,55"," R$  1,98 ","21,72%","0,00%","78,28%",PLO6,"-0,6"
08/06/2026,105921,verdao,PIXPOKER,0,"1,8",0," R$  1,80 ","0,00%","100,00%","0,00%",MTT,"7,19"
08/06/2026,106910,alexmast223,PIXPOKER,0,0,0, R$  -   ,,,,NLH,"6,62"
08/06/2026,109059,GBALA,PIXPOKER,0,"0,2",0," R$  0,20 ","0,00%","100,00%","0,00%",MTT,"0,83"
08/06/2026,116753,Gabrrriel,PIXPOKER,0,"0,2","11,1"," R$  11,30 ","0,00%","1,77%","98,23%",PLO6,"-14,73"
08/06/2026,116811,joka,PIXPOKER,0,"0,3",0," R$  0,30 ","0,00%","100,00%","0,00%",MTT,"0,12"
08/06/2026,117575,Let’s Go,PIXPOKER,"1,13","4,3",0," R$  5,43 ","20,81%","79,19%","0,00%",MTT,"19,44"
08/06/2026,125825,pica-pau,PIXPOKER,0,"0,2","763,17"," R$  763,37 ","0,00%","0,03%","99,97%",PLO6,"-1332,72"
08/06/2026,125910,Dekixter,PIXPOKER,0,"0,2",0," R$  0,20 ","0,00%","100,00%","0,00%",MTT,-2
08/06/2026,128455,Chuck Norris,PIXPOKER,0,4,0," R$  4,00 ","0,00%","100,00%","0,00%",MTT,-40
08/06/2026,129186,???Pato,PIXPOKER,0,"0,2",0," R$  0,20 ","0,00%","100,00%","0,00%",MTT,"4,96"
08/06/2026,141508,SerialKiller,PIXPOKER,0,"0,9","20,39"," R$  21,29 ","0,00%","4,23%","95,77%",PLO6,-37
08/06/2026,148445,gil pm,PIXPOKER,0,"37,2","870,9"," R$  908,10 ","0,00%","4,10%","95,90%",PLO6,"4398,74"
08/06/2026,154633,pix154633,PIXPOKER,"5,57",0,0," R$  5,57 ","100,00%","0,00%","0,00%",NLH,"-12,02"
08/06/2026,159020,Zlatan11,PIXPOKER,0,1,"36,07"," R$  37,07 ","0,00%","2,70%","97,30%",PLO6,-108
08/06/2026,159054,malfoy,PIXPOKER,"0,47","0,3","4,36"," R$  5,13 ","9,16%","5,85%","84,99%",PLO6,"-25,23"
08/06/2026,162039,deras,PIXPOKER,0,"2,1",0," R$  2,10 ","0,00%","100,00%","0,00%",MTT,-21
08/06/2026,168321,Breno Mendes,PIXPOKER,0,0,"8,75"," R$  8,75 ","0,00%","0,00%","100,00%",PLO6,-25
08/06/2026,170685,Pitheolico,PIXPOKER,0,0,0, R$  -   ,,,,NLH,"1,05"
08/06/2026,172670,pix172670,PIXPOKER,"18,72","2,1","2,92"," R$  23,74 ","78,85%","8,85%","12,30%",NLH,0
08/06/2026,173555,pix173555,PIXPOKER,0,"2,5",0," R$  2,50 ","0,00%","100,00%","0,00%",MTT,"-3,33"
08/06/2026,175113,chau,PIXPOKER,0,"0,8","3,81"," R$  4,61 ","0,00%","17,35%","82,65%",PLO6,"-13,26"
08/06/2026,178437,loucojoker777?,PIXPOKER,0,"9,3","27,3"," R$  36,60 ","0,00%","25,41%","74,59%",PLO6,"-80,89"
08/06/2026,179838,pix179838,PIXPOKER,0,0,0, R$  -   ,,,,NLH,0
08/06/2026,180777,pix180777,PIXPOKER,0,"0,2",0," R$  0,20 ","0,00%","100,00%","0,00%",MTT,"10,13"
08/06/2026,181098,pix181098,PIXPOKER,"0,8","1,4",0," R$  2,20 ","36,36%","63,64%","0,00%",MTT,"8,2"
08/06/2026,182576,Bundinha de neném,PIXPOKER,0,"0,3",0," R$  0,30 ","0,00%","100,00%","0,00%",MTT,"-0,09"
08/06/2026,182909,Johnny walkr,PIXPOKER,0,"15,1",0," R$  15,10 ","0,00%","100,00%","0,00%",MTT,"-86,15"
08/06/2026,185187,JJoNuTs,PIXPOKER,"0,17",0,"7,57"," R$  7,74 ","2,20%","0,00%","97,80%",PLO6,"60,75"
08/06/2026,185225,pix185225,PIXPOKER,0,0,0, R$  -   ,,,,NLH,"0,9"
08/06/2026,187278,VICTOR GUERRA,PIXPOKER,"0,28","2,5",0," R$  2,78 ","10,07%","89,93%","0,00%",MTT,-29
08/06/2026,189220,boasorte,PIXPOKER,0,"0,2",0," R$  0,20 ","0,00%","100,00%","0,00%",MTT,-2
08/06/2026,193356,pix193356,PIXPOKER,0,0,0, R$  -   ,,,,NLH,0
08/06/2026,193366,pix193366,PIXPOKER,0,"0,4",0," R$  0,40 ","0,00%","100,00%","0,00%",MTT,-4
08/06/2026,193550,carl$kk,PIXPOKER,0,"0,1",0," R$  0,10 ","0,00%","100,00%","0,00%",MTT,-1
08/06/2026,194761,Malcher,PIXPOKER,0,"0,3",0," R$  0,30 ","0,00%","100,00%","0,00%",MTT,"8,7"
08/06/2026,195114,Atena,PIXPOKER,"3,1","0,6",0," R$  3,70 ","83,78%","16,22%","0,00%",NLH,"25,1"
08/06/2026,195436,cochichola??,PIXPOKER,0,"0,2",0," R$  0,20 ","0,00%","100,00%","0,00%",MTT,"1,28"
08/06/2026,100384,AAgoniado,PIXPOKER,0,0,"52,85"," R$  52,85 ","0,00%","0,00%","100,00%",PLO6,-274
08/06/2026,101280,boanoitepessual,PIXPOKER,"68,75",16,"346,17"," R$  430,92 ","15,95%","3,71%","80,33%",PLO6,"90,02"
08/06/2026,108596,Bença Show,PIXPOKER,0,0,"211,42"," R$  211,42 ","0,00%","0,00%","100,00%",PLO6,"-1056,82"
08/06/2026,110682,vai dar certo!!,PIXPOKER,0,0,"16,52"," R$  16,52 ","0,00%","0,00%","100,00%",PLO6,-400
08/06/2026,116975,bora bora,PIXPOKER,0,0,"128,45"," R$  128,45 ","0,00%","0,00%","100,00%",PLO6,"-370,86"
08/06/2026,120161,Forasteiro,PIXPOKER,0,0,"174,26"," R$  174,26 ","0,00%","0,00%","100,00%",PLO6,"269,43"
08/06/2026,121804,Descubra,PIXPOKER,"6,03","6,5","342,06"," R$  354,59 ","1,70%","1,83%","96,47%",PLO6,"-2587,14"
08/06/2026,138160,Chicão 01,PIXPOKER,0,0,"336,57"," R$  336,57 ","0,00%","0,00%","100,00%",PLO6,"-792,45"
08/06/2026,147059,GBC.10,PIXPOKER,0,"14,7","143,69"," R$  158,39 ","0,00%","9,28%","90,72%",PLO6,"-472,95"
08/06/2026,154882,SixSevenNuts,PIXPOKER,"86,25",0,"31,46"," R$  117,71 ","73,27%","0,00%","26,73%",NLH,"-259,06"
08/06/2026,167950,pix167950,PIXPOKER,"5,62","3,5","591,24"," R$  600,36 ","0,94%","0,58%","98,48%",PLO6,"569,04"
08/06/2026,183808,LaCasita,PIXPOKER,0,0,"68,12"," R$  68,12 ","0,00%","0,00%","100,00%",PLO6,-475
08/06/2026,188115,RivaxL,PIXPOKER,0,0,"1393,63"," R$  1.393,63 ","0,00%","0,00%","100,00%",PLO6,"3704,21"
08/06/2026,100346,DeinhAA,PIXPOKER,0,4,"90,79"," R$  94,79 ","0,00%","4,22%","95,78%",PLO6,-471
08/06/2026,102618,Alony,PIXPOKER,0,0,"97,23"," R$  97,23 ","0,00%","0,00%","100,00%",PLO6,80
08/06/2026,102916,Elthigas,PIXPOKER,0,0,"58,93"," R$  58,93 ","0,00%","0,00%","100,00%",PLO6,"79,11"
08/06/2026,109744,Paulão do flop,PIXPOKER,0,0,4," R$  4,00 ","0,00%","0,00%","100,00%",PLO6,0
08/06/2026,139374,Algoz,PIXPOKER,0,0,"29,74"," R$  29,74 ","0,00%","0,00%","100,00%",PLO6,-90
08/06/2026,158143,tudo35,PIXPOKER,"0,01","4,2","30,04"," R$  34,25 ","0,03%","12,26%","87,71%",PLO6,-252
08/06/2026,164927,cafécleite,PIXPOKER,0,"4,7","33,35"," R$  38,05 ","0,00%","12,35%","87,65%",PLO6,"-127,46"
08/06/2026,171909,bregas,PIXPOKER,"1,29",1,"57,88"," R$  60,17 ","2,14%","1,66%","96,19%",PLO6,-119
08/06/2026,180838,Cuiúdão,PIXPOKER,0,0,"104,09"," R$  104,09 ","0,00%","0,00%","100,00%",PLO6,-301
08/06/2026,183420,jheniffer,PIXPOKER,0,"30,6","35,86"," R$  66,46 ","0,00%","46,04%","53,96%",PLO6,"-89,78"
08/06/2026,188702,Aécio2064,PIXPOKER,"0,67",0,"40,44"," R$  41,11 ","1,63%","0,00%","98,37%",PLO6,-46
08/06/2026,189811,Kushlemon,PIXPOKER,"3,57",0,"21,7"," R$  25,27 ","14,13%","0,00%","85,87%",PLO6,-55
08/06/2026,100557,AMARILDOJR,PIXPOKER,"1,11",1,0," R$  2,11 ","52,61%","47,39%","0,00%",NLH,"7,69"
08/06/2026,103904,Cabuloso?,PIXPOKER,"118,82",0,"2,79"," R$  121,61 ","97,71%","0,00%","2,29%",NLH,-155
08/06/2026,105070,Lukspoki,PIXPOKER,"313,08",19,0," R$  332,08 ","94,28%","5,72%","0,00%",NLH,"-1062,34"
08/06/2026,136776,Tiagonv,PIXPOKER,"6,2",0,0," R$  6,20 ","100,00%","0,00%","0,00%",NLH,-20
08/06/2026,146573,CipriAA,PIXPOKER,"325,28",0,"12,52"," R$  337,80 ","96,29%","0,00%","3,71%",NLH,"472,09"
08/06/2026,160319,cremobinn,PIXPOKER,"74,45","28,4","35,39"," R$  138,24 ","53,86%","20,54%","25,60%",NLH,"-182,05"
08/06/2026,162289,Gabrielzm,PIXPOKER,"36,75","5,2","0,58"," R$  42,53 ","86,41%","12,23%","1,36%",NLH,"116,43"
08/06/2026,175973,IFFC,PIXPOKER,"61,98","66,3",0," R$  128,28 ","48,32%","51,68%","0,00%",MTT,"-607,12"
08/06/2026,178626,Vava13,PIXPOKER,"84,1",0,0," R$  84,10 ","100,00%","0,00%","0,00%",NLH,"-362,75"
08/06/2026,179849,Marreta Show,PIXPOKER,"146,24",0,0," R$  146,24 ","100,00%","0,00%","0,00%",NLH,0
08/06/2026,185688,Arc4njo,PIXPOKER,"53,44","2,8","9,37"," R$  65,61 ","81,45%","4,27%","14,28%",NLH,"-88,51"
08/06/2026,190191,THªNOS,PIXPOKER,"170,67",0,"24,82"," R$  195,49 ","87,30%","0,00%","12,70%",NLH,-25
08/06/2026,193178,10 ANO,PIXPOKER,"51,95","121,2","0,55"," R$  173,70 ","29,91%","69,78%","0,32%",MTT,"-723,46"
08/06/2026,193871,pix193871,PIXPOKER,"29,23",0,"5,92"," R$  35,15 ","83,16%","0,00%","16,84%",NLH,-183
08/06/2026,194166,Daniboy,PIXPOKER,"205,01",0,0," R$  205,01 ","100,00%","0,00%","0,00%",NLH,-850
08/06/2026,194476,pix194476,PIXPOKER,"69,03",0,"10,45"," R$  79,48 ","86,85%","0,00%","13,15%",NLH,"245,97"
08/06/2026,195016,pix195016,PIXPOKER,"31,35",0,188," R$  219,35 ","14,29%","0,00%","85,71%",PLO6,"-731,9"
08/06/2026,127748,pytter.parke,PIXPOKER,0,2,"120,59"," R$  122,59 ","0,00%","1,63%","98,37%",PLO6,-441
08/06/2026,147069,cryyy,PIXPOKER,"16,36","36,2","25,41"," R$  77,97 ","20,98%","46,43%","32,59%",MTT,"55,09"
08/06/2026,194654,Mr Pet,PIXPOKER,0,"427,26","82,42"," R$  509,68 ","0,00%","83,83%","16,17%",MTT,"3029,15"
08/06/2026,115700,pix115700,PIXPOKER,0,14,"164,59"," R$  178,59 ","0,00%","7,84%","92,16%",PLO6,-34
08/06/2026,152039,BrOLy,PIXPOKER,0,0,"45,84"," R$  45,84 ","0,00%","0,00%","100,00%",PLO6,67
08/06/2026,163330,RN????,PIXPOKER,"0,18",0,"159,21"," R$  159,39 ","0,11%","0,00%","99,89%",PLO6,"-46,22"
08/06/2026,185992,davizin,PIXPOKER,0,0,"24,93"," R$  24,93 ","0,00%","0,00%","100,00%",PLO6,-47
08/06/2026,193731,iangabriel,PIXPOKER,"2,33","3,8","45,65"," R$  51,78 ","4,50%","7,34%","88,16%",PLO6,"-79,5"
08/06/2026,117699,morankete,PIXPOKER,0,0,"155,37"," R$  155,37 ","0,00%","0,00%","100,00%",PLO6,-906
08/06/2026,132740,ZeusPixpoker,PIXPOKER,0,"3,2","547,18"," R$  550,38 ","0,00%","0,58%","99,42%",PLO6,"-593,49"
08/06/2026,150113,predador ?,PIXPOKER,"0,94",0,"5,21"," R$  6,15 ","15,28%","0,00%","84,72%",PLO6,-70
08/06/2026,184231,Otaldopiza,PIXPOKER,0,0,"10,64"," R$  10,64 ","0,00%","0,00%","100,00%",PLO6,-36
08/06/2026,185542,Gomess,PIXPOKER,"9,97",1,"50,98"," R$  61,95 ","16,09%","1,61%","82,29%",PLO6,"-186,86"
08/06/2026,190673,pix190673,PIXPOKER,"1,13","47,1","116,46"," R$  164,69 ","0,69%","28,60%","70,71%",PLO6,"-735,4"
08/06/2026,192836,guizin777,PIXPOKER,0,"0,8","156,19"," R$  156,99 ","0,00%","0,51%","99,49%",PLO6,84
08/06/2026,136600,pix136600,PIXPOKER,0,0,"1665,67"," R$  1.665,67 ","0,00%","0,00%","100,00%",PLO6,"2120,77"
08/06/2026,149617,MQ17,PIXPOKER,0,0,"1330,54"," R$  1.330,54 ","0,00%","0,00%","100,00%",PLO6,"-8623,92"
08/06/2026,163350,px34256871976,PIXPOKER,"1,58",0,"97,64"," R$  99,22 ","1,59%","0,00%","98,41%",PLO6,-445
08/06/2026,172253,bob Marley,PIXPOKER,0,0,"395,96"," R$  395,96 ","0,00%","0,00%","100,00%",PLO6,-147
08/06/2026,149559,Tata é  Fota,PIXPOKER,"22,09",0,"385,59"," R$  407,68 ","5,42%","0,00%","94,58%",PLO6,"-1523,58"
08/06/2026,170570,levy  osterno,PIXPOKER,"0,22","5,6","78,97"," R$  84,79 ","0,26%","6,60%","93,14%",PLO6,"-946,99"
08/06/2026,171491,pix171491,PIXPOKER,0,0,"439,75"," R$  439,75 ","0,00%","0,00%","100,00%",PLO6,"-2298,44"
08/06/2026,145213,pix145213,PIXPOKER,0,0,"455,49"," R$  455,49 ","0,00%","0,00%","100,00%",PLO6,"450,59"
08/06/2026,160135,marciomelo,PIXPOKER,"3,35",1,0," R$  4,35 ","77,01%","22,99%","0,00%",NLH,-37
08/06/2026,164867,Arrascaeta 10,PIXPOKER,"156,46",0,0," R$  156,46 ","100,00%","0,00%","0,00%",NLH,"-441,4"
08/06/2026,109291,shampooo,PIXPOKER,0,15,0," R$  15,00 ","0,00%","100,00%","0,00%",MTT,-140
08/06/2026,137423,Godoy,PIXPOKER,0,"382,65",0," R$  382,65 ","0,00%","100,00%","0,00%",MTT,"-95,6"
08/06/2026,153359,semreclamação,PIXPOKER,0,124,0," R$  124,00 ","0,00%","100,00%","0,00%",MTT,"29778,76"
08/06/2026,154531,allinsemolhar,PIXPOKER,0,"170,5","44,7"," R$  215,20 ","0,00%","79,23%","20,77%",MTT,"-675,28"
08/06/2026,173235,Estrutura,PIXPOKER,0,"189,2","36,75"," R$  225,95 ","0,00%","83,74%","16,26%",MTT,"817,06"
08/06/2026,193970,Pimentax1,PIXPOKER,0,"177,4",0," R$  177,40 ","0,00%","100,00%","0,00%",MTT,"511,31"
08/06/2026,100934,monts237,PIXPOKER,"20,38",0,"1,37"," R$  21,75 ","93,70%","0,00%","6,30%",NLH,"57,57"
08/06/2026,102657,Edson ?,PIXPOKER,"6,76",0,"164,4"," R$  171,16 ","3,95%","0,00%","96,05%",PLO6,"379,6"
08/06/2026,133382,martinsScc,PIXPOKER,"39,93",1,"4,27"," R$  45,20 ","88,34%","2,21%","9,45%",NLH,"-109,22"
08/06/2026,136595,Jefin6710,PIXPOKER,"44,98","31,1",0," R$  76,08 ","59,12%","40,88%","0,00%",NLH,"884,24"
08/06/2026,146006,VERDADEIROMITO,PIXPOKER,"205,91","27,1","56,31"," R$  289,32 ","71,17%","9,37%","19,46%",NLH,"-168,1"
08/06/2026,147093,zé da moita,PIXPOKER,"3,31",0,"2,9"," R$  6,21 ","53,30%","0,00%","46,70%",NLH,-54
08/06/2026,152831,pix152831,PIXPOKER,"5,43","12,8",0," R$  18,23 ","29,79%","70,21%","0,00%",MTT,"-145,85"
08/06/2026,155269,ghhz97,PIXPOKER,"1,42","9,9",0," R$  11,32 ","12,54%","87,46%","0,00%",MTT,"18,06"
08/06/2026,157546,Donolt Trump?,PIXPOKER,"17,13",14,0," R$  31,13 ","55,03%","44,97%","0,00%",NLH,-234
08/06/2026,160558,lanelas,PIXPOKER,"57,09",0,0," R$  57,09 ","100,00%","0,00%","0,00%",NLH,"-111,98"
08/06/2026,162312,WeydsonL,PIXPOKER,"166,84",0,"1,12"," R$  167,96 ","99,33%","0,00%","0,67%",NLH,"-243,55"
08/06/2026,170993,EleJot4,PIXPOKER,"8,23","0,1","5,51"," R$  13,84 ","59,47%","0,72%","39,81%",NLH,"5,95"
08/06/2026,171911,pix171911,PIXPOKER,"6,49",0,0," R$  6,49 ","100,00%","0,00%","0,00%",NLH,-24
08/06/2026,187114,KL7-,PIXPOKER,"40,53",0,"110,16"," R$  150,69 ","26,90%","0,00%","73,10%",PLO6,"-443,66"
08/06/2026,187362,Higor00,PIXPOKER,"31,91",0,0," R$  31,91 ","100,00%","0,00%","0,00%",NLH,"-54,97"
08/06/2026,189622,TIJUBINA ?,PIXPOKER,62,0,0," R$  62,00 ","100,00%","0,00%","0,00%",NLH,"-74,53"
08/06/2026,189877,cauemororo,PIXPOKER,"4,48",0,0," R$  4,48 ","100,00%","0,00%","0,00%",NLH,-30
08/06/2026,191293,jh Júnior,PIXPOKER,"114,13",78,0," R$  192,13 ","59,40%","40,60%","0,00%",NLH,"-685,75"
08/06/2026,193010,Marcelo Silva,PIXPOKER,"11,27",15,"6,34"," R$  32,61 ","34,56%","46,00%","19,44%",MTT,"-186,84"
08/06/2026,100711,Mister...,PIXPOKER,0,0,"29,09"," R$  29,09 ","0,00%","0,00%","100,00%",PLO6,-90
08/06/2026,105853,toblefando,PIXPOKER,0,0,"44,85"," R$  44,85 ","0,00%","0,00%","100,00%",PLO6,42
08/06/2026,116648,viltonsales,PIXPOKER,0,0,"15,98"," R$  15,98 ","0,00%","0,00%","100,00%",PLO6,-86
08/06/2026,118027,EUROFARMA,PIXPOKER,0,0,"75,7"," R$  75,70 ","0,00%","0,00%","100,00%",PLO6,-251
08/06/2026,131090,salvianoreidocash,PIXPOKER,0,0,"17,08"," R$  17,08 ","0,00%","0,00%","100,00%",PLO6,"-32,72"
08/06/2026,133097,URACAN,PIXPOKER,0,0,"16,81"," R$  16,81 ","0,00%","0,00%","100,00%",PLO6,-100
08/06/2026,143424,eider junior,PIXPOKER,"3,19",0,"1,93"," R$  5,12 ","62,30%","0,00%","37,70%",NLH,-60
08/06/2026,144386,pix144386,PIXPOKER,0,0,"246,57"," R$  246,57 ","0,00%","0,00%","100,00%",PLO6,-197
08/06/2026,151521,geobalaaa,PIXPOKER,"0,48",0,"88,81"," R$  89,29 ","0,54%","0,00%","99,46%",PLO6,"803,29"
08/06/2026,153384,NutS,PIXPOKER,0,"56,9","347,15"," R$  404,05 ","0,00%","14,08%","85,92%",PLO6,-121
08/06/2026,155905,MC LGK9,PIXPOKER,0,0,"508,93"," R$  508,93 ","0,00%","0,00%","100,00%",PLO6,"1307,97"
08/06/2026,159308,canizo peixinho,PIXPOKER,0,0,"36,61"," R$  36,61 ","0,00%","0,00%","100,00%",PLO6,-16
08/06/2026,165073,pix165073,PIXPOKER,0,0,"82,71"," R$  82,71 ","0,00%","0,00%","100,00%",PLO6,-744
08/06/2026,176306,HLDR,PIXPOKER,0,"97,5","60,89"," R$  158,39 ","0,00%","61,56%","38,44%",MTT,"-1678,52"
08/06/2026,178447,pix178447,PIXPOKER,0,0,"13,43"," R$  13,43 ","0,00%","0,00%","100,00%",PLO6,-150
08/06/2026,186464,bebeto e romario,PIXPOKER,0,0,"58,1"," R$  58,10 ","0,00%","0,00%","100,00%",PLO6,"-649,92"
08/06/2026,188178,RETROESCAVADEIRA,PIXPOKER,0,0,"30,69"," R$  30,69 ","0,00%","0,00%","100,00%",PLO6,-300
08/06/2026,190813,lapiada,PIXPOKER,0,0,"79,55"," R$  79,55 ","0,00%","0,00%","100,00%",PLO6,-110
08/06/2026,193467,Mercado livre,PIXPOKER,0,20,"361,76"," R$  381,76 ","0,00%","5,24%","94,76%",PLO6,"-264,4"
08/06/2026,101534,sem perdão,PIXPOKER,"2,27","36,6","133,18"," R$  172,05 ","1,32%","21,27%","77,41%",PLO6,-296
08/06/2026,107241,Tibau,PIXPOKER,0,"18,8","73,48"," R$  92,28 ","0,00%","20,37%","79,63%",PLO6,"-1139,14"
08/06/2026,147410,Pirata,PIXPOKER,0,4,"3807,64"," R$  3.811,64 ","0,00%","0,10%","99,90%",PLO6,"-2609,61"
08/06/2026,153705,BubutiCheio??,PIXPOKER,"2,86","10,5","130,38"," R$  143,74 ","1,99%","7,30%","90,71%",PLO6,"-395,47"
08/06/2026,162929,skolzadaaa,PIXPOKER,0,4,0," R$  4,00 ","0,00%","100,00%","0,00%",MTT,-40
08/06/2026,108144,Tudão Ap,PIXPOKER,0,0,"13,31"," R$  13,31 ","0,00%","0,00%","100,00%",PLO6,-163
08/06/2026,110511,elchapo?,PIXPOKER,0,0,"43,32"," R$  43,32 ","0,00%","0,00%","100,00%",PLO6,"-61,71"
08/06/2026,128079,italoko,PIXPOKER,0,"16,5","190,65"," R$  207,15 ","0,00%","7,97%","92,03%",PLO6,"-539,19"
08/06/2026,128921,pix128921,PIXPOKER,0,"3,3","97,5"," R$  100,80 ","0,00%","3,27%","96,73%",PLO6,28
08/06/2026,133682,Disney,PIXPOKER,0,0,"38,58"," R$  38,58 ","0,00%","0,00%","100,00%",PLO6,-260
08/06/2026,141593,Bruno 5107,PIXPOKER,0,0,"1,48"," R$  1,48 ","0,00%","0,00%","100,00%",PLO6,-20
08/06/2026,147415,ceezar,PIXPOKER,"2,11",0,"14,81"," R$  16,92 ","12,47%","0,00%","87,53%",PLO6,"-84,8"
08/06/2026,151112,SanMds,PIXPOKER,"4,55","1,8","7,97"," R$  14,32 ","31,77%","12,57%","55,66%",PLO6,"-1,55"
08/06/2026,153367,Gi.p,PIXPOKER,0,26,"7,38"," R$  33,38 ","0,00%","77,89%","22,11%",MTT,"115,85"
08/06/2026,156515,Miquelangela,PIXPOKER,0,"4,8","152,6"," R$  157,40 ","0,00%","3,05%","96,95%",PLO6,-213
08/06/2026,159222,MC81,PIXPOKER,0,1,"52,5"," R$  53,50 ","0,00%","1,87%","98,13%",PLO6,"32,7"
08/06/2026,171266,BALA 27,PIXPOKER,0,"15,5","192,17"," R$  207,67 ","0,00%","7,46%","92,54%",PLO6,"-208,52"
08/06/2026,172125,pix172125,PIXPOKER,"81,55",0,"32,56"," R$  114,11 ","71,47%","0,00%","28,53%",NLH,"2,36"
08/06/2026,173790,Eraldo,PIXPOKER,"0,44","63,9","2,28"," R$  66,62 ","0,66%","95,92%","3,42%",MTT,"-505,35"
08/06/2026,186144,PORTAO10,PIXPOKER,0,0,"21,11"," R$  21,11 ","0,00%","0,00%","100,00%",PLO6,"-24,24"
08/06/2026,187315,luanpg10,PIXPOKER,0,0,"6,46"," R$  6,46 ","0,00%","0,00%","100,00%",PLO6,-60
08/06/2026,187618,RenannLima,PIXPOKER,"64,32",0,"34,5"," R$  98,82 ","65,09%","0,00%","34,91%",NLH,"-186,42"
08/06/2026,190448,andim,PIXPOKER,0,"0,1","0,06"," R$  0,16 ","0,00%","62,50%","37,50%",MTT,"-6,73"
08/06/2026,190898,RD LOGÍSTICA,PIXPOKER,0,0,"47,69"," R$  47,69 ","0,00%","0,00%","100,00%",PLO6,"98,72"
08/06/2026,191481,binbalanagulha,PIXPOKER,0,0,"13,43"," R$  13,43 ","0,00%","0,00%","100,00%",PLO6,-84
08/06/2026,193274,henriquecm_,PIXPOKER,0,0,"20,33"," R$  20,33 ","0,00%","0,00%","100,00%",PLO6,"54,8"
08/06/2026,193559,Gabriellopes,PIXPOKER,"8,26",0,"3,62"," R$  11,88 ","69,53%","0,00%","30,47%",NLH,-62
08/06/2026,194270,Laurinha,PIXPOKER,"14,62",0,"17,49"," R$  32,11 ","45,53%","0,00%","54,47%",PLO6,-140
08/06/2026,132763,129131,PIXPOKER,"0,08","121,5","15,41"," R$  136,99 ","0,06%","88,69%","11,25%",MTT,"-1476,25"
08/06/2026,157737,raule de mel,PIXPOKER,0,2,"40,06"," R$  42,06 ","0,00%","4,76%","95,24%",PLO6,-325
08/06/2026,112136,VML$??,PIXPOKER,"99,28","14,6","204,28"," R$  318,16 ","31,20%","4,59%","64,21%",PLO6,"-225,42"
08/06/2026,121506,Big big mecky,PIXPOKER,0,1,0," R$  1,00 ","0,00%","100,00%","0,00%",MTT,0
08/06/2026,162897,Totó ?,PIXPOKER,"63,78",5,"67,11"," R$  135,89 ","46,94%","3,68%","49,39%",PLO6,-17
08/06/2026,179590,lucas082,PIXPOKER,"1,81",1,"44,14"," R$  46,95 ","3,86%","2,13%","94,01%",PLO6,"121,69"
08/06/2026,182877,pix182877,PIXPOKER,0,1,"71,62"," R$  72,62 ","0,00%","1,38%","98,62%",PLO6,-234
08/06/2026,159520,fritzlang,PIXPOKER,0,0,"113,87"," R$  113,87 ","0,00%","0,00%","100,00%",PLO6,130
08/06/2026,160003,Ioribr (777),PIXPOKER,"4,45",0,"9,54"," R$  13,99 ","31,81%","0,00%","68,19%",PLO6,-45
08/06/2026,170172,eduucoosta,PIXPOKER,0,0,"16,1"," R$  16,10 ","0,00%","0,00%","100,00%",PLO6,-98
08/06/2026,193915,Carreirinha,PIXPOKER,0,1,"33,49"," R$  34,49 ","0,00%","2,90%","97,10%",PLO6,-238
08/06/2026,116601,BGX30,PIXPOKER,0,0,"3,73"," R$  3,73 ","0,00%","0,00%","100,00%",PLO6,-40
08/06/2026,119022,SKROTO,PIXPOKER,0,"4,7","47,12"," R$  51,82 ","0,00%","9,07%","90,93%",PLO6,"-43,96"
08/06/2026,128228,bobssdi,PIXPOKER,"8,37","7,7","222,15"," R$  238,22 ","3,51%","3,23%","93,25%",PLO6,"-1704,7"
08/06/2026,129250,dayvisonfranklin,PIXPOKER,0,0,"185,1"," R$  185,10 ","0,00%","0,00%","100,00%",PLO6,-660
08/06/2026,135274,usuario91,PIXPOKER,0,0,"256,99"," R$  256,99 ","0,00%","0,00%","100,00%",PLO6,-118
08/06/2026,149427,JJsparrow,PIXPOKER,0,0,"1,12"," R$  1,12 ","0,00%","0,00%","100,00%",PLO6,-36
08/06/2026,164151,pagou morreu,PIXPOKER,"8,11",0,"90,46"," R$  98,57 ","8,23%","0,00%","91,77%",PLO6,"-208,24"
08/06/2026,171369,pix171369,PIXPOKER,0,0,"68,05"," R$  68,05 ","0,00%","0,00%","100,00%",PLO6,"-220,14"
08/06/2026,174208,Negot,PIXPOKER,"7,22",0,"54,56"," R$  61,78 ","11,69%","0,00%","88,31%",PLO6,91
08/06/2026,189882,pix189882,PIXPOKER,0,"33,4","24,32"," R$  57,72 ","0,00%","57,87%","42,13%",MTT,167
08/06/2026,192679,lucaslgbr,PIXPOKER,0,0,"25,91"," R$  25,91 ","0,00%","0,00%","100,00%",PLO6,"5,96"
08/06/2026,107206,PriorPVH,PIXPOKER,0,"3,6","9,68"," R$  13,28 ","0,00%","27,11%","72,89%",PLO6,-200
08/06/2026,129800,NASA?,PIXPOKER,"0,64","11,4","64,93"," R$  76,97 ","0,83%","14,81%","84,36%",PLO6,116
08/06/2026,142288,Kauezoide,PIXPOKER,0,0,"17,64"," R$  17,64 ","0,00%","0,00%","100,00%",PLO6,-148
08/06/2026,153018,Madara??,PIXPOKER,0,0,"56,06"," R$  56,06 ","0,00%","0,00%","100,00%",PLO6,"-239,29"
08/06/2026,175529,Leozim,PIXPOKER,0,"6,6","247,43"," R$  254,03 ","0,00%","2,60%","97,40%",PLO6,"-141,43"
08/06/2026,193561,Iperes,PIXPOKER,"1,76","113,36","156,61"," R$  271,73 ","0,65%","41,72%","57,63%",PLO6,"-817,3"
08/06/2026,195091,só o básico_14,PIXPOKER,0,0,"19,99"," R$  19,99 ","0,00%","0,00%","100,00%",PLO6,-115
08/06/2026,119847,ttAk,PIXPOKER,0,"11,7","29,04"," R$  40,74 ","0,00%","28,72%","71,28%",PLO6,579
08/06/2026,161105,picanha,PIXPOKER,"8,27","28,9","2,96"," R$  40,13 ","20,61%","72,02%","7,38%",MTT,"111,15"
08/06/2026,194400,Joao Bosco,PIXPOKER,0,"34,5",0," R$  34,50 ","0,00%","100,00%","0,00%",MTT,"2371,5"
08/06/2026,157703,2127,PIXPOKER,0,0,"21,55"," R$  21,55 ","0,00%","0,00%","100,00%",PLO6,-268
08/06/2026,162905,picanele,PIXPOKER,0,1,"52,77"," R$  53,77 ","0,00%","1,86%","98,14%",PLO6,"-295,17"
08/06/2026,186001,Heineken!,PIXPOKER,0,1,"199,09"," R$  200,09 ","0,00%","0,50%","99,50%",PLO6,"-2132,78"
08/06/2026,194592,papilim,PIXPOKER,0,0,"2,27"," R$  2,27 ","0,00%","0,00%","100,00%",PLO6,-50
08/06/2026,106840,rostinho,PIXPOKER,0,0,"24,45"," R$  24,45 ","0,00%","0,00%","100,00%",PLO6,-337
08/06/2026,113958,pix113958,PIXPOKER,0,0,"68,94"," R$  68,94 ","0,00%","0,00%","100,00%",PLO6,"-343,84"
08/06/2026,120111,pix120111,PIXPOKER,0,0,"8,03"," R$  8,03 ","0,00%","0,00%","100,00%",PLO6,-184
08/06/2026,193531,pix193531,PIXPOKER,0,"3,5","10,55"," R$  14,05 ","0,00%","24,91%","75,09%",PLO6,-130
08/06/2026,100323,Foresths,PIXPOKER,0,0,0, R$  -   ,,,,NLH,0
08/06/2026,100389,dorminhoco,PIXPOKER,0,0,0, R$  -   ,,,,NLH,"1,11"
08/06/2026,100544,Amarildo Junior,PIXPOKER,0,0,0, R$  -   ,,,,NLH,0
08/06/2026,100576,Vitornspb,PIXPOKER,0,"0,1",0," R$  0,10 ","0,00%","100,00%","0,00%",MTT,"2,06"
08/06/2026,100616,ferrado,PIXPOKER,0,0,0, R$  -   ,,,,NLH,0
08/06/2026,118633,0PREDADORDEBUMBUM,PIXPOKER,0,0,0, R$  -   ,,,,NLH,0
08/06/2026,120987,Ricardo420,PIXPOKER,0,"0,2",0," R$  0,20 ","0,00%","100,00%","0,00%",MTT,"5,34"
08/06/2026,134651,69énuts,PIXPOKER,0,0,0, R$  -   ,,,,NLH,0
08/06/2026,136483,Alírio,PIXPOKER,0,"0,1",0," R$  0,10 ","0,00%","100,00%","0,00%",MTT,"9,39"
08/06/2026,139469,WKPE,PIXPOKER,"3,15",1,"0,72"," R$  4,87 ","64,68%","20,53%","14,78%",NLH,-40
08/06/2026,151216,Matador 2024,PIXPOKER,0,0,0, R$  -   ,,,,NLH,"6,21"
08/06/2026,155175,LyncolnK2,PIXPOKER,0,0,0, R$  -   ,,,,NLH,0
08/06/2026,156686,gugu da catingueira,PIXPOKER,0,"1,2",0," R$  1,20 ","0,00%","100,00%","0,00%",MTT,-12
08/06/2026,158851,Marques,PIXPOKER,"22,74","0,9",0," R$  23,64 ","96,19%","3,81%","0,00%",NLH,"21,91"
08/06/2026,162093,pix162093,PIXPOKER,0,0,0, R$  -   ,,,,NLH,0
08/06/2026,170257,pintao,PIXPOKER,"0,78",0,0," R$  0,78 ","100,00%","0,00%","0,00%",NLH,"-10,18"
08/06/2026,172242,Mike Wazowski,PIXPOKER,0,0,0, R$  -   ,,,,NLH,0
08/06/2026,173021,pix173021,PIXPOKER,0,0,0, R$  -   ,,,,NLH,0
08/06/2026,174229,treiss77,PIXPOKER,0,0,0, R$  -   ,,,,NLH,0
08/06/2026,174658,Luka Magic,PIXPOKER,0,0,0, R$  -   ,,,,NLH,"2,79"
08/06/2026,174952,tremdofullhouse33,PIXPOKER,"7,94","0,6",0," R$  8,54 ","92,97%","7,03%","0,00%",NLH,"47,8"
08/06/2026,177057,KAKASHI,PIXPOKER,"0,24","8,5",0," R$  8,74 ","2,75%","97,25%","0,00%",MTT,"235,38"
08/06/2026,179744,pix179744,PIXPOKER,0,"0,4","2,69"," R$  3,09 ","0,00%","12,94%","87,06%",PLO6,-26
08/06/2026,181845,pix181845,PIXPOKER,0,0,0, R$  -   ,,,,NLH,0
08/06/2026,183817,magnata71,PIXPOKER,0,"0,8",0," R$  0,80 ","0,00%","100,00%","0,00%",MTT,-8
08/06/2026,188288,Maicon Santos,PIXPOKER,0,"0,3",0," R$  0,30 ","0,00%","100,00%","0,00%",MTT,-3
08/06/2026,188354,#check,PIXPOKER,"27,33",0,"1,21"," R$  28,54 ","95,76%","0,00%","4,24%",NLH,-104
08/06/2026,188674,Mancuso,PIXPOKER,0,0,0, R$  -   ,,,,NLH,0
08/06/2026,191416,Thomasl17,PIXPOKER,"1,53","0,1","1,95"," R$  3,58 ","42,74%","2,79%","54,47%",PLO6,"4,89"
08/06/2026,192635,jandao,PIXPOKER,"20,54",0,0," R$  20,54 ","100,00%","0,00%","0,00%",NLH,"51,95"
08/06/2026,192657,IgorM,PIXPOKER,0,"7,1",0," R$  7,10 ","0,00%","100,00%","0,00%",MTT,"0,25"
08/06/2026,193890,pix193890,PIXPOKER,"4,71",3,0," R$  7,71 ","61,09%","38,91%","0,00%",NLH,"-42,54"
08/06/2026,195232,pix195232,PIXPOKER,0,"1,1","16,2"," R$  17,30 ","0,00%","6,36%","93,64%",PLO6,-110
08/06/2026,103345,Homer Simpson,PIXPOKER,"21,08",90,"1940,81"," R$  2.051,89 ","1,03%","4,39%","94,59%",PLO6,"-5473,69"
08/06/2026,140135,lukinhas05,PIXPOKER,0,0,"21,06"," R$  21,06 ","0,00%","0,00%","100,00%",PLO6,"-227,48"
08/06/2026,190078,MauroKK,PIXPOKER,0,0,"477,28"," R$  477,28 ","0,00%","0,00%","100,00%",PLO6,"-2059,81"
08/06/2026,190412,Pererestm,PIXPOKER,"0,06",0,"153,54"," R$  153,60 ","0,04%","0,00%","99,96%",PLO6,"-399,21"
08/06/2026,149960,11678,PIXPOKER,0,0,"1561,31"," R$  1.561,31 ","0,00%","0,00%","100,00%",PLO6,-2880
08/06/2026,191320,zobaa,PIXPOKER,"1,02",0,0," R$  1,02 ","100,00%","0,00%","0,00%",NLH,-13
08/06/2026,145184,Chepinha,PIXPOKER,0,"36,95","7,13"," R$  44,08 ","0,00%","83,82%","16,18%",MTT,"-152,02"
08/06/2026,156597,Tuttuba,PIXPOKER,0,36,0," R$  36,00 ","0,00%","100,00%","0,00%",MTT,"-299,75"
08/06/2026,193637,BeNSharK?,PIXPOKER,"12,45","71,5",0," R$  83,95 ","14,83%","85,17%","0,00%",MTT,"362,43"
08/06/2026,130697,Dandan71,PIXPOKER,0,0,"0,62"," R$  0,62 ","0,00%","0,00%","100,00%",PLO6,"33,81"
08/06/2026,181102,pix181102,PIXPOKER,0,0,"5,1"," R$  5,10 ","0,00%","0,00%","100,00%",PLO6,-12
08/06/2026,101229,OffThekingdepower,PIXPOKER,0,"0,1",0," R$  0,10 ","0,00%","100,00%","0,00%",MTT,-1
08/06/2026,140263,Deivão,PIXPOKER,0,"0,2",0," R$  0,20 ","0,00%","100,00%","0,00%",MTT,-2
08/06/2026,171772,carlos.souza,PIXPOKER,0,"10,9","30,85"," R$  41,75 ","0,00%","26,11%","73,89%",PLO6,"-127,43"
08/06/2026,194472,Micha fold,PIXPOKER,0,"0,1",0," R$  0,10 ","0,00%","100,00%","0,00%",MTT,-1
08/06/2026,158586,Naviuos,PIXPOKER,0,"126,24","18,44"," R$  144,68 ","0,00%","87,25%","12,75%",MTT,"152,91"
08/06/2026,158730,RenAAnsa,PIXPOKER,0,"121,6",0," R$  121,60 ","0,00%","100,00%","0,00%",MTT,"-618,02"
08/06/2026,100605,henrique,PIXPOKER,"12,77","2,3","3,41"," R$  18,48 ","69,10%","12,45%","18,45%",NLH,"-71,96"
08/06/2026,107341,Luiz Carlos,PIXPOKER,"1,36",0,"49,32"," R$  50,68 ","2,68%","0,00%","97,32%",PLO6,"325,96"
08/06/2026,170892,sonoblefe,PIXPOKER,"0,3",0,0," R$  0,30 ","100,00%","0,00%","0,00%",NLH,-4
08/06/2026,179974,Bezim09,PIXPOKER,"25,02",0,0," R$  25,02 ","100,00%","0,00%","0,00%",NLH,-8
08/06/2026,188277,Gogêpoker,PIXPOKER,"7,89",0,"0,27"," R$  8,16 ","96,69%","0,00%","3,31%",NLH,"-39,35"
08/06/2026,192358,pix192358,PIXPOKER,"16,95",0,0," R$  16,95 ","100,00%","0,00%","0,00%",NLH,"5,86"
08/06/2026,148535,amisraelchai??,PIXPOKER,0,"57,1",0," R$  57,10 ","0,00%","100,00%","0,00%",MTT,"-472,94"
08/06/2026,149703,azarado,PIXPOKER,0,"24,96",0," R$  24,96 ","0,00%","100,00%","0,00%",MTT,"-249,6"
08/06/2026,154247,king81,PIXPOKER,0,"3,8",0," R$  3,80 ","0,00%","100,00%","0,00%",MTT,-38
08/06/2026,188457,tomate,PIXPOKER,0,"44,95",0," R$  44,95 ","0,00%","100,00%","0,00%",MTT,"-449,5"
08/06/2026,107109,pix107109,PIXPOKER,0,0,"1,01"," R$  1,01 ","0,00%","0,00%","100,00%",PLO6,-10
08/06/2026,110016,? Fantasma ?,PIXPOKER,0,0,"4,72"," R$  4,72 ","0,00%","0,00%","100,00%",PLO6,-56
08/06/2026,108544,Zé Cambalhota,PIXPOKER,0,"33,5",0," R$  33,50 ","0,00%","100,00%","0,00%",MTT,"-301,25"
08/06/2026,130831,SnAAcK,PIXPOKER,0,"110,5","1,16"," R$  111,66 ","0,00%","98,96%","1,04%",MTT,"-1103,65"
08/06/2026,133713,Thekid,PIXPOKER,0,272,"606,38"," R$  878,38 ","0,00%","30,97%","69,03%",PLO6,"3051,64"
08/06/2026,142465,crrc79,PIXPOKER,0,237,"67,89"," R$  304,89 ","0,00%","77,73%","22,27%",MTT,"2207,63"
08/06/2026,145086,Dani,PIXPOKER,0,"103,9","27,92"," R$  131,82 ","0,00%","78,82%","21,18%",MTT,"-159,39"
08/06/2026,195384,pix195384,PIXPOKER,0,10,"30,03"," R$  40,03 ","0,00%","24,98%","75,02%",PLO6,"-538,76"
08/06/2026,194463,JosepPoker,PIXPOKER,"2,73","1,6","0,54"," R$  4,87 ","56,06%","32,85%","11,09%",NLH,-50
08/06/2026,129823,pix129823,PIXPOKER,0,5,"71,41"," R$  76,41 ","0,00%","6,54%","93,46%",PLO6,-409
08/06/2026,109887,cucuriti,PIXPOKER,0,1,0," R$  1,00 ","0,00%","100,00%","0,00%",MTT,0
08/06/2026,120485,RodrigOscar,PIXPOKER,"276,47",1,"9,19"," R$  286,66 ","96,45%","0,35%","3,21%",NLH,-379
08/06/2026,159197,zuzu,PIXPOKER,0,11,0," R$  11,00 ","0,00%","100,00%","0,00%",MTT,"-108,95"
08/06/2026,159619,??ET??,PIXPOKER,"3,09","9,9",0," R$  12,99 ","23,79%","76,21%","0,00%",MTT,-135
08/06/2026,188599,Chrys_Killer,PIXPOKER,"0,87","1,1","189,83"," R$  191,80 ","0,45%","0,57%","98,97%",PLO6,"-233,39"
08/06/2026,194188,EliminadordeDonk,PIXPOKER,"2,06","25,5","0,57"," R$  28,13 ","7,32%","90,65%","2,03%",MTT,"136,45"
08/06/2026,194578,JacksonMcz,PIXPOKER,0,"34,1",0," R$  34,10 ","0,00%","100,00%","0,00%",MTT,-341
08/06/2026,169703,Chicken Little,PIXPOKER,"54,97",0,0," R$  54,97 ","100,00%","0,00%","0,00%",NLH,"109,7"
08/06/2026,188964,…….,PIXPOKER,0,0,"11,66"," R$  11,66 ","0,00%","0,00%","100,00%",PLO6,-75
08/06/2026,106482,BOLADÃO,PIXPOKER,"2,41","1,5",0," R$  3,91 ","61,64%","38,36%","0,00%",NLH,"-35,75"
08/06/2026,116140,Márcio Lins,PIXPOKER,"2,86","17,2",0," R$  20,06 ","14,26%","85,74%","0,00%",MTT,"-180,75"
08/06/2026,180680,pix180680,PIXPOKER,0,"5,1",0," R$  5,10 ","0,00%","100,00%","0,00%",MTT,-51
08/06/2026,189226,Italokeppe,PIXPOKER,"3,06","32,6",0," R$  35,66 ","8,58%","91,42%","0,00%",MTT,"-326,68"
08/06/2026,193941,joaofurtado,PIXPOKER,"16,97","16,4",0," R$  33,37 ","50,85%","49,15%","0,00%",NLH,-200
08/06/2026,109250,????JC,PIXPOKER,0,0,"72,93"," R$  72,93 ","0,00%","0,00%","100,00%",PLO6,-460
08/06/2026,180184,ROLUDU,PIXPOKER,0,0,"9,09"," R$  9,09 ","0,00%","0,00%","100,00%",PLO6,-170
08/06/2026,100221,El Magron,PIXPOKER,0,0,0, R$  -   ,,,,NLH,"1,52"
08/06/2026,104131,all inn,PIXPOKER,"3,6",0,0," R$  3,60 ","100,00%","0,00%","0,00%",NLH,20
08/06/2026,104697,gb__,PIXPOKER,0,"0,2",0," R$  0,20 ","0,00%","100,00%","0,00%",MTT,-2
08/06/2026,106309,AcademiaDePoker,PIXPOKER,0,0,0, R$  -   ,,,,NLH,0
08/06/2026,107011,ABS99,PIXPOKER,0,"0,2","0,53"," R$  0,73 ","0,00%","27,40%","72,60%",PLO6,"4,99"
08/06/2026,109387,Bigode,PIXPOKER,0,"0,3",0," R$  0,30 ","0,00%","100,00%","0,00%",MTT,"-2,23"
08/06/2026,117746,bocao10,PIXPOKER,0,0,0, R$  -   ,,,,NLH,"0,64"
08/06/2026,118893,eujhon,PIXPOKER,"0,89","0,1",0," R$  0,99 ","89,90%","10,10%","0,00%",NLH,"5,56"
08/06/2026,120875,odonodogame,PIXPOKER,0,0,0, R$  -   ,,,,NLH,0
08/06/2026,140055,jr oião motos,PIXPOKER,"0,32","0,2",0," R$  0,52 ","61,54%","38,46%","0,00%",NLH,"-5,18"
08/06/2026,143543,Amorica do vrau,PIXPOKER,"0,27","0,7","0,54"," R$  1,51 ","17,88%","46,36%","35,76%",MTT,"0,69"
08/06/2026,145257,hoop shot,PIXPOKER,"29,89",0,"0,07"," R$  29,96 ","99,77%","0,00%","0,23%",NLH,"-148,59"
08/06/2026,151377,Coisaruim,PIXPOKER,0,0,0, R$  -   ,,,,NLH,"12,62"
08/06/2026,151483,Wollfman69,PIXPOKER,0,"0,1",0," R$  0,10 ","0,00%","100,00%","0,00%",MTT,-1
08/06/2026,151894,emersonTHE,PIXPOKER,"3,26",0,0," R$  3,26 ","100,00%","0,00%","0,00%",NLH,"-41,62"
08/06/2026,152604,Chib4ta,PIXPOKER,0,0,0, R$  -   ,,,,NLH,0
08/06/2026,165419,pix165419,PIXPOKER,"7,16","0,2","14,64"," R$  22,00 ","32,55%","0,91%","66,55%",PLO6,"92,4"
08/06/2026,171589,kuskusiiiis,PIXPOKER,0,"2,6",0," R$  2,60 ","0,00%","100,00%","0,00%",MTT,"-24,48"
08/06/2026,176326,Ragnarok_176326,PIXPOKER,0,"1,6",0," R$  1,60 ","0,00%","100,00%","0,00%",MTT,"-0,27"
08/06/2026,177434,Negreira ?,PIXPOKER,"3,84",0,0," R$  3,84 ","100,00%","0,00%","0,00%",NLH,"-38,08"
08/06/2026,177692,pix177692,PIXPOKER,0,0,0, R$  -   ,,,,NLH,0
08/06/2026,177693,pix177693,PIXPOKER,0,"0,1",0," R$  0,10 ","0,00%","100,00%","0,00%",MTT,-1
08/06/2026,179909,Trilheiro???,PIXPOKER,"2,78","7,3",0," R$  10,08 ","27,58%","72,42%","0,00%",MTT,"-70,92"
08/06/2026,180584,lagarto171,PIXPOKER,0,"0,3",0," R$  0,30 ","0,00%","100,00%","0,00%",MTT,-3
08/06/2026,183471,pix183471,PIXPOKER,0,"0,1",0," R$  0,10 ","0,00%","100,00%","0,00%",MTT,-1
08/06/2026,183952,behavio13,PIXPOKER,0,"0,2",0," R$  0,20 ","0,00%","100,00%","0,00%",MTT,"-0,02"
08/06/2026,187132,ninguém,PIXPOKER,0,"0,2",0," R$  0,20 ","0,00%","100,00%","0,00%",MTT,-2
08/06/2026,189004,ABUSADO,PIXPOKER,0,0,0, R$  -   ,,,,NLH,0
08/06/2026,189425,NeutrófiloX,PIXPOKER,"12,65",0,"0,04"," R$  12,69 ","99,68%","0,00%","0,32%",NLH,-33
08/06/2026,190835,Velhote,PIXPOKER,0,"0,1",0," R$  0,10 ","0,00%","100,00%","0,00%",MTT,"0,84"
08/06/2026,192041,pix192041,PIXPOKER,0,0,0, R$  -   ,,,,NLH,0
08/06/2026,193755,RAFABER??,PIXPOKER,"19,93","19,1",0," R$  39,03 ","51,06%","48,94%","0,00%",NLH,-83
08/06/2026,195241,stoex77,PIXPOKER,"0,32",0,0," R$  0,32 ","100,00%","0,00%","0,00%",NLH,-4
08/06/2026,195449,Rutsonfc2K,PIXPOKER,"1,52","4,16",0," R$  5,68 ","26,76%","73,24%","0,00%",MTT,-62
08/06/2026,158820,Horus,PIXPOKER,"3,8",0,0," R$  3,80 ","100,00%","0,00%","0,00%",NLH,-25
08/06/2026,181613,tyago,PIXPOKER,"7,05",0,"13,88"," R$  20,93 ","33,68%","0,00%","66,32%",PLO6,"34,23"
08/06/2026,194244,PH Goiano,PIXPOKER,"0,27",0,0," R$  0,27 ","100,00%","0,00%","0,00%",NLH,-4
08/06/2026,152826,pix152826,PIXPOKER,0,0,"27,36"," R$  27,36 ","0,00%","0,00%","100,00%",PLO6,"-292,8"
08/06/2026,193682,pix193682,PIXPOKER,0,0,"229,39"," R$  229,39 ","0,00%","0,00%","100,00%",PLO6,"-302,84"
08/06/2026,143847,dossantos 1000,PIXPOKER,"101,89","35,66","13,73"," R$  151,28 ","67,35%","23,57%","9,08%",NLH,"45,19"
08/06/2026,100486,Jr Holanda,PIXPOKER,0,"9,2","58,74"," R$  67,94 ","0,00%","13,54%","86,46%",PLO6,"-78,79"
08/06/2026,111444,amanga,PIXPOKER,0,0,"0,8"," R$  0,80 ","0,00%","0,00%","100,00%",PLO6,-5
08/06/2026,119997,brunobfb,PIXPOKER,0,1,"146,44"," R$  147,44 ","0,00%","0,68%","99,32%",PLO6,"285,74"
08/06/2026,144291,d. negreano,PIXPOKER,"6,27",0,"4,94"," R$  11,21 ","55,93%","0,00%","44,07%",NLH,-74
08/06/2026,147150,Pd87,PIXPOKER,"1,9",0,"1,57"," R$  3,47 ","54,76%","0,00%","45,24%",NLH,"-16,19"
08/06/2026,147553,ChicoCeza,PIXPOKER,0,0,"52,45"," R$  52,45 ","0,00%","0,00%","100,00%",PLO6,-219
08/06/2026,149187,Kingx7,PIXPOKER,"5,68",0,"15,81"," R$  21,49 ","26,43%","0,00%","73,57%",PLO6,44
08/06/2026,150610,tudotudo,PIXPOKER,0,0,"0,76"," R$  0,76 ","0,00%","0,00%","100,00%",PLO6,"10,92"
08/06/2026,153919,Boiadeiro,PIXPOKER,"14,74",0,"4,91"," R$  19,65 ","75,01%","0,00%","24,99%",NLH,-5
08/06/2026,154395,Maurinho Amaro,PIXPOKER,0,0,"6,95"," R$  6,95 ","0,00%","0,00%","100,00%",PLO6,-39
08/06/2026,162898,Arturlm11,PIXPOKER,"1,96","9,4","60,42"," R$  71,78 ","2,73%","13,10%","84,17%",PLO6,"-32,15"
08/06/2026,182921,MEUGRANDE,PIXPOKER,0,"0,1","90,18"," R$  90,28 ","0,00%","0,11%","99,89%",PLO6,-266
08/06/2026,188349,cheira crake,PIXPOKER,"13,46",0,"2,85"," R$  16,31 ","82,53%","0,00%","17,47%",NLH,-26
08/06/2026,190931,pix190931,PIXPOKER,"0,88",0,"4,12"," R$  5,00 ","17,60%","0,00%","82,40%",PLO6,"-26,45"
08/06/2026,192692,pix192692,PIXPOKER,0,0,"5,54"," R$  5,54 ","0,00%","0,00%","100,00%",PLO6,-21
08/06/2026,112641,tatuipoker,PIXPOKER,0,"13,08",0," R$  13,08 ","0,00%","100,00%","0,00%",MTT,"-130,8"
08/06/2026,145413,vgp011,PIXPOKER,0,"9,4",0," R$  9,40 ","0,00%","100,00%","0,00%",MTT,-94
08/06/2026,150826,thpericlesbjj,PIXPOKER,"0,87","4,1",0," R$  4,97 ","17,51%","82,49%","0,00%",MTT,"-29,29"
08/06/2026,136435,KIKO_CPB,PIXPOKER,"25,13",4,"54,02"," R$  83,15 ","30,22%","4,81%","64,97%",PLO6,"89,28"
08/06/2026,147278,Yordan,PIXPOKER,"0,69",0,0," R$  0,69 ","100,00%","0,00%","0,00%",NLH,"13,05"
08/06/2026,155289,Taldo155289,PIXPOKER,"2,54",0,0," R$  2,54 ","100,00%","0,00%","0,00%",NLH,"-26,42"
08/06/2026,175860,Sussegado,PIXPOKER,"0,99","0,1",0," R$  1,09 ","90,83%","9,17%","0,00%",NLH,"-8,32"
08/06/2026,180241,arthur lucena,PIXPOKER,"5,42",0,0," R$  5,42 ","100,00%","0,00%","0,00%",NLH,"26,09"
08/06/2026,161173,Alzir,PIXPOKER,0,"0,9",0," R$  0,90 ","0,00%","100,00%","0,00%",MTT,-9
08/06/2026,101888,pix101888,PIXPOKER,0,0,"11,66"," R$  11,66 ","0,00%","0,00%","100,00%",PLO6,-48
08/06/2026,173580,bitulety,PIXPOKER,0,"3,6",0," R$  3,60 ","0,00%","100,00%","0,00%",MTT,"-34,76"
08/06/2026,123585,tudo nosso,PIXPOKER,0,0,"10,97"," R$  10,97 ","0,00%","0,00%","100,00%",PLO6,"149,6"
08/06/2026,134557,reidocongo,PIXPOKER,0,0,"101,47"," R$  101,47 ","0,00%","0,00%","100,00%",PLO6,300
08/06/2026,146599,pix146599,PIXPOKER,0,0,"227,37"," R$  227,37 ","0,00%","0,00%","100,00%",PLO6,"184,07"
08/06/2026,101186,pix101186,PIXPOKER,0,0,0, R$  -   ,,,,NLH,0
08/06/2026,117948,Billgats,PIXPOKER,0,0,0, R$  -   ,,,,NLH,0
08/06/2026,158902,minhocauhaha,PIXPOKER,0,"0,1",0," R$  0,10 ","0,00%","100,00%","0,00%",MTT,-1
08/06/2026,168505,Bitenca,PIXPOKER,0,0,0, R$  -   ,,,,NLH,"1,8"
08/06/2026,172008,Ayrtonsenna,PIXPOKER,0,0,0, R$  -   ,,,,NLH,0
08/06/2026,174513,LasVegas171,PIXPOKER,0,1,"4,68"," R$  5,68 ","0,00%","17,61%","82,39%",PLO6,"-59,95"
08/06/2026,177942,pix177942,PIXPOKER,0,"0,5",0," R$  0,50 ","0,00%","100,00%","0,00%",MTT,"-1,43"
08/06/2026,193889,torres00,PIXPOKER,0,0,0, R$  -   ,,,,NLH,0
08/06/2026,149244,vem bambo não,PIXPOKER,0,0,"12,4"," R$  12,40 ","0,00%","0,00%","100,00%",PLO6,-45
08/06/2026,152651,machado,PIXPOKER,"3,14",0,"72,98"," R$  76,12 ","4,13%","0,00%","95,87%",PLO6,"-83,26"
08/06/2026,154738,destruidor,PIXPOKER,"4,08",0,"169,64"," R$  173,72 ","2,35%","0,00%","97,65%",PLO6,"-800,76"
08/06/2026,175785,Bobestouro,PIXPOKER,0,1,"8,98"," R$  9,98 ","0,00%","10,02%","89,98%",PLO6,-50
08/06/2026,176091,bananildo,PIXPOKER,0,0,"76,17"," R$  76,17 ","0,00%","0,00%","100,00%",PLO6,"-334,84"
08/06/2026,186146,adriel,PIXPOKER,0,0,"28,93"," R$  28,93 ","0,00%","0,00%","100,00%",PLO6,-200
08/06/2026,194473,segundopoker,PIXPOKER,"2,32","12,3",0," R$  14,62 ","15,87%","84,13%","0,00%",MTT,-157
08/06/2026,112552,Andinho1505,PIXPOKER,"0,4",0,0," R$  0,40 ","100,00%","0,00%","0,00%",NLH,-6
08/06/2026,116030,Cordolla,PIXPOKER,"1,38",0,0," R$  1,38 ","100,00%","0,00%","0,00%",NLH,5
08/06/2026,133545,tudo,PIXPOKER,"1,03",0,"3,27"," R$  4,30 ","23,95%","0,00%","76,05%",PLO6,-45
08/06/2026,150186,el brocador,PIXPOKER,"13,99",0,0," R$  13,99 ","100,00%","0,00%","0,00%",NLH,-64
08/06/2026,158093,Diegote86,PIXPOKER,"63,86","26,86","0,75"," R$  91,47 ","69,82%","29,36%","0,82%",NLH,"-191,95"
08/06/2026,158269,steve,PIXPOKER,"2,18","0,1",0," R$  2,28 ","95,61%","4,39%","0,00%",NLH,-24
08/06/2026,158734,escaledita,PIXPOKER,"2,73","1,8",0," R$  4,53 ","60,26%","39,74%","0,00%",NLH,-40
08/06/2026,158848,cherameusovos,PIXPOKER,"15,12","50,1",0," R$  65,22 ","23,18%","76,82%","0,00%",MTT,"-433,73"
08/06/2026,164157,nenemotos,PIXPOKER,"9,78",0,0," R$  9,78 ","100,00%","0,00%","0,00%",NLH,"-48,75"
08/06/2026,173088,Bia777,PIXPOKER,"1,25",0,0," R$  1,25 ","100,00%","0,00%","0,00%",NLH,-13
08/06/2026,194005,Tuts vida ?,PIXPOKER,"1,37",0,"0,89"," R$  2,26 ","60,62%","0,00%","39,38%",NLH,"-9,07"
08/06/2026,136022,R.Santos,PIXPOKER,"0,94",0,0," R$  0,94 ","100,00%","0,00%","0,00%",NLH,-12
08/06/2026,193603,ahladrao,PIXPOKER,"54,04",0,"66,72"," R$  120,76 ","44,75%","0,00%","55,25%",PLO6,"407,35"
08/06/2026,110951,SrAndrezito,PIXPOKER,"171,39",0,0," R$  171,39 ","100,00%","0,00%","0,00%",NLH,-137
08/06/2026,111754,pix111754,PIXPOKER,"6,86","1,3","0,58"," R$  8,74 ","78,49%","14,87%","6,64%",NLH,-113
08/06/2026,122989,L.8888,PIXPOKER,0,0,0, R$  -   ,,,,NLH,"0,38"
08/06/2026,158399,ldcostta,PIXPOKER,"120,62",0,"547,1"," R$  667,72 ","18,06%","0,00%","81,94%",PLO6,-1029
08/06/2026,161330,ALLMUTED,PIXPOKER,"23,59",0,"8,12"," R$  31,71 ","74,39%","0,00%","25,61%",NLH,-300
08/06/2026,174549,pix174549,PIXPOKER,"6,96","2,8","10,28"," R$  20,04 ","34,73%","13,97%","51,30%",PLO6,284
08/06/2026,190094,pix190094,PIXPOKER,"27,72",0,0," R$  27,72 ","100,00%","0,00%","0,00%",NLH,"32,47"
08/06/2026,101305,MAGON2.0,PIXPOKER,0,0,"1,77"," R$  1,77 ","0,00%","0,00%","100,00%",PLO6,-13
08/06/2026,112160,Njr034,PIXPOKER,0,0,"45,58"," R$  45,58 ","0,00%","0,00%","100,00%",PLO6,-64
08/06/2026,119970,X2KK,PIXPOKER,"1,21","48,9","248,05"," R$  298,16 ","0,41%","16,40%","83,19%",PLO6,-117
08/06/2026,120235,Brandão 08,PIXPOKER,0,0,"110,67"," R$  110,67 ","0,00%","0,00%","100,00%",PLO6,-254
08/06/2026,120746,toctoc,PIXPOKER,0,0,"13,33"," R$  13,33 ","0,00%","0,00%","100,00%",PLO6,"-61,05"
08/06/2026,129292,kinho$?,PIXPOKER,0,"2,2","54,94"," R$  57,14 ","0,00%","3,85%","96,15%",PLO6,"97,02"
08/06/2026,135200,borba,PIXPOKER,0,0,"5,34"," R$  5,34 ","0,00%","0,00%","100,00%",PLO6,"-11,88"
08/06/2026,186865,Tr_Chapinha,PIXPOKER,0,0,"89,53"," R$  89,53 ","0,00%","0,00%","100,00%",PLO6,-224
08/06/2026,194489,piula,PIXPOKER,0,"4,4","16,25"," R$  20,65 ","0,00%","21,31%","78,69%",PLO6,-60
08/06/2026,194490,fliperama,PIXPOKER,0,0,"29,9"," R$  29,90 ","0,00%","0,00%","100,00%",PLO6,"-165,18"
08/06/2026,142293,KAMMIN,PIXPOKER,0,0,"164,07"," R$  164,07 ","0,00%","0,00%","100,00%",PLO6,-476
08/06/2026,159775,CarrimPorTras,PIXPOKER,0,3,"64,8"," R$  67,80 ","0,00%","4,42%","95,58%",PLO6,-190
08/06/2026,151611,vai que mole,PIXPOKER,0,0,"63,43"," R$  63,43 ","0,00%","0,00%","100,00%",PLO6,"-369,42"
08/06/2026,148116,joker ?,PIXPOKER,0,0,"198,98"," R$  198,98 ","0,00%","0,00%","100,00%",PLO6,"-798,37"
08/06/2026,185295,David blefador,PIXPOKER,"0,46",0,"90,33"," R$  90,79 ","0,51%","0,00%","99,49%",PLO6,"-6,84"
08/06/2026,118148,Diogolll,PIXPOKER,"207,13","4,2","1,54"," R$  212,87 ","97,30%","1,97%","0,72%",NLH,-166
08/06/2026,147665,dleitao,PIXPOKER,"37,95",0,0," R$  37,95 ","100,00%","0,00%","0,00%",NLH,"-92,76"
08/06/2026,148134,pix148134,PIXPOKER,"0,5",0,0," R$  0,50 ","100,00%","0,00%","0,00%",NLH,"20,54"
08/06/2026,156870,JPGA,PIXPOKER,"20,49",0,0," R$  20,49 ","100,00%","0,00%","0,00%",NLH,"-103,78"
08/06/2026,172194,gringo01,PIXPOKER,"27,72",0,"1,35"," R$  29,07 ","95,36%","0,00%","4,64%",NLH,-81
08/06/2026,188416,juliomoneymaker,PIXPOKER,"4,4","42,3",0," R$  46,70 ","9,42%","90,58%","0,00%",MTT,"-330,94"
08/06/2026,173035,JeffCGPB.,PIXPOKER,"5,13",0,0," R$  5,13 ","100,00%","0,00%","0,00%",NLH,"11,81"
08/06/2026,173268,nacton silvq,PIXPOKER,"15,83",0,"1,74"," R$  17,57 ","90,10%","0,00%","9,90%",NLH,"-84,51"
08/06/2026,108992,andrade rr,PIXPOKER,0,0,"11,7"," R$  11,70 ","0,00%","0,00%","100,00%",PLO6,"-108,6"
08/06/2026,149021,ANTONOW,PIXPOKER,0,0,"16,88"," R$  16,88 ","0,00%","0,00%","100,00%",PLO6,-104
08/06/2026,174760,Sansãodelas,PIXPOKER,"0,04",0,"10,45"," R$  10,49 ","0,38%","0,00%","99,62%",PLO6,"-100,19"
08/06/2026,186972,Jere do mel,PIXPOKER,"10,08",0,0," R$  10,08 ","100,00%","0,00%","0,00%",NLH,-45
08/06/2026,187443,CaioJr14,PIXPOKER,"1,24",0,0," R$  1,24 ","100,00%","0,00%","0,00%",NLH,"-16,64"
08/06/2026,194604,Aquiles77,PIXPOKER,"2,75",0,"6,07"," R$  8,82 ","31,18%","0,00%","68,82%",PLO6,"-75,23"
08/06/2026,156622,alvaromontoro,PIXPOKER,0,"65,5","0,81"," R$  66,31 ","0,00%","98,78%","1,22%",MTT,"-18,53"
08/06/2026,153031,RUGAL0800,PIXPOKER,0,"5,2","3,54"," R$  8,74 ","0,00%","59,50%","40,50%",MTT,"-106,07"
08/06/2026,157261,amv3ct,PIXPOKER,0,"8,2",0," R$  8,20 ","0,00%","100,00%","0,00%",MTT,-82
08/06/2026,100300,Barboza?,PIXPOKER,"0,31",0,"1,13"," R$  1,44 ","21,53%","0,00%","78,47%",PLO6,"7,93"
08/06/2026,117422,Elioenay,PIXPOKER,"0,47","1,6",0," R$  2,07 ","22,71%","77,29%","0,00%",MTT,"-20,53"
08/06/2026,146383,pix146383,PIXPOKER,0,0,0, R$  -   ,,,,NLH,0
08/06/2026,152279,Palmer,PIXPOKER,0,0,0, R$  -   ,,,,NLH,0
08/06/2026,157667,pix157667,PIXPOKER,0,"4,8",0," R$  4,80 ","0,00%","100,00%","0,00%",MTT,"-46,4"
08/06/2026,173441,Pão??,PIXPOKER,0,1,"3,34"," R$  4,34 ","0,00%","23,04%","76,96%",PLO6,-33
08/06/2026,101611,ADRIANA FURACÃO,PIXPOKER,0,0,"14,41"," R$  14,41 ","0,00%","0,00%","100,00%",PLO6,"-131,28"
08/06/2026,186267,marion,PIXPOKER,"0,13",0,"9,4"," R$  9,53 ","1,36%","0,00%","98,64%",PLO6,"23,45"
08/06/2026,194497,Hungria,PIXPOKER,"76,88",1,"16,15"," R$  94,03 ","81,76%","1,06%","17,18%",NLH,"356,62"
08/06/2026,101374,bea19M,PIXPOKER,0,"0,3",0," R$  0,30 ","0,00%","100,00%","0,00%",MTT,"-2,12"
08/06/2026,161256,CÂMARA?,PIXPOKER,0,0,"323,12"," R$  323,12 ","0,00%","0,00%","100,00%",PLO6,-97
08/06/2026,191631,CAIXA-BAIXA,PIXPOKER,0,"26,6",0," R$  26,60 ","0,00%","100,00%","0,00%",MTT,"-155,45"
08/06/2026,157729,Mucurex ?,PIXPOKER,0,1,"14,74"," R$  15,74 ","0,00%","6,35%","93,65%",PLO6,"-73,37"
08/06/2026,187787,Alan99,PIXPOKER,0,"8,5",0," R$  8,50 ","0,00%","100,00%","0,00%",MTT,"-71,47"
08/06/2026,138592,pix138592,PIXPOKER,"36,22",0,"52,97"," R$  89,19 ","40,61%","0,00%","59,39%",PLO6,"-1308,32"
08/06/2026,186675,soninho,PIXPOKER,0,0,"297,78"," R$  297,78 ","0,00%","0,00%","100,00%",PLO6,-573
08/06/2026,150966,bola10,PIXPOKER,0,"9,7",0," R$  9,70 ","0,00%","100,00%","0,00%",MTT,-97
08/06/2026,156357,idiki,PIXPOKER,0,"3,1","98,36"," R$  101,46 ","0,00%","3,06%","96,94%",PLO6,-407
08/06/2026,166232,esseoN,PIXPOKER,0,"8,9",0," R$  8,90 ","0,00%","100,00%","0,00%",MTT,"-32,51"
08/06/2026,194422,pix194422,PIXPOKER,0,96,0," R$  96,00 ","0,00%","100,00%","0,00%",MTT,-1920
08/06/2026,188505,crazygambler,PIXPOKER,0,"5,5",0," R$  5,50 ","0,00%","100,00%","0,00%",MTT,-55
08/06/2026,189235,pix189235,PIXPOKER,0,"13,3",0," R$  13,30 ","0,00%","100,00%","0,00%",MTT,-133
08/06/2026,154421,Batt rico,PIXPOKER,0,0,"17,7"," R$  17,70 ","0,00%","0,00%","100,00%",PLO6,-149
08/06/2026,100819,A:.L:.,PIXPOKER,0,1,0," R$  1,00 ","0,00%","100,00%","0,00%",MTT,"-5,44"
08/06/2026,123986,D10xxx,PIXPOKER,0,0,0, R$  -   ,,,,NLH,0
08/06/2026,155709,pix155709,PIXPOKER,0,0,0, R$  -   ,,,,NLH,0
08/06/2026,166612,Emanuel Farias,PIXPOKER,0,0,0, R$  -   ,,,,NLH,0
08/06/2026,179691,Bielvn,PIXPOKER,"0,91","6,2",0," R$  7,11 ","12,80%","87,20%","0,00%",MTT,"-68,25"
08/06/2026,191542,pix191542,PIXPOKER,"5,02","1,24","8,63"," R$  14,89 ","33,71%","8,33%","57,96%",PLO6,"-19,73"
08/06/2026,193240,pix193240,PIXPOKER,0,0,0, R$  -   ,,,,NLH,0
08/06/2026,100211,Patrik Estrela,PIXPOKER,0,"0,1","55,4"," R$  55,50 ","0,00%","0,18%","99,82%",PLO6,"26,33"
08/06/2026,102371,Sertão,PIXPOKER,0,0,"1,12"," R$  1,12 ","0,00%","0,00%","100,00%",PLO6,-15
08/06/2026,135262,F3lp1s,PIXPOKER,0,0,"18,23"," R$  18,23 ","0,00%","0,00%","100,00%",PLO6,-70
08/06/2026,138930,Ljr?,PIXPOKER,0,0,"64,09"," R$  64,09 ","0,00%","0,00%","100,00%",PLO6,"-66,93"
08/06/2026,174847,Nem fudendo,PIXPOKER,0,0,"34,56"," R$  34,56 ","0,00%","0,00%","100,00%",PLO6,50
08/06/2026,112234,AMSFOGO,PIXPOKER,"3,86","0,6","1,97"," R$  6,43 ","60,03%","9,33%","30,64%",NLH,-20
08/06/2026,112533,xLove,PIXPOKER,"0,78",0,"1,04"," R$  1,82 ","42,86%","0,00%","57,14%",PLO6,-24
08/06/2026,153129,Zedd,PIXPOKER,"56,85",0,0," R$  56,85 ","100,00%","0,00%","0,00%",NLH,-24
08/06/2026,164108,IramBODVEI,PIXPOKER,"14,33",0,0," R$  14,33 ","100,00%","0,00%","0,00%",NLH,-50
08/06/2026,172229,dagataa,PIXPOKER,"10,39",0,"54,34"," R$  64,73 ","16,05%","0,00%","83,95%",PLO6,"-248,95"
08/06/2026,191359,coldpaul,PIXPOKER,"0,78","0,1",0," R$  0,88 ","88,64%","11,36%","0,00%",NLH,-5
08/06/2026,149147,Priscilasantos,PIXPOKER,0,0,0, R$  -   ,,,,NLH,0
08/06/2026,149604,NoBru,PIXPOKER,0,0,0, R$  -   ,,,,NLH,"1,55"
08/06/2026,152602,toskdecorrente,PIXPOKER,0,0,0, R$  -   ,,,,NLH,0
08/06/2026,159057,MatosPoker,PIXPOKER,0,0,0, R$  -   ,,,,NLH,0
08/06/2026,170943,claytim,PIXPOKER,0,0,0, R$  -   ,,,,NLH,0
08/06/2026,188662,Dudu Trevoso,PIXPOKER,0,0,0, R$  -   ,,,,NLH,0
08/06/2026,193840,sougg,PIXPOKER,"8,74",0,0," R$  8,74 ","100,00%","0,00%","0,00%",NLH,"30,64"
08/06/2026,109150,vitinpe,PIXPOKER,0,0,"115,41"," R$  115,41 ","0,00%","0,00%","100,00%",PLO6,95
08/06/2026,146086,roberto all in,PIXPOKER,0,0,"6,19"," R$  6,19 ","0,00%","0,00%","100,00%",PLO6,-90
08/06/2026,136352,DonaMaria,PIXPOKER,0,0,"372,78"," R$  372,78 ","0,00%","0,00%","100,00%",PLO6,"-206,15"
08/06/2026,157192,kakaziinho,PIXPOKER,0,5,"110,79"," R$  115,79 ","0,00%","4,32%","95,68%",PLO6,"262,75"
08/06/2026,152752,Rh1802,PIXPOKER,0,0,"20,17"," R$  20,17 ","0,00%","0,00%","100,00%",PLO6,-80
08/06/2026,169412,PreDestinad0,PIXPOKER,"9,96",1,"53,97"," R$  64,93 ","15,34%","1,54%","83,12%",PLO6,"-377,4"
08/06/2026,171251,jhony@,PIXPOKER,0,0,"13,65"," R$  13,65 ","0,00%","0,00%","100,00%",PLO6,"-200,63"
08/06/2026,184304,fbarros,PIXPOKER,0,20,"132,13"," R$  152,13 ","0,00%","13,15%","86,85%",PLO6,"-251,14"
08/06/2026,118703,Joga10nJ,PIXPOKER,0,0,"16,12"," R$  16,12 ","0,00%","0,00%","100,00%",PLO6,-35
08/06/2026,140832,VICIADA,PIXPOKER,0,3,"9,99"," R$  12,99 ","0,00%","23,09%","76,91%",PLO6,"-18,32"
08/06/2026,158098,trem bala?,PIXPOKER,"2,08",0,"0,57"," R$  2,65 ","78,49%","0,00%","21,51%",NLH,-16
08/06/2026,158537,??fé no flop,PIXPOKER,0,"2,2","11,03"," R$  13,23 ","0,00%","16,63%","83,37%",PLO6,"-115,07"
08/06/2026,170532,pix170532,PIXPOKER,"0,66",0,"4,71"," R$  5,37 ","12,29%","0,00%","87,71%",PLO6,"18,34"
08/06/2026,131452,medpindas,PIXPOKER,0,0,"5,91"," R$  5,91 ","0,00%","0,00%","100,00%",PLO6,-37
08/06/2026,136730,Pabin do gasolina,PIXPOKER,0,"7,5","25,17"," R$  32,67 ","0,00%","22,96%","77,04%",PLO6,"-160,78"
08/06/2026,159826,ako_sp,PIXPOKER,0,0,"3,02"," R$  3,02 ","0,00%","0,00%","100,00%",PLO6,-44
08/06/2026,173657,Mordrix,PIXPOKER,"48,77",2,"17,13"," R$  67,90 ","71,83%","2,95%","25,23%",NLH,0
08/06/2026,187664,Dwbliu,PIXPOKER,0,0,"57,14"," R$  57,14 ","0,00%","0,00%","100,00%",PLO6,"179,27"
08/06/2026,160398,FLOKI,PIXPOKER,"37,46",1,"22,59"," R$  61,05 ","61,36%","1,64%","37,00%",NLH,"-98,84"
08/06/2026,169232,bumbum guloso,PIXPOKER,0,0,"4,97"," R$  4,97 ","0,00%","0,00%","100,00%",PLO6,-40
08/06/2026,171844,matarindo,PIXPOKER,0,0,"13,71"," R$  13,71 ","0,00%","0,00%","100,00%",PLO6,"30,57"
08/06/2026,188835,Gincobilola,PIXPOKER,"0,26",13,"67,37"," R$  80,63 ","0,32%","16,12%","83,55%",PLO6,-600
08/06/2026,194401,ColdCall,PIXPOKER,"57,55","7,1",0," R$  64,65 ","89,02%","10,98%","0,00%",NLH,-135
08/06/2026,122502,thocu,PIXPOKER,0,0,"8,12"," R$  8,12 ","0,00%","0,00%","100,00%",PLO6,-110
08/06/2026,145593,johnn,PIXPOKER,0,"0,2",0," R$  0,20 ","0,00%","100,00%","0,00%",MTT,"-1,36"
08/06/2026,163863,kayblack,PIXPOKER,"0,34","1,3",0," R$  1,64 ","20,73%","79,27%","0,00%",MTT,"-15,24"
08/06/2026,194911,popo-iwnl,PIXPOKER,0,0,0, R$  -   ,,,,NLH,0
08/06/2026,120035,ok então,PIXPOKER,"40,44",0,0," R$  40,44 ","100,00%","0,00%","0,00%",NLH,38
08/06/2026,125084,Binho21,PIXPOKER,"16,54",0,"48,09"," R$  64,63 ","25,59%","0,00%","74,41%",PLO6,15
08/06/2026,163752,LIANDROaposentado,PIXPOKER,"17,59",0,0," R$  17,59 ","100,00%","0,00%","0,00%",NLH,-101
08/06/2026,172833,pix172833,PIXPOKER,"2,46","16,3","1,72"," R$  20,48 ","12,01%","79,59%","8,40%",MTT,"-19,98"
08/06/2026,194304,Jujunaa,PIXPOKER,"11,29","4,76","1,07"," R$  17,12 ","65,95%","27,80%","6,25%",NLH,"-57,01"
08/06/2026,138540,papinha,PIXPOKER,0,0,"55,82"," R$  55,82 ","0,00%","0,00%","100,00%",PLO6,3
08/06/2026,156053,Doidera66,PIXPOKER,0,0,"23,06"," R$  23,06 ","0,00%","0,00%","100,00%",PLO6,-104
08/06/2026,132782,seankings,PIXPOKER,0,"76,1",0," R$  76,10 ","0,00%","100,00%","0,00%",MTT,"-653,21"
08/06/2026,116936,clenilson,PIXPOKER,"51,98",1,0," R$  52,98 ","98,11%","1,89%","0,00%",NLH,"-3,91"
08/06/2026,129221,CARRETÃO,PIXPOKER,0,69,0," R$  69,00 ","0,00%","100,00%","0,00%",MTT,-680
08/06/2026,100415,CarcaraPoker,PIXPOKER,0,10,0," R$  10,00 ","0,00%","100,00%","0,00%",MTT,-85
08/06/2026,181180,SoaresSjb,PIXPOKER,0,"12,3",0," R$  12,30 ","0,00%","100,00%","0,00%",MTT,-123
08/06/2026,100234,Pacauu,PIXPOKER,"0,6","5,7",0," R$  6,30 ","9,52%","90,48%","0,00%",MTT,"276,83"
08/06/2026,104266,valdinho forró,PIXPOKER,0,4,"5,36"," R$  9,36 ","0,00%","42,74%","57,26%",PLO6,"-47,18"
08/06/2026,133756,Marinho 54,PIXPOKER,0,"11,2",0," R$  11,20 ","0,00%","100,00%","0,00%",MTT,"-47,19"
08/06/2026,147641,dieguinho08,PIXPOKER,"14,2",0,0," R$  14,20 ","100,00%","0,00%","0,00%",NLH,"89,03"
08/06/2026,190372,Naécio10,PIXPOKER,"5,98",0,0," R$  5,98 ","100,00%","0,00%","0,00%",NLH,-40
08/06/2026,133117,daso AA,PIXPOKER,0,0,"113,85"," R$  113,85 ","0,00%","0,00%","100,00%",PLO6,"-808,79"
08/06/2026,113348,Pedro Otávio,PIXPOKER,"4,25",0,"4,02"," R$  8,27 ","51,39%","0,00%","48,61%",NLH,"-22,38"
08/06/2026,157996,Tomfla36,PIXPOKER,"33,23",0,0," R$  33,23 ","100,00%","0,00%","0,00%",NLH,"-75,25"
08/06/2026,159370,pix159370,PIXPOKER,"0,56",0,"66,59"," R$  67,15 ","0,83%","0,00%","99,17%",PLO6,-500
08/06/2026,164168,draga,PIXPOKER,"0,93",0,"50,53"," R$  51,46 ","1,81%","0,00%","98,19%",PLO6,-40
08/06/2026,172629,pix172629,PIXPOKER,"4,88",0,0," R$  4,88 ","100,00%","0,00%","0,00%",NLH,"80,65"
08/06/2026,171242,pix171242,PIXPOKER,"4,18",0,0," R$  4,18 ","100,00%","0,00%","0,00%",NLH,"17,34"
08/06/2026,147818,Feker,PIXPOKER,"26,03",0,"4,11"," R$  30,14 ","86,36%","0,00%","13,64%",NLH,"-110,35"
08/06/2026,126920,MisterBet,PIXPOKER,0,0,0, R$  -   ,,,,NLH,0
08/06/2026,129538,LucGoncalves,PIXPOKER,"7,02","0,1",0," R$  7,12 ","98,60%","1,40%","0,00%",NLH,-1
08/06/2026,162893,Geladeira ?,PIXPOKER,0,0,0, R$  -   ,,,,NLH,0
08/06/2026,178818,??BIRU??,PIXPOKER,0,0,0, R$  -   ,,,,NLH,0
08/06/2026,178968,pix178968,PIXPOKER,0,0,0, R$  -   ,,,,NLH,0
08/06/2026,194508,pix194508,PIXPOKER,"0,14","0,8",0," R$  0,94 ","14,89%","85,11%","0,00%",MTT,"-78,96"
08/06/2026,118366,choranoriver,PIXPOKER,0,"3,6",0," R$  3,60 ","0,00%","100,00%","0,00%",MTT,44
08/06/2026,189179,JuuH,PIXPOKER,0,"0,6",0," R$  0,60 ","0,00%","100,00%","0,00%",MTT,-6
08/06/2026,124196,mjr.,PIXPOKER,0,1,"56,13"," R$  57,13 ","0,00%","1,75%","98,25%",PLO6,"654,75"
08/06/2026,160169,MestreDosMauros,PIXPOKER,"7,97","7,5","615,31"," R$  630,78 ","1,26%","1,19%","97,55%",PLO6,"2560,08"
08/06/2026,172030,ChaparralJr,PIXPOKER,0,0,"50,79"," R$  50,79 ","0,00%","0,00%","100,00%",PLO6,-400
08/06/2026,191271,Anthony Jonsson,PIXPOKER,0,0,0, R$  -   ,,,,NLH,0
08/06/2026,163367,oftheking,PIXPOKER,0,0,"2,63"," R$  2,63 ","0,00%","0,00%","100,00%",PLO6,-30
08/06/2026,171659,pix171659,PIXPOKER,"0,3","0,1","25,59"," R$  25,99 ","1,15%","0,38%","98,46%",PLO6,-65
08/06/2026,173467,carlosbar,PIXPOKER,0,0,"30,24"," R$  30,24 ","0,00%","0,00%","100,00%",PLO6,"-144,53"
08/06/2026,114698,Bodevoador,PIXPOKER,0,0,"26,76"," R$  26,76 ","0,00%","0,00%","100,00%",PLO6,15
08/06/2026,134522,ZEBEDEL,PIXPOKER,"14,32","0,1","0,75"," R$  15,17 ","94,40%","0,66%","4,94%",NLH,50
08/06/2026,195419,Pretinha ?,PIXPOKER,"4,63",0,"13,27"," R$  17,90 ","25,87%","0,00%","74,13%",PLO6,-110
08/06/2026,146768,Tonon,PIXPOKER,"19,09",0,0," R$  19,09 ","100,00%","0,00%","0,00%",NLH,57
08/06/2026,152239,T.H.,PIXPOKER,"0,85",0,0," R$  0,85 ","100,00%","0,00%","0,00%",NLH,-10
08/06/2026,152397,RRMcg,PIXPOKER,"1,98",0,0," R$  1,98 ","100,00%","0,00%","0,00%",NLH,-12
08/06/2026,155880,monitoramento,PIXPOKER,"3,36",0,0," R$  3,36 ","100,00%","0,00%","0,00%",NLH,-50
08/06/2026,175771,celoreeis,PIXPOKER,0,1,0," R$  1,00 ","0,00%","100,00%","0,00%",MTT,-10
08/06/2026,172054,kevenbrs,PIXPOKER,"1,33",0,0," R$  1,33 ","100,00%","0,00%","0,00%",NLH,-10
08/06/2026,118908,Alex_Pinto,PIXPOKER,"45,73",0,"6,77"," R$  52,50 ","87,10%","0,00%","12,90%",NLH,-100
08/06/2026,139346,Negreanu do Nordeste,PIXPOKER,"75,59",0,0," R$  75,59 ","100,00%","0,00%","0,00%",NLH,"54,55"
08/06/2026,143841,Rbraga,PIXPOKER,0,0,"0,66"," R$  0,66 ","0,00%","0,00%","100,00%",PLO6,-17
08/06/2026,149966,ajex,PIXPOKER,0,0,"11,53"," R$  11,53 ","0,00%","0,00%","100,00%",PLO6,-140
08/06/2026,149763,pix149763,PIXPOKER,0,0,"20,49"," R$  20,49 ","0,00%","0,00%","100,00%",PLO6,-50
08/06/2026,169221,@Flavinholm,PIXPOKER,0,0,"1,41"," R$  1,41 ","0,00%","0,00%","100,00%",PLO6,-64
08/06/2026,171895,BRR_magnificousSAGAZ,PIXPOKER,"0,16",0,"0,21"," R$  0,37 ","43,24%","0,00%","56,76%",PLO6,-9
08/06/2026,176070,ªLL-YÏññ17º,PIXPOKER,"4,37",0,"0,96"," R$  5,33 ","81,99%","0,00%","18,01%",NLH,-32
08/06/2026,108683,Rei das Bruxas,PIXPOKER,0,4,0," R$  4,00 ","0,00%","100,00%","0,00%",MTT,-40
08/06/2026,194815,pix194815,PIXPOKER,0,"226,7",0," R$  226,70 ","0,00%","100,00%","0,00%",MTT,"1280,73"
08/06/2026,123094,AurivanMoura,PIXPOKER,"12,12",0,0," R$  12,12 ","100,00%","0,00%","0,00%",NLH,-20
08/06/2026,131387,JoaoCbmpa,PIXPOKER,"58,36",32,0," R$  90,36 ","64,59%","35,41%","0,00%",NLH,400
08/06/2026,147096,vai que bata,PIXPOKER,"134,86","7,5",0," R$  142,36 ","94,73%","5,27%","0,00%",NLH,-99
08/06/2026,151826,Jack.Palmer,PIXPOKER,"0,08",0,"7,9"," R$  7,98 ","1,00%","0,00%","99,00%",PLO6,"-184,74"
08/06/2026,171411,?uturo?,PIXPOKER,"85,03","3,6",0," R$  88,63 ","95,94%","4,06%","0,00%",NLH,"-285,45"
08/06/2026,140785,_tiringa,PIXPOKER,"1,92",0,0," R$  1,92 ","100,00%","0,00%","0,00%",NLH,-16
08/06/2026,172631,pix172631,PIXPOKER,"1,04",0,0," R$  1,04 ","100,00%","0,00%","0,00%",NLH,-16
08/06/2026,107059,Bolinh@,PIXPOKER,0,0,0, R$  -   ,,,,NLH,0
08/06/2026,146343,Mika,PIXPOKER,0,3,0," R$  3,00 ","0,00%","100,00%","0,00%",MTT,-30
08/06/2026,171382,Samuel Morais,PIXPOKER,0,"2,1",0," R$  2,10 ","0,00%","100,00%","0,00%",MTT,-21
08/06/2026,193238,pix193238,PIXPOKER,0,0,0, R$  -   ,,,,NLH,0
08/06/2026,100462,Babi,PIXPOKER,0,"0,1",0," R$  0,10 ","0,00%","100,00%","0,00%",MTT,-1
08/06/2026,101162,Messi10?,PIXPOKER,0,0,"319,09"," R$  319,09 ","0,00%","0,00%","100,00%",PLO6,"-2182,7"
08/06/2026,107838,STAR 52,PIXPOKER,"6,98","20,6",0," R$  27,58 ","25,31%","74,69%","0,00%",MTT,"-274,96"
08/06/2026,163358,Léo Monteiro,PIXPOKER,0,12,"3,78"," R$  15,78 ","0,00%","76,05%","23,95%",MTT,-50
08/06/2026,137600,DoPará ?,PIXPOKER,0,14,0," R$  14,00 ","0,00%","100,00%","0,00%",MTT,-140
08/06/2026,195237,pix195237,PIXPOKER,"1,83",17,0," R$  18,83 ","9,72%","90,28%","0,00%",MTT,-190
08/06/2026,133995,capitaoxrm,PIXPOKER,0,1,0," R$  1,00 ","0,00%","100,00%","0,00%",MTT,-10
08/06/2026,154470,Batgirl,PIXPOKER,0,2,0," R$  2,00 ","0,00%","100,00%","0,00%",MTT,-20
08/06/2026,158519,JKing,PIXPOKER,0,"1,3",0," R$  1,30 ","0,00%","100,00%","0,00%",MTT,-3
08/06/2026,170039,Braúna??,PIXPOKER,0,"8,2",0," R$  8,20 ","0,00%","100,00%","0,00%",MTT,-107
08/06/2026,181067,pix181067,PIXPOKER,0,"3,4",0," R$  3,40 ","0,00%","100,00%","0,00%",MTT,-34
08/06/2026,147674,Diego merrim,PIXPOKER,0,"6,6",0," R$  6,60 ","0,00%","100,00%","0,00%",MTT,"230,32"
08/06/2026,193904,pix193904,PIXPOKER,0,"2,5",0," R$  2,50 ","0,00%","100,00%","0,00%",MTT,-25
08/06/2026,101185,dual,PIXPOKER,0,0,0, R$  -   ,,,,NLH,0
08/06/2026,101288,MagaMona,PIXPOKER,0,0,0, R$  -   ,,,,NLH,0
08/06/2026,124632,seteduque,PIXPOKER,0,0,0, R$  -   ,,,,NLH,"0,51"
08/06/2026,147634,AJéFold,PIXPOKER,0,0,0, R$  -   ,,,,NLH,0
08/06/2026,155242,Allon ?,PIXPOKER,0,0,0, R$  -   ,,,,NLH,"0,61"
08/06/2026,167549,pix167549,PIXPOKER,0,0,0, R$  -   ,,,,NLH,"1,29"
08/06/2026,193950,Danilopira,PIXPOKER,"0,8",0,0," R$  0,80 ","100,00%","0,00%","0,00%",NLH,"5,23"
08/06/2026,187403,pix187403,PIXPOKER,0,0,0, R$  -   ,,,,NLH,-75
08/06/2026,175842,arthuzinho,PIXPOKER,"3,21","15,9",0," R$  19,11 ","16,80%","83,20%","0,00%",MTT,"180,18"
08/06/2026,194997,wsantos10,PIXPOKER,0,"2,4","0,17"," R$  2,57 ","0,00%","93,39%","6,61%",MTT,-28
08/06/2026,139234,Doom,PIXPOKER,0,0,"2,66"," R$  2,66 ","0,00%","0,00%","100,00%",PLO6,-50
08/06/2026,153033,KreshXP,PIXPOKER,0,0,"2,98"," R$  2,98 ","0,00%","0,00%","100,00%",PLO6,"73,04"
08/06/2026,180210,pix180210,PIXPOKER,0,0,0, R$  -   ,,,,NLH,0
08/06/2026,170540,pix170540,PIXPOKER,0,0,"12,02"," R$  12,02 ","0,00%","0,00%","100,00%",PLO6,-200
08/06/2026,140015,NenTrindade,PIXPOKER,0,0,"722,29"," R$  722,29 ","0,00%","0,00%","100,00%",PLO6,"4348,78"
08/06/2026,154267,bil,PIXPOKER,0,0,"11,71"," R$  11,71 ","0,00%","0,00%","100,00%",PLO6,-144
08/06/2026,181267,Menor LK,PIXPOKER,0,0,"5,62"," R$  5,62 ","0,00%","0,00%","100,00%",PLO6,-77
08/06/2026,101251,Chupeta,PIXPOKER,0,0,"572,1"," R$  572,10 ","0,00%","0,00%","100,00%",PLO6,"-237,32"
08/06/2026,126452,Brunov86,PIXPOKER,"1,73",0,"9,39"," R$  11,12 ","15,56%","0,00%","84,44%",PLO6,-130
08/06/2026,150814,henriqueazevedo,PIXPOKER,"0,31",0,"2,19"," R$  2,50 ","12,40%","0,00%","87,60%",PLO6,-20
08/06/2026,160777,pix160777,PIXPOKER,0,"0,8","5,71"," R$  6,51 ","0,00%","12,29%","87,71%",PLO6,-98
08/06/2026,120916,Jaburu9,PIXPOKER,"8,25","0,8","9,65"," R$  18,70 ","44,12%","4,28%","51,60%",PLO6,-132
08/06/2026,121494,apicemotel01,PIXPOKER,"13,34","9,9","252,41"," R$  275,65 ","4,84%","3,59%","91,57%",PLO6,"-1364,28"
08/06/2026,133158,jrspoker,PIXPOKER,0,1,"11,57"," R$  12,57 ","0,00%","7,96%","92,04%",PLO6,-60
08/06/2026,115245,zicadoo,PIXPOKER,0,0,"16,93"," R$  16,93 ","0,00%","0,00%","100,00%",PLO6,"500,16"
08/06/2026,189502,kid poker AA,PIXPOKER,0,0,"16,41"," R$  16,41 ","0,00%","0,00%","100,00%",PLO6,"-170,14"
08/06/2026,116324,maradona_90,PIXPOKER,"12,13",0,0," R$  12,13 ","100,00%","0,00%","0,00%",NLH,-20
08/06/2026,175409,Neidebatis30,PIXPOKER,0,"5,5",0," R$  5,50 ","0,00%","100,00%","0,00%",MTT,-55
08/06/2026,194726,pix194726,PIXPOKER,0,"158,7",0," R$  158,70 ","0,00%","100,00%","0,00%",MTT,"-181,76"
08/06/2026,173866,Matheusjopa,PIXPOKER,"1,44",0,0," R$  1,44 ","100,00%","0,00%","0,00%",NLH,-25
08/06/2026,129424,KidMoney,PIXPOKER,"0,16",0,0," R$  0,16 ","100,00%","0,00%","0,00%",NLH,"-2,65"
08/06/2026,143580,Avanti Palestra,PIXPOKER,0,4,"7,13"," R$  11,13 ","0,00%","35,94%","64,06%",PLO6,-38
08/06/2026,161710,Drogba,PIXPOKER,0,0,"53,94"," R$  53,94 ","0,00%","0,00%","100,00%",PLO6,-250
08/06/2026,174476,Dim Saraiva,PIXPOKER,0,0,0, R$  -   ,,,,NLH,0
08/06/2026,157853,bossfinal,PIXPOKER,0,0,"20,09"," R$  20,09 ","0,00%","0,00%","100,00%",PLO6,"49,62"
08/06/2026,160289,jimmysdi,PIXPOKER,0,"3,5",0," R$  3,50 ","0,00%","100,00%","0,00%",MTT,-35
08/06/2026,184048,flmaia,PIXPOKER,0,"3,5",0," R$  3,50 ","0,00%","100,00%","0,00%",MTT,-35
08/06/2026,195386,vende4,PIXPOKER,0,"1,5",0," R$  1,50 ","0,00%","100,00%","0,00%",MTT,-15
08/06/2026,194014,pix194014,PIXPOKER,0,0,"296,24"," R$  296,24 ","0,00%","0,00%","100,00%",PLO6,"-1599,84"
08/06/2026,191967,plmatadoreeporco,PIXPOKER,0,0,"0,83"," R$  0,83 ","0,00%","0,00%","100,00%",PLO6,-16
08/06/2026,164204,Brassaroti,PIXPOKER,0,0,0, R$  -   ,,,,NLH,-50
08/06/2026,193927,Magister Arcani,PIXPOKER,0,"6,2","0,85"," R$  7,05 ","0,00%","87,94%","12,06%",MTT,-86
08/06/2026,101525,Vitin do Pokker tian,PIXPOKER,0,0,"152,88"," R$  152,88 ","0,00%","0,00%","100,00%",PLO6,"-1505,1"
08/06/2026,112906,emociones,PIXPOKER,0,0,"22,23"," R$  22,23 ","0,00%","0,00%","100,00%",PLO6,-330
08/06/2026,137098,PMSC,PIXPOKER,0,0,"183,7"," R$  183,70 ","0,00%","0,00%","100,00%",PLO6,"-499,2"
08/06/2026,155309,Andre13,PIXPOKER,0,0,"645,76"," R$  645,76 ","0,00%","0,00%","100,00%",PLO6,"-125,27"
08/06/2026,168156,JhonBad,PIXPOKER,0,"1,2",0," R$  1,20 ","0,00%","100,00%","0,00%",MTT,-12
08/06/2026,193816,omago,PIXPOKER,0,"1,6",0," R$  1,60 ","0,00%","100,00%","0,00%",MTT,-16
08/06/2026,170266,dnss,PIXPOKER,"3,49","0,3","0,46"," R$  4,25 ","82,12%","7,06%","10,82%",NLH,"-9,35"
08/06/2026,194996,fa.do.risi,PIXPOKER,"0,35",0,0," R$  0,35 ","100,00%","0,00%","0,00%",NLH,"6,21"
08/06/2026,189508,Salmo23??,PIXPOKER,"0,17","0,5",0," R$  0,67 ","25,37%","74,63%","0,00%",MTT,-9
08/06/2026,122560,F3RRAD0,PIXPOKER,0,0,0, R$  -   ,,,,NLH,"14,61"
08/06/2026,136090,pixxx,PIXPOKER,0,0,0, R$  -   ,,,,NLH,0
08/06/2026,172415,Arthurcrupi,PIXPOKER,0,0,0, R$  -   ,,,,NLH,0
08/06/2026,141552,PULSOFIRME,PIXPOKER,0,0,"14,63"," R$  14,63 ","0,00%","0,00%","100,00%",PLO6,"-40,68"
08/06/2026,157565,Chupa|Engole,PIXPOKER,0,0,"6,42"," R$  6,42 ","0,00%","0,00%","100,00%",PLO6,"23,58"
08/06/2026,144862,Brunno,PIXPOKER,"22,08",0,0," R$  22,08 ","100,00%","0,00%","0,00%",NLH,-70
08/06/2026,194294,pix194294,PIXPOKER,"2,08",1,0," R$  3,08 ","67,53%","32,47%","0,00%",NLH,-40
08/06/2026,145359,pix145359JJ,PIXPOKER,"0,38","18,9","28,64"," R$  47,92 ","0,79%","39,44%","59,77%",PLO6,"-117,57"
08/06/2026,157908,PIPAPAPARAPA,PIXPOKER,0,0,"3,33"," R$  3,33 ","0,00%","0,00%","100,00%",PLO6,-50
08/06/2026,194427,PAU.NAS.DO.JOB,PIXPOKER,"4,01",0,0," R$  4,01 ","100,00%","0,00%","0,00%",NLH,-20
08/06/2026,167868,jusadelas_,PIXPOKER,0,0,"14,11"," R$  14,11 ","0,00%","0,00%","100,00%",PLO6,"29,81"
08/06/2026,152468,CADUMCC,PIXPOKER,0,"4,44",0," R$  4,44 ","0,00%","100,00%","0,00%",MTT,"-44,4"
08/06/2026,141288,g777,PIXPOKER,0,0,"0,76"," R$  0,76 ","0,00%","0,00%","100,00%",PLO6,-14
08/06/2026,186438,pega noob,PIXPOKER,0,0,"1,43"," R$  1,43 ","0,00%","0,00%","100,00%",PLO6,"204,18"
08/06/2026,135763,pix135763,PIXPOKER,0,0,"12,57"," R$  12,57 ","0,00%","0,00%","100,00%",PLO6,"-150,31"
08/06/2026,165646,pix165646,PIXPOKER,"0,29","2,2",0," R$  2,49 ","11,65%","88,35%","0,00%",MTT,"-16,11"
08/06/2026,101128,bateu,PIXPOKER,"10,58",0,0," R$  10,58 ","100,00%","0,00%","0,00%",NLH,"237,73"
08/06/2026,178641,jeanHolden,PIXPOKER,"28,21","0,1",0," R$  28,31 ","99,65%","0,35%","0,00%",NLH,"-14,95"
08/06/2026,159245,Wick,PIXPOKER,"4,02",0,0," R$  4,02 ","100,00%","0,00%","0,00%",NLH,"0,5"
08/06/2026,139869,Cachoeira,PIXPOKER,0,"2,2",0," R$  2,20 ","0,00%","100,00%","0,00%",MTT,"187,7"
08/06/2026,147819,sousa197,PIXPOKER,0,1,0," R$  1,00 ","0,00%","100,00%","0,00%",MTT,-10
08/06/2026,195351,show10,PIXPOKER,0,0,"6,45"," R$  6,45 ","0,00%","0,00%","100,00%",PLO6,-30
08/06/2026,177504,100%,PIXPOKER,0,0,0, R$  -   ,,,,NLH,0
08/06/2026,111860,pedro Aurélio,PIXPOKER,"5,12",0,0," R$  5,12 ","100,00%","0,00%","0,00%",NLH,-32
08/06/2026,171689,Felp0123,PIXPOKER,"8,32",0,0," R$  8,32 ","100,00%","0,00%","0,00%",NLH,-40
08/06/2026,102576,kaos,PIXPOKER,0,0,"198,69"," R$  198,69 ","0,00%","0,00%","100,00%",PLO6,"690,36"
08/06/2026,152253,Men10,PIXPOKER,0,"2,2","27,74"," R$  29,94 ","0,00%","7,35%","92,65%",PLO6,"414,47"
08/06/2026,156977,Boyitu,PIXPOKER,0,"2,8","185,16"," R$  187,96 ","0,00%","1,49%","98,51%",PLO6,"1638,83"
08/06/2026,189826,drygoberto,PIXPOKER,"1,27",0,0," R$  1,27 ","100,00%","0,00%","0,00%",NLH,-20
08/06/2026,131760,FelipeSc,PIXPOKER,0,14,0," R$  14,00 ","0,00%","100,00%","0,00%",MTT,"53,52"
08/06/2026,153312,jack,PIXPOKER,0,0,"10,39"," R$  10,39 ","0,00%","0,00%","100,00%",PLO6,"-48,17"
08/06/2026,138179,Nathaan,PIXPOKER,0,0,"6,39"," R$  6,39 ","0,00%","0,00%","100,00%",PLO6,"-79,9"
08/06/2026,154977,pix154977,PIXPOKER,0,12,0," R$  12,00 ","0,00%","100,00%","0,00%",MTT,-120
08/06/2026,171706,gukm,PIXPOKER,0,0,"6,78"," R$  6,78 ","0,00%","0,00%","100,00%",PLO6,"25,01"
08/06/2026,127489,BruSsani95,PIXPOKER,0,0,"11,21"," R$  11,21 ","0,00%","0,00%","100,00%",PLO6,-200
08/06/2026,182509,pix182509,PIXPOKER,0,0,"2,93"," R$  2,93 ","0,00%","0,00%","100,00%",PLO6,-79
08/06/2026,116061,Gabriel Teixeira,PIXPOKER,0,"0,1",0," R$  0,10 ","0,00%","100,00%","0,00%",MTT,"0,11"
08/06/2026,181768,RaVi999,PIXPOKER,0,0,0, R$  -   ,,,,NLH,"0,77"
08/06/2026,189032,Gabriel G,PIXPOKER,0,0,0, R$  -   ,,,,NLH,0
08/06/2026,190570,pix190570,PIXPOKER,0,0,0, R$  -   ,,,,NLH,0
08/06/2026,193402,porKoloKo,PIXPOKER,0,0,0, R$  -   ,,,,NLH,0
08/06/2026,193979,pix193979,PIXPOKER,0,0,0, R$  -   ,,,,NLH,0
08/06/2026,110044,pix1642256,PIXPOKER,0,"15,9",0," R$  15,90 ","0,00%","100,00%","0,00%",MTT,-159
08/06/2026,171361,CATDEALER,PIXPOKER,0,3,0," R$  3,00 ","0,00%","100,00%","0,00%",MTT,-30
08/06/2026,190155,JUNIOR???,PIXPOKER,0,"4,5",0," R$  4,50 ","0,00%","100,00%","0,00%",MTT,"64,36"
08/06/2026,142740,Pix41988914,PIXPOKER,"18,76",0,0," R$  18,76 ","100,00%","0,00%","0,00%",NLH,"-28,72"
08/06/2026,181795,henrique esc,PIXPOKER,"16,58",0,0," R$  16,58 ","100,00%","0,00%","0,00%",NLH,"-100,68"
08/06/2026,144289,gu já ug,PIXPOKER,"8,55",0,"2,77"," R$  11,32 ","75,53%","0,00%","24,47%",NLH,"13,52"
08/06/2026,115919,ZéCall,PIXPOKER,"7,05",0,0," R$  7,05 ","100,00%","0,00%","0,00%",NLH,"68,03"
08/06/2026,147547,Advanced,PIXPOKER,"45,64",0,0," R$  45,64 ","100,00%","0,00%","0,00%",NLH,"-149,79"
08/06/2026,141382,pix141382,PIXPOKER,0,"21,5",0," R$  21,50 ","0,00%","100,00%","0,00%",MTT,"-147,5"
08/06/2026,108417,Cariri,PIXPOKER,0,"8,6",0," R$  8,60 ","0,00%","100,00%","0,00%",MTT,-86
08/06/2026,181033,pix181033,PIXPOKER,0,20,0," R$  20,00 ","0,00%","100,00%","0,00%",MTT,-200
08/06/2026,155033,zachs49,PIXPOKER,0,"2,2",0," R$  2,20 ","0,00%","100,00%","0,00%",MTT,-22
08/06/2026,191081,Olbis,PIXPOKER,0,"2,8",0," R$  2,80 ","0,00%","100,00%","0,00%",MTT,"-7,82"
08/06/2026,176138,otrembb??,PIXPOKER,0,"0,9",0," R$  0,90 ","0,00%","100,00%","0,00%",MTT,-9
08/06/2026,191547,pix191547,PIXPOKER,0,"0,1",0," R$  0,10 ","0,00%","100,00%","0,00%",MTT,-1
08/06/2026,107274,MibilisKa,PIXPOKER,0,0,0, R$  -   ,,,,NLH,0
08/06/2026,168753,mago?,PIXPOKER,0,0,0, R$  -   ,,,,NLH,0
08/06/2026,110688,Micaell,None,0,"2,04",0," R$  2,04 ","0,00%","100,00%","0,00%",MTT,"-20,4"
08/06/2026,195702,BatzNinja,None,"2,89","29,54",0," R$  32,43 ","8,91%","91,09%","0,00%",MTT,"-210,54"
08/06/2026,133945,chicodoL,None,0,0,"108,7"," R$  108,70 ","0,00%","0,00%","100,00%",PLO6,"-599,6"
08/06/2026,104649,dmendes,None,"0,5","3,4","172,39"," R$  176,29 ","0,28%","1,93%","97,79%",PLO6,-620
08/06/2026,147725,Fortunato 728,None,"2,25","0,9","7,43"," R$  10,58 ","21,27%","8,51%","70,23%",PLO6,"-101,8"
08/06/2026,196266,haisenbergAA,None,"14,08",6,136," R$  156,08 ","9,02%","3,84%","87,13%",PLO6,117
08/06/2026,195619,Michael JJackson,None,"25,96","4,66","50,06"," R$  80,68 ","32,18%","5,78%","62,05%",PLO6,"-222,96"
08/06/2026,196223,pix196223,None,"9,69",0,"113,65"," R$  123,34 ","7,86%","0,00%","92,14%",PLO6,"-73,95"
08/06/2026,173110,xxxxxx.,None,"17,29","1,1","5,69"," R$  24,08 ","71,80%","4,57%","23,63%",NLH,-110
08/06/2026,195579,caio castro,None,"42,4",0,0," R$  42,40 ","100,00%","0,00%","0,00%",NLH,"-63,36"
08/06/2026,196442,pix196442,None,"15,46",0,"0,29"," R$  15,75 ","98,16%","0,00%","1,84%",NLH,"-53,9"
08/06/2026,187607,pix187607,None,0,"0,3",0," R$  0,30 ","0,00%","100,00%","0,00%",MTT,-3
08/06/2026,165906,reservapoker,None,0,"46,5","188,5"," R$  235,00 ","0,00%","19,79%","80,21%",PLO6,"-261,8"
08/06/2026,195952,pix195952,None,"66,18","2,5","185,6"," R$  254,28 ","26,03%","0,98%","72,99%",PLO6,"-220,42"
08/06/2026,196276,pix196276,None,"14,52","2,8","121,29"," R$  138,61 ","10,48%","2,02%","87,50%",PLO6,"-603,42"
08/06/2026,196268,Barok,None,0,0,0, R$  -   ,,,,NLH,0
08/06/2026,106148,migué,None,0,"0,1",0," R$  0,10 ","0,00%","100,00%","0,00%",MTT,-1
08/06/2026,128702,pix128702,None,0,"1,4",0," R$  1,40 ","0,00%","100,00%","0,00%",MTT,"97,6"
08/06/2026,143782,celia184,None,0,"0,1",0," R$  0,10 ","0,00%","100,00%","0,00%",MTT,-1
08/06/2026,149758,pix149758,None,0,0,0, R$  -   ,,,,NLH,0
08/06/2026,150851,pix150851,None,0,"0,2",0," R$  0,20 ","0,00%","100,00%","0,00%",MTT,-2
08/06/2026,154310,COMECU,None,"2,45","1,1",0," R$  3,55 ","69,01%","30,99%","0,00%",NLH,"-6,23"
08/06/2026,160339,eduardo aguiar,None,0,"0,2",0," R$  0,20 ","0,00%","100,00%","0,00%",MTT,"-0,92"
08/06/2026,161620,???,None,"48,09",0,"0,48"," R$  48,57 ","99,01%","0,00%","0,99%",NLH,70
08/06/2026,162710,poker aí,None,0,0,0, R$  -   ,,,,NLH,"16,73"
08/06/2026,162785,BlackRiver,None,0,0,0, R$  -   ,,,,NLH,"1,52"
08/06/2026,169526,soniamgfm2,None,0,"0,2",0," R$  0,20 ","0,00%","100,00%","0,00%",MTT,-2
08/06/2026,170099,Alexandre fm,None,0,0,0, R$  -   ,,,,NLH,0
08/06/2026,170102,pix170102,None,0,0,0, R$  -   ,,,,NLH,"0,51"
08/06/2026,172697,pix172697,None,0,0,0, R$  -   ,,,,NLH,0
08/06/2026,172698,pix172698,None,0,0,0, R$  -   ,,,,NLH,0
08/06/2026,179394,marcospcn,None,0,"4,4",0," R$  4,40 ","0,00%","100,00%","0,00%",MTT,"-28,22"
08/06/2026,179757,zorrokkk,None,0,0,"0,26"," R$  0,26 ","0,00%","0,00%","100,00%",PLO6,"16,55"
08/06/2026,179788,th200,None,0,"0,1",0," R$  0,10 ","0,00%","100,00%","0,00%",MTT,"1,21"
08/06/2026,180037,pix180037,None,0,"0,1",0," R$  0,10 ","0,00%","100,00%","0,00%",MTT,-1
08/06/2026,180282,pixmaicon,None,0,0,0, R$  -   ,,,,NLH,0
08/06/2026,180519,renatorusso,None,0,0,0, R$  -   ,,,,NLH,"3,21"
08/06/2026,180523,psao7608,None,0,"0,1",0," R$  0,10 ","0,00%","100,00%","0,00%",MTT,"0,08"
08/06/2026,181043,Foldei mane,None,0,1,0," R$  1,00 ","0,00%","100,00%","0,00%",MTT,"0,19"
08/06/2026,181687,Lampião ?,None,"0,2","0,1",0," R$  0,30 ","66,67%","33,33%","0,00%",NLH,"-3,16"
08/06/2026,181996,pix181996,None,0,0,0, R$  -   ,,,,NLH,0
08/06/2026,182395,paulo_guima,None,"0,76","0,3",0," R$  1,06 ","71,70%","28,30%","0,00%",NLH,-7
08/06/2026,182817,CreisoN25,None,"0,65",1,0," R$  1,65 ","39,39%","60,61%","0,00%",MTT,"-1,29"
08/06/2026,182860,Pesadoo,None,"0,4","0,1",0," R$  0,50 ","80,00%","20,00%","0,00%",NLH,"-1,18"
08/06/2026,183758,pix183758,None,"37,36","0,1","2,22"," R$  39,68 ","94,15%","0,25%","5,59%",NLH,"144,97"
08/06/2026,190020,pix190020,None,0,"0,1",0," R$  0,10 ","0,00%","100,00%","0,00%",MTT,"-0,25"
08/06/2026,191135,carlosvolt,None,0,0,0, R$  -   ,,,,NLH,"4,67"
08/06/2026,192188,Suzana25,None,0,0,0, R$  -   ,,,,NLH,0
08/06/2026,195789,lucas021,None,"44,03","0,1","0,28"," R$  44,41 ","99,14%","0,23%","0,63%",NLH,"22,48"
08/06/2026,195923,camila P,None,"0,21",0,0," R$  0,21 ","100,00%","0,00%","0,00%",NLH,"-2,46"
08/06/2026,195966,TRUTA.,None,"2,72",0,0," R$  2,72 ","100,00%","0,00%","0,00%",NLH,-10
08/06/2026,195983,cearense,None,0,0,"0,4"," R$  0,40 ","0,00%","0,00%","100,00%",PLO6,"-2,98"
08/06/2026,195985,xebiu,None,"0,45",0,0," R$  0,45 ","100,00%","0,00%","0,00%",NLH,"-8,86"
08/06/2026,196021,pililiu da resenh4,None,0,"0,1",0," R$  0,10 ","0,00%","100,00%","0,00%",MTT,"4,01"
08/06/2026,196022,Picpay.,None,0,"0,1",0," R$  0,10 ","0,00%","100,00%","0,00%",MTT,"4,39"
08/06/2026,196024,Sereka,None,0,"0,1",0," R$  0,10 ","0,00%","100,00%","0,00%",MTT,"1,7"
08/06/2026,196025,ovão,None,"0,17",0,0," R$  0,17 ","100,00%","0,00%","0,00%",NLH,"2,51"
08/06/2026,196032,Chapadinho,None,"0,59","0,2",0," R$  0,79 ","74,68%","25,32%","0,00%",NLH,"2,84"
08/06/2026,196033,pix196033,None,"0,31","0,3",0," R$  0,61 ","50,82%","49,18%","0,00%",NLH,"-0,39"
08/06/2026,196034,pix196034,None,"0,18","0,1",0," R$  0,28 ","64,29%","35,71%","0,00%",NLH,"-0,82"
08/06/2026,196035,pix196035,None,"0,22","0,1",0," R$  0,32 ","68,75%","31,25%","0,00%",NLH,"-1,49"
08/06/2026,196014,pix196014,None,"97,11",3,"383,14"," R$  483,25 ","20,10%","0,62%","79,28%",PLO6,"-2290,08"
08/06/2026,153094,CaTaPuTaAA,None,0,"18,6","35,98"," R$  54,58 ","0,00%","34,08%","65,92%",PLO6,50
08/06/2026,196176,Denyson luan,None,0,"3,5","431,19"," R$  434,69 ","0,00%","0,81%","99,19%",PLO6,"-1236,49"
08/06/2026,196420,pix196420,None,"1,53",0,"844,03"," R$  845,56 ","0,18%","0,00%","99,82%",PLO6,"-5356,49"
08/06/2026,196479,pix196479,None,0,0,"7,74"," R$  7,74 ","0,00%","0,00%","100,00%",PLO6,-50
08/06/2026,116727,vinicius,None,"26,53",0,"20,95"," R$  47,48 ","55,88%","0,00%","44,12%",NLH,"-328,31"
08/06/2026,137583,pix137583,None,"2,56","3,6","36,81"," R$  42,97 ","5,96%","8,38%","85,66%",PLO6,-636
08/06/2026,193782,pix193782,None,"135,41",0,0," R$  135,41 ","100,00%","0,00%","0,00%",NLH,153
08/06/2026,194145,Caua bt,None,"14,78",0,0," R$  14,78 ","100,00%","0,00%","0,00%",NLH,"-28,65"
08/06/2026,195473,Migueldoguincho,None,"9,63","0,5","0,61"," R$  10,74 ","89,66%","4,66%","5,68%",NLH,"-32,36"
08/06/2026,195477,pix195477,None,"203,21",0,0," R$  203,21 ","100,00%","0,00%","0,00%",NLH,-167
08/06/2026,196003,pix196003,None,"16,08",0,0," R$  16,08 ","100,00%","0,00%","0,00%",NLH,"-60,21"
08/06/2026,196010,JCBET,None,"23,54","92,5",0," R$  116,04 ","20,29%","79,71%","0,00%",MTT,"-976,49"
08/06/2026,196270,MOGUE,None,53,0,"0,1"," R$  53,10 ","99,81%","0,00%","0,19%",NLH,"-196,45"
08/06/2026,139746,thiagos85,None,"1,64","121,7","1,42"," R$  124,76 ","1,31%","97,55%","1,14%",MTT,"1277,99"
08/06/2026,194757,Wellington Ramon,None,0,0,"7,7"," R$  7,70 ","0,00%","0,00%","100,00%",PLO6,-67
08/06/2026,195849,gilmarbala,None,"3,55",0,"47,4"," R$  50,95 ","6,97%","0,00%","93,03%",PLO6,-121
08/06/2026,123102,pix123102,None,"3,68",0,"997,76"," R$  1.001,44 ","0,37%","0,00%","99,63%",PLO6,"244,86"
08/06/2026,146056,Luizabraba,None,0,121,25," R$  146,00 ","0,00%","82,88%","17,12%",MTT,"748,31"
08/06/2026,196472,zebuceta,None,0,0,"0,93"," R$  0,93 ","0,00%","0,00%","100,00%",PLO6,-12
08/06/2026,155798,LampiãoMCZ,None,0,0,"96,67"," R$  96,67 ","0,00%","0,00%","100,00%",PLO6,-659
08/06/2026,196473,pix196473,None,"7,99",26,0," R$  33,99 ","23,51%","76,49%","0,00%",MTT,"-190,47"
08/06/2026,147247,oficial,None,"224,72",0,"2,23"," R$  226,95 ","99,02%","0,00%","0,98%",NLH,"-616,32"
08/06/2026,151057,Beto $alada,None,"12,43","15,5",0," R$  27,93 ","44,50%","55,50%","0,00%",MTT,"79,65"
08/06/2026,164086,Edigarjr,None,"6,37",0,"3,24"," R$  9,61 ","66,29%","0,00%","33,71%",NLH,"-109,26"
08/06/2026,177777,AVIÃOsemASA,None,"91,36",0,"23,26"," R$  114,62 ","79,71%","0,00%","20,29%",NLH,"261,92"
08/06/2026,185931,Pé_de_Pano,None,"4,9",0,0," R$  4,90 ","100,00%","0,00%","0,00%",NLH,"6,53"
08/06/2026,194267,Fenix777,None,"7,38",0,0," R$  7,38 ","100,00%","0,00%","0,00%",NLH,-20
08/06/2026,195561,verissimo001,None,"22,11",0,"1,02"," R$  23,13 ","95,59%","0,00%","4,41%",NLH,-60
08/06/2026,195671,terroristadopoker,None,"589,11",0,0," R$  589,11 ","100,00%","0,00%","0,00%",NLH,-327
08/06/2026,195920,decaranunca,None,"6,09",0,"1,51"," R$  7,60 ","80,13%","0,00%","19,87%",NLH,-60
08/06/2026,195945,Babuino,None,"65,77",0,0," R$  65,77 ","100,00%","0,00%","0,00%",NLH,"-4,84"
08/06/2026,196475,goteN,None,"0,92",0,"7,54"," R$  8,46 ","10,87%","0,00%","89,13%",PLO6,-100
08/06/2026,195970,matheusollv,None,"0,35",0,"7,64"," R$  7,99 ","4,38%","0,00%","95,62%",PLO6,-64
08/06/2026,154432,pix154432,None,"3,26",0,"30,99"," R$  34,25 ","9,52%","0,00%","90,48%",PLO6,21
08/06/2026,167113,luckymathi,None,0,1,"0,31"," R$  1,31 ","0,00%","76,34%","23,66%",MTT,-14
08/06/2026,171194,pix171194,None,"10,43",0,"21,73"," R$  32,16 ","32,43%","0,00%","67,57%",PLO6,"39,81"
08/06/2026,174283,Natan Grangeiro,None,0,0,"0,29"," R$  0,29 ","0,00%","0,00%","100,00%",PLO6,-4
08/06/2026,182133,pix182133,None,"2,1",0,"60,97"," R$  63,07 ","3,33%","0,00%","96,67%",PLO6,-386
08/06/2026,195998,pix195998,None,0,"3,4","23,63"," R$  27,03 ","0,00%","12,58%","87,42%",PLO6,"48,36"
08/06/2026,147221,muvukinha,None,"0,88","18,3","2,57"," R$  21,75 ","4,05%","84,14%","11,82%",MTT,"-72,36"
08/06/2026,149367,André Bahia,None,0,"46,95",0," R$  46,95 ","0,00%","100,00%","0,00%",MTT,"-17,53"
08/06/2026,167364,DrTeca,None,0,0,"141,48"," R$  141,48 ","0,00%","0,00%","100,00%",PLO6,-915
08/06/2026,196192,pix196192,None,"2,84",0,"199,86"," R$  202,70 ","1,40%","0,00%","98,60%",PLO6,-301
08/06/2026,100215,Gorete.BallCat,None,0,"38,3","4983,78"," R$  5.022,08 ","0,00%","0,76%","99,24%",PLO6,"3281,86"
08/06/2026,196429,pix196429,None,0,0,"8,14"," R$  8,14 ","0,00%","0,00%","100,00%",PLO6,-45
08/06/2026,183339,mugthebest,None,0,0,"10,75"," R$  10,75 ","0,00%","0,00%","100,00%",PLO6,-66
08/06/2026,103255,pix103255,None,0,0,0, R$  -   ,,,,NLH,"1,33"
08/06/2026,105322,pix105322,None,0,0,0, R$  -   ,,,,NLH,0
08/06/2026,105324,pix105324,None,0,0,0, R$  -   ,,,,NLH,0
08/06/2026,110683,Muriele Vieira,None,0,0,0, R$  -   ,,,,NLH,0
08/06/2026,112977,VULGOALADIN,None,0,0,0, R$  -   ,,,,NLH,0
08/06/2026,115802,Nauersiq,None,0,0,0, R$  -   ,,,,NLH,0
08/06/2026,132372,allinn tt,None,0,0,0, R$  -   ,,,,NLH,0
08/06/2026,133051,Diegueira,None,0,0,0, R$  -   ,,,,NLH,"1,6"
08/06/2026,138917,pix138917,None,0,"0,1",0," R$  0,10 ","0,00%","100,00%","0,00%",MTT,"0,11"
08/06/2026,139309,deixacupai,None,0,0,0, R$  -   ,,,,NLH,0
08/06/2026,141756,WGodoi,None,0,"3,5",0," R$  3,50 ","0,00%","100,00%","0,00%",MTT,"-33,76"
08/06/2026,146696,cachaça51,None,"7,78","0,1",0," R$  7,88 ","98,73%","1,27%","0,00%",NLH,"62,6"
08/06/2026,148613,pix148613,None,0,0,0, R$  -   ,,,,NLH,0
08/06/2026,151176,Vala Vala,None,0,0,0, R$  -   ,,,,NLH,"1,05"
08/06/2026,156615,Tutubarão83,None,0,0,0, R$  -   ,,,,NLH,0
08/06/2026,158727,pix158727,None,0,0,0, R$  -   ,,,,NLH,0
08/06/2026,159736,FunEngine,None,0,"0,3",0," R$  0,30 ","0,00%","100,00%","0,00%",MTT,"-1,89"
08/06/2026,160412,pix160412,None,0,"0,1",0," R$  0,10 ","0,00%","100,00%","0,00%",MTT,"0,6"
08/06/2026,164390,John82,None,0,"0,2",0," R$  0,20 ","0,00%","100,00%","0,00%",MTT,"0,76"
08/06/2026,165365,Gabriel22k,None,0,0,"1,71"," R$  1,71 ","0,00%","0,00%","100,00%",PLO6,"-1,03"
08/06/2026,165366,biel22k,None,0,0,0, R$  -   ,,,,NLH,0
08/06/2026,168427,behavior2,None,0,0,0, R$  -   ,,,,NLH,"2,92"
08/06/2026,170675,3NZ21,None,0,"0,2",0," R$  0,20 ","0,00%","100,00%","0,00%",MTT,"-0,89"
08/06/2026,171136,vainotrem,None,0,0,0, R$  -   ,,,,NLH,"2,91"
08/06/2026,172033,pix172033,None,"35,47","1,2",0," R$  36,67 ","96,73%","3,27%","0,00%",NLH,"-58,65"
08/06/2026,172404,PMJairoFilho,None,0,0,0, R$  -   ,,,,NLH,0
08/06/2026,172478,sir inga,None,0,0,0, R$  -   ,,,,NLH,"3,97"
08/06/2026,172719,MENINO ALL-IN,None,0,0,0, R$  -   ,,,,NLH,"0,6"
08/06/2026,173018,pix173018,None,0,0,0, R$  -   ,,,,NLH,0
08/06/2026,173019,pix173019,None,0,0,0, R$  -   ,,,,NLH,0
08/06/2026,173020,pix173020,None,0,"0,2",0," R$  0,20 ","0,00%","100,00%","0,00%",MTT,"-0,08"
08/06/2026,173125,SANTOS21,None,0,0,0, R$  -   ,,,,NLH,0
08/06/2026,173743,pix173743,None,0,0,0, R$  -   ,,,,NLH,0
08/06/2026,176145,TILTADOR,None,0,0,0, R$  -   ,,,,NLH,0
08/06/2026,177012,Como Tchê,None,0,0,0, R$  -   ,,,,NLH,0
08/06/2026,177013,Leiguinho,None,0,0,0, R$  -   ,,,,NLH,0
08/06/2026,177117,Cheque Reizé,None,0,0,0, R$  -   ,,,,NLH,0
08/06/2026,177922,É o Galo ?,None,0,0,0, R$  -   ,,,,NLH,0
08/06/2026,178556,Sajaum,None,0,0,0, R$  -   ,,,,NLH,0
08/06/2026,178559,Agnes Nunes,None,0,"0,1",0," R$  0,10 ","0,00%","100,00%","0,00%",MTT,"1,78"
08/06/2026,181643,jgpixbet,None,0,"0,1",0," R$  0,10 ","0,00%","100,00%","0,00%",MTT,"0,75"
08/06/2026,181970,3A5T0S,None,0,0,0, R$  -   ,,,,NLH,0
08/06/2026,183155,AQUI E SO ALL-IN,None,0,0,"1,14"," R$  1,14 ","0,00%","0,00%","100,00%",PLO6,"1,29"
08/06/2026,183499,pix183499,None,0,"0,2",0," R$  0,20 ","0,00%","100,00%","0,00%",MTT,"-0,67"
08/06/2026,183533,pix183533,None,"5,6",0,0," R$  5,60 ","100,00%","0,00%","0,00%",NLH,"-3,45"
08/06/2026,184773,Juazeiro-Ba,None,"3,26","0,1","3,79"," R$  7,15 ","45,59%","1,40%","53,01%",PLO6,"-1,26"
08/06/2026,184776,Kilau,None,0,0,0, R$  -   ,,,,NLH,0
08/06/2026,184778,petrolina-Pe,None,0,0,0, R$  -   ,,,,NLH,0
08/06/2026,184953,chiquinho,None,0,0,0, R$  -   ,,,,NLH,0
08/06/2026,185392,pix185392,None,0,0,0, R$  -   ,,,,NLH,0
08/06/2026,185697,levigbrl,None,0,0,0, R$  -   ,,,,NLH,0
08/06/2026,186329,gabrielmnds,None,0,"0,2",0," R$  0,20 ","0,00%","100,00%","0,00%",MTT,-2
08/06/2026,187871,pix187871,None,0,0,0, R$  -   ,,,,NLH,0
08/06/2026,188577,pix188577,None,"2,19","3,7",0," R$  5,89 ","37,18%","62,82%","0,00%",MTT,"0,2"
08/06/2026,189016,Cicinh0,None,0,0,0, R$  -   ,,,,NLH,0
08/06/2026,189357,Tiquinho,None,0,0,0, R$  -   ,,,,NLH,0
08/06/2026,190675,Don Lino?,None,0,"0,1",0," R$  0,10 ","0,00%","100,00%","0,00%",MTT,-1
08/06/2026,190818,lascado,None,0,0,0, R$  -   ,,,,NLH,"0,88"
08/06/2026,192079,Gleristontnt,None,"8,37",0,0," R$  8,37 ","100,00%","0,00%","0,00%",NLH,"-6,45"
08/06/2026,192127,EuSouChato??,None,0,0,0, R$  -   ,,,,NLH,0
08/06/2026,192767,Mobubuzu,None,0,0,0, R$  -   ,,,,NLH,0
08/06/2026,193580,ROLUD0,None,0,"0,1",0," R$  0,10 ","0,00%","100,00%","0,00%",MTT,"0,05"
08/06/2026,194366,Buhaiov,None,0,0,0, R$  -   ,,,,NLH,0
08/06/2026,194835,Gladiador2026,None,0,0,0, R$  -   ,,,,NLH,0
08/06/2026,194836,Ester2026,None,0,0,0, R$  -   ,,,,NLH,"1,27"
08/06/2026,194837,Gatuno,None,0,0,0, R$  -   ,,,,NLH,"1,27"
08/06/2026,195496,joao.gostosinho,None,0,0,0, R$  -   ,,,,NLH,0
08/06/2026,195543,lavx,None,0,0,0, R$  -   ,,,,NLH,"11,39"
08/06/2026,195608,vick444,None,0,"0,4",0," R$  0,40 ","0,00%","100,00%","0,00%",MTT,"-1,32"
08/06/2026,195668,FullHaxx,None,"0,25",0,0," R$  0,25 ","100,00%","0,00%","0,00%",NLH,"-3,49"
08/06/2026,195861,pix195861,None,0,0,0, R$  -   ,,,,NLH,0
08/06/2026,195872,pix195872,None,"0,01","0,1","7,4"," R$  7,51 ","0,13%","1,33%","98,54%",PLO6,"56,29"
08/06/2026,196023,lulinha 9,None,"0,26",0,0," R$  0,26 ","100,00%","0,00%","0,00%",NLH,"2,4"
08/06/2026,196026,pix196026,None,0,"0,2",0," R$  0,20 ","0,00%","100,00%","0,00%",MTT,"1,75"
08/06/2026,196027,pix196027,None,0,"0,3",0," R$  0,30 ","0,00%","100,00%","0,00%",MTT,"-1,21"
08/06/2026,196028,pix196028,None,0,"0,2",0," R$  0,20 ","0,00%","100,00%","0,00%",MTT,"-1,49"
08/06/2026,196029,pix196029,None,0,"0,1",0," R$  0,10 ","0,00%","100,00%","0,00%",MTT,"1,44"
08/06/2026,196030,pix196030,None,0,0,0, R$  -   ,,,,NLH,"2,31"
08/06/2026,196036,pix196036,None,"0,27","0,1",0," R$  0,37 ","72,97%","27,03%","0,00%",NLH,"-1,08"
08/06/2026,196150,mago AA,None,0,"4,7",0," R$  4,70 ","0,00%","100,00%","0,00%",MTT,"-46,49"
08/06/2026,196243,pix196243,None,0,0,0, R$  -   ,,,,NLH,0
08/06/2026,196246,pix196246,None,0,0,0, R$  -   ,,,,NLH,"0,77"
08/06/2026,196360,pix196360,None,0,0,0, R$  -   ,,,,NLH,0
08/06/2026,196450,pix196450,None,0,0,0, R$  -   ,,,,NLH,0
08/06/2026,195636,MatheusBorges061,None,"4,75","1,5","32,75"," R$  39,00 ","12,18%","3,85%","83,97%",PLO6,"-58,52"
08/06/2026,126566,AApatrao,None,0,"0,1",0," R$  0,10 ","0,00%","100,00%","0,00%",MTT,-1
08/06/2026,138571,orocha,None,0,"1,4",0," R$  1,40 ","0,00%","100,00%","0,00%",MTT,-14
08/06/2026,160409,erivandoido,None,0,"0,2","0,39"," R$  0,59 ","0,00%","33,90%","66,10%",PLO6,"-1,21"
08/06/2026,185013,Padrinho,None,0,"0,1",0," R$  0,10 ","0,00%","100,00%","0,00%",MTT,-1
08/06/2026,192476,pix192476,None,0,"0,3",0," R$  0,30 ","0,00%","100,00%","0,00%",MTT,-3
08/06/2026,192478,Edisane,None,0,"0,8",0," R$  0,80 ","0,00%","100,00%","0,00%",MTT,"19,83"
08/06/2026,195642,Diogo.D.J,None,"18,1",11,0," R$  29,10 ","62,20%","37,80%","0,00%",NLH,"-134,52"
08/06/2026,100154,pixbad,None,0,86,"13,3"," R$  99,30 ","0,00%","86,61%","13,39%",MTT,"832,72"
08/06/2026,156259,fernandoabc,None,0,8,0," R$  8,00 ","0,00%","100,00%","0,00%",MTT,"477,66"
08/06/2026,140920,Nunes06,None,"1,29","8,5",0," R$  9,79 ","13,18%","86,82%","0,00%",MTT,"-104,85"
08/06/2026,196418,pix196418,None,"4,79",0,"1,89"," R$  6,68 ","71,71%","0,00%","28,29%",NLH,-51
08/06/2026,183072,pix183072,None,0,0,"136,6"," R$  136,60 ","0,00%","0,00%","100,00%",PLO6,13
08/06/2026,196482,pix196482,None,"0,39",0,"25,13"," R$  25,52 ","1,53%","0,00%","98,47%",PLO6,-187
08/06/2026,132945,joaodaburra,None,"14,6","221,15","23,19"," R$  258,94 ","5,64%","85,41%","8,96%",MTT,"-878,26"
08/06/2026,145219,URYEL,None,0,"3,4",0," R$  3,40 ","0,00%","100,00%","0,00%",MTT,-34
08/06/2026,153834,SamucaMon,None,0,"3,9",0," R$  3,90 ","0,00%","100,00%","0,00%",MTT,"35,16"
08/06/2026,171217,xLordRandall,None,0,2,0," R$  2,00 ","0,00%","100,00%","0,00%",MTT,-20
08/06/2026,190913,p2p4kings,None,0,1,0," R$  1,00 ","0,00%","100,00%","0,00%",MTT,-10
08/06/2026,196332,Canedos,None,0,"77,5",0," R$  77,50 ","0,00%","100,00%","0,00%",MTT,"-558,08"
08/06/2026,196379,GSTAR2026,None,"5,81","23,1","0,29"," R$  29,20 ","19,90%","79,11%","0,99%",MTT,"-240,83"
08/06/2026,196434,gondolo,None,0,"1,5",0," R$  1,50 ","0,00%","100,00%","0,00%",MTT,-15
08/06/2026,180277,junin.,None,0,"0,5","9,52"," R$  10,02 ","0,00%","4,99%","95,01%",PLO6,-44
08/06/2026,196329,Pazu23,None,0,"151,5",0," R$  151,50 ","0,00%","100,00%","0,00%",MTT,"-143,63"
08/06/2026,195978,Ibarra_sb,None,0,210,"22,32"," R$  232,32 ","0,00%","90,39%","9,61%",MTT,"-2325,5"
08/06/2026,138062,ML1001,None,0,"9,2",0," R$  9,20 ","0,00%","100,00%","0,00%",MTT,"-52,88"
08/06/2026,152890,guilherm souto,None,"0,3",16,"2,26"," R$  18,56 ","1,62%","86,21%","12,18%",MTT,"-194,06"
08/06/2026,165380,Ghostface,None,0,"5,05",0," R$  5,05 ","0,00%","100,00%","0,00%",MTT,"-50,5"
08/06/2026,103133,Lainzine,None,0,0,0, R$  -   ,,,,NLH,0
08/06/2026,106660,osj261067,None,0,0,0, R$  -   ,,,,NLH,0
08/06/2026,115711,IR ???,None,0,0,0, R$  -   ,,,,NLH,0
08/06/2026,123677,Srshelby,None,0,0,0, R$  -   ,,,,NLH,0
08/06/2026,126206,meduza,None,0,0,0, R$  -   ,,,,NLH,0
08/06/2026,126226,torapreula,None,0,0,0, R$  -   ,,,,NLH,"1,29"
08/06/2026,126233,telasko,None,0,0,0, R$  -   ,,,,NLH,0
08/06/2026,135400,Mercia09,None,0,"0,3",0," R$  0,30 ","0,00%","100,00%","0,00%",MTT,-3
08/06/2026,143064,pawerrangersrosa,None,0,0,0, R$  -   ,,,,NLH,0
08/06/2026,143066,mulher gato,None,0,0,0, R$  -   ,,,,NLH,0
08/06/2026,145320,pix145320,None,0,0,0, R$  -   ,,,,NLH,0
08/06/2026,146295,pix146295,None,0,0,0, R$  -   ,,,,NLH,0
08/06/2026,147269,paracetamol,None,0,0,0, R$  -   ,,,,NLH,0
08/06/2026,149578,atrevido2,None,0,"0,1",0," R$  0,10 ","0,00%","100,00%","0,00%",MTT,"-0,23"
08/06/2026,155158,alexgreen,None,0,0,0, R$  -   ,,,,NLH,0
08/06/2026,155750,Jovem,None,0,0,0, R$  -   ,,,,NLH,"2,38"
08/06/2026,160013,pluh,None,0,"0,3",0," R$  0,30 ","0,00%","100,00%","0,00%",MTT,"-2,36"
08/06/2026,160408,pix160408,None,0,0,0, R$  -   ,,,,NLH,0
08/06/2026,163633,O_Ladrão,None,0,"0,1",0," R$  0,10 ","0,00%","100,00%","0,00%",MTT,-1
08/06/2026,165307,mulukulo,None,0,0,0, R$  -   ,,,,NLH,0
08/06/2026,166793,AA+JJ+36,None,0,"0,2",0," R$  0,20 ","0,00%","100,00%","0,00%",MTT,"-0,73"
08/06/2026,166985,Campeão,None,0,0,0, R$  -   ,,,,NLH,0
08/06/2026,167084,LeoLuine1,None,"0,58",0,0," R$  0,58 ","100,00%","0,00%","0,00%",NLH,"8,18"
08/06/2026,167219,cykmi,None,0,0,0, R$  -   ,,,,NLH,0
08/06/2026,167268,LeoLuine2,None,0,0,0, R$  -   ,,,,NLH,0
08/06/2026,171876,pedro123321,None,0,0,0, R$  -   ,,,,NLH,0
08/06/2026,173106,pix173106,None,0,0,0, R$  -   ,,,,NLH,0
08/06/2026,176462,markin valde,None,0,0,0, R$  -   ,,,,NLH,"0,73"
08/06/2026,177691,pix177691,None,0,0,0, R$  -   ,,,,NLH,0
08/06/2026,185699,petrolina,None,0,0,0, R$  -   ,,,,NLH,0
08/06/2026,185701,gato a jato,None,0,0,0, R$  -   ,,,,NLH,0
08/06/2026,185810,Silvio,None,0,0,0, R$  -   ,,,,NLH,0
08/06/2026,187062,chacal$74,None,0,0,0, R$  -   ,,,,NLH,0
08/06/2026,187469,visaodecego,None,0,0,0, R$  -   ,,,,NLH,0
08/06/2026,188357,Rosane,None,0,0,0, R$  -   ,,,,NLH,0
08/06/2026,188990,Jacke,None,0,0,0, R$  -   ,,,,NLH,0
08/06/2026,189539,pix189539,None,0,"0,2",0," R$  0,20 ","0,00%","100,00%","0,00%",MTT,"-0,95"
08/06/2026,190633,pix190633,None,0,0,0, R$  -   ,,,,NLH,0
08/06/2026,191492,charles Thierry,None,0,0,0, R$  -   ,,,,NLH,0
08/06/2026,192582,RafaelMR,None,0,0,0, R$  -   ,,,,NLH,"2,19"
08/06/2026,192772,pix192772,None,0,0,0, R$  -   ,,,,NLH,0
08/06/2026,193022,pix193022,None,0,0,0, R$  -   ,,,,NLH,0
08/06/2026,193239,hopee_poker,None,0,0,0, R$  -   ,,,,NLH,"0,51"
08/06/2026,193282,pix193282,None,0,0,0, R$  -   ,,,,NLH,0
08/06/2026,193564,Alison pires,None,0,"0,2",0," R$  0,20 ","0,00%","100,00%","0,00%",MTT,"4,72"
08/06/2026,193634,pix193634,None,0,0,0, R$  -   ,,,,NLH,0
08/06/2026,193740,pix193740,None,0,"0,2",0," R$  0,20 ","0,00%","100,00%","0,00%",MTT,-2
08/06/2026,194860,FlushFlower,None,0,0,0, R$  -   ,,,,NLH,"15,47"
08/06/2026,195080,cassiov7,None,"2,24",0,0," R$  2,24 ","100,00%","0,00%","0,00%",NLH,"-19,44"
08/06/2026,195537,pix195537,None,0,0,0, R$  -   ,,,,NLH,0
08/06/2026,195591,djenos,None,0,"0,1",0," R$  0,10 ","0,00%","100,00%","0,00%",MTT,"-0,12"
08/06/2026,195620,vertmont,None,0,0,0, R$  -   ,,,,NLH,"1,27"
08/06/2026,195988,pix195988,None,0,0,0, R$  -   ,,,,NLH,0
08/06/2026,196103,amado Batista,None,"0,2",0,0," R$  0,20 ","100,00%","0,00%","0,00%",NLH,"-2,61"
08/06/2026,196104,Gaúcho,None,0,0,0, R$  -   ,,,,NLH,"0,88"
08/06/2026,196105,Sem futuro,None,0,0,0, R$  -   ,,,,NLH,0
08/06/2026,196106,Bob esp0nja,None,0,0,0, R$  -   ,,,,NLH,"1,33"
08/06/2026,196107,Chico pezão,None,0,0,0, R$  -   ,,,,NLH,0
08/06/2026,196108,pix196108,None,0,0,0, R$  -   ,,,,NLH,0
08/06/2026,196109,pix196109,None,0,"0,1",0," R$  0,10 ","0,00%","100,00%","0,00%",MTT,"0,08"
08/06/2026,196110,pix196110,None,"0,19",0,0," R$  0,19 ","100,00%","0,00%","0,00%",NLH,0
08/06/2026,196111,pix196111,None,0,0,0, R$  -   ,,,,NLH,"0,75"
08/06/2026,196112,pix196112,None,0,0,0, R$  -   ,,,,NLH,"0,64"
08/06/2026,196466,pix196466,None,0,0,0, R$  -   ,,,,NLH,0
08/06/2026,152009,NsMM,None,"2,47",0,"0,94"," R$  3,41 ","72,43%","0,00%","27,57%",NLH,"20,39"
08/06/2026,173171,WMK,None,"26,27",11,0," R$  37,27 ","70,49%","29,51%","0,00%",NLH,"95,84"
08/06/2026,196421,Emerson 24,None,"33,82",0,0," R$  33,82 ","100,00%","0,00%","0,00%",NLH,-220
08/06/2026,158020,pix158020,None,"8,89",0,"15,19"," R$  24,08 ","36,92%","0,00%","63,08%",PLO6,"-41,85"
08/06/2026,183156,Leoncio,None,0,0,"1,77"," R$  1,77 ","0,00%","0,00%","100,00%",PLO6,"-2,31"
08/06/2026,195927,pix195927,None,0,0,"11,58"," R$  11,58 ","0,00%","0,00%","100,00%",PLO6,"56,36"
08/06/2026,196446,pix196446,None,"2,57",0,"11,69"," R$  14,26 ","18,02%","0,00%","81,98%",PLO6,-91
08/06/2026,162578,Ediel,None,"0,48",0,0," R$  0,48 ","100,00%","0,00%","0,00%",NLH,"-6,43"
08/06/2026,196448,araujorj,None,"0,12","81,01",0," R$  81,13 ","0,15%","99,85%","0,00%",MTT,"963,3"
08/06/2026,101709,pix101709,None,0,0,0, R$  -   ,,,,NLH,0
08/06/2026,138629,baianinhodemaua_,None,0,0,0, R$  -   ,,,,NLH,0
08/06/2026,153713,noia.38off,None,0,0,0, R$  -   ,,,,NLH,0
08/06/2026,159745,pix159745,None,0,"0,3",0," R$  0,30 ","0,00%","100,00%","0,00%",MTT,-3
08/06/2026,165742,dedinhacatia,None,0,0,0, R$  -   ,,,,NLH,0
08/06/2026,167737,vinijr7,None,0,0,0, R$  -   ,,,,NLH,0
08/06/2026,170202,realmadrid,None,0,"0,1",0," R$  0,10 ","0,00%","100,00%","0,00%",MTT,-1
08/06/2026,172246,pochoko,None,0,0,0, R$  -   ,,,,NLH,"1,29"
08/06/2026,172407,CanindeCearaBrasil,None,0,"0,1","1,79"," R$  1,89 ","0,00%","5,29%","94,71%",PLO6,"-1,09"
08/06/2026,174311,PETECABAR,None,0,"0,1",0," R$  0,10 ","0,00%","100,00%","0,00%",MTT,-1
08/06/2026,177983,Aelton,None,0,0,0, R$  -   ,,,,NLH,0
08/06/2026,183149,CABELUDOBAR,None,0,0,0, R$  -   ,,,,NLH,0
08/06/2026,183154,EsperoQueVcsMorram,None,0,0,"0,97"," R$  0,97 ","0,00%","0,00%","100,00%",PLO6,"-1,2"
08/06/2026,188015,pix188015,None,0,0,0, R$  -   ,,,,NLH,0
08/06/2026,194706,jojodemel,None,0,0,0, R$  -   ,,,,NLH,"1,24"
08/06/2026,194772,pix194772,None,0,0,0, R$  -   ,,,,NLH,0
08/06/2026,103074,L4UR1,None,0,0,"378,57"," R$  378,57 ","0,00%","0,00%","100,00%",PLO6,"-800,28"
08/06/2026,109677,rafaelsanntos,None,0,"0,8","1239,69"," R$  1.240,49 ","0,00%","0,06%","99,94%",PLO6,"-600,82"
08/06/2026,180455,gabrielle,None,0,6,"5,47"," R$  11,47 ","0,00%","52,31%","47,69%",MTT,"-127,97"
08/06/2026,184129,FurosLanches,None,0,25,"315,32"," R$  340,32 ","0,00%","7,35%","92,65%",PLO6,"-294,83"
08/06/2026,194973,wolf777,None,0,0,"246,18"," R$  246,18 ","0,00%","0,00%","100,00%",PLO6,"1300,66"
08/06/2026,195836,Soyfish10,None,"12,65",2,"6,59"," R$  21,24 ","59,56%","9,42%","31,03%",NLH,-210
08/06/2026,118141,mozo,None,21,0,0," R$  21,00 ","100,00%","0,00%","0,00%",NLH,"18,9"
08/06/2026,123911,IAGODT,None,0,0,0, R$  -   ,,,,NLH,"-0,21"
08/06/2026,157576,DIEGO10K,None,"7,87","11,6",0," R$  19,47 ","40,42%","59,58%","0,00%",MTT,"-130,14"
08/06/2026,158723,antoniocarlos48,None,"0,49",0,0," R$  0,49 ","100,00%","0,00%","0,00%",NLH,"-1,45"
08/06/2026,186107,Biriba1000,None,"1,19",0,0," R$  1,19 ","100,00%","0,00%","0,00%",NLH,-10
08/06/2026,187868,baubau,None,"5,35",0,0," R$  5,35 ","100,00%","0,00%","0,00%",NLH,-16
08/06/2026,190929,pix190929,None,"1,79","1,1","0,66"," R$  3,55 ","50,42%","30,99%","18,59%",NLH,"0,55"
08/06/2026,191420,bolao,None,3,0,0," R$  3,00 ","100,00%","0,00%","0,00%",NLH,"-28,49"
08/06/2026,193289,NaN_,None,"8,19",0,"222,25"," R$  230,44 ","3,55%","0,00%","96,45%",PLO6,63
08/06/2026,195528,pix195528,None,"10,66",0,"66,2"," R$  76,86 ","13,87%","0,00%","86,13%",PLO6,-63
08/06/2026,196296,pix196296,None,"60,24",0,0," R$  60,24 ","100,00%","0,00%","0,00%",NLH,-251
08/06/2026,104290,DEMALLE,None,0,0,"2,9"," R$  2,90 ","0,00%","0,00%","100,00%",PLO6,"-41,31"
08/06/2026,159848,DMAK,None,0,1,"0,79"," R$  1,79 ","0,00%","55,87%","44,13%",MTT,-30
08/06/2026,189674,pix189674,None,"51,64","10,4","0,98"," R$  63,02 ","81,94%","16,50%","1,56%",NLH,"-95,67"
08/06/2026,130458,pix130458,None,"27,05",0,0," R$  27,05 ","100,00%","0,00%","0,00%",NLH,"-127,3"
08/06/2026,196168,Ruin de quita,None,"15,63",0,"1,94"," R$  17,57 ","88,96%","0,00%","11,04%",NLH,"-74,56"
08/06/2026,114030,DR ALVINO7.x,None,0,0,"151,08"," R$  151,08 ","0,00%","0,00%","100,00%",PLO6,-1570
08/06/2026,156935,pix156935,None,0,0,"206,52"," R$  206,52 ","0,00%","0,00%","100,00%",PLO6,"-148,25"
08/06/2026,189814,pix189814,None,0,0,"21,95"," R$  21,95 ","0,00%","0,00%","100,00%",PLO6,-188
08/06/2026,149251,Tití,None,"7,65",0,0," R$  7,65 ","100,00%","0,00%","0,00%",NLH,"-65,29"
08/06/2026,196464,singxp,None,"38,94",0,0," R$  38,94 ","100,00%","0,00%","0,00%",NLH,40
08/06/2026,121022,acabafarra,None,"6,07",0,0," R$  6,07 ","100,00%","0,00%","0,00%",NLH,"-2,84"
08/06/2026,167656,Bigodinhopoker,None,"0,4",0,0," R$  0,40 ","100,00%","0,00%","0,00%",NLH,"10,74"
08/06/2026,172817,pix172817,None,"0,37",0,0," R$  0,37 ","100,00%","0,00%","0,00%",NLH,-5
08/06/2026,175793,beiço,None,"3,62",0,0," R$  3,62 ","100,00%","0,00%","0,00%",NLH,"-23,73"
08/06/2026,175847,JoãodeQuinca,None,0,"0,8",0," R$  0,80 ","0,00%","100,00%","0,00%",MTT,"0,46"
08/06/2026,196257,SpArtAno,None,0,"10,9","31,45"," R$  42,35 ","0,00%","25,74%","74,26%",PLO6,"2,42"
08/06/2026,146820,pix146820,None,"2,96","2,6",0," R$  5,56 ","53,24%","46,76%","0,00%",NLH,-51
08/06/2026,171808,pix171808,None,"10,43",0,0," R$  10,43 ","100,00%","0,00%","0,00%",NLH,-100
08/06/2026,112286,Luciboy,None,0,0,0, R$  -   ,,,,NLH,0
08/06/2026,117406,Guimarães,None,0,0,0, R$  -   ,,,,NLH,0
08/06/2026,124840,Figueiredo,None,0,0,0, R$  -   ,,,,NLH,0
08/06/2026,143861,KAROÁ,None,0,0,0, R$  -   ,,,,NLH,"0,64"
08/06/2026,148154,rafagm2005,None,0,0,0, R$  -   ,,,,NLH,0
08/06/2026,152922,ﾠﾠ,None,0,0,0, R$  -   ,,,,NLH,0
08/06/2026,153573,dbart,None,0,15,0," R$  15,00 ","0,00%","100,00%","0,00%",MTT,-150
08/06/2026,159023,LbdotremBala,None,0,0,0, R$  -   ,,,,NLH,0
08/06/2026,161737,ABSOLUT,None,0,"0,5",0," R$  0,50 ","0,00%","100,00%","0,00%",MTT,"-3,89"
08/06/2026,166767,calleri?,None,0,0,0, R$  -   ,,,,NLH,0
08/06/2026,170216,tia naia,None,0,0,0, R$  -   ,,,,NLH,"1,33"
08/06/2026,170218,chicoo,None,0,0,0, R$  -   ,,,,NLH,0
08/06/2026,171451,Pigmeupoker,None,"0,65",0,0," R$  0,65 ","100,00%","0,00%","0,00%",NLH,-5
08/06/2026,176151,nabira,None,0,0,0, R$  -   ,,,,NLH,0
08/06/2026,176746,Mark Ivey,None,0,0,0, R$  -   ,,,,NLH,0
08/06/2026,176798,JanildodoAA,None,0,0,0, R$  -   ,,,,NLH,0
08/06/2026,177177,pix177177,None,0,0,0, R$  -   ,,,,NLH,"0,93"
08/06/2026,178557,Grazi Mourão ?,None,0,0,0, R$  -   ,,,,NLH,0
08/06/2026,183517,vinimb69,None,0,0,0, R$  -   ,,,,NLH,"0,77"
08/06/2026,188969,Gylly CWB,None,0,"0,1",0," R$  0,10 ","0,00%","100,00%","0,00%",MTT,-1
08/06/2026,189912,Lukeides,None,0,0,0, R$  -   ,,,,NLH,0
08/06/2026,193012,pix193012,None,0,"0,1",0," R$  0,10 ","0,00%","100,00%","0,00%",MTT,-1
08/06/2026,196340,pix196340,None,0,2,0," R$  2,00 ","0,00%","100,00%","0,00%",MTT,-20
08/06/2026,188908,pix188908,None,0,0,"5,29"," R$  5,29 ","0,00%","0,00%","100,00%",PLO6,-25
08/06/2026,107482,igor de mael,None,0,0,"19,61"," R$  19,61 ","0,00%","0,00%","100,00%",PLO6,-100
08/06/2026,168077,Sarkozy77,None,0,18,0," R$  18,00 ","0,00%","100,00%","0,00%",MTT,-180
08/06/2026,115715,malvadao96,None,0,32,0," R$  32,00 ","0,00%","100,00%","0,00%",MTT,-290
08/06/2026,167042,pix167042,None,0,"31,6",0," R$  31,60 ","0,00%","100,00%","0,00%",MTT,-316
08/06/2026,192933,Motoqueirinho,None,"1,21",82,0," R$  83,21 ","1,45%","98,55%","0,00%",MTT,"758,03"
08/06/2026,196490,tomate_01,None,"2,04","5,6","224,19"," R$  231,83 ","0,88%","2,42%","96,70%",PLO6,-1130
08/06/2026,196380,pix196380,None,"97,86","47,25","491,63"," R$  636,74 ","15,37%","7,42%","77,21%",PLO6,"-651,72"
08/06/2026,129753,FabioAlpha,None,0,"7,4",0," R$  7,40 ","0,00%","100,00%","0,00%",MTT,-74
08/06/2026,157010,JorgeSousa,None,"27,85","31,8","4,37"," R$  64,02 ","43,50%","49,67%","6,83%",MTT,"-199,29"
08/06/2026,119258,Lemos,None,0,"2,5","1,9"," R$  4,40 ","0,00%","56,82%","43,18%",MTT,-42
08/06/2026,127071,pix127071,None,0,0,"30,19"," R$  30,19 ","0,00%","0,00%","100,00%",PLO6,-80
08/06/2026,154364,TAV19,None,0,14,0," R$  14,00 ","0,00%","100,00%","0,00%",MTT,"-56,51"
08/06/2026,114522,GuerraPqd,None,0,0,0, R$  -   ,,,,NLH,0
08/06/2026,134373,fio bao,None,0,"0,6",0," R$  0,60 ","0,00%","100,00%","0,00%",MTT,"-3,06"
08/06/2026,143211,pix143211,None,0,0,0, R$  -   ,,,,NLH,0
08/06/2026,144081,Wender ws,None,0,0,0, R$  -   ,,,,NLH,0
08/06/2026,146781,BabyShark54,None,"0,41","0,3","0,71"," R$  1,42 ","28,87%","21,13%","50,00%",PLO6,"-10,8"
08/06/2026,147344,diogo070809,None,0,0,0, R$  -   ,,,,NLH,0
08/06/2026,152582,Leoluine,None,0,0,0, R$  -   ,,,,NLH,0
08/06/2026,156380,Goku Lombrado,None,0,0,0, R$  -   ,,,,NLH,0
08/06/2026,158991,Frodo Baggins,None,0,0,0, R$  -   ,,,,NLH,"0,51"
08/06/2026,162065,pix162065,None,0,0,0, R$  -   ,,,,NLH,0
08/06/2026,162067,pix162067,None,0,0,0, R$  -   ,,,,NLH,0
08/06/2026,166613,pix166613,None,0,0,0, R$  -   ,,,,NLH,0
08/06/2026,166808,vip 166808,None,0,"0,1",0," R$  0,10 ","0,00%","100,00%","0,00%",MTT,"0,6"
08/06/2026,169778,pix169778,None,0,0,0, R$  -   ,,,,NLH,0
08/06/2026,170343,JJ-metal,None,0,0,0, R$  -   ,,,,NLH,"0,73"
08/06/2026,171387,pix171387,None,0,0,0, R$  -   ,,,,NLH,0
08/06/2026,171388,pix171388,None,0,0,0, R$  -   ,,,,NLH,"1,52"
08/06/2026,173809,pix173809,None,0,0,0, R$  -   ,,,,NLH,0
08/06/2026,175460,pix175460,None,0,"0,4","0,26"," R$  0,66 ","0,00%","60,61%","39,39%",MTT,"0,38"
08/06/2026,176200,pix176200,None,0,0,0, R$  -   ,,,,NLH,0
08/06/2026,176220,pix176220,None,0,0,0, R$  -   ,,,,NLH,0
08/06/2026,177176,pix177176,None,0,0,0, R$  -   ,,,,NLH,0
08/06/2026,177257,solovis,None,0,0,0, R$  -   ,,,,NLH,"0,51"
08/06/2026,178690,Synergye,None,0,0,0, R$  -   ,,,,NLH,"0,61"
08/06/2026,179417,pix179417,None,0,0,0, R$  -   ,,,,NLH,0
08/06/2026,180375,LCS13BR,None,0,0,0, R$  -   ,,,,NLH,"1,11"
08/06/2026,182466,pix182466,None,0,0,0, R$  -   ,,,,NLH,0
08/06/2026,183527,pix183527,None,0,0,0, R$  -   ,,,,NLH,0
08/06/2026,185920,pix185920,None,0,0,0, R$  -   ,,,,NLH,0
08/06/2026,190514,pix190514,None,0,0,0, R$  -   ,,,,NLH,0
08/06/2026,190568,pix190568,None,0,0,0, R$  -   ,,,,NLH,0
08/06/2026,190573,pix190573,None,0,0,0, R$  -   ,,,,NLH,0
08/06/2026,190710,pix190710,None,0,"0,2",0," R$  0,20 ","0,00%","100,00%","0,00%",MTT,-2
08/06/2026,190884,bezzera11,None,0,"0,5",0," R$  0,50 ","0,00%","100,00%","0,00%",MTT,"0,79"
08/06/2026,190902,pix190902,None,0,0,0, R$  -   ,,,,NLH,0
08/06/2026,190903,pix190903,None,0,0,0, R$  -   ,,,,NLH,0
08/06/2026,190974,pix190974,None,0,0,0, R$  -   ,,,,NLH,0
08/06/2026,190987,pix190987,None,"1,78","0,1",0," R$  1,88 ","94,68%","5,32%","0,00%",NLH,"-0,88"
08/06/2026,191307,EHMM,None,0,"1,2",0," R$  1,20 ","0,00%","100,00%","0,00%",MTT,"-9,42"
08/06/2026,193014,JJBONITA,None,0,0,0, R$  -   ,,,,NLH,0
08/06/2026,193283,pix193283,None,0,0,0, R$  -   ,,,,NLH,0
08/06/2026,193606,pix193606,None,"9,12",0,"0,28"," R$  9,40 ","97,02%","0,00%","2,98%",NLH,"-0,31"
08/06/2026,194198,duplo malte,None,0,0,0, R$  -   ,,,,NLH,0
08/06/2026,194369,Sam9527,None,0,0,0, R$  -   ,,,,NLH,0
08/06/2026,194695,pix194695,None,0,0,0, R$  -   ,,,,NLH,0
08/06/2026,195523,Ramonzito,None,"3,28",0,0," R$  3,28 ","100,00%","0,00%","0,00%",NLH,-32
08/06/2026,195660,Matias44,None,0,"1,5",0," R$  1,50 ","0,00%","100,00%","0,00%",MTT,-15
08/06/2026,195901,Fabricio sakis,None,0,0,0, R$  -   ,,,,NLH,0
08/06/2026,195902,pix195902,None,0,0,0, R$  -   ,,,,NLH,0
08/06/2026,195904,fabricio silva,None,0,0,0, R$  -   ,,,,NLH,"0,51"
08/06/2026,196037,pix196037,None,0,0,0, R$  -   ,,,,NLH,0
08/06/2026,196219,pix196219,None,0,0,0, R$  -   ,,,,NLH,0
08/06/2026,196220,pix196220,None,0,0,0, R$  -   ,,,,NLH,0
08/06/2026,196236,AlphaJG007,None,0,0,0, R$  -   ,,,,NLH,0
08/06/2026,196300,pix196300,None,"12,91",0,0," R$  12,91 ","100,00%","0,00%","0,00%",NLH,-50
08/06/2026,196244,pix196244,None,0,0,"26,41"," R$  26,41 ","0,00%","0,00%","100,00%",PLO6,-100
08/06/2026,108574,Nery,None,"4,01",0,"6,99"," R$  11,00 ","36,45%","0,00%","63,55%",PLO6,"-27,44"
08/06/2026,146829,Adauto,None,"3,36",0,0," R$  3,36 ","100,00%","0,00%","0,00%",NLH,"-12,95"
08/06/2026,172725,TaxaDoEuSeiRocha,None,"4,89",0,0," R$  4,89 ","100,00%","0,00%","0,00%",NLH,"10,44"
08/06/2026,194610,pix194610,None,"1,52",0,0," R$  1,52 ","100,00%","0,00%","0,00%",NLH,"5,37"
08/06/2026,195072,PKzynn,None,"2,75",0,0," R$  2,75 ","100,00%","0,00%","0,00%",NLH,"-14,23"
08/06/2026,195578,gessica,None,"3,64",0,0," R$  3,64 ","100,00%","0,00%","0,00%",NLH,-20
08/06/2026,196476,stribalityhd,None,"0,02",0,"0,79"," R$  0,81 ","2,47%","0,00%","97,53%",PLO6,"-8,42"
08/06/2026,113682,pix113682,None,0,0,0, R$  -   ,,,,NLH,0
08/06/2026,122747,pix122747,None,0,0,0, R$  -   ,,,,NLH,0
08/06/2026,146266,pix146266,None,0,0,0, R$  -   ,,,,NLH,0
08/06/2026,150541,MaldsNeto,None,0,0,0, R$  -   ,,,,NLH,"1,08"
08/06/2026,171644,kell,None,0,0,0, R$  -   ,,,,NLH,0
08/06/2026,171818,Kauansv244,None,0,0,0, R$  -   ,,,,NLH,0
08/06/2026,171829,kauan244,None,0,0,0, R$  -   ,,,,NLH,0
08/06/2026,174860,Sheika,None,0,0,0, R$  -   ,,,,NLH,0
08/06/2026,180674,Lumesmo ?,None,0,0,0, R$  -   ,,,,NLH,0
08/06/2026,182861,Nikolau ?,None,0,0,0, R$  -   ,,,,NLH,0
08/06/2026,187177,Vovô Tarado,None,0,0,0, R$  -   ,,,,NLH,0
08/06/2026,188795,pix188795,None,0,0,0, R$  -   ,,,,NLH,0
08/06/2026,193451,IlhaPoker,None,0,0,0, R$  -   ,,,,NLH,"4,35"
08/06/2026,193532,pix193532,None,0,0,0, R$  -   ,,,,NLH,0
08/06/2026,196078,pix196078,None,0,0,0, R$  -   ,,,,NLH,0
08/06/2026,196079,pix196079,None,0,0,0, R$  -   ,,,,NLH,0
08/06/2026,196144,pix196144,None,0,0,0, R$  -   ,,,,NLH,0
08/06/2026,103152,clerton silva,None,"0,03",0,"4,88"," R$  4,91 ","0,61%","0,00%","99,39%",PLO6,-50
08/06/2026,106982,jeansley,None,0,1,"63,04"," R$  64,04 ","0,00%","1,56%","98,44%",PLO6,-500
08/06/2026,174153,ROYALE POKER AG,None,0,0,"21,63"," R$  21,63 ","0,00%","0,00%","100,00%",PLO6,"33,51"
08/06/2026,196178,policiaBOPE,None,0,0,"70,22"," R$  70,22 ","0,00%","0,00%","100,00%",PLO6,"-103,23"
08/06/2026,196532,pix196532,None,"2,32",0,"52,74"," R$  55,06 ","4,21%","0,00%","95,79%",PLO6,-81
08/06/2026,195162,pix195162,None,"23,17",0,"5,52"," R$  28,69 ","80,76%","0,00%","19,24%",NLH,-180
08/06/2026,195961,freco1928,None,"26,23",0,"602,46"," R$  628,69 ","4,17%","0,00%","95,83%",PLO6,222
08/06/2026,164085,DrawingDead,None,0,0,"0,91"," R$  0,91 ","0,00%","0,00%","100,00%",PLO6,0
08/06/2026,151070,Braga_0_0__?,None,"0,14",0,"0,41"," R$  0,55 ","25,45%","0,00%","74,55%",PLO6,"-4,4"
08/06/2026,196199,codorna al,None,"0,42",0,"1,59"," R$  2,01 ","20,90%","0,00%","79,10%",PLO6,-40
08/06/2026,101803,Manoel Gomes,None,0,10,0," R$  10,00 ","0,00%","100,00%","0,00%",MTT,-40
08/06/2026,113006,lilaoartestattoo,None,0,0,0, R$  -   ,,,,NLH,0
08/06/2026,121844,Golbet,None,0,0,0, R$  -   ,,,,NLH,0
08/06/2026,133054,RamonRTG,None,0,"0,1",0," R$  0,10 ","0,00%","100,00%","0,00%",MTT,-1
08/06/2026,135895,yanpaiva,None,0,0,0, R$  -   ,,,,NLH,0
08/06/2026,141583,pix141583,None,0,0,0, R$  -   ,,,,NLH,0
08/06/2026,150638,Wanessa CAM,None,0,0,0, R$  -   ,,,,NLH,0
08/06/2026,158189,moblef,None,0,"0,1",0," R$  0,10 ","0,00%","100,00%","0,00%",MTT,"0,11"
08/06/2026,164386,pix164386,None,0,0,0, R$  -   ,,,,NLH,0
08/06/2026,166677,pix166677,None,0,0,0, R$  -   ,,,,NLH,0
08/06/2026,171656,wallisson,None,0,0,0, R$  -   ,,,,NLH,0
08/06/2026,172648,Badpix69,None,0,0,0, R$  -   ,,,,NLH,0
08/06/2026,189281,pix189281,None,0,0,0, R$  -   ,,,,NLH,0
08/06/2026,193695,pix193695,None,0,0,0, R$  -   ,,,,NLH,0
08/06/2026,196306,pix196306,None,0,0,0, R$  -   ,,,,NLH,0
08/06/2026,141834,belezasemmedo,None,"16,24",0,0," R$  16,24 ","100,00%","0,00%","0,00%",NLH,-50
08/06/2026,183246,detona pato,None,0,"0,1",0," R$  0,10 ","0,00%","100,00%","0,00%",MTT,-1
08/06/2026,102474,Nisha,None,"0,75",0,0," R$  0,75 ","100,00%","0,00%","0,00%",NLH,"-10,39"
08/06/2026,171991,pix171991,None,"2,07",0,0," R$  2,07 ","100,00%","0,00%","0,00%",NLH,-24
08/06/2026,196284,cesa,None,"0,34",0,0," R$  0,34 ","100,00%","0,00%","0,00%",NLH,-5
08/06/2026,143636,wanfernandes,None,0,10,0," R$  10,00 ","0,00%","100,00%","0,00%",MTT,-85
08/06/2026,144449,LeodaBad,None,0,10,0," R$  10,00 ","0,00%","100,00%","0,00%",MTT,"-2,5"
08/06/2026,154087,123?,None,0,10,0," R$  10,00 ","0,00%","100,00%","0,00%",MTT,-85
08/06/2026,156452,pix156452,None,0,10,0," R$  10,00 ","0,00%","100,00%","0,00%",MTT,-100
08/06/2026,196503,pix196503,None,0,10,0," R$  10,00 ","0,00%","100,00%","0,00%",MTT,-100
08/06/2026,196504,pix196504,None,0,50,0," R$  50,00 ","0,00%","100,00%","0,00%",MTT,-500
08/06/2026,196509,pix196509,None,0,10,0," R$  10,00 ","0,00%","100,00%","0,00%",MTT,-100
08/06/2026,196522,pix196522,None,0,10,0," R$  10,00 ","0,00%","100,00%","0,00%",MTT,-100
08/06/2026,196523,pix196523,None,0,10,0," R$  10,00 ","0,00%","100,00%","0,00%",MTT,-100
08/06/2026,196525,unclepaul,None,0,10,0," R$  10,00 ","0,00%","100,00%","0,00%",MTT,-100
08/06/2026,196526,pix196526,None,0,10,0," R$  10,00 ","0,00%","100,00%","0,00%",MTT,-100
08/06/2026,196527,pix196527,None,0,10,0," R$  10,00 ","0,00%","100,00%","0,00%",MTT,-100
08/06/2026,196528,BAC???,None,0,10,0," R$  10,00 ","0,00%","100,00%","0,00%",MTT,-10
08/06/2026,196531,pix196531,None,0,10,0," R$  10,00 ","0,00%","100,00%","0,00%",MTT,-100
08/06/2026,196534,Thaly.Matos,None,0,10,0," R$  10,00 ","0,00%","100,00%","0,00%",MTT,-100
08/06/2026,196536,pix196536,None,0,10,0," R$  10,00 ","0,00%","100,00%","0,00%",MTT,-100
08/06/2026,123490,largatixa,None,0,"0,1",0," R$  0,10 ","0,00%","100,00%","0,00%",MTT,-1
08/06/2026,124306,punicaoalimpers,None,0,"0,1",0," R$  0,10 ","0,00%","100,00%","0,00%",MTT,-1
08/06/2026,124401,killthemall,None,0,"0,1",0," R$  0,10 ","0,00%","100,00%","0,00%",MTT,-1
08/06/2026,124409,camisa7,None,0,"0,1",0," R$  0,10 ","0,00%","100,00%","0,00%",MTT,-1
08/06/2026,124413,catrupe,None,0,"0,1",0," R$  0,10 ","0,00%","100,00%","0,00%",MTT,-1
08/06/2026,124444,jubileu333,None,0,"0,1",0," R$  0,10 ","0,00%","100,00%","0,00%",MTT,-1
08/06/2026,124630,fungonaunha,None,0,"0,1",0," R$  0,10 ","0,00%","100,00%","0,00%",MTT,-1
08/06/2026,124634,filmetriste,None,0,"0,1",0," R$  0,10 ","0,00%","100,00%","0,00%",MTT,-1
08/06/2026,196160,negobiduba3,None,0,"0,5",0," R$  0,50 ","0,00%","100,00%","0,00%",MTT,-5
08/06/2026,193218,box405,None,0,0,"3,17"," R$  3,17 ","0,00%","0,00%","100,00%",PLO6,-32
08/06/2026,196521,pix196521,None,"1,76",0,0," R$  1,76 ","100,00%","0,00%","0,00%",NLH,-24
08/06/2026,173257,Sertaooooo,None,0,30,0," R$  30,00 ","0,00%","100,00%","0,00%",MTT,"681,14"
08/06/2026,154150,pix154150,None,"2,24",0,0," R$  2,24 ","100,00%","0,00%","0,00%",NLH,-30
08/06/2026,162932,pix162932,None,"0,04",0,0," R$  0,04 ","100,00%","0,00%","0,00%",NLH,"-1,24"
08/06/2026,188016,pix188016,None,"317,18","36,41","2,01"," R$  355,60 ","89,20%","10,24%","0,57%",NLH,"135,86"
08/06/2026,195940,pix195940,None,"7,2",0,0," R$  7,20 ","100,00%","0,00%","0,00%",NLH,-65
08/06/2026,106460,caricatura02,None,0,0,0, R$  -   ,,,,NLH,0
08/06/2026,148290,pix148290,None,0,0,0, R$  -   ,,,,NLH,0
08/06/2026,152449,VictorGg,None,0,0,0, R$  -   ,,,,NLH,0
08/06/2026,154231,77tattoo,None,0,0,0, R$  -   ,,,,NLH,0
08/06/2026,160926,pix160926,None,0,0,0, R$  -   ,,,,NLH,0
08/06/2026,162828,skiterzk,None,0,0,0, R$  -   ,,,,NLH,0
08/06/2026,172043,GuiAL,None,0,0,0, R$  -   ,,,,NLH,0
08/06/2026,174434,pix174434,None,0,0,0, R$  -   ,,,,NLH,0
08/06/2026,176219,pix176219,None,0,0,0, R$  -   ,,,,NLH,"2,82"
08/06/2026,177450,pix177450,None,0,0,0, R$  -   ,,,,NLH,"0,51"
08/06/2026,188897,pix188897,None,0,0,0, R$  -   ,,,,NLH,0
08/06/2026,190234,pix190234,None,0,0,0, R$  -   ,,,,NLH,0
08/06/2026,195607,pix195607,None,0,0,0, R$  -   ,,,,NLH,0
08/06/2026,196067,mattdi,None,"3,78","0,2",0," R$  3,98 ","94,97%","5,03%","0,00%",NLH,"-4,95"
08/06/2026,187224,pix187224,None,0,0,"4,59"," R$  4,59 ","0,00%","0,00%","100,00%",PLO6,-50
08/06/2026,113112,mayco Lima,None,0,"0,4","115,01"," R$  115,41 ","0,00%","0,35%","99,65%",PLO6,"-701,17"
08/06/2026,118827,Uilian,None,0,0,0, R$  -   ,,,,NLH,0
08/06/2026,132062,COM3D0R,None,0,0,0, R$  -   ,,,,NLH,0
08/06/2026,143654,BingaBinga,None,0,0,0, R$  -   ,,,,NLH,0
08/06/2026,146440,B0L4D0,None,0,0,0, R$  -   ,,,,NLH,0
08/06/2026,146443,C4LABRES0,None,0,0,0, R$  -   ,,,,NLH,0
08/06/2026,146447,PIRAT4,None,0,"0,1",0," R$  0,10 ","0,00%","100,00%","0,00%",MTT,"0,16"
08/06/2026,147165,L4DRA0,None,0,0,0, R$  -   ,,,,NLH,0
08/06/2026,163740,Caco,None,0,0,0, R$  -   ,,,,NLH,0
08/06/2026,186871,MIKE BAGUNCINHA,None,0,0,0, R$  -   ,,,,NLH,0
08/06/2026,196477,pix196477,None,0,0,0, R$  -   ,,,,NLH,"1,29"
08/06/2026,196196,brinha007,None,"1,14",0,"4,19"," R$  5,33 ","21,39%","0,00%","78,61%",PLO6,"-25,13"
08/06/2026,196201,pix196201,None,"0,95",0,"218,6"," R$  219,55 ","0,43%","0,00%","99,57%",PLO6,"-699,54"
08/06/2026,114345,Itaypava,None,0,0,"3,83"," R$  3,83 ","0,00%","0,00%","100,00%",PLO6,-23
08/06/2026,122576,Guilhermepb,None,"9,9",0,"1,51"," R$  11,41 ","86,77%","0,00%","13,23%",NLH,-74
08/06/2026,168864,pix168864,None,"2,99",0,0," R$  2,99 ","100,00%","0,00%","0,00%",NLH,-15
08/06/2026,196547,MAMBA,None,"4,85",0,0," R$  4,85 ","100,00%","0,00%","0,00%",NLH,-29
08/06/2026,196549,thiaguinho95,None,"44,69",0,"14,01"," R$  58,70 ","76,13%","0,00%","23,87%",NLH,15
08/06/2026,196552,Gamazinho,None,"48,54","1,6","8,13"," R$  58,27 ","83,30%","2,75%","13,95%",NLH,"-74,81"
08/06/2026,167386,fefan,None,0,"2,2",0," R$  2,20 ","0,00%","100,00%","0,00%",MTT,-22
08/06/2026,181916,Rafael Fonseca,None,"8,89",0,0," R$  8,89 ","100,00%","0,00%","0,00%",NLH,"15,46"
08/06/2026,196543,pix196543,None,"117,77",0,0," R$  117,77 ","100,00%","0,00%","0,00%",NLH,"16,45"
08/06/2026,195873,pix195873,None,"4,71",0,"6,41"," R$  11,12 ","42,36%","0,00%","57,64%",PLO6,"52,71"
08/06/2026,196533,pix196533,None,"31,19",0,"13,37"," R$  44,56 ","70,00%","0,00%","30,00%",NLH,-25
08/06/2026,196541,tomate_02,None,0,"13,5","52,12"," R$  65,62 ","0,00%","20,57%","79,43%",PLO6,-335
08/06/2026,196554,borapropppoker,None,0,0,"51,7"," R$  51,70 ","0,00%","0,00%","100,00%",PLO6,"-197,05"
08/06/2026,195657,vaqueirosm,None,0,0,"78,73"," R$  78,73 ","0,00%","0,00%","100,00%",PLO6,"-329,04"
08/06/2026,101757,Colares9,None,"3,38",0,0," R$  3,38 ","100,00%","0,00%","0,00%",NLH,"-8,69"
08/06/2026,167664,linharess,None,"0,88","0,5",0," R$  1,38 ","63,77%","36,23%","0,00%",NLH,"-16,75"
08/06/2026,193337,vdk7,None,"2,77",0,0," R$  2,77 ","100,00%","0,00%","0,00%",NLH,"44,55"
08/06/2026,158722,今川義元,None,0,5,0," R$  5,00 ","0,00%","100,00%","0,00%",MTT,-50
08/06/2026,178288,Manoeltevez,None,"10,08",0,0," R$  10,08 ","100,00%","0,00%","0,00%",NLH,-20
08/06/2026,156683,OhDantas,None,"6,98","0,1",0," R$  7,08 ","98,59%","1,41%","0,00%",NLH,-37
08/06/2026,191844,Italo$$$,None,"13,61",0,0," R$  13,61 ","100,00%","0,00%","0,00%",NLH,-88
08/06/2026,195729,pix195729,None,"2,57",0,0," R$  2,57 ","100,00%","0,00%","0,00%",NLH,-40
08/06/2026,122830,mau ?,None,0,"0,1",0," R$  0,10 ","0,00%","100,00%","0,00%",MTT,"0,05"
08/06/2026,149121,Jucelio,None,0,0,0, R$  -   ,,,,NLH,0
08/06/2026,158295,pix158295,None,0,0,0, R$  -   ,,,,NLH,0
08/06/2026,161561,GuZman$,None,0,0,0, R$  -   ,,,,NLH,0
08/06/2026,162591,pix162591,None,0,0,0, R$  -   ,,,,NLH,0
08/06/2026,162597,pix162597,None,0,0,0, R$  -   ,,,,NLH,0
08/06/2026,165024,pix165024,None,0,0,0, R$  -   ,,,,NLH,0
08/06/2026,165121,matador,None,0,0,0, R$  -   ,,,,NLH,0
08/06/2026,178561,Gi Genesini,None,0,0,0, R$  -   ,,,,NLH,0
08/06/2026,181418,pix181418,None,0,0,0, R$  -   ,,,,NLH,0
08/06/2026,182499,pix182499,None,0,0,0, R$  -   ,,,,NLH,0
08/06/2026,193605,pix193605,None,0,0,0, R$  -   ,,,,NLH,0
08/06/2026,193767,pix193767,None,0,"0,1",0," R$  0,10 ","0,00%","100,00%","0,00%",MTT,"-0,23"
08/06/2026,194679,Nicoletti$,None,0,0,0, R$  -   ,,,,NLH,0
08/06/2026,195984,tico tico,None,0,0,0, R$  -   ,,,,NLH,0
08/06/2026,193994,moído,None,0,"17,6","0,57"," R$  18,17 ","0,00%","96,86%","3,14%",MTT,"15,92"
08/06/2026,196550,pix196550,None,0,"0,1",0," R$  0,10 ","0,00%","100,00%","0,00%",MTT,-1
08/06/2026,196551,pix196551,None,"0,77","3,3",0," R$  4,07 ","18,92%","81,08%","0,00%",MTT,-14
08/06/2026,195800,NiinjaCe,None,0,"3,9",0," R$  3,90 ","0,00%","100,00%","0,00%",MTT,"-37,17"
08/06/2026,102785,Joaofilho,None,0,0,0, R$  -   ,,,,NLH,0
08/06/2026,102820,dual core,None,0,0,0, R$  -   ,,,,NLH,"0,73"
08/06/2026,124391,veraluciafar,None,0,0,0, R$  -   ,,,,NLH,"0,51"
08/06/2026,125929,Riih,None,0,0,0, R$  -   ,,,,NLH,0
08/06/2026,134364,trincadonoflop,None,0,0,"5,87"," R$  5,87 ","0,00%","0,00%","100,00%",PLO6,-60
08/06/2026,163654,zanalice,None,0,0,0, R$  -   ,,,,NLH,0
08/06/2026,169881,bugthebest,None,0,0,"0,53"," R$  0,53 ","0,00%","0,00%","100,00%",PLO6,"2,86"
08/06/2026,172160,Luizzzeraaa,None,0,0,0, R$  -   ,,,,NLH,0
08/06/2026,181557,_L4jus_,None,0,0,0, R$  -   ,,,,NLH,0
08/06/2026,183340,flaythebest,None,0,0,0, R$  -   ,,,,NLH,"1,05"
08/06/2026,185700,BISAQUE,None,0,0,0, R$  -   ,,,,NLH,0
08/06/2026,185863,pix185863,None,0,0,0, R$  -   ,,,,NLH,0
08/06/2026,186159,FAEL,None,0,0,0, R$  -   ,,,,NLH,0
08/06/2026,186162,BOUP,None,0,0,0, R$  -   ,,,,NLH,0
08/06/2026,186165,AAAA!,None,0,0,0, R$  -   ,,,,NLH,0
08/06/2026,186748,Mulherdomeumarido33,None,0,0,0, R$  -   ,,,,NLH,0
08/06/2026,188144,Naza*369*,None,0,0,0, R$  -   ,,,,NLH,"3,33"
08/06/2026,195389,pix195389,None,0,0,0, R$  -   ,,,,NLH,0
08/06/2026,195390,cria,None,0,0,0, R$  -   ,,,,NLH,0
08/06/2026,196558,pix196558,None,"23,14",0,0," R$  23,14 ","100,00%","0,00%","0,00%",NLH,-70
08/06/2026,162574,willrhtzOFC,None,0,0,0, R$  -   ,,,,NLH,0
08/06/2026,174477,pix174477,None,0,"0,1",0," R$  0,10 ","0,00%","100,00%","0,00%",MTT,"0,29"
08/06/2026,176309,Moabe10,None,0,0,0, R$  -   ,,,,NLH,0
08/06/2026,180211,pix180211,None,0,0,0, R$  -   ,,,,NLH,0
08/06/2026,180212,reidoflop,None,0,0,0, R$  -   ,,,,NLH,0
08/06/2026,131141,Ags95,None,"1,35","5,2","28,02"," R$  34,57 ","3,91%","15,04%","81,05%",PLO6,"-347,17"
08/06/2026,154652,BB das Rima,None,"31,68",1,"1438,41"," R$  1.471,09 ","2,15%","0,07%","97,78%",PLO6,"2166,92"
08/06/2026,173258,GordinhaSpk,None,0,0,"83,45"," R$  83,45 ","0,00%","0,00%","100,00%",PLO6,20
08/06/2026,140258,Arseniocdd2,None,0,0,"1,68"," R$  1,68 ","0,00%","0,00%","100,00%",PLO6,-10
08/06/2026,144877,Mv777,None,"0,02",0,"16,03"," R$  16,05 ","0,12%","0,00%","99,88%",PLO6,"79,07"
08/06/2026,115848,L.M?,None,0,0,"25,35"," R$  25,35 ","0,00%","0,00%","100,00%",PLO6,-50
08/06/2026,178919,pix178919,None,"1,84","0,8","13,69"," R$  16,33 ","11,27%","4,90%","83,83%",PLO6,-233
08/06/2026,195344,P3scAAdor,None,"16,75",0,0," R$  16,75 ","100,00%","0,00%","0,00%",NLH,"2,07"
08/06/2026,152235,namastê!,None,0,0,"6,5"," R$  6,50 ","0,00%","0,00%","100,00%",PLO6,"135,27"
08/06/2026,139939,Andre08,None,"3,6",0,0," R$  3,60 ","100,00%","0,00%","0,00%",NLH,"-17,65"
08/06/2026,170863,J.Monteiro,None,"0,99",0,0," R$  0,99 ","100,00%","0,00%","0,00%",NLH,"-13,1"
08/06/2026,193978,2001,None,"8,31",0,"5,66"," R$  13,97 ","59,48%","0,00%","40,52%",NLH,"229,94"
08/06/2026,195994,pix195994,None,"0,87",0,0," R$  0,87 ","100,00%","0,00%","0,00%",NLH,"-12,45"
08/06/2026,196568,marabo,None,"10,76","18,1","34,22"," R$  63,08 ","17,06%","28,69%","54,25%",PLO6,-241
08/06/2026,196569,pix196569,None,"3,52",0,0," R$  3,52 ","100,00%","0,00%","0,00%",NLH,-18
08/06/2026,179752,EraDoRiver,None,0,3,0," R$  3,00 ","0,00%","100,00%","0,00%",MTT,-30
08/06/2026,163613,nilll,None,"31,04",0,0," R$  31,04 ","100,00%","0,00%","0,00%",NLH,70
08/06/2026,143422,ML GOL,None,0,0,0, R$  -   ,,,,NLH,0
08/06/2026,145204,Cebola do sertão,None,0,0,0, R$  -   ,,,,NLH,0
08/06/2026,146616,ESQUELETO,None,0,0,0, R$  -   ,,,,NLH,0
08/06/2026,146622,Silvio Santos poker,None,0,0,0, R$  -   ,,,,NLH,0
08/06/2026,154739,Zé piqueno,None,0,0,0, R$  -   ,,,,NLH,0
08/06/2026,154780,Rivaldo 10,None,0,0,0, R$  -   ,,,,NLH,0
08/06/2026,174471,TINANAN,None,0,0,0, R$  -   ,,,,NLH,0
08/06/2026,174474,Antoin De Nestor,None,0,0,0, R$  -   ,,,,NLH,0
08/06/2026,182217,pix182217,None,0,"0,2",0," R$  0,20 ","0,00%","100,00%","0,00%",MTT,-2
08/06/2026,195986,carlos Johnson,None,"0,81",0,0," R$  0,81 ","100,00%","0,00%","0,00%",NLH,"4,38"
08/06/2026,196117,pix196117,None,"0,33",0,0," R$  0,33 ","100,00%","0,00%","0,00%",NLH,"0,01"
08/06/2026,196454,pix196454,None,0,0,0, R$  -   ,,,,NLH,0
08/06/2026,196563,pix196563,None,0,0,0, R$  -   ,,,,NLH,0
08/06/2026,196564,chupão12,None,0,0,0, R$  -   ,,,,NLH,0
08/06/2026,196565,pix196565,None,0,0,0, R$  -   ,,,,NLH,0
08/06/2026,196566,pix196566,None,0,0,0, R$  -   ,,,,NLH,0
08/06/2026,196567,pix196567,None,0,0,0, R$  -   ,,,,NLH,"2,99"
08/06/2026,137869,Moreira 1995,None,0,0,"2,88"," R$  2,88 ","0,00%","0,00%","100,00%",PLO6,-20
08/06/2026,144860,LT?,None,"0,53",0,0," R$  0,53 ","100,00%","0,00%","0,00%",NLH,-7
08/06/2026,165673,Guaucho,None,"4,2",0,0," R$  4,20 ","100,00%","0,00%","0,00%",NLH,"-23,43"
08/06/2026,193249,pix193249,None,0,0,"64,98"," R$  64,98 ","0,00%","0,00%","100,00%",PLO6,"-359,22"
08/06/2026,196560,pifita,None,0,7,"108,37"," R$  115,37 ","0,00%","6,07%","93,93%",PLO6,-1330
08/06/2026,121160,gordim trepao,None,0,0,"191,32"," R$  191,32 ","0,00%","0,00%","100,00%",PLO6,"-199,96"
08/06/2026,196577,pix196577,None,0,49,"4438,98"," R$  4.487,98 ","0,00%","1,09%","98,91%",PLO6,"-3564,39"
08/06/2026,109011,Hermano,None,"0,17",0,0," R$  0,17 ","100,00%","0,00%","0,00%",NLH,"3,15"
08/06/2026,159003,ManeMá,None,"0,27",0,0," R$  0,27 ","100,00%","0,00%","0,00%",NLH,-4
08/06/2026,182011,pix182011,None,"7,87",4,0," R$  11,87 ","66,30%","33,70%","0,00%",NLH,-58
08/06/2026,182906,pix182906,None,"0,29",0,"0,63"," R$  0,92 ","31,52%","0,00%","68,48%",PLO6,0
08/06/2026,195645,Paco_Sc,None,"0,62",0,"10,76"," R$  11,38 ","5,45%","0,00%","94,55%",PLO6,-44
08/06/2026,114402,pix114402,None,0,0,0, R$  -   ,,,,NLH,0
08/06/2026,123504,SilvioAc,None,0,0,0, R$  -   ,,,,NLH,0
08/06/2026,127633,GL4DIAD0R,None,0,0,0, R$  -   ,,,,NLH,0
08/06/2026,128754,C4BULOS0,None,0,0,0, R$  -   ,,,,NLH,"1,49"
08/06/2026,132044,FASH1N4,None,0,0,0, R$  -   ,,,,NLH,0
08/06/2026,132049,B4NDID0,None,0,0,0, R$  -   ,,,,NLH,0
08/06/2026,156575,Sky,None,0,0,0, R$  -   ,,,,NLH,0
08/06/2026,166342,R.o.H,None,0,0,0, R$  -   ,,,,NLH,0
08/06/2026,167984,leidegaga,None,0,0,0, R$  -   ,,,,NLH,0
08/06/2026,169796,pix169796,None,0,0,0, R$  -   ,,,,NLH,0
08/06/2026,171628,Lucca777,None,0,0,0, R$  -   ,,,,NLH,"1,24"
08/06/2026,177899,vradar,None,0,0,0, R$  -   ,,,,NLH,0
08/06/2026,184685,pix184685,None,0,0,0, R$  -   ,,,,NLH,"0,72"
08/06/2026,185424,pix185424,None,0,0,0, R$  -   ,,,,NLH,0
08/06/2026,186733,pix186733,None,0,0,0, R$  -   ,,,,NLH,0
08/06/2026,191330,pix191330,None,0,0,0, R$  -   ,,,,NLH,0
08/06/2026,192148,pix192148,None,0,0,0, R$  -   ,,,,NLH,0
08/06/2026,192149,pix192149,None,0,0,0, R$  -   ,,,,NLH,0
08/06/2026,193166,pix193166,None,"0,7",0,0," R$  0,70 ","100,00%","0,00%","0,00%",NLH,"-0,12"
08/06/2026,194231,yuridms12,None,0,"0,2",0," R$  0,20 ","0,00%","100,00%","0,00%",MTT,-2
08/06/2026,196001,pix196001,None,0,0,0, R$  -   ,,,,NLH,0
08/06/2026,196161,pix196161,None,0,0,0, R$  -   ,,,,NLH,0
08/06/2026,196358,DanpokerAK,None,0,0,0, R$  -   ,,,,NLH,0
08/06/2026,196423,pix196423,None,0,0,0, R$  -   ,,,,NLH,0
08/06/2026,196424,pix196424,None,0,0,0, R$  -   ,,,,NLH,0
08/06/2026,196425,pix196425,None,0,0,0, R$  -   ,,,,NLH,"1,52"
08/06/2026,196571,pix196571,None,0,0,0, R$  -   ,,,,NLH,0
08/06/2026,196090,pksylvoo,None,0,0,"0,91"," R$  0,91 ","0,00%","0,00%","100,00%",PLO6,-10
08/06/2026,164178,pix164178,None,"76,08","1,05",0," R$  77,13 ","98,64%","1,36%","0,00%",NLH,-150
08/06/2026,196584,pix196584,None,"2,56",0,0," R$  2,56 ","100,00%","0,00%","0,00%",NLH,-32
08/06/2026,156567,pix156567,None,"3,79",0,0," R$  3,79 ","100,00%","0,00%","0,00%",NLH,-53
08/06/2026,196576,pix196576,None,"5,19",0,0," R$  5,19 ","100,00%","0,00%","0,00%",NLH,-50
08/06/2026,196581,HendersonMontBravo,None,"0,31",0,0," R$  0,31 ","100,00%","0,00%","0,00%",NLH,"10,16"
08/06/2026,136151,GilBodybuilder,None,0,1,0," R$  1,00 ","0,00%","100,00%","0,00%",MTT,-10
08/06/2026,106099,MACAXERA,None,0,0,0, R$  -   ,,,,NLH,0
08/06/2026,110402,BetoPz11,None,0,0,0, R$  -   ,,,,NLH,0
08/06/2026,124536,fazzopix,None,0,0,0, R$  -   ,,,,NLH,0
08/06/2026,125132,williannuts,None,0,0,0, R$  -   ,,,,NLH,"1,05"
08/06/2026,146711,MãoDeCemitério,None,0,0,0, R$  -   ,,,,NLH,0
08/06/2026,148496,Viniciusgomezs,None,0,0,0, R$  -   ,,,,NLH,"4,09"
08/06/2026,180013,IC—,None,0,0,0, R$  -   ,,,,NLH,"0,88"
08/06/2026,188018,hawkaqui,None,0,0,0, R$  -   ,,,,NLH,0
08/06/2026,188940,pix188940,None,0,0,0, R$  -   ,,,,NLH,"0,88"
08/06/2026,189839,pepeko77,None,0,0,0, R$  -   ,,,,NLH,0
08/06/2026,190515,pix190515,None,0,0,0, R$  -   ,,,,NLH,0
08/06/2026,190904,pix190904,None,0,0,0, R$  -   ,,,,NLH,0
08/06/2026,191722,pix191722,None,0,0,0, R$  -   ,,,,NLH,0
08/06/2026,191723,EsterHawk,None,0,0,0, R$  -   ,,,,NLH,0
08/06/2026,196116,pix196116,None,0,0,0, R$  -   ,,,,NLH,0
08/06/2026,196582,pix196582,None,0,0,0, R$  -   ,,,,NLH,0
08/06/2026,196583,5 conto,None,"2,28","0,1","8,71"," R$  11,09 ","20,56%","0,90%","78,54%",PLO6,"91,2"
08/06/2026,171898,matheus rocha,None,0,"3,24",0," R$  3,24 ","0,00%","100,00%","0,00%",MTT,"-32,4"
08/06/2026,143199,Trobertom33,None,0,0,0, R$  -   ,,,,NLH,"3,56"
08/06/2026,149463,LordBriian,None,0,0,0, R$  -   ,,,,NLH,0
08/06/2026,156257,TAINANPAZ,None,0,"0,1",0," R$  0,10 ","0,00%","100,00%","0,00%",MTT,"-0,1"
08/06/2026,158105,Rogernas,None,0,0,0, R$  -   ,,,,NLH,0
08/06/2026,158429,Jennifer,None,0,0,0, R$  -   ,,,,NLH,0
08/06/2026,158805,pix158805,None,0,0,0, R$  -   ,,,,NLH,0
08/06/2026,158859,900rose,None,0,0,0, R$  -   ,,,,NLH,"2,92"
08/06/2026,158860,pix158860,None,0,0,0, R$  -   ,,,,NLH,0
08/06/2026,158861,3153black,None,0,0,0, R$  -   ,,,,NLH,0
08/06/2026,158935,pix158935,None,0,0,0, R$  -   ,,,,NLH,"1,29"
08/06/2026,161802,Thiagom33,None,0,0,0, R$  -   ,,,,NLH,0
08/06/2026,161804,ThiagoMR,None,0,0,0, R$  -   ,,,,NLH,0
08/06/2026,162035,ELQQ,None,0,0,0, R$  -   ,,,,NLH,0
08/06/2026,163027,pix163027,None,0,0,0, R$  -   ,,,,NLH,0
08/06/2026,164056,TR34,None,0,0,0, R$  -   ,,,,NLH,0
08/06/2026,166110,ilsa,None,0,0,0, R$  -   ,,,,NLH,0
08/06/2026,166111,pix166111,None,0,0,0, R$  -   ,,,,NLH,0
08/06/2026,188939,pix188939,None,0,0,0, R$  -   ,,,,NLH,"0,9"
08/06/2026,195832,CFreire,None,0,0,0, R$  -   ,,,,NLH,0
08/06/2026,182555,jogador01,None,"24,27",0,0," R$  24,27 ","100,00%","0,00%","0,00%",NLH,56
08/06/2026,118130,Renanloc,None,"8,92",0,"149,02"," R$  157,94 ","5,65%","0,00%","94,35%",PLO6,"1589,4"
08/06/2026,196586,opskassio,None,"69,99",0,0," R$  69,99 ","100,00%","0,00%","0,00%",NLH,-240
08/06/2026,196592,jhonv,None,"1,19",0,0," R$  1,19 ","100,00%","0,00%","0,00%",NLH,-20
08/06/2026,100252,????,None,0,0,"9,26"," R$  9,26 ","0,00%","0,00%","100,00%",PLO6,-100
08/06/2026,194177,pix194177,None,0,0,"260,78"," R$  260,78 ","0,00%","0,00%","100,00%",PLO6,"-1999,04"
08/06/2026,155126,NeiLeite,None,"0,87",1,0," R$  1,87 ","46,52%","53,48%","0,00%",MTT,"-24,86"
08/06/2026,195582,pix195582,None,0,"0,8",0," R$  0,80 ","0,00%","100,00%","0,00%",MTT,"45,38"
08/06/2026,167222,Dino do poker,None,0,0,"4,84"," R$  4,84 ","0,00%","0,00%","100,00%",PLO6,"-47,96"
08/06/2026,122649,Soneca36,None,0,0,0, R$  -   ,,,,NLH,0
08/06/2026,125040,Mércia,None,0,0,0, R$  -   ,,,,NLH,0
08/06/2026,136910,AndreyPoker1,None,0,0,0, R$  -   ,,,,NLH,0
08/06/2026,160495,gmorett,None,0,0,0, R$  -   ,,,,NLH,0
08/06/2026,163903,R Silva,None,0,0,0, R$  -   ,,,,NLH,0
08/06/2026,165346,pix165346,None,0,0,0, R$  -   ,,,,NLH,0
08/06/2026,193624,pix193624,None,0,0,0, R$  -   ,,,,NLH,0
08/06/2026,195987,primo do mardoni,None,0,0,0, R$  -   ,,,,NLH,0
08/06/2026,196589,pix196589,None,0,0,0, R$  -   ,,,,NLH,0
08/06/2026,196591,pix196591,None,0,0,0, R$  -   ,,,,NLH,0
08/06/2026,157666,Mazz,None,"7,54",0,0," R$  7,54 ","100,00%","0,00%","0,00%",NLH,"13,95"
08/06/2026,168131,inacin07,None,"2,37",0,0," R$  2,37 ","100,00%","0,00%","0,00%",NLH,-50
08/06/2026,195905,SEV7N.exe,None,"5,14",0,0," R$  5,14 ","100,00%","0,00%","0,00%",NLH,"-24,63"
08/06/2026,155207,Oliver_king,None,"0,3",0,0," R$  0,30 ","100,00%","0,00%","0,00%",NLH,-4
08/06/2026,153923,emi01,None,"0,23",0,0," R$  0,23 ","100,00%","0,00%","0,00%",NLH,-4
08/06/2026,151309,Helio dos Anjos,None,0,20,0," R$  20,00 ","0,00%","100,00%","0,00%",MTT,-200
08/06/2026,195771,pix195771,None,0,"0,1",0," R$  0,10 ","0,00%","100,00%","0,00%",MTT,-1
08/06/2026,195490,Nelsoncaminhões,None,0,"4,5",0," R$  4,50 ","0,00%","100,00%","0,00%",MTT,-45
08/06/2026,102082,Ismas,None,0,0,0, R$  -   ,,,,NLH,0
08/06/2026,132996,obelysko,None,0,0,0, R$  -   ,,,,NLH,0
08/06/2026,133014,ortsac,None,0,0,0, R$  -   ,,,,NLH,0
08/06/2026,135239,pix135239,None,0,0,0, R$  -   ,,,,NLH,0
08/06/2026,158542,Luhmcd,None,0,0,0, R$  -   ,,,,NLH,0
08/06/2026,172984,SeuZé$,None,0,0,0, R$  -   ,,,,NLH,"1,6"
08/06/2026,184458,pix184458,None,0,0,0, R$  -   ,,,,NLH,0
08/06/2026,189082,luketa_,None,0,0,0, R$  -   ,,,,NLH,0
08/06/2026,189597,pix189597,None,0,0,0, R$  -   ,,,,NLH,0
08/06/2026,195739,5885 Q2,None,0,0,0, R$  -   ,,,,NLH,0
08/06/2026,195772,pix195772,None,0,0,0, R$  -   ,,,,NLH,0
08/06/2026,195773,pix195773,None,0,0,0, R$  -   ,,,,NLH,0
08/06/2026,195774,pix195774,None,0,0,0, R$  -   ,,,,NLH,0
08/06/2026,196159,fernandoeulimpo,None,0,0,0, R$  -   ,,,,NLH,0
08/06/2026,196214,pix196214,None,0,0,0, R$  -   ,,,,NLH,0
08/06/2026,193590,pix193590,None,"2,18",0,0," R$  2,18 ","100,00%","0,00%","0,00%",NLH,-20
08/06/2026,174440,Cold4Bet,None,0,0,"0,59"," R$  0,59 ","0,00%","0,00%","100,00%",PLO6,"-11,63"
08/06/2026,116289,Duuuuur,AF - PEUEUA,0,"59,34",0," R$  59,34 ","0,00%","100,00%","0,00%",MTT,"322,06"
08/06/2026,129313,Falcão FTS,AF - PEUEUA,"8,54",0,"599,82"," R$  608,36 ","1,40%","0,00%","98,60%",PLO6,"37,85"
08/06/2026,126650,sgtpastel,AF - PEUEUA,0,"195,45",0," R$  195,45 ","0,00%","100,00%","0,00%",MTT,"-1428,37"
08/06/2026,116298,Pernalonga,AF - PEUEUA,0,0,"147,16"," R$  147,16 ","0,00%","0,00%","100,00%",PLO6,-271
08/06/2026,133599,Netto,AF - PEUEUA,0,"51,55",0," R$  51,55 ","0,00%","100,00%","0,00%",MTT,"-119,42"
08/06/2026,158934,Gato_Preto,AF - PEUEUA,0,0,"296,98"," R$  296,98 ","0,00%","0,00%","100,00%",PLO6,"-127,4"
08/06/2026,131193,Baiba,AF - PEUEUA,0,"7,8",0," R$  7,80 ","0,00%","100,00%","0,00%",MTT,-78
08/06/2026,129710,ABCfc,AF - PEUEUA,0,0,"5,67"," R$  5,67 ","0,00%","0,00%","100,00%",PLO6,"16,54"
08/06/2026,145508,BRUMBRUM,AF - MAURICIO,"3,84",6,"2,98"," R$  12,82 ","29,95%","46,80%","23,24%",MTT,-140
08/06/2026,120599,CoronelCalazans7,AF - MAURICIO,0,0,"1571,37"," R$  1.571,37 ","0,00%","0,00%","100,00%",PLO6,"10298,51"
08/06/2026,159788,Heitor99,AF - MAURICIO,"208,03",0,"13,76"," R$  221,79 ","93,80%","0,00%","6,20%",NLH,"-252,59"
08/06/2026,178503,Mateusbad,AF - MAURICIO,"14,81","0,2","2,56"," R$  17,57 ","84,29%","1,14%","14,57%",NLH,"52,6"
08/06/2026,155080,Mike Ross,AF - MAURICIO,"2,35",0,"569,82"," R$  572,17 ","0,41%","0,00%","99,59%",PLO6,"-58,52"
08/06/2026,119612,DoeuAi??,AF - MAURICIO,"9,6","0,8","591,44"," R$  601,84 ","1,60%","0,13%","98,27%",PLO6,"472,93"
08/06/2026,150152,Trastezin Lima??,AF - MAURICIO,"2,52",0,0," R$  2,52 ","100,00%","0,00%","0,00%",NLH,"145,26"
08/06/2026,152588,Eumesmonao,AF - MAURICIO,0,0,0, R$  -   ,,,,NLH,0
08/06/2026,173857,Thogai,AF - MAURICIO,"0,49","1,7",0," R$  2,19 ","22,37%","77,63%","0,00%",MTT,"-7,85"
08/06/2026,147207,꧁༒ACES༒꧂,AF - MAURICIO,0,0,"64,37"," R$  64,37 ","0,00%","0,00%","100,00%",PLO6,"-727,02"
08/06/2026,180443,@mau.jr7,AF - MAURICIO,0,"47,4","70,48"," R$  117,88 ","0,00%","40,21%","59,79%",PLO6,"-1316,9"
08/06/2026,108585,coveirodoriver,AF - MAURICIO,"0,9",1,"29,29"," R$  31,19 ","2,89%","3,21%","93,91%",PLO6,"-110,43"
08/06/2026,139597,Dr.Wender,AF - MAURICIO,0,12,"104,14"," R$  116,14 ","0,00%","10,33%","89,67%",PLO6,"-622,43"
08/06/2026,107225,?9??,AF - MAURICIO,"281,74",1,0," R$  282,74 ","99,65%","0,35%","0,00%",NLH,-393
08/06/2026,127125,??iP,AF - MAURICIO,"575,36","28,78",0," R$  604,14 ","95,24%","4,76%","0,00%",NLH,"-522,5"
08/06/2026,132085,Só blef..,AF - MAURICIO,"8,67",1,"23,98"," R$  33,65 ","25,77%","2,97%","71,26%",PLO6,"-248,47"
08/06/2026,137763,pix ad + le,AF - MAURICIO,"72,96","6,2","293,02"," R$  372,18 ","19,60%","1,67%","78,73%",PLO6,"-397,94"
08/06/2026,162335,elPeruanoPB,AF - MAURICIO,"39,97","3,5","5,88"," R$  49,35 ","80,99%","7,09%","11,91%",NLH,"-188,68"
08/06/2026,185066,VitinPoker,AF - MAURICIO,0,33,"24,6"," R$  57,60 ","0,00%","57,29%","42,71%",MTT,-300
08/06/2026,140234,josemaria,AF - MAURICIO,"12,95",0,"4,68"," R$  17,63 ","73,45%","0,00%","26,55%",NLH,"-37,66"
08/06/2026,119119,Welshowman,AF - MAURICIO,0,"0,5","73,28"," R$  73,78 ","0,00%","0,68%","99,32%",PLO6,-4
08/06/2026,195034,Estreante,AF - MAURICIO,0,23,0," R$  23,00 ","0,00%","100,00%","0,00%",MTT,-230
08/06/2026,106368,seu joao,AF - MAURICIO,"0,3","9,9","144,7"," R$  154,90 ","0,19%","6,39%","93,42%",PLO6,"-759,85"
08/06/2026,109162,ORIGINAL poker??,AF - MAURICIO,0,"2,9","38,18"," R$  41,08 ","0,00%","7,06%","92,94%",PLO6,26
08/06/2026,170156,Presidente GL,AF - MAURICIO,0,0,0, R$  -   ,,,,NLH,0
08/06/2026,171527,Maverica,AF - MAURICIO,0,"0,2",0," R$  0,20 ","0,00%","100,00%","0,00%",MTT,"6,6"
08/06/2026,178673,Ricco Marcondes,AF - MAURICIO,0,0,0, R$  -   ,,,,NLH,0
08/06/2026,181686,Inocram ?,AF - MAURICIO,"0,18","0,2",0," R$  0,38 ","47,37%","52,63%","0,00%",MTT,-1
08/06/2026,146218,pix146218baton,AF - MAURICIO,"0,64",4,"59,09"," R$  63,73 ","1,00%","6,28%","92,72%",PLO6,"190,21"
08/06/2026,137658,wlademirjr,AF - MAURICIO,"5,02",0,0," R$  5,02 ","100,00%","0,00%","0,00%",NLH,"2,14"
08/06/2026,101589,SEGURAAA__,AF - MAURICIO,0,4,"24,42"," R$  28,42 ","0,00%","14,07%","85,93%",PLO6,5
08/06/2026,195430,hjunior,AF - MAURICIO,0,10,0," R$  10,00 ","0,00%","100,00%","0,00%",MTT,0
08/06/2026,131354,Redhouse,AF - MAURICIO,0,7,0," R$  7,00 ","0,00%","100,00%","0,00%",MTT,-70
08/06/2026,137659,JP duda,AF - MAURICIO,0,7,"1,33"," R$  8,33 ","0,00%","84,03%","15,97%",MTT,"-86,16"
08/06/2026,109489,Damião,AF - MAURICIO,0,"0,1",0," R$  0,10 ","0,00%","100,00%","0,00%",MTT,"0,27"
08/06/2026,138771,GoldNomad,AF - MAURICIO,0,0,0, R$  -   ,,,,NLH,0
08/06/2026,139113,@jrmaiag_poker,AF - MAURICIO,0,0,0, R$  -   ,,,,NLH,"0,51"
08/06/2026,139417,Doidoo,AF - MAURICIO,0,0,0, R$  -   ,,,,NLH,0
08/06/2026,144408,CORINGA0101,AF - MAURICIO,0,"0,5",0," R$  0,50 ","0,00%","100,00%","0,00%",MTT,-5
08/06/2026,163478,irmão de theozin,AF - MAURICIO,0,"0,1",0," R$  0,10 ","0,00%","100,00%","0,00%",MTT,"-0,27"
08/06/2026,171360,Jclever,AF - MAURICIO,"40,84",1,0," R$  41,84 ","97,61%","2,39%","0,00%",NLH,-54
08/06/2026,102022,Me Chupa,AF - MAURICIO,0,0,"5,1"," R$  5,10 ","0,00%","0,00%","100,00%",PLO6,-39
08/06/2026,145547,pokerplayer,AF - MAURICIO,0,"0,1",0," R$  0,10 ","0,00%","100,00%","0,00%",MTT,"0,89"
08/06/2026,108331,Serginho Balotelli,AF - MAURICIO,"31,67",0,0," R$  31,67 ","100,00%","0,00%","0,00%",NLH,"-4,2"
08/06/2026,177765,NicolásMaduro,AF - MAURICIO,"6,22",0,"13,31"," R$  19,53 ","31,85%","0,00%","68,15%",PLO6,"56,6"
08/06/2026,118639,paulo Nunes,AF - MAURICIO,"0,19","8,46",0," R$  8,65 ","2,20%","97,80%","0,00%",MTT,"-89,05"
08/06/2026,106444,TonySoprano,AF - MAURICIO,"30,22",2,0," R$  32,22 ","93,79%","6,21%","0,00%",NLH,-140
08/06/2026,181800,elias7,AF - MAURICIO,"30,92","0,4",0," R$  31,32 ","98,72%","1,28%","0,00%",NLH,"9,78"
08/06/2026,101203,Ruyter,AF - MAURICIO,0,0,"10,48"," R$  10,48 ","0,00%","0,00%","100,00%",PLO6,-100
08/06/2026,106821,PH 17,AF - MAURICIO,0,0,"0,6"," R$  0,60 ","0,00%","0,00%","100,00%",PLO6,"0,88"
08/06/2026,109925,Ch blefe,AF - MAURICIO,"19,76",0,0," R$  19,76 ","100,00%","0,00%","0,00%",NLH,"-33,82"
08/06/2026,170977,Alyssoni,AF - MAURICIO,"23,69",0,0," R$  23,69 ","100,00%","0,00%","0,00%",NLH,-31
08/06/2026,178751,baconzadasss,AF - MAURICIO,"0,37","6,4",0," R$  6,77 ","5,47%","94,53%","0,00%",MTT,-68
08/06/2026,117017,xLAVISHx,AF - MAURICIO,0,0,0, R$  -   ,,,,NLH,0
08/06/2026,108062,dodosc,AF - MAURICIO,0,19,"652,13"," R$  671,13 ","0,00%","2,83%","97,17%",PLO6,2440
08/06/2026,125821,bacia,AF - MAURICIO,0,0,"0,43"," R$  0,43 ","0,00%","0,00%","100,00%",PLO6,-6
08/06/2026,102701,NegreANUS,AF - MAURICIO,0,0,0, R$  -   ,,,,NLH,0
08/06/2026,107972,Vingativa,AF - MAURICIO,0,0,0, R$  -   ,,,,NLH,0
08/06/2026,127377,pix127377,AF - MAURICIO,0,0,0, R$  -   ,,,,NLH,0
08/06/2026,119793,Taícia,AF - MAURICIO,"6,42","0,5","32,53"," R$  39,45 ","16,27%","1,27%","82,46%",PLO6,-84
08/06/2026,134699,@griga,AF - MAURICIO,0,"6,5","210,17"," R$  216,67 ","0,00%","3,00%","97,00%",PLO6,-630
08/06/2026,132894,MONEY AGAIN,AF - MAURICIO,0,0,0, R$  -   ,,,,NLH,"0,51"
08/06/2026,188865,pix188865,AF - MAURICIO,0,"26,8",0," R$  26,80 ","0,00%","100,00%","0,00%",MTT,"-210,39"
08/06/2026,114516,SÓ AA,AF - MAURICIO,"1,19",0,0," R$  1,19 ","100,00%","0,00%","0,00%",NLH,"-17,96"
08/06/2026,100290,Guibapoki,AF - MAURICIO,"11,74",0,0," R$  11,74 ","100,00%","0,00%","0,00%",NLH,-46
08/06/2026,141801,DihBankai,AF - MAURICIO,"11,44",0,0," R$  11,44 ","100,00%","0,00%","0,00%",NLH,-12
08/06/2026,147319,MOSSORÓ084,AF - MAURICIO,0,0,"11,08"," R$  11,08 ","0,00%","0,00%","100,00%",PLO6,176
08/06/2026,160089,Miller’s,AF - MAURICIO,0,0,"0,9"," R$  0,90 ","0,00%","0,00%","100,00%",PLO6,-50
08/06/2026,105568,Nirk,AF - MAURICIO,0,0,0, R$  -   ,,,,NLH,0
08/06/2026,154690,pix ad + lee,AF - MAURICIO,0,0,0, R$  -   ,,,,NLH,0
08/06/2026,154779,Bruxo R10,AF - MAURICIO,0,0,0, R$  -   ,,,,NLH,0
08/06/2026,132045,Mineirinho,AF - MAURICIO,0,0,0, R$  -   ,,,,NLH,0
08/06/2026,132046,C4DEL0,AF - MAURICIO,0,0,0, R$  -   ,,,,NLH,0
08/06/2026,132054,PEG4D0R,AF - MAURICIO,0,0,0, R$  -   ,,,,NLH,0
08/06/2026,142111,MuriellR28,AF - MAURICIO,0,0,0, R$  -   ,,,,NLH,"5,6"
08/06/2026,152705,Erick,AF - MAURICIO,0,0,0, R$  -   ,,,,NLH,"1,33"
08/06/2026,145676,fabregas ??,AF - RAMON PESSOA,"2,03","13,4","6,11"," R$  21,54 ","9,42%","62,21%","28,37%",MTT,"295,13"
08/06/2026,143560,RITO CADILACO,AF - RAMON PESSOA,0,132,"1097,41"," R$  1.229,41 ","0,00%","10,74%","89,26%",PLO6,"8417,06"
08/06/2026,137243,pix137243,AF - RAMON PESSOA,0,0,"207,82"," R$  207,82 ","0,00%","0,00%","100,00%",PLO6,"1144,26"
08/06/2026,137242,henriq111,AF - RAMON PESSOA,0,"8,95","31,47"," R$  40,42 ","0,00%","22,14%","77,86%",PLO6,"-233,68"
08/06/2026,182336,É SO PAGAR PRA VER,AF - RAMON PESSOA,0,"0,1",0," R$  0,10 ","0,00%","100,00%","0,00%",MTT,"0,08"
08/06/2026,184017,kinho,AF - RAMON PESSOA,0,"15,9",0," R$  15,90 ","0,00%","100,00%","0,00%",MTT,"-168,01"
08/06/2026,194105,ToliveOne$,AF - RAMON PESSOA,0,0,"13,65"," R$  13,65 ","0,00%","0,00%","100,00%",PLO6,"-133,81"
08/06/2026,196043,pix196043,AF - RAMON PESSOA,0,0,"1915,17"," R$  1.915,17 ","0,00%","0,00%","100,00%",PLO6,"-4053,22"
08/06/2026,172744,VPoker,AF - RAMON PESSOA,"5,55","32,4",0," R$  37,95 ","14,62%","85,38%","0,00%",MTT,"-376,05"
08/06/2026,108548,NutzOrBlefBR,AF - RAMON PESSOA,"3,17","16,2",0," R$  19,37 ","16,37%","83,63%","0,00%",MTT,-192
08/06/2026,134840,Henrique Santos,AF - RAMON PESSOA,0,"13,1",0," R$  13,10 ","0,00%","100,00%","0,00%",MTT,"-57,29"
08/06/2026,195738,pix195738,AF - RAMON PESSOA,"5,52","2,3","78,25"," R$  86,07 ","6,41%","2,67%","90,91%",PLO6,-116
08/06/2026,153443,Paradise Danger,AF - RAMON PESSOA,0,0,"100,16"," R$  100,16 ","0,00%","0,00%","100,00%",PLO6,-95
08/06/2026,171988,Chama&Cuida,AF - RAMON PESSOA,0,7,"71,53"," R$  78,53 ","0,00%","8,91%","91,09%",PLO6,"-135,01"
08/06/2026,191553,666_999,AF - RAMON PESSOA,0,4,"79,23"," R$  83,23 ","0,00%","4,81%","95,19%",PLO6,-348
08/06/2026,182639,AarTaylorJoe063Now,AF - RAMON PESSOA,0,"0,6",0," R$  0,60 ","0,00%","100,00%","0,00%",MTT,"0,87"
08/06/2026,103040,Jr1307,AF - RAMON PESSOA,"37,79","128,8","0,51"," R$  167,10 ","22,62%","77,08%","0,31%",MTT,"-829,78"
08/06/2026,140364,TONINHO AVIP,AF - RAMON PESSOA,"25,19","3,6",0," R$  28,79 ","87,50%","12,50%","0,00%",NLH,"107,87"
08/06/2026,135582,Mvasc,AF - RAMON PESSOA,0,0,"211,31"," R$  211,31 ","0,00%","0,00%","100,00%",PLO6,-2200
08/06/2026,140814,Santiagorwas,AF - RAMON PESSOA,"0,14","72,2","711,44"," R$  783,78 ","0,02%","9,21%","90,77%",PLO6,"-1533,16"
08/06/2026,136598,Claudemir,AF - RAMON PESSOA,0,"69,93",0," R$  69,93 ","0,00%","100,00%","0,00%",MTT,"-97,14"
08/06/2026,100592,kamen ryder,AF - RAMON PESSOA,0,1,0," R$  1,00 ","0,00%","100,00%","0,00%",MTT,-10
08/06/2026,109526,Fireboy,AF - RAMON PESSOA,0,0,"77,61"," R$  77,61 ","0,00%","0,00%","100,00%",PLO6,-323
08/06/2026,142836,AllinEuPago,AF - RAMON PESSOA,0,0,0, R$  -   ,,,,NLH,0
08/06/2026,142854,pix142854,AF - RAMON PESSOA,0,0,0, R$  -   ,,,,NLH,0
08/06/2026,102031,matadordereg,AF - RAMON PESSOA,"2,87",0,"24,87"," R$  27,74 ","10,35%","0,00%","89,65%",PLO6,-9
08/06/2026,149334,senhor do seu anel,AF - RAMON PESSOA,0,0,"16,08"," R$  16,08 ","0,00%","0,00%","100,00%",PLO6,-120
08/06/2026,119553,Kaka,AF - RAMON PESSOA,0,"357,9",0," R$  357,90 ","0,00%","100,00%","0,00%",MTT,"-861,89"
08/06/2026,185809,Fabiano9,AF - RAMON PESSOA,"0,93",0,0," R$  0,93 ","100,00%","0,00%","0,00%",NLH,0
08/06/2026,183669,Ekyamlopes,AF - RAMON PESSOA,0,0,"27,91"," R$  27,91 ","0,00%","0,00%","100,00%",PLO6,-200
08/06/2026,168863,Pietrovsb,AF - RAMON PESSOA,0,"53,7",0," R$  53,70 ","0,00%","100,00%","0,00%",MTT,"62,17"
08/06/2026,131275,Coroné,AF - RAMON PESSOA,0,10,0," R$  10,00 ","0,00%","100,00%","0,00%",MTT,-100
08/06/2026,142069,blhs,AF - RAMON PESSOA,0,10,0," R$  10,00 ","0,00%","100,00%","0,00%",MTT,-100
08/06/2026,107194,Shaw-Moc,AF - RAMON PESSOA,0,"0,1",0," R$  0,10 ","0,00%","100,00%","0,00%",MTT,"0,6"
08/06/2026,182636,bgpotes,AF - RAMON PESSOA,"5,33",0,"8,48"," R$  13,81 ","38,60%","0,00%","61,40%",PLO6,"-10,8"
08/06/2026,196518,rever00,AF - RAMON PESSOA,0,5,0," R$  5,00 ","0,00%","100,00%","0,00%",MTT,0
08/06/2026,186323,Julianesss,AF - RAMON PESSOA,0,10,0," R$  10,00 ","0,00%","100,00%","0,00%",MTT,"180,06"
08/06/2026,175688,Sanguefriu,AF - RAMON PESSOA,0,"0,5",0," R$  0,50 ","0,00%","100,00%","0,00%",MTT,-5
08/06/2026,129831,POKERNAVEIASB,AF - RAMON PESSOA,0,0,"83,95"," R$  83,95 ","0,00%","0,00%","100,00%",PLO6,"34,62"
08/06/2026,119868,UsAAin Fold,AF - RAMON PESSOA,0,0,0, R$  -   ,,,,NLH,0
08/06/2026,109480,Checknorriss,AF - RAMON PESSOA,0,0,"28,98"," R$  28,98 ","0,00%","0,00%","100,00%",PLO6,-139
08/06/2026,195813,RamonnPessoa,AF - RAMON PESSOA,0,0,"514,34"," R$  514,34 ","0,00%","0,00%","100,00%",PLO6,-6700
08/06/2026,143028,theundertaker,AF - RAMON PESSOA,0,0,"0,9"," R$  0,90 ","0,00%","0,00%","100,00%",PLO6,-25
08/06/2026,116467,house,AF - RAMON PESSOA,0,0,"38,02"," R$  38,02 ","0,00%","0,00%","100,00%",PLO6,-351
08/06/2026,129481,Seu Pai,AF - RAMON PESSOA,0,40,0," R$  40,00 ","0,00%","100,00%","0,00%",MTT,"-231,25"
08/06/2026,146339,Ator,AF - +EV,0,27,0," R$  27,00 ","0,00%","100,00%","0,00%",MTT,"195,33"
08/06/2026,152944,THS_,AF - +EV,0,"58,14",0," R$  58,14 ","0,00%","100,00%","0,00%",MTT,"313,96"
08/06/2026,153763,pix153763,AF - +EV,0,0,"1008,03"," R$  1.008,03 ","0,00%","0,00%","100,00%",PLO6,"-14,32"
08/06/2026,135967,MisterJohnny,AF - +EV,0,0,0, R$  -   ,,,,NLH,0
08/06/2026,145466,cleberb,AF - +EV,"1,5","55,4",0," R$  56,90 ","2,64%","97,36%","0,00%",MTT,"202,05"
08/06/2026,135997,SkywalkerLuke,AF - +EV,0,"27,4",0," R$  27,40 ","0,00%","100,00%","0,00%",MTT,"-264,63"
08/06/2026,170568,Raul.Gold,AF - +EV,"3,3",0,"10,07"," R$  13,37 ","24,68%","0,00%","75,32%",PLO6,"-673,79"
08/06/2026,139340,rehcorreiaa2,AF - +EV,0,0,0, R$  -   ,,,,NLH,0
08/06/2026,141008,sommelier,AF - +EV,0,0,0, R$  -   ,,,,NLH,0
08/06/2026,151739,mariozinho,AF - +EV,0,0,0, R$  -   ,,,,NLH,0
08/06/2026,132944,chillybeats,AF - +EV,0,0,0, R$  -   ,,,,NLH,0
08/06/2026,135164,pix135164,AF - +EV,0,0,0, R$  -   ,,,,NLH,0
08/06/2026,147781,Cachorro Locco,AF - ISAC,0,"39,8",0," R$  39,80 ","0,00%","100,00%","0,00%",MTT,"-237,6"
08/06/2026,155185,fogonabomba?,AF - ISAC,0,"39,54",0," R$  39,54 ","0,00%","100,00%","0,00%",MTT,"475,21"
08/06/2026,182480,Sabor Poker,AF - ISAC,"44,06","76,2","64,04"," R$  184,30 ","23,91%","41,35%","34,75%",MTT,"-1017,33"
08/06/2026,160321,GameOver,AF - ISAC,"63,64","165,1","320,31"," R$  549,05 ","11,59%","30,07%","58,34%",PLO6,"604,61"
08/06/2026,170517,Maxwell Vinicius,AF - ISAC,0,"15,6",0," R$  15,60 ","0,00%","100,00%","0,00%",MTT,"-55,18"
08/06/2026,184013,ALLinFOLD,AF - ISAC,"10,36","41,75",0," R$  52,11 ","19,88%","80,12%","0,00%",MTT,"359,27"
08/06/2026,185342,ExterminadorDoFuturo,AF - ISAC,"6,8","50,36",0," R$  57,16 ","11,90%","88,10%","0,00%",MTT,"447,87"
08/06/2026,188333,Magaly,AF - ISAC,0,"6,16",0," R$  6,16 ","0,00%","100,00%","0,00%",MTT,"-61,6"
08/06/2026,147375,opsicologo,AF - ISAC,"73,07","8,8","22,41"," R$  104,28 ","70,07%","8,44%","21,49%",NLH,"-204,44"
08/06/2026,168507,HACK,AF - ISAC,"61,7","23,1","72,95"," R$  157,75 ","39,11%","14,64%","46,24%",PLO6,"-150,62"
08/06/2026,162837,LucasSilva,AF - ISAC,0,"4,5","16,47"," R$  20,97 ","0,00%","21,46%","78,54%",PLO6,"-121,4"
08/06/2026,110437,O Embaixador,AF - ISAC,0,"0,2",0," R$  0,20 ","0,00%","100,00%","0,00%",MTT,"-1,36"
08/06/2026,134315,cobrao45,AF - ISAC,0,0,0, R$  -   ,,,,NLH,"11,48"
08/06/2026,137926,kinho11,AF - ISAC,0,0,0, R$  -   ,,,,NLH,0
08/06/2026,138028,Anna17,AF - ISAC,0,0,0, R$  -   ,,,,NLH,0
08/06/2026,138188,Orafa,AF - ISAC,0,"0,3",0," R$  0,30 ","0,00%","100,00%","0,00%",MTT,"-2,14"
08/06/2026,138239,Anna Trovão 17,AF - ISAC,0,"0,2",0," R$  0,20 ","0,00%","100,00%","0,00%",MTT,"2,48"
08/06/2026,145591,bratherPB,AF - ISAC,"0,06",0,0," R$  0,06 ","100,00%","0,00%","0,00%",NLH,"5,25"
08/06/2026,148579,AAllin?,AF - ISAC,0,2,0," R$  2,00 ","0,00%","100,00%","0,00%",MTT,"-18,92"
08/06/2026,148644,TalesGimenez,AF - ISAC,0,0,0, R$  -   ,,,,NLH,0
08/06/2026,149973,VI$AO,AF - ISAC,"6,36","1,8","3,93"," R$  12,09 ","52,61%","14,89%","32,51%",NLH,"-31,59"
08/06/2026,156750,calango,AF - ISAC,0,"0,1",0," R$  0,10 ","0,00%","100,00%","0,00%",MTT,-1
08/06/2026,169007,BrankinhoVidaLoka,AF - ISAC,0,"0,1",0," R$  0,10 ","0,00%","100,00%","0,00%",MTT,"46,17"
08/06/2026,170330,Sarochim10,AF - ISAC,0,"2,3",0," R$  2,30 ","0,00%","100,00%","0,00%",MTT,"-22,12"
08/06/2026,172400,Xumaca,AF - ISAC,0,0,"0,37"," R$  0,37 ","0,00%","0,00%","100,00%",PLO6,"-1,11"
08/06/2026,173754,TTrincA,AF - ISAC,0,"0,2",0," R$  0,20 ","0,00%","100,00%","0,00%",MTT,"-1,25"
08/06/2026,179751,devil may cry,AF - ISAC,0,0,0, R$  -   ,,,,NLH,0
08/06/2026,179753,bb204kk,AF - ISAC,0,"0,1","1,35"," R$  1,45 ","0,00%","6,90%","93,10%",PLO6,"1,03"
08/06/2026,179756,vampirão,AF - ISAC,0,"3,6","14,75"," R$  18,35 ","0,00%","19,62%","80,38%",PLO6,-40
08/06/2026,179759,fredykrueger,AF - ISAC,0,"0,6","2,77"," R$  3,37 ","0,00%","17,80%","82,20%",PLO6,"0,4"
08/06/2026,179760,repanga73,AF - ISAC,0,0,"18,77"," R$  18,77 ","0,00%","0,00%","100,00%",PLO6,0
08/06/2026,180525,mari3455,AF - ISAC,0,"0,6","0,47"," R$  1,07 ","0,00%","56,07%","43,93%",MTT,"4,03"
08/06/2026,184381,MANDA_PRA_CÁ,AF - ISAC,0,"0,4",0," R$  0,40 ","0,00%","100,00%","0,00%",MTT,"-1,11"
08/06/2026,195968,Trakinas,AF - ISAC,0,"0,8",0," R$  0,80 ","0,00%","100,00%","0,00%",MTT,-8
08/06/2026,195991,CAP_MAIA,AF - ISAC,"3,3",11,0," R$  14,30 ","23,08%","76,92%","0,00%",MTT,"-0,44"
08/06/2026,196198,pix196198,AF - ISAC,"0,43",0,"58,94"," R$  59,37 ","0,72%","0,00%","99,28%",PLO6,"-186,22"
08/06/2026,157300,mago.bet,AF - ISAC,"1,67","153,4",0," R$  155,07 ","1,08%","98,92%","0,00%",MTT,"-1038,44"
08/06/2026,157767,のちモ匕モ2,AF - ISAC,"49,55","118,16","1,36"," R$  169,07 ","29,31%","69,89%","0,80%",MTT,"-59,53"
08/06/2026,146742,Andrè P,AF - ISAC,0,0,"184,01"," R$  184,01 ","0,00%","0,00%","100,00%",PLO6,"609,92"
08/06/2026,127918,JC12,AF - ISAC,"0,41",4,"105,88"," R$  110,29 ","0,37%","3,63%","96,00%",PLO6,394
08/06/2026,125837,pix827372,AF - ISAC,"176,4","11,44","7,54"," R$  195,38 ","90,29%","5,86%","3,86%",NLH,"1014,58"
08/06/2026,144320,Fluxo.FX,AF - ISAC,"124,71",4,"20,5"," R$  149,21 ","83,58%","2,68%","13,74%",NLH,-627
08/06/2026,157218,Willian09,AF - ISAC,"1,06",0,"30,86"," R$  31,92 ","3,32%","0,00%","96,68%",PLO6,-50
08/06/2026,159721,PÉ Sujo,AF - ISAC,"50,64","52,5",0," R$  103,14 ","49,10%","50,90%","0,00%",MTT,"-108,1"
08/06/2026,193482,skylerpescador,AF - ISAC,"22,71",0,"21,97"," R$  44,68 ","50,83%","0,00%","49,17%",NLH,"143,38"
08/06/2026,134625,GILMRZ7,AF - ISAC,"5,11","0,7","5,78"," R$  11,59 ","44,09%","6,04%","49,87%",PLO6,-33
08/06/2026,172079,JPSaless,AF - ISAC,0,0,"134,9"," R$  134,90 ","0,00%","0,00%","100,00%",PLO6,-871
08/06/2026,146489,Visionário,AF - ISAC,0,"64,7","23,49"," R$  88,19 ","0,00%","73,36%","26,64%",MTT,"403,86"
08/06/2026,178296,Hawk,AF - ISAC,"24,17","2,3","0,9"," R$  27,37 ","88,31%","8,40%","3,29%",NLH,"-98,91"
08/06/2026,150707,Ramon Alencar,AF - ISAC,0,"15,3","226,94"," R$  242,24 ","0,00%","6,32%","93,68%",PLO6,"-297,67"
08/06/2026,153056,f3lliP1,AF - ISAC,"5,77","2,7","91,01"," R$  99,48 ","5,80%","2,71%","91,49%",PLO6,"94,22"
08/06/2026,172820,SapatoBranco,AF - ISAC,0,"5,6","1,44"," R$  7,04 ","0,00%","79,55%","20,45%",MTT,"-5,48"
08/06/2026,173010,ludjan,AF - ISAC,"10,95",2,"23,07"," R$  36,02 ","30,40%","5,55%","64,05%",PLO6,"26,16"
08/06/2026,143623,Lk_777,AF - ISAC,0,0,"34,7"," R$  34,70 ","0,00%","0,00%","100,00%",PLO6,-426
08/06/2026,120885,&&&&,AF - ISAC,0,"3,7","1,84"," R$  5,54 ","0,00%","66,79%","33,21%",MTT,"-56,12"
08/06/2026,164762,#007,AF - ISAC,"0,72","31,7",0," R$  32,42 ","2,22%","97,78%","0,00%",MTT,"-25,31"
08/06/2026,175290,L10,AF - ISAC,0,"4,7",0," R$  4,70 ","0,00%","100,00%","0,00%",MTT,-47
08/06/2026,158223,NIKE,AF - ISAC,0,"70,4",0," R$  70,40 ","0,00%","100,00%","0,00%",MTT,"340,01"
08/06/2026,136890,barakaplayer,AF - ISAC,0,0,"11,12"," R$  11,12 ","0,00%","0,00%","100,00%",PLO6,-138
08/06/2026,111358,elzenga420,AF - ISAC,0,0,0, R$  -   ,,,,NLH,0
08/06/2026,115734,RiverRat??,AF - ISAC,0,"0,1",0," R$  0,10 ","0,00%","100,00%","0,00%",MTT,-1
08/06/2026,135701,AVLIS,AF - ISAC,0,0,0, R$  -   ,,,,NLH,0
08/06/2026,145247,vem devagar,AF - ISAC,0,"0,2",0," R$  0,20 ","0,00%","100,00%","0,00%",MTT,"3,92"
08/06/2026,148138,Xurisbela,AF - ISAC,0,0,0, R$  -   ,,,,NLH,"4,25"
08/06/2026,148865,Kamila??,AF - ISAC,0,"6,4",0," R$  6,40 ","0,00%","100,00%","0,00%",MTT,"-30,53"
08/06/2026,159806,ÓBITO,AF - ISAC,"3,14",4,0," R$  7,14 ","43,98%","56,02%","0,00%",MTT,"-51,46"
08/06/2026,162422,Lucas Arantes,AF - ISAC,0,"1,3",0," R$  1,30 ","0,00%","100,00%","0,00%",MTT,"-12,07"
08/06/2026,165708,Jocker,AF - ISAC,"5,53","0,1","6,66"," R$  12,29 ","45,00%","0,81%","54,19%",PLO6,-16
08/06/2026,165725,DouglasAlmeida,AF - ISAC,0,0,0, R$  -   ,,,,NLH,0
08/06/2026,175007,SANTOS28,AF - ISAC,"0,73",1,0," R$  1,73 ","42,20%","57,80%","0,00%",MTT,"-21,68"
08/06/2026,175494,Pescador ?,AF - ISAC,"197,04",0,0," R$  197,04 ","100,00%","0,00%","0,00%",NLH,"-247,22"
08/06/2026,179075,Mendes_,AF - ISAC,0,"11,1",0," R$  11,10 ","0,00%","100,00%","0,00%",MTT,"-80,26"
08/06/2026,183094,azogo10,AF - ISAC,"5,97","12,7",0," R$  18,67 ","31,98%","68,02%","0,00%",MTT,"-122,38"
08/06/2026,186309,B?MB?L@D?,AF - ISAC,"5,05","5,5",0," R$  10,55 ","47,87%","52,13%","0,00%",MTT,-86
08/06/2026,187404,Alex Poatan ??,AF - ISAC,0,0,"1,02"," R$  1,02 ","0,00%","0,00%","100,00%",PLO6,"-1,48"
08/06/2026,192125,ReiDoFree,AF - ISAC,0,"0,1","0,27"," R$  0,37 ","0,00%","27,03%","72,97%",PLO6,"-2,19"
08/06/2026,193803,upacai,AF - ISAC,"62,27",0,0," R$  62,27 ","100,00%","0,00%","0,00%",NLH,"-124,82"
08/06/2026,195641,ReiDaCallErrada,AF - ISAC,0,0,0, R$  -   ,,,,NLH,0
08/06/2026,153389,Mrperez,AF - ISAC,0,"5,7","0,76"," R$  6,46 ","0,00%","88,24%","11,76%",MTT,"-60,92"
08/06/2026,193487,B10poker,AF - ISAC,0,"0,5",0," R$  0,50 ","0,00%","100,00%","0,00%",MTT,-5
08/06/2026,179839,scan7,AF - ISAC,"12,08",0,0," R$  12,08 ","100,00%","0,00%","0,00%",NLH,"-30,21"
08/06/2026,181112,dafugaa,AF - ISAC,"11,53",0,0," R$  11,53 ","100,00%","0,00%","0,00%",NLH,-86
08/06/2026,109124,Brunoovieir_,AF - ISAC,0,"4,2","13,03"," R$  17,23 ","0,00%","24,38%","75,62%",PLO6,"21,94"
08/06/2026,110891,Gael808,AF - ISAC,"0,07","4,5",0," R$  4,57 ","1,53%","98,47%","0,00%",MTT,"-44,78"
08/06/2026,113629,ernesto94,AF - ISAC,0,0,0, R$  -   ,,,,NLH,0
08/06/2026,139827,Eddyoliveira,AF - ISAC,0,0,0, R$  -   ,,,,NLH,"0,73"
08/06/2026,165123,Fr0?D,AF - ISAC,"39,96","3,66",0," R$  43,62 ","91,61%","8,39%","0,00%",NLH,98
08/06/2026,166672,Professor!,AF - ISAC,"2,01",0,0," R$  2,01 ","100,00%","0,00%","0,00%",NLH,-9
08/06/2026,168605,PlayBorges,AF - ISAC,0,0,0, R$  -   ,,,,NLH,0
08/06/2026,169004,zoin___bala,AF - ISAC,0,0,0, R$  -   ,,,,NLH,0
08/06/2026,180867,Bocao,AF - ISAC,0,"0,2",0," R$  0,20 ","0,00%","100,00%","0,00%",MTT,"-0,95"
08/06/2026,183598,DSoares,AF - ISAC,0,0,0, R$  -   ,,,,NLH,0
08/06/2026,192048,kauaaugustto,AF - ISAC,0,"3,6",0," R$  3,60 ","0,00%","100,00%","0,00%",MTT,"-35,27"
08/06/2026,136655,IAAUUUUUU,AF - ISAC,0,"24,5","138,65"," R$  163,15 ","0,00%","15,02%","84,98%",PLO6,142
08/06/2026,156590,DimKenney,AF - ISAC,0,"10,1",0," R$  10,10 ","0,00%","100,00%","0,00%",MTT,"-48,07"
08/06/2026,181583,faguirre,AF - ISAC,0,"7,26",0," R$  7,26 ","0,00%","100,00%","0,00%",MTT,"65,23"
08/06/2026,160088,DANGER,AF - ISAC,"98,49","32,1","221,8"," R$  352,39 ","27,95%","9,11%","62,94%",PLO6,"369,93"
08/06/2026,103605,Eu_Amorim,AF - ISAC,0,0,0, R$  -   ,,,,NLH,"1,29"
08/06/2026,127627,Cristiano Ronaldo.,AF - ISAC,0,0,0, R$  -   ,,,,NLH,0
08/06/2026,131627,Lucas Davi,AF - ISAC,"1,08","0,1",0," R$  1,18 ","91,53%","8,47%","0,00%",NLH,-12
08/06/2026,171025,Kauancria244,AF - ISAC,"9,92",1,0," R$  10,92 ","90,84%","9,16%","0,00%",NLH,"-101,47"
08/06/2026,180007,pix180007,AF - ISAC,0,0,0, R$  -   ,,,,NLH,0
08/06/2026,187086,usainfold,AF - ISAC,"1,08","0,8","10,89"," R$  12,77 ","8,46%","6,26%","85,28%",PLO6,"-117,64"
08/06/2026,169027,joao013,AF - ISAC,"13,03","0,9",0," R$  13,93 ","93,54%","6,46%","0,00%",NLH,"-65,58"
08/06/2026,178656,PH777,AF - ISAC,"1,87","0,3",0," R$  2,17 ","86,18%","13,82%","0,00%",NLH,"-2,9"
08/06/2026,183511,dafuga,AF - ISAC,"1,1",0,"0,79"," R$  1,89 ","58,20%","0,00%","41,80%",NLH,-25
08/06/2026,155732,gomezzz,AF - ISAC,0,0,"5,83"," R$  5,83 ","0,00%","0,00%","100,00%",PLO6,-30
08/06/2026,158081,NICK,AF - ISAC,0,"6,9","72,7"," R$  79,60 ","0,00%","8,67%","91,33%",PLO6,-120
08/06/2026,157482,XXMECCIN10,AF - ISAC,0,0,0, R$  -   ,,,,NLH,0
08/06/2026,164212,pix164212,AF - ISAC,0,0,0, R$  -   ,,,,NLH,0
08/06/2026,164213,pix164213,AF - ISAC,0,0,0, R$  -   ,,,,NLH,0
08/06/2026,175841,Lacerd1nha flush,AF - ISAC,0,0,0, R$  -   ,,,,NLH,0
08/06/2026,175064,oCalvoDoPoker,AF - ISAC,0,"51,6",0," R$  51,60 ","0,00%","100,00%","0,00%",MTT,"-114,24"
08/06/2026,147068,FRANK,AF - ISAC,0,0,"2,16"," R$  2,16 ","0,00%","0,00%","100,00%",PLO6,-37
08/06/2026,153375,MrDemite,AF - ISAC,"0,15","18,96",0," R$  19,11 ","0,78%","99,22%","0,00%",MTT,"45,1"
08/06/2026,182585,Carneiro?,AF - ISAC,0,"105,2",0," R$  105,20 ","0,00%","100,00%","0,00%",MTT,"135,25"
08/06/2026,159310,Dimenor__,AF - ISAC,0,"1,7","42,75"," R$  44,45 ","0,00%","3,82%","96,18%",PLO6,"103,82"
08/06/2026,148886,AA007,AF - ISAC,"7,78",0,"0,01"," R$  7,79 ","99,87%","0,00%","0,13%",NLH,-62
08/06/2026,134166,LincolnLau,AF - ISAC,0,"1,15","26,08"," R$  27,23 ","0,00%","4,22%","95,78%",PLO6,"-209,89"
08/06/2026,123432,chucaku,AF - ISAC,0,0,"0,73"," R$  0,73 ","0,00%","0,00%","100,00%",PLO6,0
08/06/2026,164419,TchauBozo,AF - ISAC,0,"0,1",0," R$  0,10 ","0,00%","100,00%","0,00%",MTT,-1
08/06/2026,172110,JACAREZINHO,AF - ISAC,"2,38",0,0," R$  2,38 ","100,00%","0,00%","0,00%",NLH,0
08/06/2026,177361,carolinajj,AF - ISAC,0,0,0, R$  -   ,,,,NLH,0
08/06/2026,159013,BiGoodOfWar,AF - ISAC,"6,07","54,7",0," R$  60,77 ","9,99%","90,01%","0,00%",MTT,"-33,8"
08/06/2026,177051,A2All-in,AF - ISAC,0,0,0, R$  -   ,,,,NLH,0
08/06/2026,178711,JapaPoker,AF - ISAC,0,0,0, R$  -   ,,,,NLH,0
08/06/2026,102273,MARCONDES,AF - ISAC,"1,04","38,7",0," R$  39,74 ","2,62%","97,38%","0,00%",MTT,"-319,52"
08/06/2026,180131,PARAÍBA,AF - ISAC,0,"9,6","78,29"," R$  87,89 ","0,00%","10,92%","89,08%",PLO6,-370
08/06/2026,181666,marvinea,AF - ISAC,0,"58,5","39,34"," R$  97,84 ","0,00%","59,79%","40,21%",MTT,338
08/06/2026,136196,Storo,AF - ISAC,0,"2,4","1,27"," R$  3,67 ","0,00%","65,40%","34,60%",MTT,-103
08/06/2026,160177,henrry,AF - ISAC,0,"0,8","2,68"," R$  3,48 ","0,00%","22,99%","77,01%",PLO6,-33
08/06/2026,145975,Maverick81,AF - ISAC,0,16,0," R$  16,00 ","0,00%","100,00%","0,00%",MTT,"-159,36"
08/06/2026,169656,@Rob,AF - ISAC,0,"0,1",0," R$  0,10 ","0,00%","100,00%","0,00%",MTT,-1
08/06/2026,159078,Hallz,AF - ISAC,0,0,0, R$  -   ,,,,NLH,0
08/06/2026,178427,Rudii01,AF - ISAC,0,0,0, R$  -   ,,,,NLH,0
08/06/2026,132058,DELICI0,AF - ISAC,0,"0,1",0," R$  0,10 ","0,00%","100,00%","0,00%",MTT,"-0,25"
08/06/2026,146445,S4FADA0,AF - ISAC,0,"0,1",0," R$  0,10 ","0,00%","100,00%","0,00%",MTT,-1
08/06/2026,136921,JokerBluff9,AF - ISAC,0,"2,2","12,39"," R$  14,59 ","0,00%","15,08%","84,92%",PLO6,-40
08/06/2026,138562,BPOTY,AF - ISAC,0,"3,5","28,57"," R$  32,07 ","0,00%","10,91%","89,09%",PLO6,"-106,36"
08/06/2026,172191,Pru Pru,AF - ISAC,"6,91","4,9","55,57"," R$  67,38 ","10,26%","7,27%","82,47%",PLO6,"153,15"
08/06/2026,183259,Glockboy,AF - ISAC,0,"2,1",0," R$  2,10 ","0,00%","100,00%","0,00%",MTT,-21
08/06/2026,149857,Bignutela,AF - ISAC,"3,62",0,0," R$  3,62 ","100,00%","0,00%","0,00%",NLH,"-38,81"
08/06/2026,139283,sai do meio,AF - ISAC,"0,28",5,0," R$  5,28 ","5,30%","94,70%","0,00%",MTT,-54
08/06/2026,147991,BateuAsNossa,AF - ISAC,0,"2,2","4,62"," R$  6,82 ","0,00%","32,26%","67,74%",PLO6,-77
08/06/2026,193623,Jgabriel,AF - ISAC,"2,29",0,0," R$  2,29 ","100,00%","0,00%","0,00%",NLH,"-15,36"
08/06/2026,151080,@thaleslima7,AF - ISAC,0,0,0, R$  -   ,,,,NLH,0
08/06/2026,176196,carolll,AF - ISAC,0,0,0, R$  -   ,,,,NLH,0
08/06/2026,185102,Gabriel M,AF - ISAC,0,1,0," R$  1,00 ","0,00%","100,00%","0,00%",MTT,0
08/06/2026,124313,philippebarone,AF - ISAC,0,0,0, R$  -   ,,,,NLH,0
08/06/2026,180453,chapado?,AF - ISAC,"42,78",0,"56,83"," R$  99,61 ","42,95%","0,00%","57,05%",PLO6,-310
08/06/2026,196539,Harry Kane ?,AF - ISAC,0,"39,7","46,24"," R$  85,94 ","0,00%","46,20%","53,80%",PLO6,-674
08/06/2026,135383,thxmx,AF - ISAC,0,0,"12,43"," R$  12,43 ","0,00%","0,00%","100,00%",PLO6,-100
08/06/2026,160496,joker?,AF - ISAC,"1,66",0,0," R$  1,66 ","100,00%","0,00%","0,00%",NLH,-8
08/06/2026,165906,reservapoker,AF - ISAC,0,"23,8","19,22"," R$  43,02 ","0,00%","55,32%","44,68%",MTT,"589,25"
08/06/2026,123684,Batagin,AF - ISAC,0,3,0," R$  3,00 ","0,00%","100,00%","0,00%",MTT,-30
08/06/2026,138224,Moabe Soares,AF - ISAC,"0,83",0,"24,33"," R$  25,16 ","3,30%","0,00%","96,70%",PLO6,"-82,51"
08/06/2026,154740,Papai Smurf,AF - ISAC,0,0,0, R$  -   ,,,,NLH,0
08/06/2026,160050,symphony of death,AF - ISAC,0,0,0, R$  -   ,,,,NLH,0
08/06/2026,164427,ESCOBAR GANILHA,AF - ISAC,0,0,0, R$  -   ,,,,NLH,0
08/06/2026,174562,bafim de bode,AF - ISAC,0,0,0, R$  -   ,,,,NLH,0
08/06/2026,190586,JuniorHawk,AF - ISAC,0,0,0, R$  -   ,,,,NLH,0
08/06/2026,195297,pix195297,AF - ISAC,0,0,0, R$  -   ,,,,NLH,0
08/06/2026,184138,.??.,AF - ISAC,"5,22",0,0," R$  5,22 ","100,00%","0,00%","0,00%",NLH,-11
08/06/2026,122562,Richelly,AF - ISAC,0,0,0, R$  -   ,,,,NLH,0
08/06/2026,127634,BROC4D0R,AF - ISAC,0,0,0, R$  -   ,,,,NLH,0
08/06/2026,136024,EL GATURNO,AF - ISAC,0,0,0, R$  -   ,,,,NLH,0
08/06/2026,171064,valmp7,AF - ISAC,0,0,0, R$  -   ,,,,NLH,0
08/06/2026,152070,PlinioMacedo,AF - ISAC,"0,23",0,"3,62"," R$  3,85 ","5,97%","0,00%","94,03%",PLO6,"-30,74"
08/06/2026,179907,Lulabolusco,AF - ISAC,"3,43",0,"2,51"," R$  5,94 ","57,74%","0,00%","42,26%",NLH,-55
08/06/2026,194858,unrealgio,AF - ISAC,"2,24",0,0," R$  2,24 ","100,00%","0,00%","0,00%",NLH,"-11,67"
08/06/2026,149929,AlexPoker1337,AF - ISAC,"2,39",0,0," R$  2,39 ","100,00%","0,00%","0,00%",NLH,-15
08/06/2026,134283,D〽?,AF - ISAC,0,0,0, R$  -   ,,,,NLH,0
08/06/2026,153463,RyanGay,AF - ISAC,0,0,0, R$  -   ,,,,NLH,0
08/06/2026,172829,Alison Martins,AF - ISAC,0,0,0, R$  -   ,,,,NLH,0
08/06/2026,178585,AlineHawk,AF - ISAC,0,0,0, R$  -   ,,,,NLH,0
08/06/2026,148101,Ctenorio,AF - ISAC,"2,49",0,0," R$  2,49 ","100,00%","0,00%","0,00%",NLH,"10,78"
08/06/2026,193540,Tony.S,AF - ISAC,0,0,"10,6"," R$  10,60 ","0,00%","0,00%","100,00%",PLO6,"-88,96"
08/06/2026,153278,Amanhã,AF - ISAC,0,0,0, R$  -   ,,,,NLH,0
08/06/2026,148906,Carlosmelo,AF - ISAC,0,1,0," R$  1,00 ","0,00%","100,00%","0,00%",MTT,-10
08/06/2026,157769,vpzera,AF - LEANDRO,0,"14,96","26,97"," R$  41,93 ","0,00%","35,68%","64,32%",PLO6,-183
08/06/2026,138504,Pilantragem,AF - LEANDRO,0,"4,9","443,46"," R$  448,36 ","0,00%","1,09%","98,91%",PLO6,"213,9"
08/06/2026,112206,thebest,AF - LEANDRO,0,0,"28,95"," R$  28,95 ","0,00%","0,00%","100,00%",PLO6,"-151,61"
08/06/2026,152368,TôNemAÍ,AF - LEANDRO,0,"52,7","43,41"," R$  96,11 ","0,00%","54,83%","45,17%",MTT,"393,5"
08/06/2026,140127,xxxtentactionxxx,AF - LEANDRO,0,0,"20,47"," R$  20,47 ","0,00%","0,00%","100,00%",PLO6,"-122,12"
08/06/2026,125576,Sdcam011,AF - LEANDRO,"4,63","1,2",0," R$  5,83 ","79,42%","20,58%","0,00%",NLH,-20
08/06/2026,148508,atrevido,AF - LEANDRO,0,0,0, R$  -   ,,,,NLH,0
08/06/2026,156730,atrevido3,AF - LEANDRO,0,"1,6","8,2"," R$  9,80 ","0,00%","16,33%","83,67%",PLO6,"-64,91"
08/06/2026,114406,perna longa,AF - LEANDRO,"0,02","0,7","110,35"," R$  111,07 ","0,02%","0,63%","99,35%",PLO6,"33,25"
08/06/2026,151420,devil,AF - LEANDRO,"0,31",0,"98,11"," R$  98,42 ","0,31%","0,00%","99,69%",PLO6,-724
08/06/2026,159067,Brenooo,AF - LEANDRO,0,1,"16,86"," R$  17,86 ","0,00%","5,60%","94,40%",PLO6,-32
08/06/2026,110187,pix110187,AF - LEANDRO,"30,38","1,6","87,1"," R$  119,08 ","25,51%","1,34%","73,14%",PLO6,-299
08/06/2026,141811,godobuceta??,AF - LEANDRO,"100,04",0,"3,76"," R$  103,80 ","96,38%","0,00%","3,62%",NLH,"240,69"
08/06/2026,143578,Drxx,AF - LEANDRO,"19,12","40,15",0," R$  59,27 ","32,26%","67,74%","0,00%",MTT,315
08/06/2026,151379,Garel?,AF - LEANDRO,"30,1",0,0," R$  30,10 ","100,00%","0,00%","0,00%",NLH,64
08/06/2026,152328,ALEMDALOMBRA??,AF - LEANDRO,"72,92",0,0," R$  72,92 ","100,00%","0,00%","0,00%",NLH,"249,26"
08/06/2026,164147,DavidRam,AF - LEANDRO,"104,51",0,0," R$  104,51 ","100,00%","0,00%","0,00%",NLH,"240,15"
08/06/2026,171573,Gabriel.Lacerda,AF - LEANDRO,"107,12","0,6","7,09"," R$  114,81 ","93,30%","0,52%","6,18%",NLH,-344
08/06/2026,176575,Vela,AF - LEANDRO,"70,95",0,0," R$  70,95 ","100,00%","0,00%","0,00%",NLH,"767,53"
08/06/2026,179740,energyronald,AF - LEANDRO,"29,73",0,0," R$  29,73 ","100,00%","0,00%","0,00%",NLH,"-11,75"
08/06/2026,165787,PRA SEMPRE GANLEY,AF - LEANDRO,"1,24",1,"21,32"," R$  23,56 ","5,26%","4,24%","90,49%",PLO6,-148
08/06/2026,151135,tutu151135,AF - LEANDRO,"10,94",0,"20,98"," R$  31,92 ","34,27%","0,00%","65,73%",PLO6,"-15,56"
08/06/2026,139476,willamys,AF - LEANDRO,"54,7",0,"353,42"," R$  408,12 ","13,40%","0,00%","86,60%",PLO6,-1548
08/06/2026,150696,Derel?,AF - LEANDRO,"42,6",0,0," R$  42,60 ","100,00%","0,00%","0,00%",NLH,"-44,86"
08/06/2026,159464,Mineirinho18,AF - LEANDRO,"50,31","1,3",0," R$  51,61 ","97,48%","2,52%","0,00%",NLH,"-130,08"
08/06/2026,149115,carlito157,AF - LEANDRO,0,0,"240,29"," R$  240,29 ","0,00%","0,00%","100,00%",PLO6,"-433,4"
08/06/2026,141565,shameless,AF - LEANDRO,"61,46",1,"29,29"," R$  91,75 ","66,99%","1,09%","31,92%",NLH,"-276,98"
08/06/2026,151970,METEORO,AF - LEANDRO,0,0,"26,77"," R$  26,77 ","0,00%","0,00%","100,00%",PLO6,"44,85"
08/06/2026,108942,Galhego,AF - LEANDRO,"11,82",0,"35,59"," R$  47,41 ","24,93%","0,00%","75,07%",PLO6,"-179,09"
08/06/2026,114556,Santista Roxo,AF - LEANDRO,0,0,0, R$  -   ,,,,NLH,0
08/06/2026,140016,T. Shelby,AF - LEANDRO,"0,52","11,65","4,62"," R$  16,79 ","3,10%","69,39%","27,52%",MTT,"-29,61"
08/06/2026,145256,FabrícioVoctor,AF - LEANDRO,0,0,0, R$  -   ,,,,NLH,0
08/06/2026,146053,MANDALORIAN-146053,AF - LEANDRO,0,"0,4",0," R$  0,40 ","0,00%","100,00%","0,00%",MTT,-4
08/06/2026,155377,GabrielFallett,AF - LEANDRO,0,0,0, R$  -   ,,,,NLH,0
08/06/2026,156079,Alyson01,AF - LEANDRO,"0,3","2,1",0," R$  2,40 ","12,50%","87,50%","0,00%",MTT,"-8,01"
08/06/2026,157379,eufrazio07,AF - LEANDRO,0,2,"17,17"," R$  19,17 ","0,00%","10,43%","89,57%",PLO6,-71
08/06/2026,162734,abdujaballl,AF - LEANDRO,0,0,0, R$  -   ,,,,NLH,0
08/06/2026,165311,boruto,AF - LEANDRO,0,0,0, R$  -   ,,,,NLH,0
08/06/2026,172006,Nolan,AF - LEANDRO,0,"0,1",0," R$  0,10 ","0,00%","100,00%","0,00%",MTT,-1
08/06/2026,107566,BruxoAl,AF - LEANDRO,"3,31","59,35",0," R$  62,66 ","5,28%","94,72%","0,00%",MTT,"-155,75"
08/06/2026,127645,Erick Vinny,AF - LEANDRO,"1,01","0,1",0," R$  1,11 ","90,99%","9,01%","0,00%",NLH,-4
08/06/2026,136662,PERICANO,AF - LEANDRO,0,"0,3",0," R$  0,30 ","0,00%","100,00%","0,00%",MTT,-3
08/06/2026,164403,uzucrack,AF - LEANDRO,"16,15","1,1",0," R$  17,25 ","93,62%","6,38%","0,00%",NLH,"-52,77"
08/06/2026,119181,AstecK,AF - LEANDRO,"10,66",0,0," R$  10,66 ","100,00%","0,00%","0,00%",NLH,"-45,08"
08/06/2026,158350,ZE ON,AF - LEANDRO,"22,06",0,"12,05"," R$  34,11 ","64,67%","0,00%","35,33%",NLH,-128
08/06/2026,130760,B L O S,AF - LEANDRO,0,24,"72,1"," R$  96,10 ","0,00%","24,97%","75,03%",PLO6,-610
08/06/2026,152313,JP777,AF - LEANDRO,0,"9,1",0," R$  9,10 ","0,00%","100,00%","0,00%",MTT,"-85,88"
08/06/2026,138513,A chibata neste,AF - LEANDRO,"210,18",0,0," R$  210,18 ","100,00%","0,00%","0,00%",NLH,-372
08/06/2026,121205,nylmar,AF - LEANDRO,0,"4,2",0," R$  4,20 ","0,00%","100,00%","0,00%",MTT,-42
08/06/2026,126685,donjuan,AF - LEANDRO,0,0,0, R$  -   ,,,,NLH,0
08/06/2026,128825,pix128825,AF - LEANDRO,0,"0,1",0," R$  0,10 ","0,00%","100,00%","0,00%",MTT,-1
08/06/2026,144856,RaffaJoker,AF - LEANDRO,0,0,0, R$  -   ,,,,NLH,0
08/06/2026,153757,jaironmachado,AF - LEANDRO,0,0,"0,46"," R$  0,46 ","0,00%","0,00%","100,00%",PLO6,"-0,04"
08/06/2026,168454,G2___,AF - LEANDRO,0,0,0, R$  -   ,,,,NLH,0
08/06/2026,125886,RETALIADOR,AF - LEANDRO,0,"1,64","67,16"," R$  68,80 ","0,00%","2,38%","97,62%",PLO6,-205
08/06/2026,133735,Balodinhosx777,AF - LEANDRO,0,0,"23,1"," R$  23,10 ","0,00%","0,00%","100,00%",PLO6,59
08/06/2026,158000,MoRPhEo,AF - LEANDRO,"20,93",0,0," R$  20,93 ","100,00%","0,00%","0,00%",NLH,"34,63"
08/06/2026,116003,Raul do taxi,AF - LEANDRO,0,0,0, R$  -   ,,,,NLH,0
08/06/2026,143463,@BATE ESTACA,AF - LEANDRO,0,0,0, R$  -   ,,,,NLH,0
08/06/2026,144695,MagnusAKarlsen,AF - LEANDRO,0,0,0, R$  -   ,,,,NLH,0
08/06/2026,164460,J h o n z i n h o10k,AF - LEANDRO,0,"4,2","35,51"," R$  39,71 ","0,00%","10,58%","89,42%",PLO6,-46
08/06/2026,140434,Risotto,AF - LEANDRO,"2,09",0,0," R$  2,09 ","100,00%","0,00%","0,00%",NLH,"-30,1"
08/06/2026,163807,xaganais,AF - LEANDRO,"6,63",0,0," R$  6,63 ","100,00%","0,00%","0,00%",NLH,-53
08/06/2026,129998,Gengis Khan,AF - LEANDRO,"16,25",0,0," R$  16,25 ","100,00%","0,00%","0,00%",NLH,"-34,46"
08/06/2026,130833,joakspk,AF - LEANDRO,0,0,0, R$  -   ,,,,NLH,0
08/06/2026,170781,Ester S,AF - LEANDRO,0,0,0, R$  -   ,,,,NLH,0
08/06/2026,172717,bicarbonato,AF - LEANDRO,0,0,"4,02"," R$  4,02 ","0,00%","0,00%","100,00%",PLO6,"51,22"
08/06/2026,156755,motocó?,AF - LEANDRO,0,0,"14,23"," R$  14,23 ","0,00%","0,00%","100,00%",PLO6,-109
08/06/2026,135735,Tchamba,AF - LEANDRO,0,0,"49,06"," R$  49,06 ","0,00%","0,00%","100,00%",PLO6,"89,38"
08/06/2026,165375,SAROBEIRO ?,AF - LEANDRO,"27,39","0,1","83,46"," R$  110,95 ","24,69%","0,09%","75,22%",PLO6,"-131,88"
08/06/2026,117424,Kagê ?,AF - LEANDRO,"4,5",0,"9,44"," R$  13,94 ","32,28%","0,00%","67,72%",PLO6,"-185,64"
08/06/2026,156447,QuebraBanca,AF - LEANDRO,"8,76",0,0," R$  8,76 ","100,00%","0,00%","0,00%",NLH,"-97,49"
08/06/2026,170947,vofoldar,AF - LEANDRO,0,"13,6","8,23"," R$  21,83 ","0,00%","62,30%","37,70%",MTT,-157
08/06/2026,159010,MESTRESHEIK,AF - LEANDRO,0,0,0, R$  -   ,,,,NLH,0
08/06/2026,139541,Boca,AF - LEANDRO,"2,97","7,6","59,85"," R$  70,42 ","4,22%","10,79%","84,99%",PLO6,"-208,76"
08/06/2026,194205,pix194205,AF - LEANDRO,0,0,"2,77"," R$  2,77 ","0,00%","0,00%","100,00%",PLO6,-50
08/06/2026,111763,patifari@ poker,AF - LEANDRO,"14,68","48,9",0," R$  63,58 ","23,09%","76,91%","0,00%",MTT,"258,95"
08/06/2026,151540,marvin.oli,AF - LEANDRO,"1,48",0,0," R$  1,48 ","100,00%","0,00%","0,00%",NLH,"-5,13"
08/06/2026,162657,xiiu,AF - LEANDRO,"6,98",0,0," R$  6,98 ","100,00%","0,00%","0,00%",NLH,"-13,07"
08/06/2026,156687,dreher,AF - LEANDRO,0,"1,8",0," R$  1,80 ","0,00%","100,00%","0,00%",MTT,-18
08/06/2026,153698,Ojuara??,AF - LEANDRO,0,"13,5",0," R$  13,50 ","0,00%","100,00%","0,00%",MTT,-135
08/06/2026,167825,pix167825,AF - LEANDRO,0,0,0, R$  -   ,,,,NLH,0
08/06/2026,132060,GAAALLLOOOOOOOOO,AF - LEANDRO,0,0,0, R$  -   ,,,,NLH,0
08/06/2026,162745,TOMATao,AF - LEANDRO,0,0,"0,05"," R$  0,05 ","0,00%","0,00%","100,00%",PLO6,"-1,1"
08/06/2026,177738,Clarinha157,AF - LEANDRO,"1,77",0,0," R$  1,77 ","100,00%","0,00%","0,00%",NLH,"-12,75"
08/06/2026,129294,Moraes14,AF - LEANDRO,0,"5,4",0," R$  5,40 ","0,00%","100,00%","0,00%",MTT,"156,31"
08/06/2026,146222,YpiokAA,AF - LEANDRO,0,0,"113,03"," R$  113,03 ","0,00%","0,00%","100,00%",PLO6,264
08/06/2026,130941,gordo35,AF - LEANDRO,"66,17",1,0," R$  67,17 ","98,51%","1,49%","0,00%",NLH,"-210,73"
08/06/2026,160798,necrótico?,AF - LEANDRO,"30,07","11,6","1,08"," R$  42,75 ","70,34%","27,13%","2,53%",NLH,"-55,21"
08/06/2026,113634,jaguatirica,AF - LEANDRO,0,0,0, R$  -   ,,,,NLH,0
08/06/2026,153141,Arthur2mm,AF - LEANDRO,0,0,0, R$  -   ,,,,NLH,0
08/06/2026,127065,Mlk pródigyo,AF - LEANDRO,0,"0,5",0," R$  0,50 ","0,00%","100,00%","0,00%",MTT,-5
08/06/2026,150617,urameshi,AF - LEANDRO,0,"2,1",0," R$  2,10 ","0,00%","100,00%","0,00%",MTT,"-15,2"
08/06/2026,150298,Msanto,AF - LEANDRO,"2,33",0,0," R$  2,33 ","100,00%","0,00%","0,00%",NLH,-35
08/06/2026,171775,Popo2519,AF - LEANDRO,0,"8,1",0," R$  8,10 ","0,00%","100,00%","0,00%",MTT,-81
08/06/2026,173800,Chagass,AF - LEANDRO,0,"0,5",0," R$  0,50 ","0,00%","100,00%","0,00%",MTT,-5
08/06/2026,136433,Lebr0n,AF - LEANDRO,0,0,0, R$  -   ,,,,NLH,0
08/06/2026,180159,JOT4ÉRRE,AF - LEANDRO,0,"1,2",0," R$  1,20 ","0,00%","100,00%","0,00%",MTT,-12
08/06/2026,138374,pix138374,AF - LEANDRO,0,0,0, R$  -   ,,,,NLH,0
08/06/2026,153963,Bandeira10,AF - LEANDRO,0,1,0," R$  1,00 ","0,00%","100,00%","0,00%",MTT,-10
08/06/2026,124769,akariount,AF - LEANDRO,0,0,"1,23"," R$  1,23 ","0,00%","0,00%","100,00%",PLO6,-4
08/06/2026,139265,DiegoPicaPau,AF - LEANDRO,0,"3,8","2,15"," R$  5,95 ","0,00%","63,87%","36,13%",MTT,"-54,03"
08/06/2026,180200,WilsonB,AF - LEANDRO,0,7,0," R$  7,00 ","0,00%","100,00%","0,00%",MTT,-70
08/06/2026,119859,bielzera,AF - LEANDRO,0,0,"2,86"," R$  2,86 ","0,00%","0,00%","100,00%",PLO6,-15
08/06/2026,156671,pix4356,AF - LEANDRO,"3,67",0,"16,66"," R$  20,33 ","18,05%","0,00%","81,95%",PLO6,"-190,97"
08/06/2026,139289,JoaoAdibe,AF - LEANDRO,0,0,"13,24"," R$  13,24 ","0,00%","0,00%","100,00%",PLO6,"-250,97"
08/06/2026,157533,Naro,AF - LEANDRO,0,0,0, R$  -   ,,,,NLH,0
08/06/2026,110674,Chavoso,AF - LEANDRO,"2,01",0,0," R$  2,01 ","100,00%","0,00%","0,00%",NLH,-10
08/06/2026,167302,DrOpenHeimer,AF - LEANDRO,0,0,0, R$  -   ,,,,NLH,0
08/06/2026,158491,L.ALCEU,AF - RAFAEL MENEZES,"14,6","210,36","1,16"," R$  226,12 ","6,46%","93,03%","0,51%",MTT,"-1478,97"
08/06/2026,127609,Andreza Marques,AF - RAFAEL MENEZES,"15,61",13,"51,88"," R$  80,49 ","19,39%","16,15%","64,46%",PLO6,"-86,38"
08/06/2026,151678,guijucca,AF - RAFAEL MENEZES,0,"1,54","20,54"," R$  22,08 ","0,00%","6,97%","93,03%",PLO6,"-65,83"
08/06/2026,127736,LAPAPODS,AF - RAFAEL MENEZES,0,0,"521,35"," R$  521,35 ","0,00%","0,00%","100,00%",PLO6,"-1222,88"
08/06/2026,146449,Sem flertar AA,AF - RAFAEL MENEZES,"5,65","13,4","175,14"," R$  194,19 ","2,91%","6,90%","90,19%",PLO6,-310
08/06/2026,174141,Fold fácil,AF - RAFAEL MENEZES,0,"57,3","56,27"," R$  113,57 ","0,00%","50,45%","49,55%",MTT,"172,51"
08/06/2026,113106,Ademar,AF - RAFAEL MENEZES,"197,72",0,"2,9"," R$  200,62 ","98,55%","0,00%","1,45%",NLH,"-174,57"
08/06/2026,180730,Wanessa,AF - RAFAEL MENEZES,0,12,0," R$  12,00 ","0,00%","100,00%","0,00%",MTT,"-57,55"
08/06/2026,144311,Robson#@,AF - RAFAEL MENEZES,"0,96","64,16",0," R$  65,12 ","1,47%","98,53%","0,00%",MTT,"-298,84"
08/06/2026,159869,Lá e Loa ?,AF - RAFAEL MENEZES,"310,28","75,8",5," R$  391,08 ","79,34%","19,38%","1,28%",NLH,"-220,96"
08/06/2026,124326,Kabula_13,AF - RAFAEL MENEZES,"169,79",0,0," R$  169,79 ","100,00%","0,00%","0,00%",NLH,"-75,02"
08/06/2026,174154,Mallory.,AF - RAFAEL MENEZES,0,0,"0,71"," R$  0,71 ","0,00%","0,00%","100,00%",PLO6,"-10,08"
08/06/2026,125347,Padre Gato,AF - RAFAEL MENEZES,0,0,"483,79"," R$  483,79 ","0,00%","0,00%","100,00%",PLO6,"-1115,81"
08/06/2026,132222,Xp zero02,AF - RAFAEL MENEZES,0,"37,7",0," R$  37,70 ","0,00%","100,00%","0,00%",MTT,"329,09"
08/06/2026,170454,Nivaldo bad,AF - RAFAEL MENEZES,0,"21,3",0," R$  21,30 ","0,00%","100,00%","0,00%",MTT,"-64,75"
08/06/2026,165516,aa énuts,AF - RAFAEL MENEZES,"11,5","2,96",0," R$  14,46 ","79,53%","20,47%","0,00%",NLH,"-59,15"
08/06/2026,131619,GabrielDealer?,AF - RAFAEL MENEZES,0,0,"24,78"," R$  24,78 ","0,00%","0,00%","100,00%",PLO6,-100
08/06/2026,164687,PatrickCWB,AF - RAFAEL MENEZES,"0,2","0,1",0," R$  0,30 ","66,67%","33,33%","0,00%",NLH,"9,8"
08/06/2026,181789,Epson Júnior,AF - RAFAEL MENEZES,0,0,0, R$  -   ,,,,NLH,0
08/06/2026,164248,D1EG0,AF - RAFAEL MENEZES,0,"6,2",0," R$  6,20 ","0,00%","100,00%","0,00%",MTT,"100,72"
08/06/2026,104665,Lima2115,AF - RAFAEL MENEZES,0,0,"18,85"," R$  18,85 ","0,00%","0,00%","100,00%",PLO6,-26
08/06/2026,147891,PeruBanguelo,AF - RAFAEL MENEZES,0,"3,3",0," R$  3,30 ","0,00%","100,00%","0,00%",MTT,-33
08/06/2026,193592,nossaaaa,AF - RAFAEL MENEZES,0,"7,4",0," R$  7,40 ","0,00%","100,00%","0,00%",MTT,-74
08/06/2026,151946,Maracajá,AF - RAFAEL MENEZES,"23,28",0,0," R$  23,28 ","100,00%","0,00%","0,00%",NLH,-50
08/06/2026,131655,leolima,AF - RAFAEL MENEZES,0,"0,1",0," R$  0,10 ","0,00%","100,00%","0,00%",MTT,-1
08/06/2026,179215,ChavesCWB,AF - RAFAEL MENEZES,0,0,0, R$  -   ,,,,NLH,"0,51"
08/06/2026,146775,ruanzin77,AF - RAFAEL MENEZES,"2,18",0,"2,37"," R$  4,55 ","47,91%","0,00%","52,09%",PLO6,-44
08/06/2026,104627,?MeninoNeyNaCopa,AF - RAFAEL MENEZES,0,"6,5",0," R$  6,50 ","0,00%","100,00%","0,00%",MTT,-65
08/06/2026,132226,mirassol.fc,AF - RAFAEL MENEZES,0,0,"0,99"," R$  0,99 ","0,00%","0,00%","100,00%",PLO6,0
08/06/2026,158648,MontenegroA,AF - RAFAEL MENEZES,0,0,0, R$  -   ,,,,NLH,0
08/06/2026,151458,MiauMiauU,AF - RAFAEL MENEZES,0,"50,54","3,48"," R$  54,02 ","0,00%","93,56%","6,44%",MTT,"-160,62"
08/06/2026,145120,Ricardo Mioto,AF - RAFAEL MENEZES,0,0,0, R$  -   ,,,,NLH,0
08/06/2026,185010,ISAACcc,AF - RAFAEL MENEZES,0,"18,2",0," R$  18,20 ","0,00%","100,00%","0,00%",MTT,-182
08/06/2026,109128,tomeeei,AF - RAFAEL MENEZES,0,0,"3,29"," R$  3,29 ","0,00%","0,00%","100,00%",PLO6,-50
08/06/2026,184999,TYGRAA7,AF - RAFAEL MENEZES,0,0,0, R$  -   ,,,,NLH,0
08/06/2026,136124,JOG??,AF - RAFAEL MENEZES,0,0,"3,25"," R$  3,25 ","0,00%","0,00%","100,00%",PLO6,-30
08/06/2026,128144,Tizil~,AF - RAFAEL MENEZES,0,"2,4",0," R$  2,40 ","0,00%","100,00%","0,00%",MTT,-24
08/06/2026,136002,luke,AF - RAFAEL MENEZES,0,0,"3,99"," R$  3,99 ","0,00%","0,00%","100,00%",PLO6,-100
08/06/2026,141530,MADDA,AF - RAFAEL MENEZES,0,0,"18,76"," R$  18,76 ","0,00%","0,00%","100,00%",PLO6,-100
08/06/2026,142146,hcell,AF - RAFAEL MENEZES,0,0,0, R$  -   ,,,,NLH,0
08/06/2026,168163,Micael Rafles,AF - MARKETING,0,"11,58",0," R$  11,58 ","0,00%","100,00%","0,00%",MTT,"34,2"
08/06/2026,190837,LOKOLOKO,AF - MARKETING,0,"441,3",0," R$  441,30 ","0,00%","100,00%","0,00%",MTT,"-2207,62"
08/06/2026,156209,calvin88,AF - MARKETING,"11,02",30,"6962,41"," R$  7.003,43 ","0,16%","0,43%","99,41%",PLO6,"-27188,13"
08/06/2026,169786,Aluci,AF - MARKETING,"4,44","18,44","251,61"," R$  274,49 ","1,62%","6,72%","91,66%",PLO6,"1314,02"
08/06/2026,102930,pix102930,AF - MARKETING,0,"125,5","54,8"," R$  180,30 ","0,00%","69,61%","30,39%",MTT,"-1314,02"
08/06/2026,145442,bayma,AF - MARKETING,0,0,"7,71"," R$  7,71 ","0,00%","0,00%","100,00%",PLO6,-130
08/06/2026,171907,zeus?,AF - MARKETING,"12,65",0,"302,22"," R$  314,87 ","4,02%","0,00%","95,98%",PLO6,-242
08/06/2026,116027,Marinho07,AF - MARKETING,0,"0,1",0," R$  0,10 ","0,00%","100,00%","0,00%",MTT,"6,63"
08/06/2026,186297,Joda,AF - MARKETING,0,"4,9",0," R$  4,90 ","0,00%","100,00%","0,00%",MTT,"-42,09"
08/06/2026,172165,samuelsales,AF - MARKETING,0,76,"321,51"," R$  397,51 ","0,00%","19,12%","80,88%",PLO6,"-92,87"
08/06/2026,195995,Macarron,AF - MARKETING,0,0,"423,1"," R$  423,10 ","0,00%","0,00%","100,00%",PLO6,"-2997,34"
08/06/2026,102483,Ronier V,AF - MARKETING,0,0,"2,91"," R$  2,91 ","0,00%","0,00%","100,00%",PLO6,"10,56"
08/06/2026,130270,Picademel,AF - MARKETING,"0,14",0,"19,53"," R$  19,67 ","0,71%","0,00%","99,29%",PLO6,"-66,19"
08/06/2026,162122,K.Luna,AF - MARKETING,0,24,0," R$  24,00 ","0,00%","100,00%","0,00%",MTT,"401,56"
08/06/2026,166745,Joaosnow,AF - MARKETING,0,"28,45",0," R$  28,45 ","0,00%","100,00%","0,00%",MTT,"-254,13"
08/06/2026,178010,BruxOscar,AF - MARKETING,0,0,"16,4"," R$  16,40 ","0,00%","0,00%","100,00%",PLO6,"0,24"
08/06/2026,156809,AL ?,AF - MARKETING,"0,31",3,"33,68"," R$  36,99 ","0,84%","8,11%","91,05%",PLO6,-162
08/06/2026,157560,cachorro,AF - MARKETING,0,0,"27,48"," R$  27,48 ","0,00%","0,00%","100,00%",PLO6,62
08/06/2026,124675,tsousa,AF - MARKETING,0,"4,8","19,56"," R$  24,36 ","0,00%","19,70%","80,30%",PLO6,"84,07"
08/06/2026,174738,the best,AF - MARKETING,0,32,"100,35"," R$  132,35 ","0,00%","24,18%","75,82%",PLO6,"-1451,29"
08/06/2026,102264,biu77,AF - MARKETING,0,"6,9",0," R$  6,90 ","0,00%","100,00%","0,00%",MTT,-69
08/06/2026,144175,DexterM,AF - MARKETING,0,"0,1","1,34"," R$  1,44 ","0,00%","6,94%","93,06%",PLO6,"-10,88"
08/06/2026,155342,dudubzr,AF - MARKETING,0,0,"73,36"," R$  73,36 ","0,00%","0,00%","100,00%",PLO6,"-365,86"
08/06/2026,173220,pix173220,AF - MARKETING,0,0,"10,53"," R$  10,53 ","0,00%","0,00%","100,00%",PLO6,"-74,03"
08/06/2026,157052,winnikes,AF - MARKETING,0,"95,7",0," R$  95,70 ","0,00%","100,00%","0,00%",MTT,-879
08/06/2026,172040,layon12,AF - MARKETING,0,0,"477,58"," R$  477,58 ","0,00%","0,00%","100,00%",PLO6,613
08/06/2026,157957,Diogo posture,AF - MARKETING,0,"1,5","0,61"," R$  2,11 ","0,00%","71,09%","28,91%",MTT,"-20,4"
08/06/2026,100709,DITOX,AF - MARKETING,0,"259,3","3,47"," R$  262,77 ","0,00%","98,68%","1,32%",MTT,"4818,64"
08/06/2026,157465,Pikitin,AF - MARKETING,0,24,0," R$  24,00 ","0,00%","100,00%","0,00%",MTT,"210,86"
08/06/2026,130211,udacmota,AF - MARKETING,0,"113,5",0," R$  113,50 ","0,00%","100,00%","0,00%",MTT,-1000
08/06/2026,131753,egoísta,AF - MARKETING,0,"12,3",0," R$  12,30 ","0,00%","100,00%","0,00%",MTT,"22,76"
08/06/2026,170934,Monstro sagrado,AF - MARKETING,"0,72","15,75","1,74"," R$  18,21 ","3,95%","86,49%","9,56%",MTT,"-86,6"
08/06/2026,176410,GJCruz,AF - MARKETING,0,"0,4",0," R$  0,40 ","0,00%","100,00%","0,00%",MTT,"-3,12"
08/06/2026,171072,KLBezinho,AF - MARKETING,0,30,"422,02"," R$  452,02 ","0,00%","6,64%","93,36%",PLO6,"825,42"
08/06/2026,196349,tigre77,AF - MARKETING,"0,95",1,"3,47"," R$  5,42 ","17,53%","18,45%","64,02%",PLO6,"-18,5"
08/06/2026,155555,Alustau,AF - MARKETING,0,0,0, R$  -   ,,,,NLH,0
08/06/2026,144330,????,AF - MARKETING,0,0,"23,18"," R$  23,18 ","0,00%","0,00%","100,00%",PLO6,-204
08/06/2026,114520,tz?,AF - MARKETING,0,0,"13,33"," R$  13,33 ","0,00%","0,00%","100,00%",PLO6,-84
08/06/2026,169327,GeMare,AF - MARKETING,0,0,"31,6"," R$  31,60 ","0,00%","0,00%","100,00%",PLO6,-158
08/06/2026,129552,MeuMAAlvado,AF - MARKETING,0,126,0," R$  126,00 ","0,00%","100,00%","0,00%",MTT,"2370,87"
08/06/2026,175198,SOATEREZA,AF - MARKETING,0,102,0," R$  102,00 ","0,00%","100,00%","0,00%",MTT,45
08/06/2026,179579,Linopraxedes,AF - MARKETING,0,"10,5",0," R$  10,50 ","0,00%","100,00%","0,00%",MTT,-105
08/06/2026,195997,pestebranca,AF - MARKETING,"0,97","85,4","40,13"," R$  126,50 ","0,77%","67,51%","31,72%",MTT,"3356,65"
08/06/2026,167530,pfson,AF - MARKETING,0,"3,4",0," R$  3,40 ","0,00%","100,00%","0,00%",MTT,-34
08/06/2026,157442,bolacha,AF - MARKETING,0,"93,5",0," R$  93,50 ","0,00%","100,00%","0,00%",MTT,"-516,87"
08/06/2026,174022,S.P.Clube,AF - MARKETING,0,"32,3",0," R$  32,30 ","0,00%","100,00%","0,00%",MTT,-323
08/06/2026,185326,SBRN,AF - MARKETING,0,"0,5",0," R$  0,50 ","0,00%","100,00%","0,00%",MTT,-5
08/06/2026,179178,akazin27,AF - MARKETING,0,40,"27,55"," R$  67,55 ","0,00%","59,22%","40,78%",MTT,"-854,24"
08/06/2026,171183,véio do pocker,AF - MARKETING,"13,91",0,"40,15"," R$  54,06 ","25,73%","0,00%","74,27%",PLO6,"-198,66"
08/06/2026,100240,Abacatudo,AF - MARKETING,0,6,"26,87"," R$  32,87 ","0,00%","18,25%","81,75%",PLO6,-76
08/06/2026,196422,Oraggio,AF - MARKETING,0,3,0," R$  3,00 ","0,00%","100,00%","0,00%",MTT,-30
08/06/2026,172832,A LENDA1010,AF - MARKETING,0,0,0, R$  -   ,,,,NLH,0
08/06/2026,142266,backclbo,AF - MARKETING,0,"26,6",0," R$  26,60 ","0,00%","100,00%","0,00%",MTT,"247,75"
08/06/2026,157049,frango666,AF - MARKETING,0,53,0," R$  53,00 ","0,00%","100,00%","0,00%",MTT,"-414,81"
08/06/2026,153573,dbart,AF - MARKETING,"12,53","7,9",0," R$  20,43 ","61,33%","38,67%","0,00%",NLH,"-92,11"
08/06/2026,100537,Zebrano,AF - MARKETING,0,82,0," R$  82,00 ","0,00%","100,00%","0,00%",MTT,"2552,81"
08/06/2026,196519,clebinhooow,AF - MARKETING,0,10,0," R$  10,00 ","0,00%","100,00%","0,00%",MTT,-100
08/06/2026,173241,QKceta,AF - MARKETING,0,"23,5","127,47"," R$  150,97 ","0,00%","15,57%","84,43%",PLO6,"-600,7"
08/06/2026,156346,kxa28,AF - MARKETING,0,"49,9",0," R$  49,90 ","0,00%","100,00%","0,00%",MTT,"339,57"
08/06/2026,172775,pix172775,AF - MARKETING,"157,35",0,"211,26"," R$  368,61 ","42,69%","0,00%","57,31%",PLO6,"-558,18"
08/06/2026,153229,bencinha,AF - MARKETING,0,0,"188,58"," R$  188,58 ","0,00%","0,00%","100,00%",PLO6,"-957,52"
08/06/2026,174963,Haycar,AF - MARKETING,0,0,"2,28"," R$  2,28 ","0,00%","0,00%","100,00%",PLO6,"57,39"
08/06/2026,104649,dmendes,AF - MARKETING,"5,73",0,"0,79"," R$  6,52 ","87,88%","0,00%","12,12%",NLH,-52
08/06/2026,162931,coroa da lancha,AF - MARKETING,"8,2","2,8",0," R$  11,00 ","74,55%","25,45%","0,00%",NLH,"81,71"
08/06/2026,124704,ALLIN.e,AF - MARKETING,0,"1,5",0," R$  1,50 ","0,00%","100,00%","0,00%",MTT,-15
08/06/2026,160843,DaColombia??,AF - MARKETING,0,0,"1,52"," R$  1,52 ","0,00%","0,00%","100,00%",PLO6,"-6,45"
08/06/2026,159264,AKaçapa,AF - MARKETING,"2,37",0,0," R$  2,37 ","100,00%","0,00%","0,00%",NLH,-30
08/06/2026,170605,Lasmar,AF - CARLA JP,0,"99,52","9,45"," R$  108,97 ","0,00%","91,33%","8,67%",MTT,"-614,87"
08/06/2026,195550,pix195550,AF - CARLA JP,0,"80,85",0," R$  80,85 ","0,00%","100,00%","0,00%",MTT,"-366,49"
08/06/2026,147505,D??N,AF - CARLA JP,0,"66,6","7,3"," R$  73,90 ","0,00%","90,12%","9,88%",MTT,"-500,7"
08/06/2026,143649,chibata83,AF - CARLA JP,0,"2,4","2335,5"," R$  2.337,90 ","0,00%","0,10%","99,90%",PLO6,"-11557,01"
08/06/2026,188529,trempix69,AF - CARLA JP,0,0,0, R$  -   ,,,,NLH,0
08/06/2026,195741,Amo-Groot,AF - CARLA JP,0,0,"92,13"," R$  92,13 ","0,00%","0,00%","100,00%",PLO6,-71
08/06/2026,188011,jajanteii,AF - CARLA JP,0,0,"137,95"," R$  137,95 ","0,00%","0,00%","100,00%",PLO6,-45
08/06/2026,120712,Marçal01,AF - CARLA JP,"57,41",0,"1,75"," R$  59,16 ","97,04%","0,00%","2,96%",NLH,"-486,6"
08/06/2026,154115,PatrickEstrela,AF - CARLA JP,"9,55",0,0," R$  9,55 ","100,00%","0,00%","0,00%",NLH,-100
08/06/2026,196230,Neymar??,AF - CARLA JP,0,"49,8","9,58"," R$  59,38 ","0,00%","83,87%","16,13%",MTT,"-304,17"
08/06/2026,184734,tinhozzo,AF - CARLA JP,"1,48",0,"68,17"," R$  69,65 ","2,12%","0,00%","97,88%",PLO6,-620
08/06/2026,187637,pix187637,AF - CARLA JP,"3,61","30,6","58,14"," R$  92,35 ","3,91%","33,13%","62,96%",PLO6,"-37,66"
08/06/2026,188878,Flopper,AF - CARLA JP,"7,24","0,4",0," R$  7,64 ","94,76%","5,24%","0,00%",NLH,"-41,86"
08/06/2026,195140,Leão_Rafael07,AF - CARLA JP,"1,72",0,0," R$  1,72 ","100,00%","0,00%","0,00%",NLH,-12
08/06/2026,136268,jobelis,AF - CARLA JP,0,0,"0,76"," R$  0,76 ","0,00%","0,00%","100,00%",PLO6,"-12,5"
08/06/2026,156724,MORANGUINHO OFICIAL,AF - CARLA JP,0,0,"523,4"," R$  523,40 ","0,00%","0,00%","100,00%",PLO6,"-1605,91"
08/06/2026,174177,-Lokii—,AF - CARLA JP,0,1,0," R$  1,00 ","0,00%","100,00%","0,00%",MTT,0
08/06/2026,118251,bebelteam,AF - CARLA JP,0,0,"2,95"," R$  2,95 ","0,00%","0,00%","100,00%",PLO6,-20
08/06/2026,146758,jrdoido,AF - CARLA JP,"0,66",0,"36,88"," R$  37,54 ","1,76%","0,00%","98,24%",PLO6,75
08/06/2026,178236,Ruisan1,AF - CARLA JP,"26,2","46,5",0," R$  72,70 ","36,04%","63,96%","0,00%",MTT,"-206,34"
08/06/2026,117342,Carla Renna,AF - CARLA JP,0,"0,8","17,75"," R$  18,55 ","0,00%","4,31%","95,69%",PLO6,-172
08/06/2026,184144,Light4i20,AF - CARLA JP,0,0,"65,64"," R$  65,64 ","0,00%","0,00%","100,00%",PLO6,-195
08/06/2026,118105,Targino,AF - CARLA JP,0,"7,6","0,64"," R$  8,24 ","0,00%","92,23%","7,77%",MTT,"-83,44"
08/06/2026,136477,cidoka,AF - CARLA JP,0,"0,1",0," R$  0,10 ","0,00%","100,00%","0,00%",MTT,"5,95"
08/06/2026,152376,Charles L.,AF - CARLA JP,0,"2,7",0," R$  2,70 ","0,00%","100,00%","0,00%",MTT,-27
08/06/2026,187106,nego bidu2,AF - CARLA JP,0,"5,3","2,26"," R$  7,56 ","0,00%","70,11%","29,89%",MTT,"-25,53"
08/06/2026,195735,Joaquim França,AF - CARLA JP,"18,27","14,46","0,34"," R$  33,07 ","55,25%","43,73%","1,03%",NLH,"-191,23"
08/06/2026,195670,ADias,AF - CARLA JP,"42,63",0,0," R$  42,63 ","100,00%","0,00%","0,00%",NLH,"-27,52"
08/06/2026,106934,mazetto83,AF - CARLA JP,0,0,"18,95"," R$  18,95 ","0,00%","0,00%","100,00%",PLO6,-350
08/06/2026,147790,guzAApoker,AF - CARLA JP,0,42,0," R$  42,00 ","0,00%","100,00%","0,00%",MTT,"-39,36"
08/06/2026,177784,Sheep,AF - CARLA JP,0,"2,2","0,54"," R$  2,74 ","0,00%","80,29%","19,71%",MTT,"-30,93"
08/06/2026,121370,TôlinnRabano,AF - CARLA JP,"5,89","11,54","25,71"," R$  43,14 ","13,65%","26,75%","59,60%",PLO6,-247
08/06/2026,180128,Hbrt,AF - CARLA JP,0,"0,4",0," R$  0,40 ","0,00%","100,00%","0,00%",MTT,"-3,49"
08/06/2026,154196,CoxinhaPoker,AF - CARLA JP,0,"19,4","138,69"," R$  158,09 ","0,00%","12,27%","87,73%",PLO6,"309,32"
08/06/2026,162087,o jovem,AF - CARLA JP,0,4,0," R$  4,00 ","0,00%","100,00%","0,00%",MTT,-40
08/06/2026,183428,SgtMoscatelli,AF - CARLA JP,"66,9","14,9",0," R$  81,80 ","81,78%","18,22%","0,00%",NLH,"-233,15"
08/06/2026,191156,_007_,AF - CARLA JP,0,0,"4,68"," R$  4,68 ","0,00%","0,00%","100,00%",PLO6,-60
08/06/2026,195840,LuksReis77,AF - CARLA JP,0,0,0, R$  -   ,,,,NLH,0
08/06/2026,166288,General Igris,AF - CARLA JP,0,0,"2,04"," R$  2,04 ","0,00%","0,00%","100,00%",PLO6,-15
08/06/2026,109785,quelusa,AF - CARLA JP,0,"135,5","13,09"," R$  148,59 ","0,00%","91,19%","8,81%",MTT,"-1006,86"
08/06/2026,106447,TREVAS,AF - CARLA JP,0,0,0, R$  -   ,,,,NLH,0
08/06/2026,139949,tomillo,AF - CARLA JP,0,0,0, R$  -   ,,,,NLH,0
08/06/2026,176365,LincolnMendes,AF - CARLA JP,0,0,0, R$  -   ,,,,NLH,0
08/06/2026,191677,bileut,AF - CARLA JP,0,0,0, R$  -   ,,,,NLH,0
08/06/2026,192033,stdomeinha,AF - CARLA JP,0,0,0, R$  -   ,,,,NLH,0
08/06/2026,104520,Only1gor,AF - CARLA JP,0,0,"56,63"," R$  56,63 ","0,00%","0,00%","100,00%",PLO6,-350
08/06/2026,184737,Carlos Alberto,AF - CARLA JP,0,0,"15,37"," R$  15,37 ","0,00%","0,00%","100,00%",PLO6,"32,58"
08/06/2026,115704,viper pb,AF - CARLA JP,0,0,"93,5"," R$  93,50 ","0,00%","0,00%","100,00%",PLO6,13
08/06/2026,151310,arthurpix,AF - CARLA JP,0,0,"18,18"," R$  18,18 ","0,00%","0,00%","100,00%",PLO6,"564,63"
08/06/2026,117404,Cnhhh,AF - CARLA JP,0,0,"34,47"," R$  34,47 ","0,00%","0,00%","100,00%",PLO6,-120
08/06/2026,194819,pix194819,AF - CARLA JP,"0,31",0,"6,29"," R$  6,60 ","4,70%","0,00%","95,30%",PLO6,-100
08/06/2026,127033,pix127033,AF - CARLA JP,"50,87","3,8",0," R$  54,67 ","93,05%","6,95%","0,00%",NLH,"-48,12"
08/06/2026,196581,HendersonMontBravo,AF - CARLA JP,"3,04",0,"32,9"," R$  35,94 ","8,46%","0,00%","91,54%",PLO6,"-97,49"
08/06/2026,146188,trempagador,AF - CARLA JP,0,"0,8",0," R$  0,80 ","0,00%","100,00%","0,00%",MTT,"-7,27"
08/06/2026,108295,Mdoria,AF - CARLA JP,0,0,0, R$  -   ,,,,NLH,0
08/06/2026,173287,FlipGrind,AF - PHYETRO,0,"255,9",0," R$  255,90 ","0,00%","100,00%","0,00%",MTT,"-1251,1"
08/06/2026,102551,Felipe Dylon,AF - PHYETRO,0,69,0," R$  69,00 ","0,00%","100,00%","0,00%",MTT,-680
08/06/2026,172533,Cravei ?,AF - PHYETRO,0,"44,5","603,69"," R$  648,19 ","0,00%","6,87%","93,13%",PLO6,"-406,53"
08/06/2026,102446,MD420,AF - PHYETRO,0,182,0," R$  182,00 ","0,00%","100,00%","0,00%",MTT,"1337,29"
08/06/2026,173802,TonyRedgrave,AF - PHYETRO,0,"28,5",0," R$  28,50 ","0,00%","100,00%","0,00%",MTT,-285
08/06/2026,101831,Faz o K,AF - PHYETRO,0,136,0," R$  136,00 ","0,00%","100,00%","0,00%",MTT,"-476,3"
08/06/2026,100333,OFF.,AF - PHYETRO,0,0,"67,17"," R$  67,17 ","0,00%","0,00%","100,00%",PLO6,"781,4"
08/06/2026,173807,Th lost,AF - RYAN CARVALHO,"8,89","375,71","166,8"," R$  551,40 ","1,61%","68,14%","30,25%",MTT,"1086,01"
08/06/2026,183010,STANLEY ????,AF - RYAN CARVALHO,0,88,0," R$  88,00 ","0,00%","100,00%","0,00%",MTT,"-617,27"
08/06/2026,194337,negodrey,AF - RYAN CARVALHO,"3,7","207,25",0," R$  210,95 ","1,75%","98,25%","0,00%",MTT,"-1369,83"
08/06/2026,196216,Al Capone,AF - RYAN CARVALHO,"1,11","122,56","207,17"," R$  330,84 ","0,34%","37,05%","62,62%",PLO6,"-3396,83"
08/06/2026,196355,andreyvbd,AF - RYAN CARVALHO,0,"24,6",0," R$  24,60 ","0,00%","100,00%","0,00%",MTT,-246
08/06/2026,194237,manicalmajor,AF - RYAN CARVALHO,"9,25",4,"12,14"," R$  25,39 ","36,43%","15,75%","47,81%",PLO6,"-154,02"
08/06/2026,153425,R daylove,AF - RYAN CARVALHO,"0,29","7,2",0," R$  7,49 ","3,87%","96,13%","0,00%",MTT,"-48,22"
08/06/2026,173878,Romário Barreto,AF - RYAN CARVALHO,0,"74,9","5,11"," R$  80,01 ","0,00%","93,61%","6,39%",MTT,"-19,7"
08/06/2026,181833,CheF,AF - RYAN CARVALHO,"16,01","33,3","17,82"," R$  67,13 ","23,85%","49,61%","26,55%",MTT,"-257,47"
08/06/2026,103225,olisee,AF - RYAN CARVALHO,0,0,"2,2"," R$  2,20 ","0,00%","0,00%","100,00%",PLO6,-18
08/06/2026,180389,VivianSaliba??,AF - RYAN CARVALHO,"118,99",0,"17,4"," R$  136,39 ","87,24%","0,00%","12,76%",NLH,"-538,53"
08/06/2026,179249,@Bobbyzii_,AF - RYAN CARVALHO,"1,25","138,62","4,81"," R$  144,68 ","0,86%","95,81%","3,32%",MTT,"684,79"
08/06/2026,124057,phmb06,AF - RYAN CARVALHO,"4,68",0,"179,99"," R$  184,67 ","2,53%","0,00%","97,47%",PLO6,"-425,8"
08/06/2026,183560,lampiao007,AF - RYAN CARVALHO,"39,79","37,2","70,8"," R$  147,79 ","26,92%","25,17%","47,91%",PLO6,"4,89"
08/06/2026,190899,Ely19 ?,AF - RYAN CARVALHO,0,0,0, R$  -   ,,,,NLH,"6,59"
08/06/2026,196200,Brunson,AF - RYAN CARVALHO,0,51,"24,19"," R$  75,19 ","0,00%","67,83%","32,17%",MTT,-538
08/06/2026,177859,ET01,AF - RYAN CARVALHO,0,"76,1","11,62"," R$  87,72 ","0,00%","86,75%","13,25%",MTT,"534,69"
08/06/2026,196258,mullersouz06,AF - RYAN CARVALHO,0,3,"0,32"," R$  3,32 ","0,00%","90,36%","9,64%",MTT,-35
08/06/2026,181198,vitferrazpina,AF - RYAN CARVALHO,"11,16",100,0," R$  111,16 ","10,04%","89,96%","0,00%",MTT,"-208,69"
08/06/2026,180636,lampiao.•.,AF - RYAN CARVALHO,"17,97","7,9","52,07"," R$  77,94 ","23,06%","10,14%","66,81%",PLO6,-24
08/06/2026,194445,buda,AF - RYAN CARVALHO,"1,43","8,7","14,5"," R$  24,63 ","5,81%","35,32%","58,87%",PLO6,"-133,16"
08/06/2026,168944,tropa do 7,AF - RYAN CARVALHO,0,0,0, R$  -   ,,,,NLH,0
08/06/2026,171052,pix171052,AF - RYAN CARVALHO,0,0,0, R$  -   ,,,,NLH,0
08/06/2026,196277,OffXandZzz,AF - RYAN CARVALHO,"0,07","18,6",0," R$  18,67 ","0,37%","99,63%","0,00%",MTT,"151,68"
08/06/2026,151326,xerekola,AF - RYAN CARVALHO,0,"2,8",0," R$  2,80 ","0,00%","100,00%","0,00%",MTT,"-26,67"
08/06/2026,195922,#equipevirabixo,AF - RYAN CARVALHO,"0,23",0,0," R$  0,23 ","100,00%","0,00%","0,00%",NLH,0
08/06/2026,181917,Carlos Andrade,AF - RYAN CARVALHO,0,"75,3",0," R$  75,30 ","0,00%","100,00%","0,00%",MTT,"-7,18"
08/06/2026,183220,lixodepoker,AF - RYAN CARVALHO,0,0,0, R$  -   ,,,,NLH,0
08/06/2026,180767,Salomao88,AF - RYAN CARVALHO,"73,23",0,"51,54"," R$  124,77 ","58,69%","0,00%","41,31%",NLH,-80
08/06/2026,168634,Willdde,AF - RYAN CARVALHO,0,"1,6",0," R$  1,60 ","0,00%","100,00%","0,00%",MTT,-16
08/06/2026,196085,velhinhorj,AF - RYAN CARVALHO,0,0,0, R$  -   ,,,,NLH,"1,33"
08/06/2026,186210,joaoboka,AF - RYAN CARVALHO,0,0,0, R$  -   ,,,,NLH,0
08/06/2026,196254,ramonalves,AF - RYAN CARVALHO,"0,89","3,8",0," R$  4,69 ","18,98%","81,02%","0,00%",MTT,-42
08/06/2026,177343,vitindograu,AF - RYAN CARVALHO,0,"2,4",0," R$  2,40 ","0,00%","100,00%","0,00%",MTT,-24
08/06/2026,180056,BOLHA???,AF - RYAN CARVALHO,0,2,0," R$  2,00 ","0,00%","100,00%","0,00%",MTT,-20
08/06/2026,180237,aylla17,AF - RYAN CARVALHO,"2,92",0,0," R$  2,92 ","100,00%","0,00%","0,00%",NLH,-10
08/06/2026,186212,pix186212,AF - BRUNO FOSTER,"3,55","7,9",0," R$  11,45 ","31,00%","69,00%","0,00%",MTT,-99
08/06/2026,186550,VT10,AF - BRUNO FOSTER,"122,21",0,"176,19"," R$  298,40 ","40,96%","0,00%","59,04%",PLO6,"-482,07"
08/06/2026,153086,Nick_Wallyson,AF - BRUNO FOSTER,"13,31","85,3","243,42"," R$  342,03 ","3,89%","24,94%","71,17%",PLO6,"1038,38"
08/06/2026,170907,MenteGelada,AF - BRUNO FOSTER,"0,45",0,"32,75"," R$  33,20 ","1,36%","0,00%","98,64%",PLO6,"-10,13"
08/06/2026,175098,kUdeais,AF - BRUNO FOSTER,"77,32",0,"5,64"," R$  82,96 ","93,20%","0,00%","6,80%",NLH,-131
08/06/2026,176862,pix176862,AF - BRUNO FOSTER,0,0,"233,72"," R$  233,72 ","0,00%","0,00%","100,00%",PLO6,29
08/06/2026,182891,Joz1ka,AF - BRUNO FOSTER,0,3,"329,52"," R$  332,52 ","0,00%","0,90%","99,10%",PLO6,"-699,97"
08/06/2026,180535,JOTA poker,AF - BRUNO FOSTER,"0,01",0,"0,28"," R$  0,29 ","3,45%","0,00%","96,55%",PLO6,"-9,27"
08/06/2026,177933,exe;,AF - BRUNO FOSTER,0,"10,4","2010,8"," R$  2.021,20 ","0,00%","0,51%","99,49%",PLO6,"2027,11"
08/06/2026,175072,sovimsacar,AF - BRUNO FOSTER,0,0,"84,95"," R$  84,95 ","0,00%","0,00%","100,00%",PLO6,341
08/06/2026,157566,Maximus ??,AF - BRUNO FOSTER,0,0,"36,77"," R$  36,77 ","0,00%","0,00%","100,00%",PLO6,-171
08/06/2026,178109,kawehzin,AF - BRUNO FOSTER,"1,88",0,"119,99"," R$  121,87 ","1,54%","0,00%","98,46%",PLO6,"-431,01"
08/06/2026,179067,ekdidk,AF - BRUNO FOSTER,"81,91",0,0," R$  81,91 ","100,00%","0,00%","0,00%",NLH,"-145,8"
08/06/2026,175804,MANDIBULLA,AF - BRUNO FOSTER,0,"1,2","16,64"," R$  17,84 ","0,00%","6,73%","93,27%",PLO6,"98,26"
08/06/2026,176675,darkjoao33,AF - BRUNO FOSTER,0,4,"31,65"," R$  35,65 ","0,00%","11,22%","88,78%",PLO6,"-170,13"
08/06/2026,176592,ruiperesdezanet,AF - BRUNO FOSTER,"5,51","25,22",0," R$  30,73 ","17,93%","82,07%","0,00%",MTT,"-173,95"
08/06/2026,184830,Filma $$,AF - BRUNO FOSTER,0,"28,4","15,86"," R$  44,26 ","0,00%","64,17%","35,83%",MTT,"-45,77"
08/06/2026,178066,LKAC,AF - BRUNO FOSTER,"0,52","2,6",0," R$  3,12 ","16,67%","83,33%","0,00%",MTT,"-34,14"
08/06/2026,178483,Rï§øką,AF - BRUNO FOSTER,"0,59","1,5",0," R$  2,09 ","28,23%","71,77%","0,00%",MTT,"-17,34"
08/06/2026,189825,Gladiador$,AF - BRUNO FOSTER,0,0,"1446,99"," R$  1.446,99 ","0,00%","0,00%","100,00%",PLO6,"-12855,16"
08/06/2026,196100,pix196100,AF - BRUNO FOSTER,0,0,"257,82"," R$  257,82 ","0,00%","0,00%","100,00%",PLO6,-933
08/06/2026,174902,Jotta217,AF - BRUNO FOSTER,"5,68",0,0," R$  5,68 ","100,00%","0,00%","0,00%",NLH,"-10,39"
08/06/2026,176021,Viníciusdao@,AF - BRUNO FOSTER,0,0,0, R$  -   ,,,,NLH,"1,52"
08/06/2026,177258,????,AF - BRUNO FOSTER,0,0,0, R$  -   ,,,,NLH,0
08/06/2026,179947,pix179947,AF - BRUNO FOSTER,0,0,0, R$  -   ,,,,NLH,0
08/06/2026,176214,Cardoso22,AF - BRUNO FOSTER,0,0,0, R$  -   ,,,,NLH,0
08/06/2026,176359,dendele 2,AF - BRUNO FOSTER,0,0,0, R$  -   ,,,,NLH,0
08/06/2026,180421,CASSINHO 1821,AF - BRUNO FOSTER,0,0,0, R$  -   ,,,,NLH,0
08/06/2026,135561,Modetec,AF - BRUNO FOSTER,0,0,0, R$  -   ,,,,NLH,0
08/06/2026,174958,pix174958,AF - BRUNO FOSTER,0,0,0, R$  -   ,,,,NLH,0
08/06/2026,183349,Vegeta San,AF - BRUNO FOSTER,0,"5,1",0," R$  5,10 ","0,00%","100,00%","0,00%",MTT,9
08/06/2026,138369,dauco,AF - BRUNO FOSTER,"4,97",0,"49,74"," R$  54,71 ","9,08%","0,00%","90,92%",PLO6,-202
08/06/2026,182597,pix182597,AF - BRUNO FOSTER,0,0,"3,18"," R$  3,18 ","0,00%","0,00%","100,00%",PLO6,-15
08/06/2026,145871,Aposentado ??,AF - BRUNO FOSTER,0,10,0," R$  10,00 ","0,00%","100,00%","0,00%",MTT,"129,5"
08/06/2026,196495,pix196495,AF - BRUNO FOSTER,0,10,0," R$  10,00 ","0,00%","100,00%","0,00%",MTT,-55
08/06/2026,176921,Pe572dro,AF - BRUNO FOSTER,"8,62","2,4",0," R$  11,02 ","78,22%","21,78%","0,00%",NLH,-128
08/06/2026,185503,mmmaschio,AF - BRUNO FOSTER,0,0,0, R$  -   ,,,,NLH,"0,61"
08/06/2026,175423,pix175423,AF - BRUNO FOSTER,0,"9,5",0," R$  9,50 ","0,00%","100,00%","0,00%",MTT,-95
08/06/2026,145168,Fagundes,AF - BRUNO FOSTER,0,"3,6",0," R$  3,60 ","0,00%","100,00%","0,00%",MTT,-36
08/06/2026,170189,Chapolin.RJ,AF - BRUNO FOSTER,0,"2,2","8,57"," R$  10,77 ","0,00%","20,43%","79,57%",PLO6,"-60,42"
08/06/2026,184733,pix184733,AF - BRUNO FOSTER,0,0,0, R$  -   ,,,,NLH,0
08/06/2026,102063,BETVIP,AF - MESSI,0,0,"1798,59"," R$  1.798,59 ","0,00%","0,00%","100,00%",PLO6,"-5325,66"
08/06/2026,100748,messi.,AF - MESSI,0,0,"70,25"," R$  70,25 ","0,00%","0,00%","100,00%",PLO6,"-396,53"
08/06/2026,111865,pix111865,AF - RR,0,0,"584,43"," R$  584,43 ","0,00%","0,00%","100,00%",PLO6,"-1707,12"
08/06/2026,126204,djoker,AF - RR,"0,29","0,9","6,66"," R$  7,85 ","3,69%","11,46%","84,84%",PLO6,"-55,05"
08/06/2026,100451,zumbi da noite,AF - RR,"109,76",0,"210,59"," R$  320,35 ","34,26%","0,00%","65,74%",PLO6,6
08/06/2026,146076,zipplockk,AF - RR,0,0,"84,49"," R$  84,49 ","0,00%","0,00%","100,00%",PLO6,"-403,54"
08/06/2026,126584,K13b50n007,AF - RR,0,0,0, R$  -   ,,,,NLH,"1,33"
08/06/2026,166945,Noia?,AF - RR,0,0,0, R$  -   ,,,,NLH,0
08/06/2026,167413,Akarie,AF - RR,"8,55",48,"76,72"," R$  133,27 ","6,42%","36,02%","57,57%",PLO6,"-746,22"
08/06/2026,117702,abunadopacato,AF - HERCULES,0,37,"925,65"," R$  962,65 ","0,00%","3,84%","96,16%",PLO6,"-2787,82"
08/06/2026,143465,arthur.zx.086,AF - HERCULES,"0,28","0,1",0," R$  0,38 ","73,68%","26,32%","0,00%",NLH,"1,86"
08/06/2026,132454,barbaxavier,AF - HERCULES,0,"150,9","412,78"," R$  563,68 ","0,00%","26,77%","73,23%",PLO6,"-1205,35"
08/06/2026,131678,cassio clbo,AF - HERCULES,"0,22",0,"78,39"," R$  78,61 ","0,28%","0,00%","99,72%",PLO6,-350
08/06/2026,141776,SisenandoCalixto,AF - HERCULES,0,"50,3",0," R$  50,30 ","0,00%","100,00%","0,00%",MTT,"-69,63"
08/06/2026,129768,NKSS,AF - HERCULES,0,"3,5",0," R$  3,50 ","0,00%","100,00%","0,00%",MTT,-35
08/06/2026,129665,bigo,AF - HERCULES,0,20,0," R$  20,00 ","0,00%","100,00%","0,00%",MTT,-200
08/06/2026,129639,MALBA,AF - HERCULES,0,"102,5",0," R$  102,50 ","0,00%","100,00%","0,00%",MTT,"-292,01"
08/06/2026,119430,??Hass??,AF - HERCULES,0,11,0," R$  11,00 ","0,00%","100,00%","0,00%",MTT,-110
08/06/2026,136659,Galação,AF - JOANDERSON L.,0,0,"267,66"," R$  267,66 ","0,00%","0,00%","100,00%",PLO6,"-517,39"
08/06/2026,139674,22énutsPB,AF - CLUB DO POKER,"0,05",10,"1507,63"," R$  1.517,68 ","0,00%","0,66%","99,34%",PLO6,"2885,04"
08/06/2026,147903,PanteradeSá,AF - CLUB DO POKER,0,"0,1",0," R$  0,10 ","0,00%","100,00%","0,00%",MTT,-1
08/06/2026,190422,MrBlunts,AF - CLUB DO POKER,0,0,0, R$  -   ,,,,NLH,"1,6"
08/06/2026,118191,CMottaJr,AF - CLUB DO POKER,0,"3,2",0," R$  3,20 ","0,00%","100,00%","0,00%",MTT,-32
08/06/2026,148848,meno K,AF - FERNANDO M.,0,0,"626,79"," R$  626,79 ","0,00%","0,00%","100,00%",PLO6,"1545,73"
08/06/2026,149672,SACO DE BOI,AF - FERNANDO M.,0,9,0," R$  9,00 ","0,00%","100,00%","0,00%",MTT,"5,58"
08/06/2026,148451,Serimac,AF - FERNANDO M.,0,0,"155,08"," R$  155,08 ","0,00%","0,00%","100,00%",PLO6,-711
08/06/2026,170113,Larry Bird 33#,AF - FERNANDO M.,"4,44",0,"0,48"," R$  4,92 ","90,24%","0,00%","9,76%",NLH,"-14,88"
08/06/2026,170439,esthercruzv,AF - FERNANDO M.,0,0,0, R$  -   ,,,,NLH,0
08/06/2026,149498,pix149498,AF - FERNANDO M.,0,10,0," R$  10,00 ","0,00%","100,00%","0,00%",MTT,-100
08/06/2026,161423,BASSOA,AF - FERNANDO M.,0,0,0, R$  -   ,,,,NLH,0
08/06/2026,170717,litlle nerd,AF - FERNANDO M.,"1,07","5,25",0," R$  6,32 ","16,93%","83,07%","0,00%",MTT,"-62,36"
08/06/2026,153977,DanielAndre1822,AF - FERNANDO M.,"4,79",2,0," R$  6,79 ","70,54%","29,46%","0,00%",NLH,-55
08/06/2026,167393,Tudo_Na_Telaaa,AF - NILDINHO,0,0,"646,21"," R$  646,21 ","0,00%","0,00%","100,00%",PLO6,"-638,81"
08/06/2026,157681,Boiruna,AF - NILDINHO,0,"0,1",0," R$  0,10 ","0,00%","100,00%","0,00%",MTT,"0,33"
08/06/2026,185617,pix185617,AF - NILDINHO,"0,24","0,1","23,31"," R$  23,65 ","1,01%","0,42%","98,56%",PLO6,"-66,63"
08/06/2026,168927,pix168927,AF - NILDINHO,0,0,0, R$  -   ,,,,NLH,0
08/06/2026,196511,CaPaLoKo,AF - NILDINHO,"96,39",0,0," R$  96,39 ","100,00%","0,00%","0,00%",NLH,-200
08/06/2026,102070,Batatinha,AF - NILDINHO,"15,34",7,"60,64"," R$  82,98 ","18,49%","8,44%","73,08%",PLO6,243
08/06/2026,175326,julio40,AF - JEFFERSON P.,0,0,"1354,87"," R$  1.354,87 ","0,00%","0,00%","100,00%",PLO6,"-3578,09"
08/06/2026,133575,PHBarros021,AF - JEFFERSON P.,"7,3","14,9","231,81"," R$  254,01 ","2,87%","5,87%","91,26%",PLO6,"254,29"
08/06/2026,141493,Sidnei?,AF - JEFFERSON P.,0,0,"21,97"," R$  21,97 ","0,00%","0,00%","100,00%",PLO6,-140
08/06/2026,124726,I Love Warung,AF - JEFFERSON P.,0,0,"411,2"," R$  411,20 ","0,00%","0,00%","100,00%",PLO6,"-362,08"
08/06/2026,148157,@AlugaGames,AF - JEFFERSON P.,0,0,"6804,45"," R$  6.804,45 ","0,00%","0,00%","100,00%",PLO6,"-27125,69"
08/06/2026,152301,Chuck,AF - JEFFERSON P.,0,"0,8","184,58"," R$  185,38 ","0,00%","0,43%","99,57%",PLO6,"-174,18"
08/06/2026,144451,Oiregor81,AF - JEFFERSON P.,"0,16",0,"306,93"," R$  307,09 ","0,05%","0,00%","99,95%",PLO6,"29,78"
08/06/2026,150319,BWT1,AF - JEFFERSON P.,0,0,"13,37"," R$  13,37 ","0,00%","0,00%","100,00%",PLO6,-88
08/06/2026,151587,pix151587,AF - JEFFERSON P.,0,0,"237,96"," R$  237,96 ","0,00%","0,00%","100,00%",PLO6,"-499,21"
08/06/2026,173301,JowB99,AF - JEFFERSON P.,0,"5,75","154,78"," R$  160,53 ","0,00%","3,58%","96,42%",PLO6,164
08/06/2026,150208,LeoPaschoal10,AF - JEFFERSON P.,"3,77","10,5","1,95"," R$  16,22 ","23,24%","64,73%","12,02%",MTT,"52,56"
08/06/2026,179903,farmaciia,AF - ARTHUR CABRAL,0,0,"1556,61"," R$  1.556,61 ","0,00%","0,00%","100,00%",PLO6,"2185,84"
08/06/2026,177979,Ôh CheFe,AF - ARTHUR CABRAL,0,"3,5","1603,43"," R$  1.606,93 ","0,00%","0,22%","99,78%",PLO6,"-5005,68"
08/06/2026,105506,Tetopoker,AF - ARTHUR CABRAL,"6,88",4,"40,68"," R$  51,56 ","13,34%","7,76%","78,90%",PLO6,"-275,38"
08/06/2026,187576,Zumbi dos Palmares,AF - ARTHUR CABRAL,"5,84",0,"90,24"," R$  96,08 ","6,08%","0,00%","93,92%",PLO6,-439
08/06/2026,151781,doadorAA,AF - ARTHUR CABRAL,"39,69",0,"0,3"," R$  39,99 ","99,25%","0,00%","0,75%",NLH,"57,57"
08/06/2026,155888,Salamanca,AF - ARTHUR CABRAL,0,0,0, R$  -   ,,,,NLH,"2,62"
08/06/2026,172476,willasmir poker,AF - ARTHUR CABRAL,"0,39","0,5",0," R$  0,89 ","43,82%","56,18%","0,00%",MTT,"-10,36"
08/06/2026,170941,PoTM,AF - ARTHUR CABRAL,0,0,"4178,37"," R$  4.178,37 ","0,00%","0,00%","100,00%",PLO6,"-10240,78"
08/06/2026,160421,S777,AF - ARTHUR CABRAL,"1,21","150,7",0," R$  151,91 ","0,80%","99,20%","0,00%",MTT,"-250,96"
08/06/2026,134710,Pretaothug,AF - ARTHUR CABRAL,0,0,"739,07"," R$  739,07 ","0,00%","0,00%","100,00%",PLO6,"-1211,75"
08/06/2026,194632,SHEIN,AF - ARTHUR CABRAL,0,0,"1160,09"," R$  1.160,09 ","0,00%","0,00%","100,00%",PLO6,"447,56"
08/06/2026,196119,pix196119,AF - ARTHUR CABRAL,"24,48",0,"722,25"," R$  746,73 ","3,28%","0,00%","96,72%",PLO6,"-1712,45"
08/06/2026,195717,Diamante,AF - ARTHUR CABRAL,0,0,"183,42"," R$  183,42 ","0,00%","0,00%","100,00%",PLO6,-176
08/06/2026,143848,PrincipeDaMata?,AF - ARTHUR CABRAL,"92,34",0,"243,53"," R$  335,87 ","27,49%","0,00%","72,51%",PLO6,"407,26"
08/06/2026,145206,José Isaac,AF - ARTHUR CABRAL,"36,36",0,0," R$  36,36 ","100,00%","0,00%","0,00%",NLH,10
08/06/2026,167813,Edivaldo ??,AF - ARTHUR CABRAL,"31,34","47,9",0," R$  79,24 ","39,55%","60,45%","0,00%",MTT,"-320,42"
08/06/2026,172412,GRT9,AF - ARTHUR CABRAL,"97,99",4,0," R$  101,99 ","96,08%","3,92%","0,00%",NLH,"106,09"
08/06/2026,173038,JaxT???,AF - ARTHUR CABRAL,"339,81","21,5",0," R$  361,31 ","94,05%","5,95%","0,00%",NLH,"-784,72"
08/06/2026,152896,juniorenaldo,AF - ARTHUR CABRAL,0,136,0," R$  136,00 ","0,00%","100,00%","0,00%",MTT,"270,23"
08/06/2026,183813,Brinks,AF - ARTHUR CABRAL,0,2,"8,51"," R$  10,51 ","0,00%","19,03%","80,97%",PLO6,-100
08/06/2026,123791,Jota1010,AF - ARTHUR CABRAL,0,0,"595,68"," R$  595,68 ","0,00%","0,00%","100,00%",PLO6,"1001,46"
08/06/2026,128009,Lukinhamaluquinho,AF - ARTHUR CABRAL,"0,08",0,"43,48"," R$  43,56 ","0,18%","0,00%","99,82%",PLO6,"-119,39"
08/06/2026,162667,dr. marcones,AF - ARTHUR CABRAL,"15,33","52,1","18,89"," R$  86,32 ","17,76%","60,36%","21,88%",MTT,"-507,69"
08/06/2026,195438,pix195438,AF - ARTHUR CABRAL,"1,15",0,0," R$  1,15 ","100,00%","0,00%","0,00%",NLH,-12
08/06/2026,145461,ficha no pano,AF - ARTHUR CABRAL,0,0,"298,76"," R$  298,76 ","0,00%","0,00%","100,00%",PLO6,"-824,47"
08/06/2026,172353,ZEDOPIXEL?,AF - ARTHUR CABRAL,"0,54",0,"17,45"," R$  17,99 ","3,00%","0,00%","97,00%",PLO6,"209,55"
08/06/2026,180496,Supremo359,AF - ARTHUR CABRAL,0,0,"921,33"," R$  921,33 ","0,00%","0,00%","100,00%",PLO6,"-935,6"
08/06/2026,104793,pracima123,AF - ARTHUR CABRAL,0,8,"21,43"," R$  29,43 ","0,00%","27,18%","72,82%",PLO6,"104,07"
08/06/2026,178476,FiscaldeFlop,AF - ARTHUR CABRAL,"192,88",8,"15,77"," R$  216,65 ","89,03%","3,69%","7,28%",NLH,"-709,37"
08/06/2026,177717,regularizando,AF - ARTHUR CABRAL,"82,14",2,"6,11"," R$  90,25 ","91,01%","2,22%","6,77%",NLH,"-298,48"
08/06/2026,143629,Lascou-se,AF - ARTHUR CABRAL,0,50,"1366,96"," R$  1.416,96 ","0,00%","3,53%","96,47%",PLO6,"-1323,57"
08/06/2026,112389,luis.angelim,AF - ARTHUR CABRAL,0,28,"36,78"," R$  64,78 ","0,00%","43,22%","56,78%",PLO6,"-542,03"
08/06/2026,110272,BELLICARD,AF - ARTHUR CABRAL,0,1,0," R$  1,00 ","0,00%","100,00%","0,00%",MTT,-10
08/06/2026,150716,BOB-MARLEY,AF - ARTHUR CABRAL,"0,06","14,2",0," R$  14,26 ","0,42%","99,58%","0,00%",MTT,"-111,52"
08/06/2026,159834,SoLamento,AF - ARTHUR CABRAL,0,"0,2",0," R$  0,20 ","0,00%","100,00%","0,00%",MTT,-2
08/06/2026,190995,Jhon Arias,AF - ARTHUR CABRAL,0,0,0, R$  -   ,,,,NLH,0
08/06/2026,127787,Cupisco,AF - ARTHUR CABRAL,0,"0,1",0," R$  0,10 ","0,00%","100,00%","0,00%",MTT,-1
08/06/2026,150078,Le Chiffre,AF - ARTHUR CABRAL,"7,26","30,9","2,04"," R$  40,20 ","18,06%","76,87%","5,07%",MTT,"-364,04"
08/06/2026,168689,Duds00,AF - ARTHUR CABRAL,"11,22",0,"0,56"," R$  11,78 ","95,25%","0,00%","4,75%",NLH,"10,53"
08/06/2026,193500,peteco peteco,AF - ARTHUR CABRAL,0,0,"299,96"," R$  299,96 ","0,00%","0,00%","100,00%",PLO6,"-988,09"
08/06/2026,115718,Gladiador+,AF - ARTHUR CABRAL,0,"280,5",0," R$  280,50 ","0,00%","100,00%","0,00%",MTT,"2006,09"
08/06/2026,120680,haggeantonio,AF - ARTHUR CABRAL,0,0,"549,99"," R$  549,99 ","0,00%","0,00%","100,00%",PLO6,-2000
08/06/2026,112648,maniaco da praça,AF - ARTHUR CABRAL,0,0,"7,44"," R$  7,44 ","0,00%","0,00%","100,00%",PLO6,"-66,28"
08/06/2026,172429,MIKE POKER CLUB,AF - ARTHUR CABRAL,0,114,"19,81"," R$  133,81 ","0,00%","85,20%","14,80%",MTT,-1140
08/06/2026,114323,do agro?,AF - ARTHUR CABRAL,0,0,0, R$  -   ,,,,NLH,0
08/06/2026,161607,Smoke,AF - ARTHUR CABRAL,"2,48","2,6","0,21"," R$  5,29 ","46,88%","49,15%","3,97%",MTT,"-42,36"
08/06/2026,182616,urubu do pixe,AF - ARTHUR CABRAL,0,16,"5,01"," R$  21,01 ","0,00%","76,15%","23,85%",MTT,-227
08/06/2026,125345,BR071,AF - ARTHUR CABRAL,0,0,"2,06"," R$  2,06 ","0,00%","0,00%","100,00%",PLO6,"-0,24"
08/06/2026,187825,rutra,AF - ARTHUR CABRAL,0,"1,3","4,27"," R$  5,57 ","0,00%","23,34%","76,66%",PLO6,"-52,93"
08/06/2026,151971,Neto Sinuca Ipuense,AF - ARTHUR CABRAL,"4,48",0,0," R$  4,48 ","100,00%","0,00%","0,00%",NLH,-40
08/06/2026,140474,Edilson07,AF - ARTHUR CABRAL,"0,94","0,1","0,85"," R$  1,89 ","49,74%","5,29%","44,97%",NLH,"-18,5"
08/06/2026,125296,Morada,AF - ARTHUR CABRAL,"254,59",0,"210,87"," R$  465,46 ","54,70%","0,00%","45,30%",NLH,"-490,18"
08/06/2026,159448,sem noção,AF - ARTHUR CABRAL,"88,23",0,0," R$  88,23 ","100,00%","0,00%","0,00%",NLH,"-136,83"
08/06/2026,173040,Careca1kGrau,AF - ARTHUR CABRAL,0,"0,3",0," R$  0,30 ","0,00%","100,00%","0,00%",MTT,"-1,21"
08/06/2026,145323,PhelipeMatheus_,AF - ARTHUR CABRAL,0,0,"13,43"," R$  13,43 ","0,00%","0,00%","100,00%",PLO6,"206,16"
08/06/2026,150117,corujaNI,AF - ARTHUR CABRAL,0,44,0," R$  44,00 ","0,00%","100,00%","0,00%",MTT,-413
08/06/2026,162392,deminho,AF - ARTHUR CABRAL,0,25,"11,68"," R$  36,68 ","0,00%","68,16%","31,84%",MTT,"-350,12"
08/06/2026,156396,Gonzagão Tiltado,AF - ARTHUR CABRAL,0,0,0, R$  -   ,,,,NLH,0
08/06/2026,158421,BOLSONARO??,AF - ARTHUR CABRAL,0,"10,7","4,86"," R$  15,56 ","0,00%","68,77%","31,23%",MTT,"597,48"
08/06/2026,147170,N?T0744,AF - ARTHUR CABRAL,"1,25",0,0," R$  1,25 ","100,00%","0,00%","0,00%",NLH,-12
08/06/2026,182855,Teo pixpoker,AF - ARTHUR CABRAL,"0,2",0,0," R$  0,20 ","100,00%","0,00%","0,00%",NLH,0
08/06/2026,196414,Xandinho.Fold,AF - ARTHUR CABRAL,0,0,"49,69"," R$  49,69 ","0,00%","0,00%","100,00%",PLO6,-352
08/06/2026,154992,Laiho.W.F,AF - ARTHUR CABRAL,"2,94",0,"1,5"," R$  4,44 ","66,22%","0,00%","33,78%",NLH,"-11,89"
08/06/2026,132383,pix132383,AF - ARTHUR CABRAL,0,0,0, R$  -   ,,,,NLH,"0,64"
08/06/2026,163452,pix163452,AF - ARTHUR CABRAL,0,"1,9",0," R$  1,90 ","0,00%","100,00%","0,00%",MTT,-19
08/06/2026,177052,BadPix,AF - ARTHUR CABRAL,0,0,0, R$  -   ,,,,NLH,0
08/06/2026,187153,SóVouNuts,AF - ARTHUR CABRAL,"11,16","9,5","5,94"," R$  26,60 ","41,95%","35,71%","22,33%",NLH,"207,33"
08/06/2026,148405,ferraro7416,AF - ARTHUR CABRAL,"1,77",0,0," R$  1,77 ","100,00%","0,00%","0,00%",NLH,"27,23"
08/06/2026,193154,viniciusdezes,AF - ARTHUR CABRAL,0,0,0, R$  -   ,,,,NLH,0
08/06/2026,182371,JF IMPORTS ?,AF - ARTHUR CABRAL,"0,26","36,3","160,09"," R$  196,65 ","0,13%","18,46%","81,41%",PLO6,"259,33"
08/06/2026,150523,Reinoriver,AF - ARTHUR CABRAL,"0,62","10,3",0," R$  10,92 ","5,68%","94,32%","0,00%",MTT,"-44,77"
08/06/2026,177622,NEGOLAMA,AF - ARTHUR CABRAL,"2,01",0,"1,39"," R$  3,40 ","59,12%","0,00%","40,88%",NLH,-41
08/06/2026,100473,FlaPix,AF - ARTHUR CABRAL,0,0,"11,34"," R$  11,34 ","0,00%","0,00%","100,00%",PLO6,100
08/06/2026,178732,o jegue,AF - ARTHUR CABRAL,"0,3","11,5","1,86"," R$  13,66 ","2,20%","84,19%","13,62%",MTT,"-106,5"
08/06/2026,106802,??Sued??,AF - ARTHUR CABRAL,"130,81","2,2",0," R$  133,01 ","98,35%","1,65%","0,00%",NLH,"419,81"
08/06/2026,145384,Rufles,AF - ARTHUR CABRAL,0,0,0, R$  -   ,,,,NLH,0
08/06/2026,109817,lpmobilidade,AF - ARTHUR CABRAL,"14,08",0,0," R$  14,08 ","100,00%","0,00%","0,00%",NLH,"73,41"
08/06/2026,169323,ZEMOCO,AF - ARTHUR CABRAL,0,0,"0,83"," R$  0,83 ","0,00%","0,00%","100,00%",PLO6,-12
08/06/2026,159522,?BM?,AF - ARTHUR CABRAL,0,0,"0,46"," R$  0,46 ","0,00%","0,00%","100,00%",PLO6,-3
08/06/2026,172140,AdolfHitler,AF - ARTHUR CABRAL,0,0,0, R$  -   ,,,,NLH,0
08/06/2026,119176,BELÉM,AF - ARTHUR CABRAL,"25,51",0,0," R$  25,51 ","100,00%","0,00%","0,00%",NLH,-40
08/06/2026,151720,Merlin,AF - ARTHUR CABRAL,0,"4,6",0," R$  4,60 ","0,00%","100,00%","0,00%",MTT,-46
08/06/2026,100230,#NJR#,AF - ARTHUR CABRAL,0,0,"4,33"," R$  4,33 ","0,00%","0,00%","100,00%",PLO6,-20
08/06/2026,182047,joventralha1,AF - FABIO MURAKAMI,0,"86,8","2,67"," R$  89,47 ","0,00%","97,02%","2,98%",MTT,"-411,89"
08/06/2026,158904,rumo ao equiça,AF - FABIO MURAKAMI,0,"164,1","19,02"," R$  183,12 ","0,00%","89,61%","10,39%",MTT,"560,76"
08/06/2026,148598,aabb,AF - FABIO MURAKAMI,0,124,"241,21"," R$  365,21 ","0,00%","33,95%","66,05%",PLO6,191
08/06/2026,163679,Leo 73,AF - FABIO MURAKAMI,0,"0,2",0," R$  0,20 ","0,00%","100,00%","0,00%",MTT,"0,68"
08/06/2026,127292,ErroPotte,AF - FABIO MURAKAMI,0,292,0," R$  292,00 ","0,00%","100,00%","0,00%",MTT,"709,24"
08/06/2026,146545,Patativover,AF - FABIO MURAKAMI,0,78,0," R$  78,00 ","0,00%","100,00%","0,00%",MTT,"-632,82"
08/06/2026,135647,Bulldogs,AF - FABIO MURAKAMI,0,"34,4",0," R$  34,40 ","0,00%","100,00%","0,00%",MTT,-344
08/06/2026,160733,TheKing92,AF - FABIO MURAKAMI,"3,83","84,6",0," R$  88,43 ","4,33%","95,67%","0,00%",MTT,"-509,11"
08/06/2026,172138,Russia,AF - FABIO MURAKAMI,"306,53",0,0," R$  306,53 ","100,00%","0,00%","0,00%",NLH,"-138,81"
08/06/2026,130042,FabioK9,AF - FABIO MURAKAMI,0,0,"17,6"," R$  17,60 ","0,00%","0,00%","100,00%",PLO6,"-190,29"
08/06/2026,147416,helpp,AF - FABIO MURAKAMI,0,"52,1","45,07"," R$  97,17 ","0,00%","53,62%","46,38%",MTT,"740,93"
08/06/2026,163793,SHEIIK,AF - FABIO MURAKAMI,0,0,0, R$  -   ,,,,NLH,0
08/06/2026,153916,Xandovysk,AF - FABIO MURAKAMI,0,0,0, R$  -   ,,,,NLH,0
08/06/2026,164817,Alber Ramos,AF - FABIO MURAKAMI,0,"0,1",0," R$  0,10 ","0,00%","100,00%","0,00%",MTT,-1
08/06/2026,158714,JohnWickk,AF - FABIO MURAKAMI,0,2,0," R$  2,00 ","0,00%","100,00%","0,00%",MTT,-20
08/06/2026,120841,NHONHOj6,AF - NHONHO,0,25,"1731,53"," R$  1.756,53 ","0,00%","1,42%","98,58%",PLO6,"2126,47"
08/06/2026,147619,Luffygear4,AF - NHONHO,0,0,"161,4"," R$  161,40 ","0,00%","0,00%","100,00%",PLO6,"662,22"
08/06/2026,122587,pix122587,AF - NHONHO,0,0,"314,83"," R$  314,83 ","0,00%","0,00%","100,00%",PLO6,"-146,26"
08/06/2026,124365,??cuidado??,AF - NHONHO,0,0,"121,86"," R$  121,86 ","0,00%","0,00%","100,00%",PLO6,"-197,75"
08/06/2026,147208,pix147208,AF - NHONHO,"0,4",0,"0,2"," R$  0,60 ","66,67%","0,00%","33,33%",NLH,"-0,59"
08/06/2026,128731,SPIGA,AF - NHONHO,0,0,"171,39"," R$  171,39 ","0,00%","0,00%","100,00%",PLO6,"566,31"
08/06/2026,130123,Pinguim$,AF - RILDO,0,8,"1341,95"," R$  1.349,95 ","0,00%","0,59%","99,41%",PLO6,"7057,04"
08/06/2026,113639,guilermecosta,AF - RILDO,0,0,"1327,87"," R$  1.327,87 ","0,00%","0,00%","100,00%",PLO6,"-539,35"
08/06/2026,131074,pix270576,AF - KZAA CLUB,0,"11,5","775,59"," R$  787,09 ","0,00%","1,46%","98,54%",PLO6,-1447
08/06/2026,144100,Jogador69,AF - KZAA CLUB,0,0,"2175,19"," R$  2.175,19 ","0,00%","0,00%","100,00%",PLO6,"-7180,2"
08/06/2026,123623,pix123623,AF - KZAA CLUB,0,0,"731,51"," R$  731,51 ","0,00%","0,00%","100,00%",PLO6,"577,64"
08/06/2026,138948,Un77,AF - KZAA CLUB,0,0,"183,13"," R$  183,13 ","0,00%","0,00%","100,00%",PLO6,"349,72"
08/06/2026,100208,ojuara*,AF - KZAA CLUB,0,0,"232,69"," R$  232,69 ","0,00%","0,00%","100,00%",PLO6,"-313,96"
08/06/2026,169277,Kakaroto?,AF - KZAA CLUB,0,0,"399,54"," R$  399,54 ","0,00%","0,00%","100,00%",PLO6,"-1024,18"
08/06/2026,100418,Stonerax,AF - KZAA CLUB,0,0,"15,26"," R$  15,26 ","0,00%","0,00%","100,00%",PLO6,26
08/06/2026,127997,wagne,AF - KZAA CLUB,0,0,"200,16"," R$  200,16 ","0,00%","0,00%","100,00%",PLO6,"-1009,07"
08/06/2026,196285,Sandro Morais,AF - KZAA CLUB,0,0,"730,95"," R$  730,95 ","0,00%","0,00%","100,00%",PLO6,"-6059,64"
08/06/2026,100337,stuart Litte ?,AF - KZAA CLUB,0,0,"343,41"," R$  343,41 ","0,00%","0,00%","100,00%",PLO6,"-355,55"
08/06/2026,107169,danilo10,AF - KZAA CLUB,0,0,"821,78"," R$  821,78 ","0,00%","0,00%","100,00%",PLO6,"-2188,64"
08/06/2026,110893,EVANDRODODENDE,AF - KZAA CLUB,0,0,"59,31"," R$  59,31 ","0,00%","0,00%","100,00%",PLO6,"-316,02"
08/06/2026,115616,pix559079,AF - KZAA CLUB,0,0,"61,99"," R$  61,99 ","0,00%","0,00%","100,00%",PLO6,"-157,82"
08/06/2026,123154,Greey,AF - KZAA CLUB,0,0,"691,29"," R$  691,29 ","0,00%","0,00%","100,00%",PLO6,-1670
08/06/2026,100266,BerôPB,AF - KZAA CLUB,0,0,"48,33"," R$  48,33 ","0,00%","0,00%","100,00%",PLO6,"-115,82"
08/06/2026,171708,pix171708,AF - KZAA CLUB,"0,46","8,5","30,1"," R$  39,06 ","1,18%","21,76%","77,06%",PLO6,-53
08/06/2026,121187,x.poker,AF - KZAA CLUB,"1,86",1,"246,87"," R$  249,73 ","0,74%","0,40%","98,85%",PLO6,"117,03"
08/06/2026,157331,TIO GILNETO,AF - KZAA CLUB,0,0,"2529,73"," R$  2.529,73 ","0,00%","0,00%","100,00%",PLO6,"-1199,21"
08/06/2026,100332,ARROZ,AF - KZAA CLUB,"3,3","0,5",0," R$  3,80 ","86,84%","13,16%","0,00%",NLH,-32
08/06/2026,100140,Diego Manga,AF - KZAA CLUB,"1,22",0,"4017,13"," R$  4.018,35 ","0,03%","0,00%","99,97%",PLO6,"-12479,92"
08/06/2026,130918,pix130918,AF - KZAA CLUB,0,0,"4141,31"," R$  4.141,31 ","0,00%","0,00%","100,00%",PLO6,"-3832,41"
08/06/2026,100265,BreckPK,AF - KZAA CLUB,0,"0,8","1,43"," R$  2,23 ","0,00%","35,87%","64,13%",PLO6,"5,53"
08/06/2026,100448,Paga,AF - KZAA CLUB,0,5,"115,73"," R$  120,73 ","0,00%","4,14%","95,86%",PLO6,"1606,75"
08/06/2026,104648,nilsonsergio15,AF - KZAA CLUB,0,0,"1352,19"," R$  1.352,19 ","0,00%","0,00%","100,00%",PLO6,"-4824,36"
08/06/2026,140989,coqueir0,AF - KZAA CLUB,0,0,"19,03"," R$  19,03 ","0,00%","0,00%","100,00%",PLO6,-200
08/06/2026,155693,MEU PAU TE AMA,AF - KZAA CLUB,0,0,"188,51"," R$  188,51 ","0,00%","0,00%","100,00%",PLO6,-950
08/06/2026,153654,pix1001237,AF - KZAA CLUB,0,0,"2,5"," R$  2,50 ","0,00%","0,00%","100,00%",PLO6,"3,05"
08/06/2026,144244,pix 2399057,AF - KZAA CLUB,0,"68,6",0," R$  68,60 ","0,00%","100,00%","0,00%",MTT,"302,01"
08/06/2026,150122,MXavier13,AF - KZAA CLUB,"1,59",0,0," R$  1,59 ","100,00%","0,00%","0,00%",NLH,"-17,89"
08/06/2026,117136,pix117136,AF - KZAA CLUB,0,12,"196,46"," R$  208,46 ","0,00%","5,76%","94,24%",PLO6,"-151,54"
08/06/2026,102125,Bolsonaroo22,AF - KZAA CLUB,0,0,"6,87"," R$  6,87 ","0,00%","0,00%","100,00%",PLO6,-50
08/06/2026,107490,Josanny,AF - KZAA CLUB,0,0,"11,47"," R$  11,47 ","0,00%","0,00%","100,00%",PLO6,"-100,06"
08/06/2026,100796,PixPlay,AF - KZAA CLUB,0,0,"1,5"," R$  1,50 ","0,00%","0,00%","100,00%",PLO6,-17
08/06/2026,102681,aiinnnn pretoo,AF - KZAA CLUB,0,0,"12,72"," R$  12,72 ","0,00%","0,00%","100,00%",PLO6,-70
08/06/2026,106265,EneJota9,AF - KZAA CLUB,0,0,"44,44"," R$  44,44 ","0,00%","0,00%","100,00%",PLO6,-400
08/06/2026,100217,Bino ??,AF - KZAA CLUB,0,0,"19,36"," R$  19,36 ","0,00%","0,00%","100,00%",PLO6,-181
08/06/2026,100136,AllInSemDó,AF - KZAA CLUB,0,0,"137,78"," R$  137,78 ","0,00%","0,00%","100,00%",PLO6,"1158,48"
08/06/2026,100259,Josenildo,AF - KZAA CLUB,0,"0,9",0," R$  0,90 ","0,00%","100,00%","0,00%",MTT,"-3,24"
08/06/2026,152791,Karintó,AF - GABRIEL BENEVOL,0,0,"103,17"," R$  103,17 ","0,00%","0,00%","100,00%",PLO6,-889
08/06/2026,155748,MaxFarias,AF - GABRIEL BENEVOL,0,"76,79",0," R$  76,79 ","0,00%","100,00%","0,00%",MTT,"-322,59"
08/06/2026,136520,Juninho007,AF - GABRIEL BENEVOL,0,0,"1,37"," R$  1,37 ","0,00%","0,00%","100,00%",PLO6,"-22,28"
08/06/2026,105042,Sombra 3D,AF - GABRIEL BENEVOL,0,0,"0,83"," R$  0,83 ","0,00%","0,00%","100,00%",PLO6,-12
08/06/2026,107574,galega,AF - GABRIEL BENEVOL,0,0,"47,65"," R$  47,65 ","0,00%","0,00%","100,00%",PLO6,"-481,64"
08/06/2026,137005,ddzao,AF - GABRIEL BENEVOL,"4,35","3,5","1,15"," R$  9,00 ","48,33%","38,89%","12,78%",NLH,"-49,05"
08/06/2026,152510,BruceWayne,AF - GABRIEL BENEVOL,"12,21",0,0," R$  12,21 ","100,00%","0,00%","0,00%",NLH,-73
08/06/2026,139352,henryzin,AF - GABRIEL BENEVOL,0,0,"236,3"," R$  236,30 ","0,00%","0,00%","100,00%",PLO6,-1600
08/06/2026,136771,gometa,AF - GABRIEL BENEVOL,0,"2,5",0," R$  2,50 ","0,00%","100,00%","0,00%",MTT,-25
08/06/2026,172370,ShoShoNilDo,AF - JAPA,0,0,"2980,61"," R$  2.980,61 ","0,00%","0,00%","100,00%",PLO6,"6061,59"
08/06/2026,172369,Di Pace,AF - JAPA,0,"5,1",0," R$  5,10 ","0,00%","100,00%","0,00%",MTT,-51
08/06/2026,142091,pau e choque,AF - JAPA,"7,65","7,5","291,55"," R$  306,70 ","2,49%","2,45%","95,06%",PLO6,"-402,75"
08/06/2026,100148,Katrupe,AF - JAPA,0,82,"306,48"," R$  388,48 ","0,00%","21,11%","78,89%",PLO6,"-588,76"
08/06/2026,169126,macth card,AF - JAPA,0,0,"655,97"," R$  655,97 ","0,00%","0,00%","100,00%",PLO6,"-829,6"
08/06/2026,187490,De Arrascaeta,AF - JAPA,0,127,0," R$  127,00 ","0,00%","100,00%","0,00%",MTT,"-1052,24"
08/06/2026,147885,freshfrozen,AF - JAPA,0,60,0," R$  60,00 ","0,00%","100,00%","0,00%",MTT,-600
08/06/2026,180537,Max leite,AF - JAPA,0,"73,5","106,31"," R$  179,81 ","0,00%","40,88%","59,12%",PLO6,"-1734,85"
08/06/2026,100267,Digamaisnd,AF - JAPA,0,0,"33,71"," R$  33,71 ","0,00%","0,00%","100,00%",PLO6,"-8,41"
08/06/2026,100228,NeyHEXA,AF - JAPA,0,0,"101,26"," R$  101,26 ","0,00%","0,00%","100,00%",PLO6,-1001
08/06/2026,178284,tuffs,AF -JR. CALAZANS,0,10,"249,3"," R$  259,30 ","0,00%","3,86%","96,14%",PLO6,"-849,39"
08/06/2026,124340,Agoravai,AF -JR. CALAZANS,0,268,"2800,58"," R$  3.068,58 ","0,00%","8,73%","91,27%",PLO6,"5719,83"
08/06/2026,183037,Bingo,AF -JR. CALAZANS,0,0,"551,22"," R$  551,22 ","0,00%","0,00%","100,00%",PLO6,-824
08/06/2026,136575,Blef_Nuts,AF -JR. CALAZANS,0,4,"88,04"," R$  92,04 ","0,00%","4,35%","95,65%",PLO6,153
08/06/2026,137862,runeruner,AF -JR. CALAZANS,"16,06","12,5",0," R$  28,56 ","56,23%","43,77%","0,00%",NLH,"-62,55"
08/06/2026,131291,Moreirão,AF -JR. CALAZANS,0,10,"1244,78"," R$  1.254,78 ","0,00%","0,80%","99,20%",PLO6,"-9058,64"
08/06/2026,188987,Apple,AF -JR. CALAZANS,0,34,"5147,74"," R$  5.181,74 ","0,00%","0,66%","99,34%",PLO6,"8531,48"
08/06/2026,166183,Durcall,AF -JR. CALAZANS,0,"110,5",0," R$  110,50 ","0,00%","100,00%","0,00%",MTT,"-33,86"
08/06/2026,135727,D. Luffy,AF -JR. CALAZANS,0,"29,1",0," R$  29,10 ","0,00%","100,00%","0,00%",MTT,"1091,05"
08/06/2026,192387,pix192387,AF -JR. CALAZANS,0,0,"57,9"," R$  57,90 ","0,00%","0,00%","100,00%",PLO6,"-829,29"
08/06/2026,192627,timãoepumba,AF -JR. CALAZANS,0,20,"625,91"," R$  645,91 ","0,00%","3,10%","96,90%",PLO6,"-3771,18"
08/06/2026,149182,Alan Jatobá,AF -JR. CALAZANS,0,"2,3",0," R$  2,30 ","0,00%","100,00%","0,00%",MTT,"41,19"
08/06/2026,155861,Xuspito,AF -JR. CALAZANS,0,0,"227,48"," R$  227,48 ","0,00%","0,00%","100,00%",PLO6,-295
08/06/2026,129018,Alfredão,AF -JR. CALAZANS,0,0,"168,86"," R$  168,86 ","0,00%","0,00%","100,00%",PLO6,"-1800,2"
08/06/2026,158854,Fazendeira,AF -JR. CALAZANS,0,0,"196,56"," R$  196,56 ","0,00%","0,00%","100,00%",PLO6,-3000
08/06/2026,145621,KaKatuA,AF -JR. CALAZANS,"67,51",0,"0,07"," R$  67,58 ","99,90%","0,00%","0,10%",NLH,"-170,88"
08/06/2026,130350,Sete4,AF -JR. CALAZANS,0,20,"22,28"," R$  42,28 ","0,00%","47,30%","52,70%",PLO6,"-505,47"
08/06/2026,123163,pix123163,AF -JR. CALAZANS,0,0,"94,13"," R$  94,13 ","0,00%","0,00%","100,00%",PLO6,"512,84"
08/06/2026,194512,pix194512,AF - PAÇOCA,0,0,"292,03"," R$  292,03 ","0,00%","0,00%","100,00%",PLO6,"-619,97"
08/06/2026,100116,Fazendeiro,AF - PAÇOCA,0,250,"6669,12"," R$  6.919,12 ","0,00%","3,61%","96,39%",PLO6,"12467,68"
08/06/2026,100198,发牌员亲儿子,AF - PAÇOCA,0,220,"1462,82"," R$  1.682,82 ","0,00%","13,07%","86,93%",PLO6,"5302,5"
08/06/2026,124064,Presley,AF - PAÇOCA,0,"168,5",0," R$  168,50 ","0,00%","100,00%","0,00%",MTT,"-1623,13"
08/06/2026,100725,tiltei1,AF - PAÇOCA,0,0,"28,02"," R$  28,02 ","0,00%","0,00%","100,00%",PLO6,"-27,86"
08/06/2026,150259,pix 192988,AF - OZÉIAS,0,3,"80,7"," R$  83,70 ","0,00%","3,58%","96,42%",PLO6,"329,91"
08/06/2026,170748,pix170748,AF - OZÉIAS,0,0,"250,38"," R$  250,38 ","0,00%","0,00%","100,00%",PLO6,-181
08/06/2026,162008,pix162008,CAMPANHA 1,"70,49",0,"1557,49"," R$  1.627,98 ","4,33%","0,00%","95,67%",PLO6,"-710,38"
08/06/2026,162174,AAMAA,CAMPANHA 1,"0,14","0,2",0," R$  0,34 ","41,18%","58,82%","0,00%",MTT,-6
08/06/2026,151879,badbeat,CAMPANHA 1,"3,29","3,6","21,58"," R$  28,47 ","11,56%","12,64%","75,80%",PLO6,-47
08/06/2026,185612,pix185612,CAMPANHA 1,0,0,"131,6"," R$  131,60 ","0,00%","0,00%","100,00%",PLO6,-289
08/06/2026,175324,Viel1996,CAMPANHA 1,"11,82",0,0," R$  11,82 ","100,00%","0,00%","0,00%",NLH,"30,63"
08/06/2026,173626,pix173626,CAMPANHA 1,0,0,"742,6"," R$  742,60 ","0,00%","0,00%","100,00%",PLO6,"-2340,87"
08/06/2026,163140,JOKER CRAZY,CAMPANHA 1,0,0,"7,29"," R$  7,29 ","0,00%","0,00%","100,00%",PLO6,"-20,08"
08/06/2026,161295,dadopoker,CAMPANHA 1,0,0,0, R$  -   ,,,,NLH,0
08/06/2026,161716,supoker,CAMPANHA 1,0,0,0, R$  -   ,,,,NLH,0
08/06/2026,161754,Akhenatom,CAMPANHA 1,0,0,0, R$  -   ,,,,NLH,0
08/06/2026,165834,PLINIO RAFAEL,CAMPANHA 1,"0,34",0,0," R$  0,34 ","100,00%","0,00%","0,00%",NLH,"-4,29"
08/06/2026,166567,KevinDe9,CAMPANHA 1,0,"0,1",0," R$  0,10 ","0,00%","100,00%","0,00%",MTT,-1
08/06/2026,176514,roots,CAMPANHA 1,0,0,0, R$  -   ,,,,NLH,0
08/06/2026,180921,vitoorx,CAMPANHA 1,0,"17,29",0," R$  17,29 ","0,00%","100,00%","0,00%",MTT,"-172,9"
08/06/2026,165029,pix165029,CAMPANHA 1,"2,62","0,1",0," R$  2,72 ","96,32%","3,68%","0,00%",NLH,"-11,7"
08/06/2026,166221,SR.MAATHEUS,CAMPANHA 1,0,0,0, R$  -   ,,,,NLH,0
08/06/2026,173723,JJon,CAMPANHA 1,0,"0,8","1,47"," R$  2,27 ","0,00%","35,24%","64,76%",PLO6,-20
08/06/2026,179192,Vemquetemembu,CAMPANHA 1,0,0,0, R$  -   ,,,,NLH,0
08/06/2026,192227,Lord05,CAMPANHA 1,"2,95",0,0," R$  2,95 ","100,00%","0,00%","0,00%",NLH,"9,59"
08/06/2026,162219,virusTHC,CAMPANHA 1,0,"0,8","1,34"," R$  2,14 ","0,00%","37,38%","62,62%",PLO6,-25
08/06/2026,186891,Andre f 16,CAMPANHA 1,"0,1","9,3","33,39"," R$  42,79 ","0,23%","21,73%","78,03%",PLO6,"-30,68"
08/06/2026,145394,erlygameAA,CAMPANHA 1,0,0,0, R$  -   ,,,,NLH,0
08/06/2026,152970,ASOUTERROR,CAMPANHA 1,0,0,0, R$  -   ,,,,NLH,0
08/06/2026,179799,JUJUBA25,CAMPANHA 1,0,"0,1",0," R$  0,10 ","0,00%","100,00%","0,00%",MTT,"0,24"
08/06/2026,185536,FernandoM81,CAMPANHA 1,0,0,0, R$  -   ,,,,NLH,0
08/06/2026,164207,pix164207,CAMPANHA 1,0,0,0, R$  -   ,,,,NLH,0
08/06/2026,164351,pix164351,CAMPANHA 1,0,0,0, R$  -   ,,,,NLH,0
08/06/2026,175644,Tilas-Key,CAMPANHA 1,0,0,0, R$  -   ,,,,NLH,0
08/06/2026,177513,kaballah,CAMPANHA 1,"19,38",0,0," R$  19,38 ","100,00%","0,00%","0,00%",NLH,-54
08/06/2026,122839,willismael,CAMPANHA 1,0,0,0, R$  -   ,,,,NLH,0
08/06/2026,166785,77énuts,CAMPANHA 1,0,0,0, R$  -   ,,,,NLH,0
08/06/2026,179670,Hahaha11,CAMPANHA 1,0,0,0, R$  -   ,,,,NLH,0
08/06/2026,161487,JeH7,CAMPANHA 1,0,0,0, R$  -   ,,,,NLH,0
08/06/2026,175599,pix175599,CAMPANHA 1,0,0,0, R$  -   ,,,,NLH,0
08/06/2026,192361,pix192361,CAMPANHA 1,"0,83","0,3",0," R$  1,13 ","73,45%","26,55%","0,00%",NLH,-11
08/06/2026,163069,Fserra,CAMPANHA 1,0,0,0, R$  -   ,,,,NLH,0
08/06/2026,167526,mandiocagaucha,CAMPANHA 1,0,0,0, R$  -   ,,,,NLH,0
08/06/2026,104971,0 maS be$tA,CAMPANHA 1,0,"0,1",0," R$  0,10 ","0,00%","100,00%","0,00%",MTT,"0,05"
08/06/2026,169382,ÉoPessa,CAMPANHA 1,"0,52","0,1",0," R$  0,62 ","83,87%","16,13%","0,00%",NLH,"3,97"
08/06/2026,184190,RaufoJr.KJ,CAMPANHA 1,0,0,0, R$  -   ,,,,NLH,0
08/06/2026,184372,GatoPreto,CAMPANHA 1,"1,63",0,0," R$  1,63 ","100,00%","0,00%","0,00%",NLH,-4
08/06/2026,167342,Dantas.96,CAMPANHA 1,"1,88",0,"2,41"," R$  4,29 ","43,82%","0,00%","56,18%",PLO6,-20
08/06/2026,184940,Allex066,CAMPANHA 1,0,0,0, R$  -   ,,,,NLH,0
08/06/2026,191062,claytonpi,CAMPANHA 1,0,0,0, R$  -   ,,,,NLH,0
08/06/2026,167263,zoyoz,CAMPANHA 1,0,"0,1",0," R$  0,10 ","0,00%","100,00%","0,00%",MTT,-1
08/06/2026,179476,Danflapoker,CAMPANHA 1,0,"0,1",0," R$  0,10 ","0,00%","100,00%","0,00%",MTT,-1
08/06/2026,130461,8ito,CAMPANHA 1,0,0,0, R$  -   ,,,,NLH,0
08/06/2026,169112,MARCOS ALL IN,CAMPANHA 1,0,0,0, R$  -   ,,,,NLH,0
08/06/2026,173419,pix173419,CAMPANHA 1,0,0,0, R$  -   ,,,,NLH,0
08/06/2026,164986,Jacaré va pra casa,AF - BRENO BIGNARD,0,1,"242,23"," R$  243,23 ","0,00%","0,41%","99,59%",PLO6,"-186,12"
08/06/2026,179880,raymene,AF - BRENO BIGNARD,"75,13",0,"510,4"," R$  585,53 ","12,83%","0,00%","87,17%",PLO6,"-586,34"
08/06/2026,162155,moraz,AF - BRENO BIGNARD,"32,89",0,0," R$  32,89 ","100,00%","0,00%","0,00%",NLH,"7,18"
08/06/2026,180225,vitor18,AF - BRENO BIGNARD,"53,45","1,6","3,15"," R$  58,20 ","91,84%","2,75%","5,41%",NLH,-153
08/06/2026,182244,TiiBilu1010,AF - BRENO BIGNARD,"129,33",35,0," R$  164,33 ","78,70%","21,30%","0,00%",NLH,"901,69"
08/06/2026,111575,TH4N0S,AF - BRENO BIGNARD,"289,16",8,"405,12"," R$  702,28 ","41,17%","1,14%","57,69%",PLO6,"-1685,51"
08/06/2026,176004,Opallar DP,AF - BRENO BIGNARD,"28,65",0,0," R$  28,65 ","100,00%","0,00%","0,00%",NLH,-65
08/06/2026,194954,AA?,AF - BRENO BIGNARD,"36,42","0,3","166,92"," R$  203,64 ","17,88%","0,15%","81,97%",PLO6,"-881,17"
08/06/2026,178930,Beto Barbosa,AF - BRENO BIGNARD,"2,09",0,7," R$  9,09 ","22,99%","0,00%","77,01%",PLO6,-30
08/06/2026,172367,flaviobolsonaroooooo,AF - BRENO BIGNARD,0,"40,5",0," R$  40,50 ","0,00%","100,00%","0,00%",MTT,"-273,59"
08/06/2026,165289,WilkerUzl,AF - BRENO BIGNARD,0,0,"23,75"," R$  23,75 ","0,00%","0,00%","100,00%",PLO6,-500
08/06/2026,188467,TheNerdXama,AF - BRENO BIGNARD,"27,94","71,3",0," R$  99,24 ","28,15%","71,85%","0,00%",MTT,"1446,91"
08/06/2026,149811,bezerro,AF - BRENO BIGNARD,"37,93",1,"5,14"," R$  44,07 ","86,07%","2,27%","11,66%",NLH,"-170,12"
08/06/2026,172891,tecomeu,AF - BRENO BIGNARD,0,50,"8,28"," R$  58,28 ","0,00%","85,79%","14,21%",MTT,-600
08/06/2026,164324,NerdSilva,AF - BRENO BIGNARD,"12,35",0,0," R$  12,35 ","100,00%","0,00%","0,00%",NLH,"-96,94"
08/06/2026,171258,Washigton Salles,AF - BRENO BIGNARD,"119,67","3,5",0," R$  123,17 ","97,16%","2,84%","0,00%",NLH,"-138,49"
08/06/2026,113019,duduapz,AF - BRENO BIGNARD,"53,7",0,0," R$  53,70 ","100,00%","0,00%","0,00%",NLH,"13,16"
08/06/2026,174130,pix00001,AF - BRENO BIGNARD,"66,11",10,"1,41"," R$  77,52 ","85,28%","12,90%","1,82%",NLH,"-59,36"
08/06/2026,183300,gbala380,AF - BRENO BIGNARD,"1,01",0,0," R$  1,01 ","100,00%","0,00%","0,00%",NLH,"-11,19"
08/06/2026,178308,nicolauuu,AF - BRENO BIGNARD,"23,58",0,"9,34"," R$  32,92 ","71,63%","0,00%","28,37%",NLH,-30
08/06/2026,192998,pix192998,AF - BRENO BIGNARD,"87,44",0,0," R$  87,44 ","100,00%","0,00%","0,00%",NLH,"66,32"
08/06/2026,170702,Depay,AF - BRENO BIGNARD,0,0,0, R$  -   ,,,,NLH,"0,64"
08/06/2026,179068,chicogolinha,AF - BRENO BIGNARD,"46,97",6,"0,84"," R$  53,81 ","87,29%","11,15%","1,56%",NLH,-145
08/06/2026,151380,Brazinha,AF - BRENO BIGNARD,"32,7",0,0," R$  32,70 ","100,00%","0,00%","0,00%",NLH,-202
08/06/2026,167382,TreblaN,AF - BRENO BIGNARD,0,0,0, R$  -   ,,,,NLH,0
08/06/2026,186958,Polinha Poker,AF - BRENO BIGNARD,"6,82","0,5","183,35"," R$  190,67 ","3,58%","0,26%","96,16%",PLO6,"-97,88"
08/06/2026,173765,tartaruga ?,AF - BRENO BIGNARD,"0,5",0,0," R$  0,50 ","100,00%","0,00%","0,00%",NLH,-9
08/06/2026,182598,allanzinho91,AF - BRENO BIGNARD,"1,06","5,64",0," R$  6,70 ","15,82%","84,18%","0,00%",MTT,"-54,31"
08/06/2026,167387,pix167387,AF - LEONARDO DUARTE,"0,26",0,"397,79"," R$  398,05 ","0,07%","0,00%","99,93%",PLO6,-575
08/06/2026,161958,pix161958,AF - LEONARDO DUARTE,0,0,"124,52"," R$  124,52 ","0,00%","0,00%","100,00%",PLO6,-540
08/06/2026,186673,GamblerAlencar,AF - LEONARDO DUARTE,0,"20,8",0," R$  20,80 ","0,00%","100,00%","0,00%",MTT,"219,32"
08/06/2026,187369,FelipeJoia24,AF - LEONARDO DUARTE,0,"10,5","2,65"," R$  13,15 ","0,00%","79,85%","20,15%",MTT,"-125,92"
08/06/2026,189242,LekoTR,AF - TRAF. BRUNO F.,"8,51","15,5","164,55"," R$  188,56 ","4,51%","8,22%","87,27%",PLO6,"98,68"
08/06/2026,191465,MynssenAA,AF - TRAF. BRUNO F.,0,"0,8",0," R$  0,80 ","0,00%","100,00%","0,00%",MTT,"-0,35"
08/06/2026,172458,radar55,AF - TRAF. BRUNO F.,"11,42","7,6","112,81"," R$  131,83 ","8,66%","5,77%","85,57%",PLO6,"-708,15"
08/06/2026,187728,Fragas,AF - TRAF. BRUNO F.,0,"0,5",0," R$  0,50 ","0,00%","100,00%","0,00%",MTT,"-3,67"
08/06/2026,116797,Virusz33,AF - TRAF. BRUNO F.,0,"1,2",0," R$  1,20 ","0,00%","100,00%","0,00%",MTT,-12
08/06/2026,188742,JALVESPOKER,AF - TRAF. BRUNO F.,0,"144,8",0," R$  144,80 ","0,00%","100,00%","0,00%",MTT,"-1446,89"
08/06/2026,193596,passamai,AF - TRAF. BRUNO F.,"0,37",0,0," R$  0,37 ","100,00%","0,00%","0,00%",NLH,"-7,08"
08/06/2026,193347,pix193347,AF - TRAF. BRUNO F.,0,0,0, R$  -   ,,,,NLH,0
08/06/2026,192934,pix192934,AF - TRAF. BRUNO F.,0,0,0, R$  -   ,,,,NLH,0
08/06/2026,192178,As7,AF - TRAF. BRUNO F.,"0,5",0,0," R$  0,50 ","100,00%","0,00%","0,00%",NLH,"-13,19"
08/06/2026,193642,pix193642,AF - TRAF. BRUNO F.,"1,31","0,2",0," R$  1,51 ","86,75%","13,25%","0,00%",NLH,"-11,02"
08/06/2026,192961,pix192961,AF - TRAF. BRUNO F.,0,0,"62,96"," R$  62,96 ","0,00%","0,00%","100,00%",PLO6,-264
08/06/2026,189627,pix189627,AF - TRAF. BRUNO F.,"0,73",0,0," R$  0,73 ","100,00%","0,00%","0,00%",NLH,0
08/06/2026,191973,pix191973,AF - TRAF. BRUNO F.,0,0,0, R$  -   ,,,,NLH,0
08/06/2026,193479,pix193479,AF - TRAF. BRUNO F.,0,"4,7",0," R$  4,70 ","0,00%","100,00%","0,00%",MTT,-47
08/06/2026,192191,Jilozera,AF - TRAF. BRUNO F.,"1,18",0,0," R$  1,18 ","100,00%","0,00%","0,00%",NLH,"-9,14"
08/06/2026,189972,pix189972,AF - TRAF. BRUNO F.,0,0,0, R$  -   ,,,,NLH,0
08/06/2026,139505,pix139505,AF - RAILSON,0,"22,8","537,64"," R$  560,44 ","0,00%","4,07%","95,93%",PLO6,"1299,52"
08/06/2026,100508,luizinhodoido,AF - DAYVISSOM,0,0,"139,87"," R$  139,87 ","0,00%","0,00%","100,00%",PLO6,"-429,99"
08/06/2026,170065,MacielBet,AF - DAYVISSOM,0,3,"147,22"," R$  150,22 ","0,00%","2,00%","98,00%",PLO6,455
08/06/2026,100624,Reybingo,AF - DAYVISSOM,0,286,"129,73"," R$  415,73 ","0,00%","68,79%","31,21%",MTT,"441,65"
08/06/2026,183209,manjuba 09,AF - DAYVISSOM,0,0,"164,49"," R$  164,49 ","0,00%","0,00%","100,00%",PLO6,-237
08/06/2026,102150,pix102150,AF - DAYVISSOM,0,0,0, R$  -   ,,,,NLH,0
08/06/2026,165655,pix165655,AF - DAYVISSOM,0,0,"1,46"," R$  1,46 ","0,00%","0,00%","100,00%",PLO6,-8
08/06/2026,151434,J H P,AF - DAYVISSOM,"1,42",0,"4,98"," R$  6,40 ","22,19%","0,00%","77,81%",PLO6,-100
08/06/2026,152675,Semacordo,AF - RPSOP,0,"2,2","96,42"," R$  98,62 ","0,00%","2,23%","97,77%",PLO6,-418
08/06/2026,149078,Purga,AF - RPSOP,0,0,0, R$  -   ,,,,NLH,"1,03"
08/06/2026,144512,Zé Costa,AF - RPSOP,"3,81","6,4","56,62"," R$  66,83 ","5,70%","9,58%","84,72%",PLO6,"71,38"
08/06/2026,150635,Pixsolidario,AF - RPSOP,"273,08","3,4",0," R$  276,48 ","98,77%","1,23%","0,00%",NLH,"-743,83"
08/06/2026,159243,JL0211,AF - BERNARDO,0,0,"216,6"," R$  216,60 ","0,00%","0,00%","100,00%",PLO6,"-352,85"
08/06/2026,100533,@H.L.Poker ?,AF - BERNARDO,0,0,0, R$  -   ,,,,NLH,"0,51"
08/06/2026,146754,ricardo ribeiro,AF - BERNARDO,0,10,"193,8"," R$  203,80 ","0,00%","4,91%","95,09%",PLO6,"-82,97"
08/06/2026,148812,seu barriga,AF - BERNARDO,0,"3,5","101,76"," R$  105,26 ","0,00%","3,33%","96,67%",PLO6,-79
08/06/2026,130783,pix102672,AF - BERNARDO,0,0,0, R$  -   ,,,,NLH,0
08/06/2026,139677,Branquelo de Neve,AF - BERNARDO,0,0,"9,54"," R$  9,54 ","0,00%","0,00%","100,00%",PLO6,-50
08/06/2026,120745,Doutorzin,AF - BERNARDO,0,0,"1094,83"," R$  1.094,83 ","0,00%","0,00%","100,00%",PLO6,"-1697,89"
08/06/2026,194450,Luiss,AF - FRED AGUIAR,0,0,"27,3"," R$  27,30 ","0,00%","0,00%","100,00%",PLO6,-189
08/06/2026,162906,luizphelipemg,AF - FRED AGUIAR,"18,36",8,"6,47"," R$  32,83 ","55,92%","24,37%","19,71%",NLH,"-110,78"
08/06/2026,171391,pix179971,AF - FRED AGUIAR,0,0,"906,81"," R$  906,81 ","0,00%","0,00%","100,00%",PLO6,-792
08/06/2026,137719,Noslimeda,AF - FRED AGUIAR,0,0,0, R$  -   ,,,,NLH,0
08/06/2026,170966,Sr.Guimaraes,AF - FRED AGUIAR,"8,42",0,0," R$  8,42 ","100,00%","0,00%","0,00%",NLH,"-39,49"
08/06/2026,143740,Hidalgo,AF - EDUARDO FRANÇA,"514,77","2,4",0," R$  517,17 ","99,54%","0,46%","0,00%",NLH,"-685,06"
08/06/2026,141352,RuiBR,AF - EDUARDO FRANÇA,0,"15,3","17,66"," R$  32,96 ","0,00%","46,42%","53,58%",PLO6,"-148,32"
08/06/2026,146435,B0L$0NAR0,AF - EDUARDO FRANÇA,0,0,"90,12"," R$  90,12 ","0,00%","0,00%","100,00%",PLO6,-656
08/06/2026,135777,MLima,AF - EDUARDO FRANÇA,0,0,0, R$  -   ,,,,NLH,0
08/06/2026,135146,BRshelby,AF - EDUARDO FRANÇA,"0,81","65,7",0," R$  66,51 ","1,22%","98,78%","0,00%",MTT,"389,8"
08/06/2026,130369,Padeiro,AF - EDUARDO FRANÇA,0,10,0," R$  10,00 ","0,00%","100,00%","0,00%",MTT,-10
08/06/2026,148112,Jean22,AF - EDUARDO FRANÇA,"6,45",0,0," R$  6,45 ","100,00%","0,00%","0,00%",NLH,-30
08/06/2026,177167,MrBabayaga,AF - EDUARDO FRANÇA,0,0,0, R$  -   ,,,,NLH,0
08/06/2026,180290,Espankacu,AF - EDUARDO FRANÇA,"0,17","0,4",0," R$  0,57 ","29,82%","70,18%","0,00%",MTT,"0,59"
08/06/2026,136119,Zé da Manga,AF - EDUARDO FRANÇA,0,0,"1,65"," R$  1,65 ","0,00%","0,00%","100,00%",PLO6,-7
08/06/2026,135331,rsmjunior91,AF - EDUARDO FRANÇA,0,0,"75,86"," R$  75,86 ","0,00%","0,00%","100,00%",PLO6,"250,24"
08/06/2026,135261,DamaS2,AF - EDUARDO FRANÇA,"1,32","47,45","1,76"," R$  50,53 ","2,61%","93,90%","3,48%",MTT,"7,51"
08/06/2026,143671,zaha337,AF - EDUARDO FRANÇA,0,7,0," R$  7,00 ","0,00%","100,00%","0,00%",MTT,-70
08/06/2026,149053,mcl9vin,AF - EDUARDO FRANÇA,0,0,"0,82"," R$  0,82 ","0,00%","0,00%","100,00%",PLO6,-12
08/06/2026,106837,ALANN,AF - ELOY,0,"5,4",21," R$  26,40 ","0,00%","20,45%","79,55%",PLO6,"72,38"
08/06/2026,158228,kkapone42,AF - ELOY,0,0,"0,66"," R$  0,66 ","0,00%","0,00%","100,00%",PLO6,-4
08/06/2026,139145,bbbb,AF - ELOY,"79,75",4,0," R$  83,75 ","95,22%","4,78%","0,00%",NLH,"-215,65"
08/06/2026,128081,pix128081,AF - ELOY,0,0,"239,21"," R$  239,21 ","0,00%","0,00%","100,00%",PLO6,"-651,66"
08/06/2026,139402,Nogueirinha,AF - ELOY,0,"30,2",0," R$  30,20 ","0,00%","100,00%","0,00%",MTT,-262
08/06/2026,135318,mangueboype,AF - ELOY,0,0,0, R$  -   ,,,,NLH,0
08/06/2026,145637,Srº Mentira 81,AF - ELOY,0,0,0, R$  -   ,,,,NLH,0
08/06/2026,145619,Fofura,AF - ELOY,0,20,"10,93"," R$  30,93 ","0,00%","64,66%","35,34%",MTT,"-162,5"
08/06/2026,139529,Abcfamilia2015,AF - ELOY,0,"24,3",0," R$  24,30 ","0,00%","100,00%","0,00%",MTT,-243
08/06/2026,102954,usujaDR,AF - ELOY,"59,19",60,"1596,99"," R$  1.716,18 ","3,45%","3,50%","93,05%",PLO6,"2227,36"
08/06/2026,145890,pix145890,AF - ELOY,0,40,0," R$  40,00 ","0,00%","100,00%","0,00%",MTT,-400
08/06/2026,134826,ValaSeteJ7,AF - ELOY,"4,04",0,"271,91"," R$  275,95 ","1,46%","0,00%","98,54%",PLO6,"-408,59"
08/06/2026,145942,Luiz Filipy,AF - ELOY,0,40,0," R$  40,00 ","0,00%","100,00%","0,00%",MTT,"595,79"
08/06/2026,139399,lavineG,AF - ELOY,"11,52","2,2","430,22"," R$  443,94 ","2,59%","0,50%","96,91%",PLO6,"1908,34"
08/06/2026,135877,PedroBatera,AF - ELOY,0,"7,7",0," R$  7,70 ","0,00%","100,00%","0,00%",MTT,-77
08/06/2026,107817,Luiz Eduardo,AF - ELOY,"1,26","5,5",0," R$  6,76 ","18,64%","81,36%","0,00%",MTT,"77,82"
08/06/2026,132170,lulagay,AF - ELOY,"1,42",0,"1,77"," R$  3,19 ","44,51%","0,00%","55,49%",PLO6,"-23,67"
08/06/2026,135299,s_mpoker,AF - AX POKER CLUB,"0,64","1,3",0," R$  1,94 ","32,99%","67,01%","0,00%",MTT,"0,19"
08/06/2026,152520,Jeronimooo,AF - AX POKER CLUB,0,"0,1",0," R$  0,10 ","0,00%","100,00%","0,00%",MTT,"0,92"
08/06/2026,155964,rodttneto,AF - AX POKER CLUB,0,"0,3","1,68"," R$  1,98 ","0,00%","15,15%","84,85%",PLO6,"-2,48"
08/06/2026,145831,pedroigor,AF - AX POKER CLUB,0,0,0, R$  -   ,,,,NLH,"0,88"
08/06/2026,146454,Rambo,AF - AX POKER CLUB,0,0,0, R$  -   ,,,,NLH,0
08/06/2026,189798,jotapenis,AF - AX POKER CLUB,"6,25",0,0," R$  6,25 ","100,00%","0,00%","0,00%",NLH,"-8,7"
08/06/2026,144139,Underground.Noctis,AF - AX POKER CLUB,"3,22","2,7","69,1"," R$  75,02 ","4,29%","3,60%","92,11%",PLO6,"12,75"
08/06/2026,174005,isvizin,AF - AX POKER CLUB,"2,03","13,7",0," R$  15,73 ","12,91%","87,09%","0,00%",MTT,"-108,36"
08/06/2026,135540,ELISEU,AF - AX POKER CLUB,"18,02",0,0," R$  18,02 ","100,00%","0,00%","0,00%",NLH,"-85,57"
08/06/2026,179681,offzz07,AF - AX POKER CLUB,0,"0,5",0," R$  0,50 ","0,00%","100,00%","0,00%",MTT,-5
08/06/2026,153833,Guila38,AF - AX POKER CLUB,0,0,0, R$  -   ,,,,NLH,0
08/06/2026,133910,Stat,AF - AX POKER CLUB,"4,7",0,0," R$  4,70 ","100,00%","0,00%","0,00%",NLH,-50
08/06/2026,119304,MANDALA,AF - AX POKER CLUB,0,0,"8,6"," R$  8,60 ","0,00%","0,00%","100,00%",PLO6,-112
08/06/2026,160697,???,AF - RACHA PIX,"1,78",2,0," R$  3,78 ","47,09%","52,91%","0,00%",MTT,"-11,81"
08/06/2026,160711,Dejota_,AF - RACHA PIX,0,1,"0,42"," R$  1,42 ","0,00%","70,42%","29,58%",MTT,"-19,68"
08/06/2026,184560,Vitão,AF - MILENA MAGRINI,0,0,0, R$  -   ,,,,NLH,0
08/06/2026,186523,sou profissional,AF - MILENA MAGRINI,"2,64","86,5",0," R$  89,14 ","2,96%","97,04%","0,00%",MTT,"-146,24"
08/06/2026,156478,Will88,AF - MILENA MAGRINI,0,"0,3",0," R$  0,30 ","0,00%","100,00%","0,00%",MTT,"0,5"
08/06/2026,181009,juanbrsp,AF - MILENA MAGRINI,0,0,0, R$  -   ,,,,NLH,0
08/06/2026,186525,williprofi,AF - MILENA MAGRINI,0,0,0, R$  -   ,,,,NLH,0
08/06/2026,186526,pix186526,AF - MILENA MAGRINI,0,0,0, R$  -   ,,,,NLH,"1,05"
08/06/2026,183153,Henrisnaiper,AF - MILENA MAGRINI,0,0,0, R$  -   ,,,,NLH,0
08/06/2026,188335,Urubu Perneta1,AF - TRAF. MILENA M.,0,0,0, R$  -   ,,,,NLH,0
08/06/2026,190285,BalaDelas01,AF - TRAF. MILENA M.,0,"0,3",0," R$  0,30 ","0,00%","100,00%","0,00%",MTT,-3
08/06/2026,190304,BLÅÜÜ,AF - TRAF. MILENA M.,0,0,0, R$  -   ,,,,NLH,"1,33"
08/06/2026,178754,Kakashi5,AF - TRAF. MILENA M.,0,0,"3,97"," R$  3,97 ","0,00%","0,00%","100,00%",PLO6,-29
08/06/2026,193384,pix193384,AF - TRAF. MILENA M.,0,"0,1",0," R$  0,10 ","0,00%","100,00%","0,00%",MTT,-1
08/06/2026,100478,balashinekov,AF - SILVINHO,0,0,"19,88"," R$  19,88 ","0,00%","0,00%","100,00%",PLO6,"-187,07"
08/06/2026,170927,Dan07,AF - SILVINHO,"3,75","11,8","412,99"," R$  428,54 ","0,88%","2,75%","96,37%",PLO6,271
08/06/2026,104400,Brenin10,AF - BRENO MARINHO,0,0,"1228,37"," R$  1.228,37 ","0,00%","0,00%","100,00%",PLO6,"495,9"
08/06/2026,149092,NF_#1,AF - FULL HOUSE A.,0,60,"1649,79"," R$  1.709,79 ","0,00%","3,51%","96,49%",PLO6,5706
08/06/2026,173237,neto carneiro,AF - FULL HOUSE A.,"2,21",0,0," R$  2,21 ","100,00%","0,00%","0,00%",NLH,"7,06"
08/06/2026,156932,the king of copas,AF - FULL HOUSE A.,"37,63",0,"1,94"," R$  39,57 ","95,10%","0,00%","4,90%",NLH,"12,38"
08/06/2026,157816,pix157816,AF - FULL HOUSE A.,0,40,0," R$  40,00 ","0,00%","100,00%","0,00%",MTT,"-332,5"
08/06/2026,189418,pix189418,AF - FULL HOUSE A.,0,0,0, R$  -   ,,,,NLH,0
08/06/2026,196383,KKxQQ,AF - MPS PIXPOKER,0,0,"146,98"," R$  146,98 ","0,00%","0,00%","100,00%",PLO6,"-565,2"
08/06/2026,196373,manoelsb,AF - MPS PIXPOKER,0,0,0, R$  -   ,,,,NLH,0
08/06/2026,101803,Manoel Gomes,AF - MPS PIXPOKER,0,0,"5,18"," R$  5,18 ","0,00%","0,00%","100,00%",PLO6,"-60,19"
08/06/2026,196528,BAC???,AF - MPS PIXPOKER,"1,24",0,"4,16"," R$  5,40 ","22,96%","0,00%","77,04%",PLO6,-90
08/06/2026,196504,pix196504,AF - MPS PIXPOKER,0,20,0," R$  20,00 ","0,00%","100,00%","0,00%",MTT,-200
08/06/2026,151550,raposinhaaa,AF - MPS PIXPOKER,0,10,0," R$  10,00 ","0,00%","100,00%","0,00%",MTT,"205,25"
08/06/2026,151663,Douguinha,AF - MPS PIXPOKER,0,10,0," R$  10,00 ","0,00%","100,00%","0,00%",MTT,257
08/06/2026,196391,Maskara_,AF - MPS PIXPOKER,0,10,0," R$  10,00 ","0,00%","100,00%","0,00%",MTT,-100
08/06/2026,196396,JKGomes1980,AF - MPS PIXPOKER,0,10,0," R$  10,00 ","0,00%","100,00%","0,00%",MTT,-85
08/06/2026,196493,pix196493,AF - MPS PIXPOKER,0,10,0," R$  10,00 ","0,00%","100,00%","0,00%",MTT,-100
08/06/2026,196496,GugaPoker,AF - MPS PIXPOKER,"0,93",10,0," R$  10,93 ","8,51%","91,49%","0,00%",MTT,"-77,27"
08/06/2026,196497,pix196497,AF - MPS PIXPOKER,0,10,0," R$  10,00 ","0,00%","100,00%","0,00%",MTT,-100
08/06/2026,196500,pix196500,AF - MPS PIXPOKER,0,10,0," R$  10,00 ","0,00%","100,00%","0,00%",MTT,-100
08/06/2026,196501,pix196501,AF - MPS PIXPOKER,0,10,0," R$  10,00 ","0,00%","100,00%","0,00%",MTT,-100
08/06/2026,195993,pix195993,AF - MPS PIXPOKER,0,15,0," R$  15,00 ","0,00%","100,00%","0,00%",MTT,-150
08/06/2026,140316,pocoyogay,AF - AMOR DE PESSOA,"8,15","11,1","75,5"," R$  94,75 ","8,60%","11,72%","79,68%",PLO6,97
08/06/2026,127823,pix127823,AF - AMOR DE PESSOA,0,0,"0,68"," R$  0,68 ","0,00%","0,00%","100,00%",PLO6,"-0,75"
08/06/2026,145008,CAPS,AF - AMOR DE PESSOA,"404,81",74,"11,37"," R$  490,18 ","82,58%","15,10%","2,32%",NLH,"-141,8"
08/06/2026,126476,o gaiato!,AF - AMOR DE PESSOA,0,185,0," R$  185,00 ","0,00%","100,00%","0,00%",MTT,"-1140,51"
08/06/2026,155365,noiadooooo,AF - BOIN,0,"9,2","585,77"," R$  594,97 ","0,00%","1,55%","98,45%",PLO6,"-962,4"
08/06/2026,160485,Frogz,AF - BOIN,"7,55",0,0," R$  7,55 ","100,00%","0,00%","0,00%",NLH,"-71,57"
08/06/2026,139947,bebetao,AF - BOIN,0,0,"1,41"," R$  1,41 ","0,00%","0,00%","100,00%",PLO6,-20
08/06/2026,155779,RomeuJr,AF - MATHEUS HENRIQU,0,0,"46,17"," R$  46,17 ","0,00%","0,00%","100,00%",PLO6,25
08/06/2026,193650,Dog$,AF - MATHEUS HENRIQU,"24,61","62,1","337,73"," R$  424,44 ","5,80%","14,63%","79,57%",PLO6,"677,55"
08/06/2026,160621,Débora Araújo,AF - MATHEUS HENRIQU,0,0,0, R$  -   ,,,,NLH,0
08/06/2026,171678,ArmandoBestafera,AF - MATHEUS HENRIQU,0,0,0, R$  -   ,,,,NLH,0
08/06/2026,164275,éobeloo,AF - MATHEUS HENRIQU,0,"7,3","0,54"," R$  7,84 ","0,00%","93,11%","6,89%",MTT,-88
08/06/2026,111265,henry.22,AF - MATHEUS HENRIQU,0,0,"11,18"," R$  11,18 ","0,00%","0,00%","100,00%",PLO6,-100
08/06/2026,178011,pix178011,AF - MATHEUS HENRIQU,"1,41",0,"2,92"," R$  4,33 ","32,56%","0,00%","67,44%",PLO6,25
08/06/2026,175284,TETEUZADA,AF - MATHEUS HENRIQU,"1,03",0,0," R$  1,03 ","100,00%","0,00%","0,00%",NLH,-10
08/06/2026,174211,Anirrakell,AF - HERMINIO C,0,0,"172,24"," R$  172,24 ","0,00%","0,00%","100,00%",PLO6,"-288,1"
08/06/2026,147381,JHerminio ?,AF - HERMINIO C,0,135,"10,26"," R$  145,26 ","0,00%","92,94%","7,06%",MTT,"972,84"
08/06/2026,119992,LULA 91,AF - MARCIO MIRANDA,"4,16",0,"10,64"," R$  14,80 ","28,11%","0,00%","71,89%",PLO6,68
08/06/2026,102792,CGAP-.,AF - BOLINHA,0,"44,4","125,49"," R$  169,89 ","0,00%","26,13%","73,87%",PLO6,"245,74"
08/06/2026,100283,Penso&Pago,AF - BOLINHA,0,0,"2,11"," R$  2,11 ","0,00%","0,00%","100,00%",PLO6,-30
08/06/2026,160225,Zekinhaflush,AF - TELES,0,0,"126,18"," R$  126,18 ","0,00%","0,00%","100,00%",PLO6,"-812,95"
08/06/2026,100883,theblack,AF - BIGBLINDS,0,0,"15,13"," R$  15,13 ","0,00%","0,00%","100,00%",PLO6,"32,03"
08/06/2026,100434,pix100434,AF - BIGBLINDS,0,0,"402,6"," R$  402,60 ","0,00%","0,00%","100,00%",PLO6,"-1358,6"
08/06/2026,115712,Homem Forrageira,AF - BIGBLINDS,0,"112,19",0," R$  112,19 ","0,00%","100,00%","0,00%",MTT,"3276,35"
08/06/2026,159597,pokeRC??,AF - BIGBLINDS,"5,33","0,3",0," R$  5,63 ","94,67%","5,33%","0,00%",NLH,"-27,48"
08/06/2026,100414,LovisK,AF - BIGBLINDS,0,97,0," R$  97,00 ","0,00%","100,00%","0,00%",MTT,"582,18"
08/06/2026,102024,zerocAAll,AF - BIGBLINDS,0,"126,5",0," R$  126,50 ","0,00%","100,00%","0,00%",MTT,"-991,28"
08/06/2026,117450,relógio quebrado,AF - BIGBLINDS,0,"130,7",0," R$  130,70 ","0,00%","100,00%","0,00%",MTT,"5,04"
08/06/2026,154909,MilhoVerde,AF - BIGBLINDS,0,55,0," R$  55,00 ","0,00%","100,00%","0,00%",MTT,"-168,39"
08/06/2026,100225,receba,AF - BIGBLINDS,0,0,"215,12"," R$  215,12 ","0,00%","0,00%","100,00%",PLO6,"-2005,18"
08/06/2026,146112,HAPPYFEET,AF - BIGBLINDS,0,"26,5",0," R$  26,50 ","0,00%","100,00%","0,00%",MTT,"308,68"
08/06/2026,149326,Coca-Cola Zero,AF - BIGBLINDS,0,77,0," R$  77,00 ","0,00%","100,00%","0,00%",MTT,"-554,93"
08/06/2026,100183,Magnus.,AF - BIGBLINDS,0,100,0," R$  100,00 ","0,00%","100,00%","0,00%",MTT,"7135,04"
08/06/2026,100780,LIGHT,AF - BIGBLINDS,0,"23,5",0," R$  23,50 ","0,00%","100,00%","0,00%",MTT,-235
08/06/2026,195408,FIFAA,AF - BIGBLINDS,0,"53,3",0," R$  53,30 ","0,00%","100,00%","0,00%",MTT,"-441,75"
08/06/2026,100383,DestroyeD,AF - BIGBLINDS,0,0,"34,19"," R$  34,19 ","0,00%","0,00%","100,00%",PLO6,-167
08/06/2026,100939,Watchmen,AF - BIGBLINDS,0,40,0," R$  40,00 ","0,00%","100,00%","0,00%",MTT,"70,64"
08/06/2026,156259,fernandoabc,AF - BIGBLINDS,0,38,"25,62"," R$  63,62 ","0,00%","59,73%","40,27%",MTT,0
08/06/2026,101603,PapaiNoel,AF - BIGBLINDS,"7,6",12,"3,24"," R$  22,84 ","33,27%","52,54%","14,19%",MTT,"-125,36"
08/06/2026,101096,9noriver,AF - BIGBLINDS,0,42,0," R$  42,00 ","0,00%","100,00%","0,00%",MTT,"1725,06"
08/06/2026,154403,dealer082,AF - NATTAN CARINHA,0,"2,5","9,91"," R$  12,41 ","0,00%","20,15%","79,85%",PLO6,"-95,93"
08/06/2026,196261,Jefftes13,AF - NATTAN CARINHA,0,0,0, R$  -   ,,,,NLH,0
08/06/2026,100249,CARINHA,AF - NATTAN CARINHA,0,0,"6,54"," R$  6,54 ","0,00%","0,00%","100,00%",PLO6,"-22,73"
08/06/2026,103286,DumPB,AF - NATTAN CARINHA,0,0,"9,18"," R$  9,18 ","0,00%","0,00%","100,00%",PLO6,-50
08/06/2026,160226,Pracimaa12,AF - JOÃO PAULO,0,20,"1214,44"," R$  1.234,44 ","0,00%","1,62%","98,38%",PLO6,"-4426,66"
08/06/2026,196330,pix196330,AF - JOÃO PAULO,0,0,"161,4"," R$  161,40 ","0,00%","0,00%","100,00%",PLO6,"-469,49"
08/06/2026,133058,Tuê,AF - JOÃO PAULO,0,0,"35,39"," R$  35,39 ","0,00%","0,00%","100,00%",PLO6,"-279,88"
08/06/2026,196535,nogueira10,AF - JOÃO PAULO,"37,9",0,"13,94"," R$  51,84 ","73,11%","0,00%","26,89%",NLH,"-73,31"
08/06/2026,146230,Machine7,AF - JOÃO PAULO,0,1,0," R$  1,00 ","0,00%","100,00%","0,00%",MTT,0
08/06/2026,100193,azedinho,AF - AZEDINHO,0,112,"2672,22"," R$  2.784,22 ","0,00%","4,02%","95,98%",PLO6,"2902,17"
08/06/2026,193827,KilllerThePote,AF - AZEDINHO,0,53,"1184,16"," R$  1.237,16 ","0,00%","4,28%","95,72%",PLO6,-459
08/06/2026,146154,klairtonkla,AF - UREA POKER,0,0,"110,8"," R$  110,80 ","0,00%","0,00%","100,00%",PLO6,"399,22"
08/06/2026,130508,Roblove,AF - POKER BSB,"0,29","5,14","27,01"," R$  32,44 ","0,89%","15,84%","83,26%",PLO6,"-252,25"
08/06/2026,100220,Martin Kabrhel,AF - RAPHAEL A.,0,0,"661,72"," R$  661,72 ","0,00%","0,00%","100,00%",PLO6,"1081,68"
08/06/2026,183282,ricardin,AF - RAPHAEL A.,0,0,"10,24"," R$  10,24 ","0,00%","0,00%","100,00%",PLO6,-58
08/06/2026,145480,parDeKK,AF - RAPHAEL A.,0,0,"98,19"," R$  98,19 ","0,00%","0,00%","100,00%",PLO6,"-575,62"
08/06/2026,186000,webinhodasorte,AF - RAPHAEL A.,0,2,"128,8"," R$  130,80 ","0,00%","1,53%","98,47%",PLO6,-17
08/06/2026,194024,chama na bota,AF - RAPHAEL A.,0,0,"593,91"," R$  593,91 ","0,00%","0,00%","100,00%",PLO6,"974,91"
08/06/2026,102379,pix102379,AF - RAPHAEL A.,0,0,0, R$  -   ,,,,NLH,"0,88"
08/06/2026,193309,LLL3,AF - RAPHAEL A.,0,"2,6",0," R$  2,60 ","0,00%","100,00%","0,00%",MTT,-26
08/06/2026,181919,Anthony Temperine,AF - RAPHAEL A.,0,0,0, R$  -   ,,,,NLH,0
08/06/2026,159633,TudodoJorgitoo,AF - EMANUEL SOUZA,0,0,"29,91"," R$  29,91 ","0,00%","0,00%","100,00%",PLO6,"535,9"
08/06/2026,100195,pix100195,AF - EMANUEL SOUZA,"14,4","150,8",0," R$  165,20 ","8,72%","91,28%","0,00%",MTT,"-544,19"
08/06/2026,100203,ReidoFlip,AF - EMANUEL SOUZA,"11,16","41,1",0," R$  52,26 ","21,35%","78,65%","0,00%",MTT,"751,3"
08/06/2026,150372,behavior,AF - KIKA QUEEN,0,"0,1",0," R$  0,10 ","0,00%","100,00%","0,00%",MTT,-1
08/06/2026,154436,bombazero,AF - CCTH,0,"0,1",0," R$  0,10 ","0,00%","100,00%","0,00%",MTT,-1
08/06/2026,160389,MclCarvalho,AF - CCTH,0,"7,04","81,5"," R$  88,54 ","0,00%","7,95%","92,05%",PLO6,"-768,78"
08/06/2026,161131,PokerStar,AF - YAMADA,0,30,"4794,95"," R$  4.824,95 ","0,00%","0,62%","99,38%",PLO6,"7598,79"
08/06/2026,195160,5ªserie,AF - YAMADA,0,0,"1169,75"," R$  1.169,75 ","0,00%","0,00%","100,00%",PLO6,"1624,91"
08/06/2026,127889,gibak60,AF-ARTHUR QUEIMADAS,0,"19,5","161,86"," R$  181,36 ","0,00%","10,75%","89,25%",PLO6,"566,61"
08/06/2026,139668,jasontatum#0,AF - RENAN COELHO,0,"2,2","21,27"," R$  23,47 ","0,00%","9,37%","90,63%",PLO6,"43,59"
08/06/2026,139670,bocapreta,AF - RENAN COELHO,0,0,0, R$  -   ,,,,NLH,0
08/06/2026,138637,pix138637,AF - RENAN COELHO,0,0,0, R$  -   ,,,,NLH,0
08/06/2026,100204,Desconhecido,AF - DINHO,0,13,"210,92"," R$  223,92 ","0,00%","5,81%","94,19%",PLO6,"-1062,43"
08/06/2026,165171,Dr.House,AF - DINHO,0,"9,7","17,76"," R$  27,46 ","0,00%","35,32%","64,68%",PLO6,"76,54"
08/06/2026,115288,vicluz10,AF - CATHOLÃO,"110,9",117,"3,26"," R$  231,16 ","47,98%","50,61%","1,41%",MTT,"1069,25"
08/06/2026,150374,?????,AF - CATHOLÃO,0,"35,9",0," R$  35,90 ","0,00%","100,00%","0,00%",MTT,"-298,3"
08/06/2026,107390,complicado,AF - CATHOLÃO,0,"3,2","10,48"," R$  13,68 ","0,00%","23,39%","76,61%",PLO6,"-36,28"
08/06/2026,137593,J Ribeiro,AF - CATHOLÃO,0,4,"322,43"," R$  326,43 ","0,00%","1,23%","98,77%",PLO6,"-576,43"
08/06/2026,134262,Cego do Piauí,AF - CATHOLÃO,0,0,"114,85"," R$  114,85 ","0,00%","0,00%","100,00%",PLO6,-600
08/06/2026,149223,MasterChief,AF - CATHOLÃO,0,14,"22,92"," R$  36,92 ","0,00%","37,92%","62,08%",PLO6,-541
08/06/2026,149509,pix149509,AF - CATHOLÃO,"6,56","1,8",0," R$  8,36 ","78,47%","21,53%","0,00%",NLH,"-30,74"
08/06/2026,144391,Easy peasy,AF - CATHOLÃO,"65,54",0,0," R$  65,54 ","100,00%","0,00%","0,00%",NLH,"-217,4"
08/06/2026,149338,Goianal,AF - CATHOLÃO,0,0,"2,95"," R$  2,95 ","0,00%","0,00%","100,00%",PLO6,-31
08/06/2026,120498,macabuco,AF - JEFERSONMARTINS,0,0,"81,37"," R$  81,37 ","0,00%","0,00%","100,00%",PLO6,"-1625,2"
08/06/2026,102200,Odete Roitman ?,AF - ENIO,0,0,"5,2"," R$  5,20 ","0,00%","0,00%","100,00%",PLO6,-73
08/06/2026,116070,Bergkamp,AF - ENIO,0,"22,5",0," R$  22,50 ","0,00%","100,00%","0,00%",MTT,"484,42"
08/06/2026,158574,Ond@,AF - ENIO,0,0,"58,08"," R$  58,08 ","0,00%","0,00%","100,00%",PLO6,"215,57"
08/06/2026,100747,jajantei,AF - ENIO,0,0,"6,44"," R$  6,44 ","0,00%","0,00%","100,00%",PLO6,"-33,64"
08/06/2026,137597,Rurouni_Kenshin,AF - ENIO,0,0,"110,31"," R$  110,31 ","0,00%","0,00%","100,00%",PLO6,"-31,31"
08/06/2026,111006,pix111006,AF - ENIO,"0,36",0,0," R$  0,36 ","100,00%","0,00%","0,00%",NLH,-4
08/06/2026,120989,Corotinho,AF - ENIO,"10,67",0,0," R$  10,67 ","100,00%","0,00%","0,00%",NLH,"73,31"
08/06/2026,183684,Black bolt777,AF - FAMTH,0,26,0," R$  26,00 ","0,00%","100,00%","0,00%",MTT,-420
08/06/2026,194170,xwillx,AF - FAMTH,0,"40,3",0," R$  40,30 ","0,00%","100,00%","0,00%",MTT,"-387,14"
08/06/2026,194171,...NANAI...,AF - FAMTH,0,"28,3",0," R$  28,30 ","0,00%","100,00%","0,00%",MTT,"-275,08"
08/06/2026,103179,RicardinhoMotAA,AF - FAMTH,0,104,0," R$  104,00 ","0,00%","100,00%","0,00%",MTT,-1680
08/06/2026,132798,LikeThat,AF - FAMTH,0,32,0," R$  32,00 ","0,00%","100,00%","0,00%",MTT,-640
08/06/2026,154368,ice Berg,AF - FAMTH,0,16,0," R$  16,00 ","0,00%","100,00%","0,00%",MTT,29680
08/06/2026,193106,AmazonPro,AF - FAMTH,0,16,"5,28"," R$  21,28 ","0,00%","75,19%","24,81%",MTT,-640
08/06/2026,193180,SAMURAI-JCB,AF - FAMTH,0,64,0," R$  64,00 ","0,00%","100,00%","0,00%",MTT,-1280
08/06/2026,193242,Benhurjuda,AF - FAMTH,"0,04",48,0," R$  48,04 ","0,08%","99,92%","0,00%",MTT,"-985,32"
08/06/2026,193292,Gabycosta,AF - FAMTH,0,32,0," R$  32,00 ","0,00%","100,00%","0,00%",MTT,-640
08/06/2026,194312,concas88,AF - FAMTH,0,48,0," R$  48,00 ","0,00%","100,00%","0,00%",MTT,29040
08/06/2026,135792,MGPS1,AF - FAMTH,"2,85",48,0," R$  50,85 ","5,60%","94,40%","0,00%",MTT,-1000
08/06/2026,107420,manaus_jj,AF - FAMTH,0,32,0," R$  32,00 ","0,00%","100,00%","0,00%",MTT,-640
08/06/2026,129983,pix129983,AF - FAMTH,0,16,0," R$  16,00 ","0,00%","100,00%","0,00%",MTT,-320
08/06/2026,181904,zudobr,AF - FAMTH,0,16,0," R$  16,00 ","0,00%","100,00%","0,00%",MTT,-320
08/06/2026,194431,Victor Andreoletti,AF - FAMTH,0,16,0," R$  16,00 ","0,00%","100,00%","0,00%",MTT,-320
08/06/2026,166930,ValaValaNut,AF - FAMTH,0,"55,3","40,14"," R$  95,44 ","0,00%","57,94%","42,06%",MTT,"-787,5"
08/06/2026,190487,juniorpix,AF - FAMTH,"0,09",16,"11,4"," R$  27,49 ","0,33%","58,20%","41,47%",MTT,"-401,29"
08/06/2026,193099,John_Stewart,AF - FAMTH,"5,96","18,2",0," R$  24,16 ","24,67%","75,33%","0,00%",MTT,-402
08/06/2026,193098,dedebadbeat,AF - FAMTH,0,16,0," R$  16,00 ","0,00%","100,00%","0,00%",MTT,-320
08/06/2026,193163,felipee90,AF - FAMTH,0,16,0," R$  16,00 ","0,00%","100,00%","0,00%",MTT,-320
08/06/2026,195559,alc_oliveira,AF - FAMTH,0,16,0," R$  16,00 ","0,00%","100,00%","0,00%",MTT,-320
08/06/2026,195605,musashi,AF - FAMTH,0,48,0," R$  48,00 ","0,00%","100,00%","0,00%",MTT,-960
08/06/2026,196578,pix196578,AF - FAMTH,0,128,0," R$  128,00 ","0,00%","100,00%","0,00%",MTT,-2560
08/06/2026,193064,pokerbare,AF - FAMTH,0,3,0," R$  3,00 ","0,00%","100,00%","0,00%",MTT,"-23,25"
08/06/2026,110584,black,AF - BOLEIROS BRAS,0,0,440," R$  440,00 ","0,00%","0,00%","100,00%",PLO6,"-2624,88"
08/06/2026,137953,Furta,AF - BOLEIROS BRAS,0,0,"11,41"," R$  11,41 ","0,00%","0,00%","100,00%",PLO6,-200
08/06/2026,139470,pix139470,AF - JOÃO MARCOS,0,0,"6466,73"," R$  6.466,73 ","0,00%","0,00%","100,00%",PLO6,"-4068,06"
08/06/2026,145626,1997,AF - JOÃO MARCOS,0,"3,5","9,08"," R$  12,58 ","0,00%","27,82%","72,18%",PLO6,-40
08/06/2026,190498,CHORA MAIS LEK,AF - TRAF. AMOR P.,0,0,0, R$  -   ,,,,NLH,0
08/06/2026,190489,Zé Baray 4:20,AF - TRAF. AMOR P.,0,0,0, R$  -   ,,,,NLH,0
08/06/2026,136990,Bianchi311,AF - TRAF. AMOR P.,0,0,0, R$  -   ,,,,NLH,0
08/06/2026,136566,Papitolegal,AF - RAFAEL HASS,0,59,0," R$  59,00 ","0,00%","100,00%","0,00%",MTT,"495,42"
08/06/2026,128838,joguinhodele,AF - PALISSON M,0,0,"117,37"," R$  117,37 ","0,00%","0,00%","100,00%",PLO6,"590,79"
08/06/2026,194595,LICO,AF - BRENER VICENTE,0,0,"0,49"," R$  0,49 ","0,00%","0,00%","100,00%",PLO6,"-7,59"
08/06/2026,131926,JMportuga,AF - POKERCAST,0,"14,7",0," R$  14,70 ","0,00%","100,00%","0,00%",MTT,-147
08/06/2026,151437,ChicodoCocooooo,AF - POKERCAST,"3,7",10,0," R$  13,70 ","27,01%","72,99%","0,00%",MTT,"-100,87"
08/06/2026,196401,pix196401,AF - POKERCAST,0,"11,4",0," R$  11,40 ","0,00%","100,00%","0,00%",MTT,-99
08/06/2026,143437,PeuPepsi,AF - PAULINHO,0,0,"538,1"," R$  538,10 ","0,00%","0,00%","100,00%",PLO6,"2610,86"
08/06/2026,149252,kjmc-AL,AF - ENRICO,0,"19,8",0," R$  19,80 ","0,00%","100,00%","0,00%",MTT,"691,21"
08/06/2026,144565,XPoker,AF - XILIQUE,0,52,"60,62"," R$  112,62 ","0,00%","46,17%","53,83%",PLO6,-1020
08/06/2026,189476,SAMUKA YOSHI,AF - TRAF. RAMON P.,"0,85",0,0," R$  0,85 ","100,00%","0,00%","0,00%",NLH,-4
08/06/2026,156527,Boqueirão PB,AF - BRAULIO,0,0,"187,74"," R$  187,74 ","0,00%","0,00%","100,00%",PLO6,"-1000,73"
08/06/2026,195448,thiagotng,AF - RICARDO SEHNEM,"1,8",0,0," R$  1,80 ","100,00%","0,00%","0,00%",NLH,"-7,49"