Data,ID do jogador,Apelido,Agente,NLH,MTT,PLO6,Total,NLH,MTT,PLO6,Jogo_Fav,PROFIT/LOSS
25/05/2026,100195,pix100195,AF - EMANUEL SOUZA,0,"202,7",0," R$  202,70 ","0,00%","100,00%","0,00%",MTT,"662,85"
25/05/2026,100203,ReidoFlip,AF - EMANUEL SOUZA,"62,38","182,9","10,95"," R$  256,23 ","24,35%","71,38%","4,27%",MTT,"286,75"
25/05/2026,159633,TudodoJorgitoo,AF - EMANUEL SOUZA,0,0,"2,93"," R$  2,93 ","0,00%","0,00%","100,00%",PLO6,"-25,55"
25/05/2026,100883,theblack,AF - BIGBLINDS,0,"20,6","58,74"," R$  79,34 ","0,00%","25,96%","74,04%",PLO6,"-217,97"
25/05/2026,195408,Queyrooz,AF - BIGBLINDS,0,"145,4",0," R$  145,40 ","0,00%","100,00%","0,00%",MTT,"-922,41"
25/05/2026,100434,pix100434,AF - BIGBLINDS,0,0,"142,77"," R$  142,77 ","0,00%","0,00%","100,00%",PLO6,"-935,52"
25/05/2026,117450,relógio quebrado,AF - BIGBLINDS,0,"184,6",0," R$  184,60 ","0,00%","100,00%","0,00%",MTT,"1100,96"
25/05/2026,146112,HAPPYFEET,AF - BIGBLINDS,0,"54,1",0," R$  54,10 ","0,00%","100,00%","0,00%",MTT,"1408,22"
25/05/2026,149326,Coca-Cola Zero,AF - BIGBLINDS,0,62,0," R$  62,00 ","0,00%","100,00%","0,00%",MTT,"155,71"
25/05/2026,100780,LIGHT,AF - BIGBLINDS,0,27,0," R$  27,00 ","0,00%","100,00%","0,00%",MTT,"-39,18"
25/05/2026,100939,Watchmen,AF - BIGBLINDS,0,40,0," R$  40,00 ","0,00%","100,00%","0,00%",MTT,"-377,5"
25/05/2026,154909,MilhoVerde,AF - BIGBLINDS,0,81,0," R$  81,00 ","0,00%","100,00%","0,00%",MTT,-765
25/05/2026,100386,lavagemdedinheiro,AF - BIGBLINDS,0,0,"12,58"," R$  12,58 ","0,00%","0,00%","100,00%",PLO6,"-149,39"
25/05/2026,100699,Bencbedge,AF - BIGBLINDS,0,3,0," R$  3,00 ","0,00%","100,00%","0,00%",MTT,-30
25/05/2026,100414,LovisK,AF - BIGBLINDS,0,"249,2",0," R$  249,20 ","0,00%","100,00%","0,00%",MTT,"1330,55"
25/05/2026,101096,9noriver,AF - BIGBLINDS,0,"16,2",0," R$  16,20 ","0,00%","100,00%","0,00%",MTT,-162
25/05/2026,102024,zerocAAll,AF - BIGBLINDS,0,"136,7",0," R$  136,70 ","0,00%","100,00%","0,00%",MTT,2119
25/05/2026,100383,DestroyeD,AF - BIGBLINDS,0,0,"42,85"," R$  42,85 ","0,00%","0,00%","100,00%",PLO6,"169,83"
25/05/2026,100225,receba,AF - BIGBLINDS,0,0,"201,53"," R$  201,53 ","0,00%","0,00%","100,00%",PLO6,"-962,07"
25/05/2026,159597,pokeRC??,AF - BIGBLINDS,"21,51",0,0," R$  21,51 ","100,00%","0,00%","0,00%",NLH,"-205,35"
25/05/2026,115712,Homem Forrageira,AF - BIGBLINDS,0,"60,14",0," R$  60,14 ","0,00%","100,00%","0,00%",MTT,"-267,2"
25/05/2026,100183,Magnus.,AF - BIGBLINDS,0,"52,4",0," R$  52,40 ","0,00%","100,00%","0,00%",MTT,-530
25/05/2026,100237,elsalsicha,AF - BIGBLINDS,0,0,"11,22"," R$  11,22 ","0,00%","0,00%","100,00%",PLO6,-100
25/05/2026,100425,Estenislaw,AF - BIGBLINDS,0,0,0, R$  -   ,,,,NLH,-125
25/05/2026,102273,MARCONDES,AF - ISAC,"12,4","111,74",0," R$  124,14 ","9,99%","90,01%","0,00%",MTT,"-405,71"
25/05/2026,147781,Pirekao!,AF - ISAC,0,"50,84",0," R$  50,84 ","0,00%","100,00%","0,00%",MTT,"-413,37"
25/05/2026,150540,semgalantia,AF - ISAC,"5,01","10,8",0," R$  15,81 ","31,69%","68,31%","0,00%",MTT,"78,95"
25/05/2026,155185,fogonabomba?,AF - ISAC,0,"71,8",0," R$  71,80 ","0,00%","100,00%","0,00%",MTT,"-252,88"
25/05/2026,156590,DimKenney,AF - ISAC,"1,67","16,44",0," R$  18,11 ","9,22%","90,78%","0,00%",MTT,"-168,93"
25/05/2026,196086,Giglinithis,AF - ISAC,0,"220,38",0," R$  220,38 ","0,00%","100,00%","0,00%",MTT,"-1012,29"
25/05/2026,170330,Sarochim10,AF - ISAC,"3,13","49,31",0," R$  52,44 ","5,97%","94,03%","0,00%",MTT,"-123,77"
25/05/2026,170517,Maxwell Vinicius,AF - ISAC,"20,12","16,15",0," R$  36,27 ","55,47%","44,53%","0,00%",NLH,"52,28"
25/05/2026,188333,Magaly,AF - ISAC,0,"4,16","2,85"," R$  7,01 ","0,00%","59,34%","40,66%",MTT,"-44,25"
25/05/2026,192840,Vitori,AF - ISAC,"15,38","29,2",0," R$  44,58 ","34,50%","65,50%","0,00%",MTT,-392
25/05/2026,193482,skylerpescador,AF - ISAC,"1,26",0,"17,31"," R$  18,57 ","6,79%","0,00%","93,21%",PLO6,"60,8"
25/05/2026,134625,GILMRZ7,AF - ISAC,"9,73",0,"6,4"," R$  16,13 ","60,32%","0,00%","39,68%",NLH,"28,91"
25/05/2026,136655,IAAUUUUUU,AF - ISAC,0,17,"32,89"," R$  49,89 ","0,00%","34,07%","65,93%",PLO6,-443
25/05/2026,172079,JPSaless,AF - ISAC,0,0,"95,15"," R$  95,15 ","0,00%","0,00%","100,00%",PLO6,"28,81"
25/05/2026,135383,thxmx,AF - ISAC,0,0,"21,65"," R$  21,65 ","0,00%","0,00%","100,00%",PLO6,-7
25/05/2026,182480,Sabor Poker,AF - ISAC,0,"91,7","168,9"," R$  260,60 ","0,00%","35,19%","64,81%",PLO6,"-1971,47"
25/05/2026,127627,Cristiano Ronaldo.,AF - ISAC,0,0,0, R$  -   ,,,,NLH,0
25/05/2026,134315,cobrao45,AF - ISAC,0,0,0, R$  -   ,,,,NLH,0
25/05/2026,149973,VI$AO,AF - ISAC,"10,4","0,9","20,05"," R$  31,35 ","33,17%","2,87%","63,96%",PLO6,"39,33"
25/05/2026,153492,Anna11,AF - ISAC,0,0,0, R$  -   ,,,,NLH,0
25/05/2026,172400,Xumaca,AF - ISAC,0,0,"0,32"," R$  0,32 ","0,00%","0,00%","100,00%",PLO6,0
25/05/2026,172820,Blefandovoce,AF - ISAC,0,"0,84","4,91"," R$  5,75 ","0,00%","14,61%","85,39%",PLO6,-35
25/05/2026,173754,TTrincA,AF - ISAC,0,0,0, R$  -   ,,,,NLH,"2,83"
25/05/2026,175494,Pescador ?,AF - ISAC,212,"9,02","0,62"," R$  221,64 ","95,65%","4,07%","0,28%",NLH,"518,39"
25/05/2026,184381,MANDA_PRA_CÁ,AF - ISAC,"0,59","0,1",0," R$  0,69 ","85,51%","14,49%","0,00%",NLH,"-6,67"
25/05/2026,187404,Alex Poatan ??,AF - ISAC,0,0,"0,43"," R$  0,43 ","0,00%","0,00%","100,00%",PLO6,"0,41"
25/05/2026,192125,ReiDoFree,AF - ISAC,0,0,0, R$  -   ,,,,NLH,"1,47"
25/05/2026,184013,ALLinFOLD,AF - ISAC,"0,58","28,98",0," R$  29,56 ","1,96%","98,04%","0,00%",MTT,"28,57"
25/05/2026,185342,ExterminadorDoFuturo,AF - ISAC,"4,17","51,92",0," R$  56,09 ","7,43%","92,57%","0,00%",MTT,"-418,29"
25/05/2026,193623,Jgabriel,AF - ISAC,"24,92","0,84",0," R$  25,76 ","96,74%","3,26%","0,00%",NLH,"36,29"
25/05/2026,134166,LincolnLau,AF - ISAC,0,"0,1","7,03"," R$  7,13 ","0,00%","1,40%","98,60%",PLO6,-55
25/05/2026,186415,YuriAAlberto,AF - ISAC,0,0,"28,79"," R$  28,79 ","0,00%","0,00%","100,00%",PLO6,"-160,14"
25/05/2026,147991,BateuAsNossa,AF - ISAC,"1,08",3,"50,71"," R$  54,79 ","1,97%","5,48%","92,55%",PLO6,"-128,74"
25/05/2026,179756,vampirão,AF - ISAC,0,"3,6","85,88"," R$  89,48 ","0,00%","4,02%","95,98%",PLO6,"100,97"
25/05/2026,157300,mago.bet,AF - ISAC,"22,88","144,2",0," R$  167,08 ","13,69%","86,31%","0,00%",MTT,272
25/05/2026,179075,Mendes_,AF - ISAC,0,"21,4",0," R$  21,40 ","0,00%","100,00%","0,00%",MTT,"-153,2"
25/05/2026,136921,JokerBluff9,AF - ISAC,0,0,"52,4"," R$  52,40 ","0,00%","0,00%","100,00%",PLO6,"-87,78"
25/05/2026,139827,Eddyoliveira,AF - ISAC,0,1,0," R$  1,00 ","0,00%","100,00%","0,00%",MTT,0
25/05/2026,146489,Visionário,AF - ISAC,0,"80,8","23,48"," R$  104,28 ","0,00%","77,48%","22,52%",MTT,"100,77"
25/05/2026,187086,usainfold,AF - ISAC,"12,77","13,1","31,34"," R$  57,21 ","22,32%","22,90%","54,78%",PLO6,"154,97"
25/05/2026,153056,f3lliP1,AF - ISAC,"20,72",0,"4,51"," R$  25,23 ","82,12%","0,00%","17,88%",NLH,-205
25/05/2026,160088,DANGER,AF - ISAC,0,0,"113,46"," R$  113,46 ","0,00%","0,00%","100,00%",PLO6,"-506,8"
25/05/2026,127918,JC12,AF - ISAC,"10,09","6,5","105,6"," R$  122,19 ","8,26%","5,32%","86,42%",PLO6,"56,43"
25/05/2026,143623,vish_777,AF - ISAC,"2,16",4,"25,82"," R$  31,98 ","6,75%","12,51%","80,74%",PLO6,"211,86"
25/05/2026,150707,Maeobgportermetido,AF - ISAC,"1,37",10,"139,21"," R$  150,58 ","0,91%","6,64%","92,45%",PLO6,"-272,02"
25/05/2026,182585,Carneiro?,AF - ISAC,0,131,0," R$  131,00 ","0,00%","100,00%","0,00%",MTT,"-1102,45"
25/05/2026,151398,dagun,AF - ISAC,0,"13,4","402,01"," R$  415,41 ","0,00%","3,23%","96,77%",PLO6,-767
25/05/2026,164762,pix164762,AF - ISAC,"0,97","42,5","7,44"," R$  50,91 ","1,91%","83,48%","14,61%",MTT,-391
25/05/2026,115734,RiverRat??,AF - ISAC,0,0,0, R$  -   ,,,,NLH,0
25/05/2026,148579,AAllin?,AF - ISAC,0,"7,9",0," R$  7,90 ","0,00%","100,00%","0,00%",MTT,"-35,4"
25/05/2026,153278,Amanhã,AF - ISAC,0,0,0, R$  -   ,,,,NLH,0
25/05/2026,159806,ÓBITO,AF - ISAC,0,0,0, R$  -   ,,,,NLH,0
25/05/2026,161775,Fabi,AF - ISAC,0,"0,2",0," R$  0,20 ","0,00%","100,00%","0,00%",MTT,"-0,67"
25/05/2026,165725,DouglasAlmeida,AF - ISAC,0,0,0, R$  -   ,,,,NLH,0
25/05/2026,176196,carolll,AF - ISAC,0,0,0, R$  -   ,,,,NLH,"5,33"
25/05/2026,181583,faguirre,AF - ISAC,0,"0,4",0," R$  0,40 ","0,00%","100,00%","0,00%",MTT,"-2,89"
25/05/2026,195641,ReiDaCallErrada,AF - ISAC,0,0,0, R$  -   ,,,,NLH,0
25/05/2026,193540,Tony.S,AF - ISAC,0,0,"76,59"," R$  76,59 ","0,00%","0,00%","100,00%",PLO6,"606,18"
25/05/2026,157767,のちモ匕モ2,AF - ISAC,"42,24","81,1",0," R$  123,34 ","34,25%","65,75%","0,00%",MTT,"424,55"
25/05/2026,186309,B?MB?L@D?,AF - ISAC,"20,2","13,32",0," R$  33,52 ","60,26%","39,74%","0,00%",NLH,"81,19"
25/05/2026,162837,LucasSilva,AF - ISAC,0,"8,6","7,52"," R$  16,12 ","0,00%","53,35%","46,65%",MTT,"-85,61"
25/05/2026,160321,GameOver,AF - ISAC,"6,9","102,3","208,47"," R$  317,67 ","2,17%","32,20%","65,62%",PLO6,"2626,46"
25/05/2026,165708,Jocker,AF - ISAC,0,1,"0,67"," R$  1,67 ","0,00%","59,88%","40,12%",MTT,-15
25/05/2026,144320,Fluxo.FX,AF - ISAC,0,1,0," R$  1,00 ","0,00%","100,00%","0,00%",MTT,0
25/05/2026,138188,Orafa,AF - ISAC,0,"0,2",0," R$  0,20 ","0,00%","100,00%","0,00%",MTT,"-0,37"
25/05/2026,175007,SANTOS28,AF - ISAC,0,"0,1",0," R$  0,10 ","0,00%","100,00%","0,00%",MTT,-1
25/05/2026,178585,AlineHawk,AF - ISAC,0,"0,1",0," R$  0,10 ","0,00%","100,00%","0,00%",MTT,-1
25/05/2026,183598,DSoares,AF - ISAC,0,"0,2",0," R$  0,20 ","0,00%","100,00%","0,00%",MTT,-2
25/05/2026,136890,barakaplayer,AF - ISAC,0,0,"16,88"," R$  16,88 ","0,00%","0,00%","100,00%",PLO6,"19,99"
25/05/2026,124313,philippebarone,AF - ISAC,0,"0,2","0,21"," R$  0,41 ","0,00%","48,78%","51,22%",PLO6,36
25/05/2026,145591,Dobrodracy,AF - ISAC,"0,68","0,1",0," R$  0,78 ","87,18%","12,82%","0,00%",NLH,"11,99"
25/05/2026,153463,RyanGay,AF - ISAC,0,0,0, R$  -   ,,,,NLH,"0,75"
25/05/2026,155562,Meupiru$,AF - ISAC,0,0,0, R$  -   ,,,,NLH,0
25/05/2026,162061,El. Gordito,AF - ISAC,0,0,0, R$  -   ,,,,NLH,0
25/05/2026,173010,ludjan,AF - ISAC,"21,26","2,4","8,48"," R$  32,14 ","66,15%","7,47%","26,38%",NLH,"7,06"
25/05/2026,177051,A2All-in,AF - ISAC,0,0,0, R$  -   ,,,,NLH,0
25/05/2026,183511,dafuga,AF - ISAC,0,0,0, R$  -   ,,,,NLH,0
25/05/2026,171025,Kauancria244,AF - ISAC,"4,18","6,5",0," R$  10,68 ","39,14%","60,86%","0,00%",MTT,"-29,11"
25/05/2026,169007,BrankinhoVidaLoka,AF - ISAC,0,0,0, R$  -   ,,,,NLH,0
25/05/2026,178427,Rudii01,AF - ISAC,0,"0,2",0," R$  0,20 ","0,00%","100,00%","0,00%",MTT,"5,65"
25/05/2026,179751,devil may cry,AF - ISAC,0,0,"1,27"," R$  1,27 ","0,00%","0,00%","100,00%",PLO6,"-3,89"
25/05/2026,180525,mari3455,AF - ISAC,0,0,0, R$  -   ,,,,NLH,0
25/05/2026,196064,pix196064,AF - ISAC,0,"0,3",0," R$  0,30 ","0,00%","100,00%","0,00%",MTT,-3
25/05/2026,155732,gomezzz,AF - ISAC,"1,22",0,"18,84"," R$  20,06 ","6,08%","0,00%","93,92%",PLO6,-163
25/05/2026,153389,Mrperez,AF - ISAC,0,"3,9",0," R$  3,90 ","0,00%","100,00%","0,00%",MTT,-39
25/05/2026,147375,opsicologo,AF - ISAC,"31,02","0,6","2,72"," R$  34,34 ","90,33%","1,75%","7,92%",NLH,"34,05"
25/05/2026,192048,kauaaugustto,AF - ISAC,"0,39",9,0," R$  9,39 ","4,15%","95,85%","0,00%",MTT,"-94,42"
25/05/2026,159265,BANKER,AF - ISAC,0,0,"36,61"," R$  36,61 ","0,00%","0,00%","100,00%",PLO6,"-158,39"
25/05/2026,153375,MrDemite,AF - ISAC,"0,54","12,7",0," R$  13,24 ","4,08%","95,92%","0,00%",MTT,"-125,4"
25/05/2026,194858,unrealgio,AF - ISAC,"3,27","0,1",0," R$  3,37 ","97,03%","2,97%","0,00%",NLH,"-25,02"
25/05/2026,103605,Eu_Amorim,AF - ISAC,0,0,0, R$  -   ,,,,NLH,0
25/05/2026,110437,O Embaixador,AF - ISAC,0,"0,1",0," R$  0,10 ","0,00%","100,00%","0,00%",MTT,"0,6"
25/05/2026,131627,Lucas Davi,AF - ISAC,0,"0,1",0," R$  0,10 ","0,00%","100,00%","0,00%",MTT,"-1,64"
25/05/2026,138239,Anna Trovão 17,AF - ISAC,0,0,0, R$  -   ,,,,NLH,0
25/05/2026,148138,Xurisbela,AF - ISAC,0,0,0, R$  -   ,,,,NLH,"0,73"
25/05/2026,160496,joker?,AF - ISAC,"0,48",0,0," R$  0,48 ","100,00%","0,00%","0,00%",NLH,"-6,16"
25/05/2026,183094,azogo10,AF - ISAC,"5,84","5,7",0," R$  11,54 ","50,61%","49,39%","0,00%",NLH,-90
25/05/2026,193487,B10poker,AF - ISAC,0,"0,2",0," R$  0,20 ","0,00%","100,00%","0,00%",MTT,"0,24"
25/05/2026,164419,TchauBozo,AF - ISAC,0,"0,2",0," R$  0,20 ","0,00%","100,00%","0,00%",MTT,-2
25/05/2026,195693,all in pre flop,AF - ISAC,0,"0,3",0," R$  0,30 ","0,00%","100,00%","0,00%",MTT,-3
25/05/2026,109124,Brunoovieir_,AF - ISAC,0,"7,5",0," R$  7,50 ","0,00%","100,00%","0,00%",MTT,"115,35"
25/05/2026,175064,oCalvoDoPoker,AF - ISAC,0,"81,5",0," R$  81,50 ","0,00%","100,00%","0,00%",MTT,"50,71"
25/05/2026,138562,BPOTY,AF - ISAC,0,0,"2,16"," R$  2,16 ","0,00%","0,00%","100,00%",PLO6,-40
25/05/2026,145975,Maverick81,AF - ISAC,0,"9,9",0," R$  9,90 ","0,00%","100,00%","0,00%",MTT,"218,94"
25/05/2026,172406,RyanPaleta,AF - ISAC,6,0,0," R$  6,00 ","100,00%","0,00%","0,00%",NLH,"-7,1"
25/05/2026,175841,Lacerd1nha flush,AF - ISAC,0,"0,3",0," R$  0,30 ","0,00%","100,00%","0,00%",MTT,-3
25/05/2026,178296,Hawk,AF - ISAC,"1,71",1,0," R$  2,71 ","63,10%","36,90%","0,00%",NLH,-30
25/05/2026,180867,Bocao,AF - ISAC,0,0,0, R$  -   ,,,,NLH,0
25/05/2026,185459,Regiane,AF - ISAC,0,0,0, R$  -   ,,,,NLH,0
25/05/2026,190586,JuniorHawk,AF - ISAC,0,"0,1",0," R$  0,10 ","0,00%","100,00%","0,00%",MTT,"-0,49"
25/05/2026,136196,Storo,AF - ISAC,0,"4,7",0," R$  4,70 ","0,00%","100,00%","0,00%",MTT,-47
25/05/2026,160870,robson22,AF - ISAC,0,0,0, R$  -   ,,,,NLH,0
25/05/2026,162422,Lucas Arantes,AF - ISAC,0,"0,1",0," R$  0,10 ","0,00%","100,00%","0,00%",MTT,"0,29"
25/05/2026,148886,AA007,AF - ISAC,0,0,"140,71"," R$  140,71 ","0,00%","0,00%","100,00%",PLO6,350
25/05/2026,168507,Jhonnata Do Riverr,AF - ISAC,"4,78","10,7","27,6"," R$  43,08 ","11,10%","24,84%","64,07%",PLO6,-38
25/05/2026,180131,Sabor Ganhar,AF - ISAC,0,0,"141,13"," R$  141,13 ","0,00%","0,00%","100,00%",PLO6,-517
25/05/2026,168605,PlayBorges,AF - ISAC,"61,03","7,9","3,17"," R$  72,10 ","84,65%","10,96%","4,40%",NLH,-207
25/05/2026,181112,dafugaa,AF - ISAC,"34,74","0,2",0," R$  34,94 ","99,43%","0,57%","0,00%",NLH,"95,62"
25/05/2026,179760,repanga73,AF - ISAC,0,"4,5","43,17"," R$  47,67 ","0,00%","9,44%","90,56%",PLO6,"-25,72"
25/05/2026,165543,isaqueramos@,AF - ISAC,0,"0,8","8,39"," R$  9,19 ","0,00%","8,71%","91,29%",PLO6,"-69,12"
25/05/2026,179839,scan7,AF - ISAC,"23,19","1,5",0," R$  24,69 ","93,92%","6,08%","0,00%",NLH,"-72,71"
25/05/2026,113629,ernesto94,AF - ISAC,0,"0,1",0," R$  0,10 ","0,00%","100,00%","0,00%",MTT,"0,11"
25/05/2026,178711,JapaPoker,AF - ISAC,0,0,0, R$  -   ,,,,NLH,0
25/05/2026,183322,liviozada,AF - ISAC,0,0,0, R$  -   ,,,,NLH,0
25/05/2026,195968,pix195968,AF - ISAC,0,0,0, R$  -   ,,,,NLH,0
25/05/2026,195991,CAP_MAIA,AF - ISAC,"0,09","10,6",0," R$  10,69 ","0,84%","99,16%","0,00%",MTT,"-88,37"
25/05/2026,180038,Chico gia,AF - ISAC,"2,19",0,"1,17"," R$  3,36 ","65,18%","0,00%","34,82%",NLH,"8,38"
25/05/2026,160177,henrry,AF - ISAC,0,0,"3,54"," R$  3,54 ","0,00%","0,00%","100,00%",PLO6,-10
25/05/2026,147068,FRANK,AF - ISAC,0,0,"67,53"," R$  67,53 ","0,00%","0,00%","100,00%",PLO6,"335,3"
25/05/2026,163631,INSTAFOLD,AF - ISAC,0,0,0, R$  -   ,,,,NLH,0
25/05/2026,179753,bb204kk,AF - ISAC,0,0,"0,79"," R$  0,79 ","0,00%","0,00%","100,00%",PLO6,"-0,85"
25/05/2026,179759,fredykrueger,AF - ISAC,0,0,0, R$  -   ,,,,NLH,0
25/05/2026,196198,pix196198,AF - ISAC,0,0,"136,45"," R$  136,45 ","0,00%","0,00%","100,00%",PLO6,185
25/05/2026,110891,Gael808,AF - ISAC,"3,96",0,0," R$  3,96 ","100,00%","0,00%","0,00%",NLH,-30
25/05/2026,165123,Fr0?D,AF - ISAC,"2,76",0,0," R$  2,76 ","100,00%","0,00%","0,00%",NLH,-34
25/05/2026,193803,blefamuito,AF - ISAC,"2,82",0,0," R$  2,82 ","100,00%","0,00%","0,00%",NLH,-31
25/05/2026,139240,3333badboy,AF - ISAC,"5,57",0,0," R$  5,57 ","100,00%","0,00%","0,00%",NLH,-70
25/05/2026,175290,L10,AF - ISAC,0,"3,8",0," R$  3,80 ","0,00%","100,00%","0,00%",MTT,"54,15"
25/05/2026,148865,Kamila??,AF - ISAC,0,"10,52",0," R$  10,52 ","0,00%","100,00%","0,00%",MTT,"-102,66"
25/05/2026,159721,SPLATY,AF - ISAC,"25,12","42,34","0,22"," R$  67,68 ","37,12%","62,56%","0,33%",MTT,"190,75"
25/05/2026,158223,DINGOS 0800,AF - ISAC,0,"18,1",0," R$  18,10 ","0,00%","100,00%","0,00%",MTT,"42,53"
25/05/2026,152045,iag0,AF - ISAC,"3,59","0,8",0," R$  4,39 ","81,78%","18,22%","0,00%",NLH,"32,18"
25/05/2026,173648,Iphones,AF - ISAC,"63,35",0,0," R$  63,35 ","100,00%","0,00%","0,00%",NLH,-400
25/05/2026,147053,? Halloween ?,AF - ISAC,0,3,0," R$  3,00 ","0,00%","100,00%","0,00%",MTT,-30
25/05/2026,135701,AVLIS,AF - ISAC,0,0,0, R$  -   ,,,,NLH,0
25/05/2026,136024,EL GATURNO,AF - ISAC,0,0,0, R$  -   ,,,,NLH,0
25/05/2026,154740,Papai Smurf,AF - ISAC,0,0,0, R$  -   ,,,,NLH,0
25/05/2026,156750,calango,AF - ISAC,"0,07",0,0," R$  0,07 ","100,00%","0,00%","0,00%",NLH,"9,83"
25/05/2026,169656,@Rob,AF - ISAC,0,0,0, R$  -   ,,,,NLH,0
25/05/2026,172709,Almir Martins,AF - ISAC,0,0,0, R$  -   ,,,,NLH,0
25/05/2026,184138,.??.,AF - ISAC,"0,64","1,2",0," R$  1,84 ","34,78%","65,22%","0,00%",MTT,"-20,47"
25/05/2026,158081,NICK,AF - ISAC,0,0,"28,32"," R$  28,32 ","0,00%","0,00%","100,00%",PLO6,"-130,17"
25/05/2026,120885,&&&&,AF - ISAC,0,"2,6",0," R$  2,60 ","0,00%","100,00%","0,00%",MTT,-26
25/05/2026,146445,S4FADA0,AF - ISAC,0,0,0, R$  -   ,,,,NLH,0
25/05/2026,172829,Alison Martins,AF - ISAC,0,0,0, R$  -   ,,,,NLH,0
25/05/2026,180007,pix180007,AF - ISAC,0,0,0, R$  -   ,,,,NLH,0
25/05/2026,137926,kinho11,AF - ISAC,0,0,0, R$  -   ,,,,NLH,0
25/05/2026,138027,annaalice17,AF - ISAC,0,0,0, R$  -   ,,,,NLH,0
25/05/2026,138028,Anna17,AF - ISAC,0,0,0, R$  -   ,,,,NLH,0
25/05/2026,138803,Anna Alice,AF - ISAC,0,0,0, R$  -   ,,,,NLH,0
25/05/2026,138808,kinho17,AF - ISAC,0,0,0, R$  -   ,,,,NLH,0
25/05/2026,191993,wallygarage,AF - ISAC,0,"12,5",0," R$  12,50 ","0,00%","100,00%","0,00%",MTT,-125
25/05/2026,185102,Gabriel M,AF - ISAC,0,0,"1,49"," R$  1,49 ","0,00%","0,00%","100,00%",PLO6,-20
25/05/2026,171794,Streetpokerr,AF - ISAC,0,10,"45,64"," R$  55,64 ","0,00%","17,97%","82,03%",PLO6,-777
25/05/2026,139283,sai do meio,AF - ISAC,0,1,0," R$  1,00 ","0,00%","100,00%","0,00%",MTT,-10
25/05/2026,172110,JACAREZINHO,AF - ISAC,"10,76",0,0," R$  10,76 ","100,00%","0,00%","0,00%",NLH,-55
25/05/2026,174562,bafim de bode,AF - ISAC,"9,12",0,0," R$  9,12 ","100,00%","0,00%","0,00%",NLH,"30,78"
25/05/2026,172221,koringa imprts,AF - ISAC,"9,14",0,0," R$  9,14 ","100,00%","0,00%","0,00%",NLH,-100
25/05/2026,116289,Duuuuur,AF - PEUEUA,0,"604,59",0," R$  604,59 ","0,00%","100,00%","0,00%",MTT,"-2604,72"
25/05/2026,158934,Gato_Preto,AF - PEUEUA,0,0,"412,53"," R$  412,53 ","0,00%","0,00%","100,00%",PLO6,"-1716,84"
25/05/2026,116298,Pernalonga,AF - PEUEUA,0,0,"111,88"," R$  111,88 ","0,00%","0,00%","100,00%",PLO6,"-38,51"
25/05/2026,129313,Falcão FTS,AF - PEUEUA,"6,99",0,"572,28"," R$  579,27 ","1,21%","0,00%","98,79%",PLO6,"870,61"
25/05/2026,126650,sgtpastel,AF - PEUEUA,0,"237,5",0," R$  237,50 ","0,00%","100,00%","0,00%",MTT,"2820,17"
25/05/2026,133599,Netto,AF - PEUEUA,0,"45,2",0," R$  45,20 ","0,00%","100,00%","0,00%",MTT,-452
25/05/2026,131193,Baiba,AF - PEUEUA,0,"38,34",0," R$  38,34 ","0,00%","100,00%","0,00%",MTT,"-396,85"
25/05/2026,129710,ABCfc,AF - PEUEUA,0,"0,3",0," R$  0,30 ","0,00%","100,00%","0,00%",MTT,-3
25/05/2026,117569,arthurzindomel,AF - MAURICIO,0,"17,5","2,6"," R$  20,10 ","0,00%","87,06%","12,94%",MTT,-190
25/05/2026,185066,VitinPoker,AF - MAURICIO,"0,89","9,5","13,09"," R$  23,48 ","3,79%","40,46%","55,75%",PLO6,"-58,01"
25/05/2026,188865,pix188865,AF - MAURICIO,0,"93,5",0," R$  93,50 ","0,00%","100,00%","0,00%",MTT,"-638,98"
25/05/2026,105531,Neyleo,AF - MAURICIO,0,"12,9",0," R$  12,90 ","0,00%","100,00%","0,00%",MTT,"-29,55"
25/05/2026,137763,pix ad + le,AF - MAURICIO,"4,36","3,4","29,28"," R$  37,04 ","11,77%","9,18%","79,05%",PLO6,"474,81"
25/05/2026,107225,?9??,AF - MAURICIO,"266,6",0,0," R$  266,60 ","100,00%","0,00%","0,00%",NLH,-59
25/05/2026,141801,DihBankai,AF - MAURICIO,"20,8",0,0," R$  20,80 ","100,00%","0,00%","0,00%",NLH,-17
25/05/2026,159788,Heitor99,AF - MAURICIO,"23,24",11,"2,43"," R$  36,67 ","63,38%","30,00%","6,63%",NLH,"-270,32"
25/05/2026,147319,MOSSORÓ084,AF - MAURICIO,"4,19","5,5","37,87"," R$  47,56 ","8,81%","11,56%","79,63%",PLO6,"-0,63"
25/05/2026,155080,Mike Ross,AF - MAURICIO,0,0,"246,86"," R$  246,86 ","0,00%","0,00%","100,00%",PLO6,"-1954,46"
25/05/2026,118639,paulo Nunes,AF - MAURICIO,"1,46","28,28",0," R$  29,74 ","4,91%","95,09%","0,00%",MTT,"-281,7"
25/05/2026,119119,Welshowman,AF - MAURICIO,0,0,"10,63"," R$  10,63 ","0,00%","0,00%","100,00%",PLO6,"-93,06"
25/05/2026,137659,JP duda,AF - MAURICIO,0,"4,4","1,85"," R$  6,25 ","0,00%","70,40%","29,60%",MTT,-45
25/05/2026,152588,Eumesmonao,AF - MAURICIO,0,0,0, R$  -   ,,,,NLH,"2,28"
25/05/2026,170156,Presidente GL,AF - MAURICIO,"0,16",0,0," R$  0,16 ","100,00%","0,00%","0,00%",NLH,"-2,55"
25/05/2026,173857,Thogai,AF - MAURICIO,"0,15","0,5",0," R$  0,65 ","23,08%","76,92%","0,00%",MTT,"13,11"
25/05/2026,181686,Inocram ?,AF - MAURICIO,"0,73","0,2",0," R$  0,93 ","78,49%","21,51%","0,00%",NLH,"-1,46"
25/05/2026,186097,Aquario,AF - MAURICIO,0,0,0, R$  -   ,,,,NLH,0
25/05/2026,127125,????,AF - MAURICIO,"473,01","59,53",0," R$  532,54 ","88,82%","11,18%","0,00%",NLH,"1178,07"
25/05/2026,162335,MadinboPB,AF - MAURICIO,"31,61","4,3","5,74"," R$  41,65 ","75,89%","10,32%","13,78%",NLH,"-45,11"
25/05/2026,116798,Boca de Badalo,AF - MAURICIO,0,0,"23,11"," R$  23,11 ","0,00%","0,00%","100,00%",PLO6,"2,96"
25/05/2026,125821,bacia,AF - MAURICIO,0,18,"83,13"," R$  101,13 ","0,00%","17,80%","82,20%",PLO6,"-216,07"
25/05/2026,119612,DoeuAi??,AF - MAURICIO,0,"12,5","73,13"," R$  85,63 ","0,00%","14,60%","85,40%",PLO6,"-230,72"
25/05/2026,180443,@mau.jr7,AF - MAURICIO,"2,59","58,2","481,17"," R$  541,96 ","0,48%","10,74%","88,78%",PLO6,"882,37"
25/05/2026,134699,@griga,AF - MAURICIO,0,10,"158,79"," R$  168,79 ","0,00%","5,92%","94,08%",PLO6,-716
25/05/2026,120599,CoronelCalazans7,AF - MAURICIO,0,0,"79,31"," R$  79,31 ","0,00%","0,00%","100,00%",PLO6,-452
25/05/2026,108585,coveirodoriver,AF - MAURICIO,0,0,"18,41"," R$  18,41 ","0,00%","0,00%","100,00%",PLO6,-110
25/05/2026,177765,NicolásMaduro,AF - MAURICIO,"5,95",0,"2,95"," R$  8,90 ","66,85%","0,00%","33,15%",NLH,"14,52"
25/05/2026,195034,pix195034,AF - MAURICIO,0,"33,8",0," R$  33,80 ","0,00%","100,00%","0,00%",MTT,"-194,9"
25/05/2026,117017,xLAVISHx,AF - MAURICIO,"5,36",0,0," R$  5,36 ","100,00%","0,00%","0,00%",NLH,"-10,5"
25/05/2026,139401,FreitasAAKK,AF - MAURICIO,0,"0,1",0," R$  0,10 ","0,00%","100,00%","0,00%",MTT,-1
25/05/2026,144408,CORINGA0101,AF - MAURICIO,0,"1,4",0," R$  1,40 ","0,00%","100,00%","0,00%",MTT,"-11,18"
25/05/2026,145508,BRUMBRUM,AF - MAURICIO,0,1,"7,11"," R$  8,11 ","0,00%","12,33%","87,67%",PLO6,"-60,8"
25/05/2026,178673,Ricco Marcondes,AF - MAURICIO,0,0,0, R$  -   ,,,,NLH,0
25/05/2026,138771,GoldNomad,AF - MAURICIO,0,"0,1",0," R$  0,10 ","0,00%","100,00%","0,00%",MTT,-1
25/05/2026,150152,Trastezin Lima??,AF - MAURICIO,"3,29","0,3","8,96"," R$  12,55 ","26,22%","2,39%","71,39%",PLO6,"131,86"
25/05/2026,131354,Redhouse,AF - MAURICIO,0,"7,6",0," R$  7,60 ","0,00%","100,00%","0,00%",MTT,-76
25/05/2026,109162,ORIGINAL poker??,AF - MAURICIO,0,0,"123,09"," R$  123,09 ","0,00%","0,00%","100,00%",PLO6,"83,8"
25/05/2026,101589,SEGURAAA__,AF - MAURICIO,"0,45",1,"0,26"," R$  1,71 ","26,32%","58,48%","15,20%",MTT,-10
25/05/2026,139417,Doidoo,AF - MAURICIO,0,0,0, R$  -   ,,,,NLH,0
25/05/2026,171360,Jclever,AF - MAURICIO,"4,14","0,1",0," R$  4,24 ","97,64%","2,36%","0,00%",NLH,"-21,49"
25/05/2026,184849,valmorena,AF - MAURICIO,0,"4,7","13,63"," R$  18,33 ","0,00%","25,64%","74,36%",PLO6,-100
25/05/2026,114516,SÓ AA,AF - MAURICIO,"5,12",0,0," R$  5,12 ","100,00%","0,00%","0,00%",NLH,"32,36"
25/05/2026,132085,Só blef..,AF - MAURICIO,"3,67",0,"136,78"," R$  140,45 ","2,61%","0,00%","97,39%",PLO6,-259
25/05/2026,171527,Maverica,AF - MAURICIO,0,0,0, R$  -   ,,,,NLH,0
25/05/2026,138414,Son Goku,AF - MAURICIO,0,"5,2",0," R$  5,20 ","0,00%","100,00%","0,00%",MTT,-52
25/05/2026,109925,Ch blefe,AF - MAURICIO,"12,27",0,0," R$  12,27 ","100,00%","0,00%","0,00%",NLH,"-32,01"
25/05/2026,170977,Alyssoni,AF - MAURICIO,"8,05",0,"0,49"," R$  8,54 ","94,26%","0,00%","5,74%",NLH,"-13,11"
25/05/2026,126696,Pereiira,AF - MAURICIO,0,0,0, R$  -   ,,,,NLH,0
25/05/2026,152705,Erick,AF - MAURICIO,0,0,0, R$  -   ,,,,NLH,0
25/05/2026,146218,pix146218baton,AF - MAURICIO,0,4,"155,02"," R$  159,02 ","0,00%","2,52%","97,48%",PLO6,"-400,34"
25/05/2026,163478,irmão de theozin,AF - MAURICIO,0,0,0, R$  -   ,,,,NLH,"1,08"
25/05/2026,106444,TonySoprano,AF - MAURICIO,"98,1",0,0," R$  98,10 ","100,00%","0,00%","0,00%",NLH,"-43,21"
25/05/2026,178503,Mateusbad,AF - MAURICIO,"0,64",0,"0,18"," R$  0,82 ","78,05%","0,00%","21,95%",NLH,-12
25/05/2026,108331,Serginho Balotelli,AF - MAURICIO,"8,28",0,0," R$  8,28 ","100,00%","0,00%","0,00%",NLH,"39,94"
25/05/2026,150216,.?.,AF - MAURICIO,0,1,0," R$  1,00 ","0,00%","100,00%","0,00%",MTT,0
25/05/2026,159805,pix159805,AF - MAURICIO,0,"1,5","1,97"," R$  3,47 ","0,00%","43,23%","56,77%",PLO6,-37
25/05/2026,105568,Nirk,AF - MAURICIO,0,"0,1",0," R$  0,10 ","0,00%","100,00%","0,00%",MTT,-1
25/05/2026,119793,Taícia,AF - MAURICIO,"0,8","1,8","0,64"," R$  3,24 ","24,69%","55,56%","19,75%",MTT,"-23,32"
25/05/2026,116882,Queiroga,AF - MAURICIO,"0,99",0,0," R$  0,99 ","100,00%","0,00%","0,00%",NLH,-12
25/05/2026,141769,Gui Ferreira,AF - MAURICIO,0,"2,1",0," R$  2,10 ","0,00%","100,00%","0,00%",MTT,-21
25/05/2026,145550,Ribery,AF - MAURICIO,0,0,0, R$  -   ,,,,NLH,0
25/05/2026,154690,pix ad + lee,AF - MAURICIO,0,0,0, R$  -   ,,,,NLH,0
25/05/2026,154779,Bruxo R10,AF - MAURICIO,0,0,0, R$  -   ,,,,NLH,0
25/05/2026,107313,?SORTUDO777?,AF - MAURICIO,0,"1,1","11,4"," R$  12,50 ","0,00%","8,80%","91,20%",PLO6,"7,52"
25/05/2026,139597,Dr.Wender,AF - MAURICIO,"2,11",0,"4,62"," R$  6,73 ","31,35%","0,00%","68,65%",PLO6,"-52,12"
25/05/2026,107972,Vingativa,AF - MAURICIO,0,"0,2",0," R$  0,20 ","0,00%","100,00%","0,00%",MTT,-2
25/05/2026,109489,Damião,AF - MAURICIO,0,0,0, R$  -   ,,,,NLH,0
25/05/2026,145547,pokerplayer,AF - MAURICIO,0,0,0, R$  -   ,,,,NLH,0
25/05/2026,102022,Me Chupa,AF - MAURICIO,0,0,"4,33"," R$  4,33 ","0,00%","0,00%","100,00%",PLO6,-19
25/05/2026,106368,seu joao,AF - MAURICIO,"0,23",0,"21,8"," R$  22,03 ","1,04%","0,00%","98,96%",PLO6,"-58,99"
25/05/2026,127891,Theeux,AF - RAFAEL MENEZES,"57,24",21,0," R$  78,24 ","73,16%","26,84%","0,00%",NLH,"-281,39"
25/05/2026,144311,Robson#@,AF - RAFAEL MENEZES,0,"41,49",0," R$  41,49 ","0,00%","100,00%","0,00%",MTT,"226,84"
25/05/2026,151678,guijucca,AF - RAFAEL MENEZES,0,"3,14","34,63"," R$  37,77 ","0,00%","8,31%","91,69%",PLO6,"107,49"
25/05/2026,158491,VJ E VJ,AF - RAFAEL MENEZES,0,"214,5",0," R$  214,50 ","0,00%","100,00%","0,00%",MTT,"1103,53"
25/05/2026,185010,ISAACcc,AF - RAFAEL MENEZES,0,"77,5","16,12"," R$  93,62 ","0,00%","82,78%","17,22%",MTT,"162,42"
25/05/2026,127609,Andreza Marques,AF - RAFAEL MENEZES,"45,16","22,5","58,02"," R$  125,68 ","35,93%","17,90%","46,16%",PLO6,59
25/05/2026,125347,Padre Gato,AF - RAFAEL MENEZES,0,0,"353,4"," R$  353,40 ","0,00%","0,00%","100,00%",PLO6,"-1099,07"
25/05/2026,127736,LAPAPODS,AF - RAFAEL MENEZES,0,0,"540,23"," R$  540,23 ","0,00%","0,00%","100,00%",PLO6,"685,36"
25/05/2026,164687,PatrickCWB,AF - RAFAEL MENEZES,0,"0,1",0," R$  0,10 ","0,00%","100,00%","0,00%",MTT,-1
25/05/2026,179215,ChavesCWB,AF - RAFAEL MENEZES,0,0,0, R$  -   ,,,,NLH,0
25/05/2026,180730,Wanessa,AF - RAFAEL MENEZES,"4,45","8,15",0," R$  12,60 ","35,32%","64,68%","0,00%",MTT,"43,57"
25/05/2026,146449,Sem flertar AA,AF - RAFAEL MENEZES,"29,33","39,4","95,69"," R$  164,42 ","17,84%","23,96%","58,20%",PLO6,-455
25/05/2026,174141,Fold fácil,AF - RAFAEL MENEZES,0,"28,4","26,99"," R$  55,39 ","0,00%","51,27%","48,73%",MTT,"-244,95"
25/05/2026,124326,Kabula_13,AF - RAFAEL MENEZES,"47,85","0,5","4,87"," R$  53,22 ","89,91%","0,94%","9,15%",NLH,-110
25/05/2026,159869,Lá e Loa ?,AF - RAFAEL MENEZES,"6,25","49,7",0," R$  55,95 ","11,17%","88,83%","0,00%",MTT,"490,5"
25/05/2026,142146,hcell,AF - RAFAEL MENEZES,0,0,0, R$  -   ,,,,NLH,0
25/05/2026,134797,FoldarPraQ,AF - RAFAEL MENEZES,"0,31",0,"452,77"," R$  453,08 ","0,07%","0,00%","99,93%",PLO6,190
25/05/2026,164248,D1EG0,AF - RAFAEL MENEZES,0,"8,4",0," R$  8,40 ","0,00%","100,00%","0,00%",MTT,-84
25/05/2026,174154,Pé palmado,AF - RAFAEL MENEZES,0,0,"2,01"," R$  2,01 ","0,00%","0,00%","100,00%",PLO6,"-12,24"
25/05/2026,181789,Epson Júnior,AF - RAFAEL MENEZES,0,0,0, R$  -   ,,,,NLH,0
25/05/2026,109128,tomeeei,AF - RAFAEL MENEZES,0,"9,4","27,99"," R$  37,39 ","0,00%","25,14%","74,86%",PLO6,29
25/05/2026,132222,Xp zero02,AF - RAFAEL MENEZES,0,"0,1",0," R$  0,10 ","0,00%","100,00%","0,00%",MTT,-1
25/05/2026,151946,Maracajá,AF - RAFAEL MENEZES,"11,47",0,0," R$  11,47 ","100,00%","0,00%","0,00%",NLH,"-43,19"
25/05/2026,132226,mirassol.fc,AF - RAFAEL MENEZES,0,0,0, R$  -   ,,,,NLH,0
25/05/2026,167633,letsgo,AF - RAFAEL MENEZES,"0,07",0,"158,84"," R$  158,91 ","0,04%","0,00%","99,96%",PLO6,"481,13"
25/05/2026,113106,Ademar,AF - RAFAEL MENEZES,0,"0,1",0," R$  0,10 ","0,00%","100,00%","0,00%",MTT,-1
25/05/2026,157702,HomerLimpsonn,AF - RAFAEL MENEZES,0,"0,1",0," R$  0,10 ","0,00%","100,00%","0,00%",MTT,-1
25/05/2026,151458,PontoCego,AF - RAFAEL MENEZES,0,"66,15",0," R$  66,15 ","0,00%","100,00%","0,00%",MTT,"-163,07"
25/05/2026,111960,adivinha,AF - RAFAEL MENEZES,0,0,"16,1"," R$  16,10 ","0,00%","0,00%","100,00%",PLO6,"-100,88"
25/05/2026,184999,Seucoiso,AF - RAFAEL MENEZES,0,0,0, R$  -   ,,,,NLH,0
25/05/2026,136124,JOG??,AF - RAFAEL MENEZES,"0,35",0,0," R$  0,35 ","100,00%","0,00%","0,00%",NLH,-4
25/05/2026,160186,Tulhare$7778,AF - RAFAEL MENEZES,"0,94",0,0," R$  0,94 ","100,00%","0,00%","0,00%",NLH,"-20,24"
25/05/2026,143733,Tertulino,AF - RAFAEL MENEZES,0,0,"32,84"," R$  32,84 ","0,00%","0,00%","100,00%",PLO6,"-51,9"
25/05/2026,128455,Chuck Norris,PIXPOKER,0,"6,26","3,18"," R$  9,44 ","0,00%","66,31%","33,69%",MTT,"-23,48"
25/05/2026,130831,SnAAcK,PIXPOKER,0,"13,2","29,58"," R$  42,78 ","0,00%","30,86%","69,14%",PLO6,"-457,49"
25/05/2026,139726,bananinha,PIXPOKER,0,"534,8","928,96"," R$  1.463,76 ","0,00%","36,54%","63,46%",PLO6,"-2757,81"
25/05/2026,150826,thpericlesbjj,PIXPOKER,0,"19,5",0," R$  19,50 ","0,00%","100,00%","0,00%",MTT,"137,68"
25/05/2026,153384,NutS,PIXPOKER,0,"100,44","761,89"," R$  862,33 ","0,00%","11,65%","88,35%",PLO6,"-30,39"
25/05/2026,160289,jimmysdi,PIXPOKER,0,"23,3",0," R$  23,30 ","0,00%","100,00%","0,00%",MTT,"-74,5"
25/05/2026,161105,picanha,PIXPOKER,"30,93","17,5","4,05"," R$  52,48 ","58,94%","33,35%","7,72%",NLH,"-380,6"
25/05/2026,162929,skolzadaaa,PIXPOKER,0,"1,2",0," R$  1,20 ","0,00%","100,00%","0,00%",MTT,-12
25/05/2026,173235,Estrutura,PIXPOKER,"1,28","216,1","165,72"," R$  383,10 ","0,33%","56,41%","43,26%",MTT,"950,22"
25/05/2026,190726,Spikeeee,PIXPOKER,0,"22,1",0," R$  22,10 ","0,00%","100,00%","0,00%",MTT,-246
25/05/2026,193366,pix193366,PIXPOKER,"0,35","2,55",0," R$  2,90 ","12,07%","87,93%","0,00%",MTT,-30
25/05/2026,104697,gb__,PIXPOKER,"0,19","2,3","0,58"," R$  3,07 ","6,19%","74,92%","18,89%",MTT,-33
25/05/2026,147160,comotudo,PIXPOKER,0,"1,7","165,35"," R$  167,05 ","0,00%","1,02%","98,98%",PLO6,-234
25/05/2026,150634,Texurro,PIXPOKER,"8,92","26,57",0," R$  35,49 ","25,13%","74,87%","0,00%",MTT,"-211,37"
25/05/2026,157461,Hellen_?,PIXPOKER,"64,51","81,82",0," R$  146,33 ","44,09%","55,91%","0,00%",MTT,"1284,32"
25/05/2026,179909,Trilheiro???,PIXPOKER,"31,76","73,65",0," R$  105,41 ","30,13%","69,87%","0,00%",MTT,"-90,06"
25/05/2026,189179,JuuH,PIXPOKER,0,"13,82",0," R$  13,82 ","0,00%","100,00%","0,00%",MTT,"-88,61"
25/05/2026,190673,pix190673,PIXPOKER,"3,18","61,65","142,03"," R$  206,86 ","1,54%","29,80%","68,66%",PLO6,-537
25/05/2026,191320,zobaa,PIXPOKER,"21,22","0,8","0,74"," R$  22,76 ","93,23%","3,51%","3,25%",NLH,"-70,29"
25/05/2026,193280,GODZZILLA,PIXPOKER,"2,54","20,18",0," R$  22,72 ","11,18%","88,82%","0,00%",MTT,"30,32"
25/05/2026,103345,Homer Simpson,PIXPOKER,"99,8",10,"1542,2"," R$  1.652,00 ","6,04%","0,61%","93,35%",PLO6,"-1466,93"
25/05/2026,158650,pix158650,PIXPOKER,0,0,"1963,25"," R$  1.963,25 ","0,00%","0,00%","100,00%",PLO6,"2490,84"
25/05/2026,159587,PesoPesadoVoltou,PIXPOKER,0,0,"4,22"," R$  4,22 ","0,00%","0,00%","100,00%",PLO6,"-15,83"
25/05/2026,149545,pix149545,PIXPOKER,0,"17,5","1695,38"," R$  1.712,88 ","0,00%","1,02%","98,98%",PLO6,"-2334,27"
25/05/2026,149617,MQ17,PIXPOKER,0,0,"1557,2"," R$  1.557,20 ","0,00%","0,00%","100,00%",PLO6,"1519,62"
25/05/2026,155309,Andre13,PIXPOKER,0,0,"4175,86"," R$  4.175,86 ","0,00%","0,00%","100,00%",PLO6,-9797
25/05/2026,171491,pix171491,PIXPOKER,0,0,"4380,63"," R$  4.380,63 ","0,00%","0,00%","100,00%",PLO6,"-8755,9"
25/05/2026,156357,idiki,PIXPOKER,0,"1,8","4,22"," R$  6,02 ","0,00%","29,90%","70,10%",PLO6,"2,54"
25/05/2026,158093,Diegote86,PIXPOKER,"193,56","51,8","25,47"," R$  270,83 ","71,47%","19,13%","9,40%",NLH,"-403,89"
25/05/2026,173580,bitulety,PIXPOKER,"0,25","4,3",0," R$  4,55 ","5,49%","94,51%","0,00%",MTT,-32
25/05/2026,179590,lucas082,PIXPOKER,"2,25","1,6","77,7"," R$  81,55 ","2,76%","1,96%","95,28%",PLO6,111
25/05/2026,116648,viltonsales,PIXPOKER,0,0,"49,98"," R$  49,98 ","0,00%","0,00%","100,00%",PLO6,"-285,23"
25/05/2026,143580,Avanti Palestra,PIXPOKER,0,1,"38,35"," R$  39,35 ","0,00%","2,54%","97,46%",PLO6,"166,24"
25/05/2026,145959,Adibe Jr 02,PIXPOKER,"8,25",0,"2057,78"," R$  2.066,03 ","0,40%","0,00%","99,60%",PLO6,"-1987,15"
25/05/2026,100711,Mister...,PIXPOKER,"6,27",0,"4,62"," R$  10,89 ","57,58%","0,00%","42,42%",NLH,-140
25/05/2026,108133,M10CABRERA,PIXPOKER,"47,02","8,4",0," R$  55,42 ","84,84%","15,16%","0,00%",NLH,"-173,92"
25/05/2026,115919,ZéCall,PIXPOKER,"45,47",0,0," R$  45,47 ","100,00%","0,00%","0,00%",NLH,"-65,01"
25/05/2026,163752,LIANDROaposentado,PIXPOKER,"228,65",3,"114,48"," R$  346,13 ","66,06%","0,87%","33,07%",NLH,"-96,45"
25/05/2026,165419,pix165419,PIXPOKER,"5,03",0,0," R$  5,03 ","100,00%","0,00%","0,00%",NLH,"30,89"
25/05/2026,178675,LEODEDIN,PIXPOKER,"0,3","2,8","12,91"," R$  16,01 ","1,87%","17,49%","80,64%",PLO6,"-170,8"
25/05/2026,120035,ok então,PIXPOKER,"94,6",0,0," R$  94,60 ","100,00%","0,00%","0,00%",NLH,68
25/05/2026,133097,URACAN,PIXPOKER,"0,39",0,"30,5"," R$  30,89 ","1,26%","0,00%","98,74%",PLO6,"-38,6"
25/05/2026,141288,g777,PIXPOKER,"13,21","3,5","15,29"," R$  32,00 ","41,28%","10,94%","47,78%",PLO6,"304,13"
25/05/2026,148134,pix148134,PIXPOKER,"6,96",0,0," R$  6,96 ","100,00%","0,00%","0,00%",NLH,"-11,28"
25/05/2026,153129,Zedd,PIXPOKER,"68,95",0,0," R$  68,95 ","100,00%","0,00%","0,00%",NLH,"-28,3"
25/05/2026,157546,Donolt Trump?,PIXPOKER,"83,02",0,"1,31"," R$  84,33 ","98,45%","0,00%","1,55%",NLH,-428
25/05/2026,160398,FLOKI,PIXPOKER,"44,36",1,"6,16"," R$  51,52 ","86,10%","1,94%","11,96%",NLH,-87
25/05/2026,162897,Totó ?,PIXPOKER,"14,44",0,"34,57"," R$  49,01 ","29,46%","0,00%","70,54%",PLO6,"-136,92"
25/05/2026,163235,Jumenta preta ?,PIXPOKER,"7,16","8,3",0," R$  15,46 ","46,31%","53,69%","0,00%",MTT,"-100,13"
25/05/2026,165694,jr?,PIXPOKER,"77,72","5,2","246,47"," R$  329,39 ","23,60%","1,58%","74,83%",PLO6,"12,91"
25/05/2026,165730,kara de Xibata,PIXPOKER,"225,51","101,2",0," R$  326,71 ","69,02%","30,98%","0,00%",NLH,"-1567,09"
25/05/2026,166608,TUDO DO TZ,PIXPOKER,"28,27",0,"1,84"," R$  30,11 ","93,89%","0,00%","6,11%",NLH,"-128,14"
25/05/2026,166612,Emanuel Farias,PIXPOKER,"6,33","3,32",0," R$  9,65 ","65,60%","34,40%","0,00%",NLH,"71,72"
25/05/2026,170570,levy  osterno,PIXPOKER,"28,38",0,"100,44"," R$  128,82 ","22,03%","0,00%","77,97%",PLO6,"-246,35"
25/05/2026,187114,KL7-,PIXPOKER,"58,56",0,"110,04"," R$  168,60 ","34,73%","0,00%","65,27%",PLO6,"-591,53"
25/05/2026,194005,Tuts vida ?,PIXPOKER,7,0,"23,44"," R$  30,44 ","23,00%","0,00%","77,00%",PLO6,"-118,79"
25/05/2026,194604,Aquiles77,PIXPOKER,"15,47",0,"10,91"," R$  26,38 ","58,64%","0,00%","41,36%",NLH,"-86,8"
25/05/2026,101280,boanoitepessual,PIXPOKER,"91,03","10,5","21,03"," R$  122,56 ","74,27%","8,57%","17,16%",NLH,"-205,25"
25/05/2026,108683,Rei das Bruxas,PIXPOKER,"4,91",0,0," R$  4,91 ","100,00%","0,00%","0,00%",NLH,-30
25/05/2026,131387,JoaoCbmpa,PIXPOKER,"7,57","13,8",0," R$  21,37 ","35,42%","64,58%","0,00%",MTT,-221
25/05/2026,154882,É O BR,PIXPOKER,"65,93",1,"137,68"," R$  204,61 ","32,22%","0,49%","67,29%",PLO6,"-372,3"
25/05/2026,157549,mu97,PIXPOKER,"19,17",0,0," R$  19,17 ","100,00%","0,00%","0,00%",NLH,-130
25/05/2026,159245,Wick,PIXPOKER,"16,96",0,0," R$  16,96 ","100,00%","0,00%","0,00%",NLH,"52,66"
25/05/2026,172194,gringo01,PIXPOKER,"68,93",0,"2,38"," R$  71,31 ","96,66%","0,00%","3,34%",NLH,"-55,19"
25/05/2026,187443,CaioJr14,PIXPOKER,"12,35",0,0," R$  12,35 ","100,00%","0,00%","0,00%",NLH,"-60,23"
25/05/2026,190191,WILL BANK,PIXPOKER,"157,21",0,"16,26"," R$  173,47 ","90,63%","0,00%","9,37%",NLH,73
25/05/2026,194497,Hungria,PIXPOKER,"1,08","0,5","1,86"," R$  3,44 ","31,40%","14,53%","54,07%",PLO6,-29
25/05/2026,129250,dayvisonfranklin,PIXPOKER,0,0,"61,68"," R$  61,68 ","0,00%","0,00%","100,00%",PLO6,"-492,65"
25/05/2026,142465,crrc79,PIXPOKER,0,298,"289,34"," R$  587,34 ","0,00%","50,74%","49,26%",MTT,"-1144,63"
25/05/2026,151543,jotinhafelipe,PIXPOKER,"4,63","9,5","902,82"," R$  916,95 ","0,50%","1,04%","98,46%",PLO6,"653,07"
25/05/2026,156606,Nivaldo ??,PIXPOKER,0,0,"578,06"," R$  578,06 ","0,00%","0,00%","100,00%",PLO6,"105,06"
25/05/2026,162136,pix162136,PIXPOKER,0,0,"95,62"," R$  95,62 ","0,00%","0,00%","100,00%",PLO6,-420
25/05/2026,167950,pix167950,PIXPOKER,"14,25","8,6","982,45"," R$  1.005,30 ","1,42%","0,86%","97,73%",PLO6,"-37,47"
25/05/2026,181102,pix181102,PIXPOKER,0,0,"52,81"," R$  52,81 ","0,00%","0,00%","100,00%",PLO6,"-236,55"
25/05/2026,186146,adriel,PIXPOKER,0,0,"368,65"," R$  368,65 ","0,00%","0,00%","100,00%",PLO6,"1302,22"
25/05/2026,193467,Mercado livre,PIXPOKER,0,0,"330,79"," R$  330,79 ","0,00%","0,00%","100,00%",PLO6,"-585,96"
25/05/2026,194211,palaku,PIXPOKER,"76,15","25,4","718,85"," R$  820,40 ","9,28%","3,10%","87,62%",PLO6,"1070,08"
25/05/2026,118027,EUROFARMA,PIXPOKER,0,0,"115,23"," R$  115,23 ","0,00%","0,00%","100,00%",PLO6,"-566,02"
25/05/2026,120161,Forasteiro,PIXPOKER,0,0,"224,54"," R$  224,54 ","0,00%","0,00%","100,00%",PLO6,"-67,29"
25/05/2026,121760,velinho8657,PIXPOKER,0,0,"88,36"," R$  88,36 ","0,00%","0,00%","100,00%",PLO6,"-105,34"
25/05/2026,121804,Descubra,PIXPOKER,"0,84",14,"74,76"," R$  89,60 ","0,94%","15,63%","83,44%",PLO6,"-555,46"
25/05/2026,128228,bobssdi,PIXPOKER,"2,94",19,"254,51"," R$  276,45 ","1,06%","6,87%","92,06%",PLO6,"-1356,46"
25/05/2026,134557,reidocongo,PIXPOKER,0,0,"29,11"," R$  29,11 ","0,00%","0,00%","100,00%",PLO6,"-52,9"
25/05/2026,146599,pix146599,PIXPOKER,0,0,"673,18"," R$  673,18 ","0,00%","0,00%","100,00%",PLO6,"285,42"
25/05/2026,154531,allinsemolhar,PIXPOKER,0,"93,5","157,88"," R$  251,38 ","0,00%","37,19%","62,81%",PLO6,"756,82"
25/05/2026,155367,pix155367,PIXPOKER,0,26,"230,68"," R$  256,68 ","0,00%","10,13%","89,87%",PLO6,-869
25/05/2026,157703,2127,PIXPOKER,0,0,"68,12"," R$  68,12 ","0,00%","0,00%","100,00%",PLO6,-504
25/05/2026,162546,pix162546,PIXPOKER,0,0,"511,97"," R$  511,97 ","0,00%","0,00%","100,00%",PLO6,"-2000,19"
25/05/2026,164616,apilido,PIXPOKER,0,0,"68,54"," R$  68,54 ","0,00%","0,00%","100,00%",PLO6,"-213,1"
25/05/2026,167868,jusadelas_,PIXPOKER,0,18,"182,93"," R$  200,93 ","0,00%","8,96%","91,04%",PLO6,"561,26"
25/05/2026,176091,bananildo,PIXPOKER,0,0,"234,67"," R$  234,67 ","0,00%","0,00%","100,00%",PLO6,"-1977,59"
25/05/2026,182112,22222222,PIXPOKER,0,0,"490,75"," R$  490,75 ","0,00%","0,00%","100,00%",PLO6,-145
25/05/2026,184304,fbarros,PIXPOKER,0,3,"1,54"," R$  4,54 ","0,00%","66,08%","33,92%",MTT,81
25/05/2026,188599,Chrys_Killer,PIXPOKER,"0,22","0,8","412,52"," R$  413,54 ","0,05%","0,19%","99,75%",PLO6,"-707,74"
25/05/2026,191614,pix191614,PIXPOKER,0,0,"50,53"," R$  50,53 ","0,00%","0,00%","100,00%",PLO6,"-150,35"
25/05/2026,193183,pix193183,PIXPOKER,"0,64","0,42","13,73"," R$  14,79 ","4,33%","2,84%","92,83%",PLO6,"-33,35"
25/05/2026,100300,Barboza?,PIXPOKER,0,0,0, R$  -   ,,,,NLH,0
25/05/2026,100479,9Tnaipadin,PIXPOKER,0,"0,5","0,29"," R$  0,79 ","0,00%","63,29%","36,71%",MTT,-9
25/05/2026,100557,AMARILDOJR,PIXPOKER,"0,88",0,"0,28"," R$  1,16 ","75,86%","0,00%","24,14%",NLH,-15
25/05/2026,104131,all inn,PIXPOKER,0,"0,1",0," R$  0,10 ","0,00%","100,00%","0,00%",MTT,"0,29"
25/05/2026,104266,valdinho forró,PIXPOKER,0,1,"1,35"," R$  2,35 ","0,00%","42,55%","57,45%",PLO6,"-2,3"
25/05/2026,105921,verdao,PIXPOKER,0,"0,9",0," R$  0,90 ","0,00%","100,00%","0,00%",MTT,"6,99"
25/05/2026,106910,alexmast223,PIXPOKER,0,0,0, R$  -   ,,,,NLH,"1,08"
25/05/2026,109887,cucuriti,PIXPOKER,"0,66",0,"83,25"," R$  83,91 ","0,79%","0,00%","99,21%",PLO6,116
25/05/2026,116753,Gabrrriel,PIXPOKER,0,"0,2","11,89"," R$  12,09 ","0,00%","1,65%","98,35%",PLO6,"-38,79"
25/05/2026,117575,Let’s Go,PIXPOKER,"0,32","10,2",0," R$  10,52 ","3,04%","96,96%","0,00%",MTT,"-55,66"
25/05/2026,117746,bocao10,PIXPOKER,0,0,0, R$  -   ,,,,NLH,0
25/05/2026,125825,pica-pau,PIXPOKER,0,0,"283,62"," R$  283,62 ","0,00%","0,00%","100,00%",PLO6,272
25/05/2026,129186,???Pato,PIXPOKER,0,0,0, R$  -   ,,,,NLH,"6,02"
25/05/2026,136090,pixxx,PIXPOKER,0,"0,2",0," R$  0,20 ","0,00%","100,00%","0,00%",MTT,"0,83"
25/05/2026,141508,SerialKiller,PIXPOKER,"12,99","0,7","56,92"," R$  70,61 ","18,40%","0,99%","80,61%",PLO6,195
25/05/2026,151894,emersonTHE,PIXPOKER,"1,87","0,4",0," R$  2,27 ","82,38%","17,62%","0,00%",NLH,"-23,38"
25/05/2026,154633,pix154633,PIXPOKER,"8,7",0,0," R$  8,70 ","100,00%","0,00%","0,00%",NLH,"26,64"
25/05/2026,155175,LyncolnK2,PIXPOKER,"1,61",0,0," R$  1,61 ","100,00%","0,00%","0,00%",NLH,"14,14"
25/05/2026,155709,pix155709,PIXPOKER,0,0,0, R$  -   ,,,,NLH,0
25/05/2026,157420,Gaamoraa,PIXPOKER,0,"11,4",0," R$  11,40 ","0,00%","100,00%","0,00%",MTT,"-112,4"
25/05/2026,159054,malfoy,PIXPOKER,"0,3","0,5","6,09"," R$  6,89 ","4,35%","7,26%","88,39%",PLO6,"-19,14"
25/05/2026,159057,MatosPoker,PIXPOKER,0,0,0, R$  -   ,,,,NLH,"1,55"
25/05/2026,159826,ako_sp,PIXPOKER,0,"0,1","12,73"," R$  12,83 ","0,00%","0,78%","99,22%",PLO6,"-126,15"
25/05/2026,162039,deras,PIXPOKER,0,"0,6",0," R$  0,60 ","0,00%","100,00%","0,00%",MTT,"-0,07"
25/05/2026,168505,Bitenca,PIXPOKER,0,"0,2",0," R$  0,20 ","0,00%","100,00%","0,00%",MTT,"10,23"
25/05/2026,169201,danigodoy,PIXPOKER,0,0,0, R$  -   ,,,,NLH,0
25/05/2026,170685,Pitheolico,PIXPOKER,0,1,0," R$  1,00 ","0,00%","100,00%","0,00%",MTT,"-8,59"
25/05/2026,171835,TheRock99,PIXPOKER,"8,8","22,97",0," R$  31,77 ","27,70%","72,30%","0,00%",MTT,"209,81"
25/05/2026,172208,? REI,PIXPOKER,0,"0,1",0," R$  0,10 ","0,00%","100,00%","0,00%",MTT,-1
25/05/2026,172242,Mike Wazowski,PIXPOKER,0,0,"1,65"," R$  1,65 ","0,00%","0,00%","100,00%",PLO6,"-0,81"
25/05/2026,173021,pix173021,PIXPOKER,0,0,0, R$  -   ,,,,NLH,0
25/05/2026,174229,treiss77,PIXPOKER,0,0,0, R$  -   ,,,,NLH,0
25/05/2026,174658,Luka Magic,PIXPOKER,"0,16","0,1",0," R$  0,26 ","61,54%","38,46%","0,00%",NLH,"-0,81"
25/05/2026,179838,pix179838,PIXPOKER,0,"0,1",0," R$  0,10 ","0,00%","100,00%","0,00%",MTT,-1
25/05/2026,181098,pix181098,PIXPOKER,"0,17","0,9",0," R$  1,07 ","15,89%","84,11%","0,00%",MTT,"-5,3"
25/05/2026,182909,Johnny walkr,PIXPOKER,"5,1","29,5",0," R$  34,60 ","14,74%","85,26%","0,00%",MTT,"-305,71"
25/05/2026,185187,JJoNuTs,PIXPOKER,0,0,"1,07"," R$  1,07 ","0,00%","0,00%","100,00%",PLO6,-20
25/05/2026,187278,VICTOR GUERRA,PIXPOKER,0,0,0, R$  -   ,,,,NLH,"0,86"
25/05/2026,188277,Pedromts08,PIXPOKER,"35,68","0,5","13,98"," R$  50,16 ","71,13%","1,00%","27,87%",NLH,-37
25/05/2026,188365,pix188365,PIXPOKER,"8,53",2,0," R$  10,53 ","81,01%","18,99%","0,00%",NLH,"-24,41"
25/05/2026,189882,pix189882,PIXPOKER,0,0,"8,59"," R$  8,59 ","0,00%","0,00%","100,00%",PLO6,-25
25/05/2026,190835,Velhote,PIXPOKER,0,"0,56","3,22"," R$  3,78 ","0,00%","14,81%","85,19%",PLO6,"-30,53"
25/05/2026,192041,pix192041,PIXPOKER,0,0,0, R$  -   ,,,,NLH,0
25/05/2026,193356,pix193356,PIXPOKER,0,0,0, R$  -   ,,,,NLH,"0,6"
25/05/2026,193550,carl$kk,PIXPOKER,0,"0,5",0," R$  0,50 ","0,00%","100,00%","0,00%",MTT,"-3,73"
25/05/2026,193889,torres00,PIXPOKER,0,"0,1",0," R$  0,10 ","0,00%","100,00%","0,00%",MTT,-1
25/05/2026,194472,Micha fold,PIXPOKER,0,0,0, R$  -   ,,,,NLH,0
25/05/2026,194735,Ivan gráfica pai,PIXPOKER,0,"12,82",0," R$  12,82 ","0,00%","100,00%","0,00%",MTT,"-2,25"
25/05/2026,194831,BillyBoy,PIXPOKER,"0,01","6,9",0," R$  6,91 ","0,14%","99,86%","0,00%",MTT,"-66,96"
25/05/2026,194996,fa.do.risi,PIXPOKER,0,"0,2",0," R$  0,20 ","0,00%","100,00%","0,00%",MTT,-2
25/05/2026,195114,Atena,PIXPOKER,"0,26","0,4",0," R$  0,66 ","39,39%","60,61%","0,00%",MTT,"-6,97"
25/05/2026,159520,fritzlang,PIXPOKER,0,0,"52,91"," R$  52,91 ","0,00%","0,00%","100,00%",PLO6,"-255,03"
25/05/2026,100934,monts237,PIXPOKER,"0,16","0,1",0," R$  0,26 ","61,54%","38,46%","0,00%",NLH,-5
25/05/2026,110951,SrAndrezito,PIXPOKER,"70,99","2,4","0,03"," R$  73,42 ","96,69%","3,27%","0,04%",NLH,"119,66"
25/05/2026,112088,Eu!!,PIXPOKER,"0,59",0,"1,15"," R$  1,74 ","33,91%","0,00%","66,09%",PLO6,"-20,33"
25/05/2026,170386,pix170386,PIXPOKER,"4,38","11,4","13,88"," R$  29,66 ","14,77%","38,44%","46,80%",PLO6,"-150,39"
25/05/2026,180241,arthur lucena,PIXPOKER,0,0,0, R$  -   ,,,,NLH,0
25/05/2026,187362,Higor00,PIXPOKER,"46,5",0,"3,18"," R$  49,68 ","93,60%","0,00%","6,40%",NLH,"-154,73"
25/05/2026,192836,guizin777,PIXPOKER,"0,16",0,"53,72"," R$  53,88 ","0,30%","0,00%","99,70%",PLO6,-231
25/05/2026,193890,pix193890,PIXPOKER,"41,33","15,4","3,15"," R$  59,88 ","69,02%","25,72%","5,26%",NLH,"-46,4"
25/05/2026,194270,Laurinha,PIXPOKER,"20,88",0,0," R$  20,88 ","100,00%","0,00%","0,00%",NLH,-61
25/05/2026,163367,oftheking,PIXPOKER,"4,65",0,"23,45"," R$  28,10 ","16,55%","0,00%","83,45%",PLO6,"-8,52"
25/05/2026,102576,kaos,PIXPOKER,0,0,"269,47"," R$  269,47 ","0,00%","0,00%","100,00%",PLO6,"787,72"
25/05/2026,107241,Tibau,PIXPOKER,"1,85",0,"222,55"," R$  224,40 ","0,82%","0,00%","99,18%",PLO6,"-130,62"
25/05/2026,111233,khhk,PIXPOKER,0,0,"268,38"," R$  268,38 ","0,00%","0,00%","100,00%",PLO6,-417
25/05/2026,132763,129131,PIXPOKER,0,"109,9",34," R$  143,90 ","0,00%","76,37%","23,63%",MTT,-1700
25/05/2026,147593,pix147593,PIXPOKER,"0,24",0,"790,11"," R$  790,35 ","0,03%","0,00%","99,97%",PLO6,"-3117,99"
25/05/2026,100211,Patrik Estrela,PIXPOKER,0,0,"89,93"," R$  89,93 ","0,00%","0,00%","100,00%",PLO6,-328
25/05/2026,100346,DeinhAA,PIXPOKER,0,0,"137,96"," R$  137,96 ","0,00%","0,00%","100,00%",PLO6,-246
25/05/2026,102054,natan oficial,PIXPOKER,"0,04",0,"284,45"," R$  284,49 ","0,01%","0,00%","99,99%",PLO6,"-2002,21"
25/05/2026,119970,X2KK,PIXPOKER,"0,84","74,5","223,61"," R$  298,95 ","0,28%","24,92%","74,80%",PLO6,-838
25/05/2026,136797,@ Inter $,PIXPOKER,0,0,"83,3"," R$  83,30 ","0,00%","0,00%","100,00%",PLO6,"-306,38"
25/05/2026,142359,breninmvp,PIXPOKER,0,0,"1,35"," R$  1,35 ","0,00%","0,00%","100,00%",PLO6,-13
25/05/2026,152039,BrOLy,PIXPOKER,0,0,"14,44"," R$  14,44 ","0,00%","0,00%","100,00%",PLO6,"-4,72"
25/05/2026,152480,gbsampaio,PIXPOKER,0,0,"81,93"," R$  81,93 ","0,00%","0,00%","100,00%",PLO6,"673,71"
25/05/2026,158537,??fé no flop,PIXPOKER,0,"1,8","14,5"," R$  16,30 ","0,00%","11,04%","88,96%",PLO6,"-196,93"
25/05/2026,158586,Naviuos,PIXPOKER,0,78,"4,02"," R$  82,02 ","0,00%","95,10%","4,90%",MTT,"700,13"
25/05/2026,160003,Ioribr (777),PIXPOKER,"4,66","0,5","23,56"," R$  28,72 ","16,23%","1,74%","82,03%",PLO6,-64
25/05/2026,163330,RN????,PIXPOKER,0,0,"82,1"," R$  82,10 ","0,00%","0,00%","100,00%",PLO6,"-160,23"
25/05/2026,171909,bregas,PIXPOKER,"3,9","0,5","67,98"," R$  72,38 ","5,39%","0,69%","93,92%",PLO6,"10,94"
25/05/2026,173467,carlosbar,PIXPOKER,0,0,"20,15"," R$  20,15 ","0,00%","0,00%","100,00%",PLO6,"-121,9"
25/05/2026,185894,pejota23,PIXPOKER,"5,35","1,7","161,33"," R$  168,38 ","3,18%","1,01%","95,81%",PLO6,"-185,33"
25/05/2026,186144,PORTAO10,PIXPOKER,0,0,"34,93"," R$  34,93 ","0,00%","0,00%","100,00%",PLO6,"-238,99"
25/05/2026,186865,Tr_Chapinha,PIXPOKER,"0,08",0,"375,32"," R$  375,40 ","0,02%","0,00%","99,98%",PLO6,"118,43"
25/05/2026,188702,Aécio2064,PIXPOKER,"1,06","0,5","75,52"," R$  77,08 ","1,38%","0,65%","97,98%",PLO6,"234,95"
25/05/2026,194304,Jujunaa,PIXPOKER,"8,02","4,8","0,93"," R$  13,75 ","58,33%","34,91%","6,76%",NLH,"-68,53"
25/05/2026,116975,bora bora,PIXPOKER,0,0,"133,93"," R$  133,93 ","0,00%","0,00%","100,00%",PLO6,"-1206,42"
25/05/2026,117699,fodase,PIXPOKER,0,0,"187,4"," R$  187,40 ","0,00%","0,00%","100,00%",PLO6,"-143,16"
25/05/2026,138160,Chicão 01,PIXPOKER,0,0,"245,68"," R$  245,68 ","0,00%","0,00%","100,00%",PLO6,-861
25/05/2026,144291,d. negreano,PIXPOKER,0,1,"11,88"," R$  12,88 ","0,00%","7,76%","92,24%",PLO6,"-166,79"
25/05/2026,148445,gil pm,PIXPOKER,0,32,"551,99"," R$  583,99 ","0,00%","5,48%","94,52%",PLO6,"-1751,47"
25/05/2026,158399,ldcostta,PIXPOKER,"77,53",0,"14,49"," R$  92,02 ","84,25%","0,00%","15,75%",NLH,-123
25/05/2026,158767,Stonks,PIXPOKER,"0,34",24,"12,98"," R$  37,32 ","0,91%","64,31%","34,78%",MTT,-319
25/05/2026,172710,71364,PIXPOKER,0,0,"6,57"," R$  6,57 ","0,00%","0,00%","100,00%",PLO6,"-19,85"
25/05/2026,194597,Razec,PIXPOKER,0,0,"26,17"," R$  26,17 ","0,00%","0,00%","100,00%",PLO6,-80
25/05/2026,149960,11678,PIXPOKER,0,0,"5154,02"," R$  5.154,02 ","0,00%","0,00%","100,00%",PLO6,"-7380,48"
25/05/2026,193434,CUIDAVAI,PIXPOKER,0,0,"1658,62"," R$  1.658,62 ","0,00%","0,00%","100,00%",PLO6,-8970
25/05/2026,103904,Cabuloso?,PIXPOKER,"86,65","0,8","15,1"," R$  102,55 ","84,50%","0,78%","14,72%",NLH,"368,16"
25/05/2026,105853,toblefando,PIXPOKER,0,0,"40,76"," R$  40,76 ","0,00%","0,00%","100,00%",PLO6,"-114,08"
25/05/2026,123060,Dayak,PIXPOKER,0,0,"4,39"," R$  4,39 ","0,00%","0,00%","100,00%",PLO6,"149,86"
25/05/2026,129537,REI DO POKKER AA,PIXPOKER,0,0,"21,67"," R$  21,67 ","0,00%","0,00%","100,00%",PLO6,-114
25/05/2026,144766,Cigarrinho,PIXPOKER,0,0,"125,91"," R$  125,91 ","0,00%","0,00%","100,00%",PLO6,"-1488,45"
25/05/2026,153018,Madara??,PIXPOKER,0,0,"22,65"," R$  22,65 ","0,00%","0,00%","100,00%",PLO6,2
25/05/2026,163350,px34256871976,PIXPOKER,"12,31",0,"120,99"," R$  133,30 ","9,23%","0,00%","90,77%",PLO6,"302,32"
25/05/2026,188964,…….,PIXPOKER,0,0,"240,72"," R$  240,72 ","0,00%","0,00%","100,00%",PLO6,-817
25/05/2026,153359,semreclamação,PIXPOKER,0,"191,65",0," R$  191,65 ","0,00%","100,00%","0,00%",MTT,"2966,65"
25/05/2026,187787,Alan99,PIXPOKER,0,"4,8",0," R$  4,80 ","0,00%","100,00%","0,00%",MTT,"15,92"
25/05/2026,193637,BeNSharK?,PIXPOKER,0,"101,3",0," R$  101,30 ","0,00%","100,00%","0,00%",MTT,"-223,59"
25/05/2026,194473,segundopoker,PIXPOKER,"2,85","17,9",0," R$  20,75 ","13,73%","86,27%","0,00%",MTT,"-72,2"
25/05/2026,100384,AAgoniado,PIXPOKER,0,0,"91,98"," R$  91,98 ","0,00%","0,00%","100,00%",PLO6,"387,79"
25/05/2026,130772,molico10,PIXPOKER,0,0,"63,84"," R$  63,84 ","0,00%","0,00%","100,00%",PLO6,"103,7"
25/05/2026,155905,Laga Lagartão,PIXPOKER,0,20,"892,41"," R$  912,41 ","0,00%","2,19%","97,81%",PLO6,"-1714,62"
25/05/2026,110016,? Fantasma ?,PIXPOKER,0,0,"14,59"," R$  14,59 ","0,00%","0,00%","100,00%",PLO6,"-57,33"
25/05/2026,110511,elchapo?,PIXPOKER,0,0,"8,76"," R$  8,76 ","0,00%","0,00%","100,00%",PLO6,-66
25/05/2026,112136,VML$??,PIXPOKER,"20,71",0,65," R$  85,71 ","24,16%","0,00%","75,84%",PLO6,-472
25/05/2026,119281,Juliocfh,PIXPOKER,0,"1,2","84,41"," R$  85,61 ","0,00%","1,40%","98,60%",PLO6,216
25/05/2026,135274,usuario91,PIXPOKER,0,0,"20,59"," R$  20,59 ","0,00%","0,00%","100,00%",PLO6,-90
25/05/2026,138540,papinha,PIXPOKER,0,0,"25,69"," R$  25,69 ","0,00%","0,00%","100,00%",PLO6,-87
25/05/2026,147011,leruiz,PIXPOKER,0,0,"85,01"," R$  85,01 ","0,00%","0,00%","100,00%",PLO6,"-718,64"
25/05/2026,147799,sabonete22,PIXPOKER,0,1,"322,32"," R$  323,32 ","0,00%","0,31%","99,69%",PLO6,"-1127,08"
25/05/2026,149021,ANTONOW,PIXPOKER,0,0,"14,62"," R$  14,62 ","0,00%","0,00%","100,00%",PLO6,"-140,18"
25/05/2026,149427,JJsparrow,PIXPOKER,0,0,"6,11"," R$  6,11 ","0,00%","0,00%","100,00%",PLO6,-47
25/05/2026,155002,FFilho,PIXPOKER,0,0,"105,73"," R$  105,73 ","0,00%","0,00%","100,00%",PLO6,"-272,24"
25/05/2026,159020,Zlatan11,PIXPOKER,0,0,"162,66"," R$  162,66 ","0,00%","0,00%","100,00%",PLO6,-160
25/05/2026,101534,sem perdão,PIXPOKER,"1,32","35,8","68,93"," R$  106,05 ","1,24%","33,76%","65,00%",PLO6,"395,8"
25/05/2026,128921,pix128921,PIXPOKER,0,"8,5","1,81"," R$  10,31 ","0,00%","82,44%","17,56%",MTT,"-106,01"
25/05/2026,138157,Gigiroro,PIXPOKER,0,1,"44,87"," R$  45,87 ","0,00%","2,18%","97,82%",PLO6,164
25/05/2026,178437,loucojoker777?,PIXPOKER,0,"21,7","12,05"," R$  33,75 ","0,00%","64,30%","35,70%",MTT,-239
25/05/2026,114698,Bodevoador,PIXPOKER,0,0,"129,89"," R$  129,89 ","0,00%","0,00%","100,00%",PLO6,-508
25/05/2026,141518,benito772,PIXPOKER,0,4,"3,02"," R$  7,02 ","0,00%","56,98%","43,02%",MTT,"20,94"
25/05/2026,145184,Chepinha,PIXPOKER,"0,5","18,4","4,02"," R$  22,92 ","2,18%","80,28%","17,54%",MTT,-193
25/05/2026,151375,Jamal,PIXPOKER,"1,14",0,"95,84"," R$  96,98 ","1,18%","0,00%","98,82%",PLO6,"-35,49"
25/05/2026,154395,Maurinho Amaro,PIXPOKER,0,0,"23,99"," R$  23,99 ","0,00%","0,00%","100,00%",PLO6,"18,84"
25/05/2026,161256,CÂMARA?,PIXPOKER,0,0,"131,75"," R$  131,75 ","0,00%","0,00%","100,00%",PLO6,"-96,91"
25/05/2026,171266,BALA 27,PIXPOKER,0,0,"105,07"," R$  105,07 ","0,00%","0,00%","100,00%",PLO6,-43
25/05/2026,181267,Menor LK,PIXPOKER,0,0,"161,66"," R$  161,66 ","0,00%","0,00%","100,00%",PLO6,"-31,5"
25/05/2026,145213,pix145213,PIXPOKER,0,0,"550,14"," R$  550,14 ","0,00%","0,00%","100,00%",PLO6,-292
25/05/2026,159370,pix159370,PIXPOKER,0,"4,5","125,03"," R$  129,53 ","0,00%","3,47%","96,53%",PLO6,-440
25/05/2026,191481,binbalanagulha,PIXPOKER,0,0,"99,72"," R$  99,72 ","0,00%","0,00%","100,00%",PLO6,"-387,73"
25/05/2026,188115,RivaxL,PIXPOKER,0,4,"483,55"," R$  487,55 ","0,00%","0,82%","99,18%",PLO6,"-1190,96"
25/05/2026,134523,leaomem,PIXPOKER,0,6,0," R$  6,00 ","0,00%","100,00%","0,00%",MTT,-60
25/05/2026,137423,Godoy,PIXPOKER,0,"409,3",0," R$  409,30 ","0,00%","100,00%","0,00%",MTT,"-3009,31"
25/05/2026,183910,anonimo33,PIXPOKER,"2,31",6,"1,24"," R$  9,55 ","24,19%","62,83%","12,98%",MTT,-85
25/05/2026,193970,Pimentax1,PIXPOKER,0,"274,6",0," R$  274,60 ","0,00%","100,00%","0,00%",MTT,"-1170,57"
25/05/2026,101140,TodasElas,PIXPOKER,0,0,"8,95"," R$  8,95 ","0,00%","0,00%","100,00%",PLO6,-100
25/05/2026,125022,pix125022,PIXPOKER,0,0,"46,42"," R$  46,42 ","0,00%","0,00%","100,00%",PLO6,-469
25/05/2026,139654,Ari,PIXPOKER,"12,22","7,5","73,03"," R$  92,75 ","13,18%","8,09%","78,74%",PLO6,"-249,09"
25/05/2026,157192,kakaziinho,PIXPOKER,0,0,"297,79"," R$  297,79 ","0,00%","0,00%","100,00%",PLO6,"-1963,11"
25/05/2026,194598,pix194598,PIXPOKER,0,0,"112,05"," R$  112,05 ","0,00%","0,00%","100,00%",PLO6,"-425,98"
25/05/2026,128079,italoko,PIXPOKER,0,0,"118,87"," R$  118,87 ","0,00%","0,00%","100,00%",PLO6,"-864,7"
25/05/2026,157737,raule de mel,PIXPOKER,0,0,"19,38"," R$  19,38 ","0,00%","0,00%","100,00%",PLO6,-90
25/05/2026,171251,jhony@,PIXPOKER,0,0,"160,51"," R$  160,51 ","0,00%","0,00%","100,00%",PLO6,"-1627,84"
25/05/2026,171369,pix171369,PIXPOKER,0,0,"62,54"," R$  62,54 ","0,00%","0,00%","100,00%",PLO6,"-289,43"
25/05/2026,188494,Laele10x,PIXPOKER,0,0,"70,94"," R$  70,94 ","0,00%","0,00%","100,00%",PLO6,"-178,89"
25/05/2026,194654,Mr Pet,PIXPOKER,0,"150,8","35,69"," R$  186,49 ","0,00%","80,86%","19,14%",MTT,-961
25/05/2026,195083,AAÉFOLD,PIXPOKER,0,0,"63,31"," R$  63,31 ","0,00%","0,00%","100,00%",PLO6,-110
25/05/2026,105070,Lukspoki,PIXPOKER,"280,41","25,4",0," R$  305,81 ","91,69%","8,31%","0,00%",NLH,"-1156,28"
25/05/2026,138592,pix138592,PIXPOKER,187,"52,5",0," R$  239,50 ","78,08%","21,92%","0,00%",NLH,"-1031,96"
25/05/2026,194166,Daniboy,PIXPOKER,"267,44",0,0," R$  267,44 ","100,00%","0,00%","0,00%",NLH,"-613,8"
25/05/2026,140135,lukinhas05,PIXPOKER,0,0,"48,11"," R$  48,11 ","0,00%","0,00%","100,00%",PLO6,"132,95"
25/05/2026,172030,ChaparralJr,PIXPOKER,0,"3,5","95,07"," R$  98,57 ","0,00%","3,55%","96,45%",PLO6,"-251,23"
25/05/2026,152468,CADUMCC,PIXPOKER,"0,55","43,8",0," R$  44,35 ","1,24%","98,76%","0,00%",MTT,"-216,39"
25/05/2026,153505,Gabriel Almeida,PIXPOKER,"260,23",4,0," R$  264,23 ","98,49%","1,51%","0,00%",NLH,-197
25/05/2026,155671,abj0610 jj,PIXPOKER,0,4,"215,09"," R$  219,09 ","0,00%","1,83%","98,17%",PLO6,"-747,94"
25/05/2026,139374,Algoz,PIXPOKER,0,"2,2","37,3"," R$  39,50 ","0,00%","5,57%","94,43%",PLO6,"-87,68"
25/05/2026,140015,NenTrindade,PIXPOKER,0,0,"235,66"," R$  235,66 ","0,00%","0,00%","100,00%",PLO6,"-108,45"
25/05/2026,100761,AlanKessio,PIXPOKER,0,"0,3","9,63"," R$  9,93 ","0,00%","3,02%","96,98%",PLO6,-75
25/05/2026,111444,amanga,PIXPOKER,0,0,"7,99"," R$  7,99 ","0,00%","0,00%","100,00%",PLO6,"-39,57"
25/05/2026,115286,America RN??,PIXPOKER,0,0,"18,61"," R$  18,61 ","0,00%","0,00%","100,00%",PLO6,"-33,22"
25/05/2026,129823,pix129823,PIXPOKER,0,0,"232,38"," R$  232,38 ","0,00%","0,00%","100,00%",PLO6,"566,77"
25/05/2026,133382,martinsScc,PIXPOKER,"43,77",2,"16,87"," R$  62,64 ","69,88%","3,19%","26,93%",NLH,"50,19"
25/05/2026,139469,WKPE,PIXPOKER,"5,31",0,"0,55"," R$  5,86 ","90,61%","0,00%","9,39%",NLH,-19
25/05/2026,164927,cafécleite,PIXPOKER,0,"0,9","39,9"," R$  40,80 ","0,00%","2,21%","97,79%",PLO6,"20,55"
25/05/2026,171844,matarindo,PIXPOKER,0,1,"40,89"," R$  41,89 ","0,00%","2,39%","97,61%",PLO6,-69
25/05/2026,173441,Pão??,PIXPOKER,0,0,"9,08"," R$  9,08 ","0,00%","0,00%","100,00%",PLO6,"-83,88"
25/05/2026,182921,MEUGRANDE,PIXPOKER,0,0,"85,85"," R$  85,85 ","0,00%","0,00%","100,00%",PLO6,"-189,07"
25/05/2026,183216,preta02,PIXPOKER,"2,06",0,"402,19"," R$  404,25 ","0,51%","0,00%","99,49%",PLO6,"-158,48"
25/05/2026,187173,pix187173,PIXPOKER,0,"1,5","44,39"," R$  45,89 ","0,00%","3,27%","96,73%",PLO6,"-313,13"
25/05/2026,190440,pedrob,PIXPOKER,0,0,"13,22"," R$  13,22 ","0,00%","0,00%","100,00%",PLO6,"-59,45"
25/05/2026,193915,Carreirinha,PIXPOKER,"0,84",0,"84,51"," R$  85,35 ","0,98%","0,00%","99,02%",PLO6,"245,17"
25/05/2026,194997,wsantos10,PIXPOKER,0,2,183," R$  185,00 ","0,00%","1,08%","98,92%",PLO6,"-1185,68"
25/05/2026,193561,Iperes,PIXPOKER,0,"49,75","18,14"," R$  67,89 ","0,00%","73,28%","26,72%",MTT,"70,89"
25/05/2026,127748,pytter.parke,PIXPOKER,0,0,"21,72"," R$  21,72 ","0,00%","0,00%","100,00%",PLO6,"-192,6"
25/05/2026,188295,Blefudedor,PIXPOKER,0,0,"61,38"," R$  61,38 ","0,00%","0,00%","100,00%",PLO6,"592,98"
25/05/2026,192679,lucaslgbr,PIXPOKER,"4,55",0,"53,71"," R$  58,26 ","7,81%","0,00%","92,19%",PLO6,"11,39"
25/05/2026,133995,capitaoxrm,PIXPOKER,"10,48","4,2",0," R$  14,68 ","71,39%","28,61%","0,00%",NLH,-93
25/05/2026,143424,eider junior,PIXPOKER,"5,21",0,"8,68"," R$  13,89 ","37,51%","0,00%","62,49%",PLO6,-89
25/05/2026,143847,dossantos 1000,PIXPOKER,"82,76",0,"49,72"," R$  132,48 ","62,47%","0,00%","37,53%",NLH,-955
25/05/2026,144329,guga02,PIXPOKER,"22,57","0,5",0," R$  23,07 ","97,83%","2,17%","0,00%",NLH,-139
25/05/2026,160319,cremobin,PIXPOKER,"57,21","17,5","14,39"," R$  89,10 ","64,21%","19,64%","16,15%",NLH,"-248,6"
25/05/2026,171411,?uturo?,PIXPOKER,"16,47",0,0," R$  16,47 ","100,00%","0,00%","0,00%",NLH,-64
25/05/2026,194476,pix194476,PIXPOKER,"61,56",0,"6,12"," R$  67,68 ","90,96%","0,00%","9,04%",NLH,"-64,64"
25/05/2026,135262,F3lp1s,PIXPOKER,"13,17","5,41","112,37"," R$  130,95 ","10,06%","4,13%","85,81%",PLO6,"-100,47"
25/05/2026,145459,Lucas nery,PIXPOKER,0,1,0," R$  1,00 ","0,00%","100,00%","0,00%",MTT,-10
25/05/2026,166232,esseoN,PIXPOKER,0,"26,55",0," R$  26,55 ","0,00%","100,00%","0,00%",MTT,"-184,38"
25/05/2026,174728,PrisionBreak,PIXPOKER,"10,3","23,45",0," R$  33,75 ","30,52%","69,48%","0,00%",MTT,"-250,94"
25/05/2026,175529,Leozim,PIXPOKER,0,"1,5","2,38"," R$  3,88 ","0,00%","38,66%","61,34%",PLO6,-25
25/05/2026,193504,Pixpokerofc??,PIXPOKER,0,"25,1","282,1"," R$  307,20 ","0,00%","8,17%","91,83%",PLO6,"869,19"
25/05/2026,100576,Vitornspb,PIXPOKER,0,0,0, R$  -   ,,,,NLH,"0,77"
25/05/2026,100819,A:.L:.,PIXPOKER,0,1,0," R$  1,00 ","0,00%","100,00%","0,00%",MTT,-10
25/05/2026,102854,mrsflush,PIXPOKER,0,"0,1",0," R$  0,10 ","0,00%","100,00%","0,00%",MTT,"0,54"
25/05/2026,102869,shogun,PIXPOKER,0,"0,1",0," R$  0,10 ","0,00%","100,00%","0,00%",MTT,"1,42"
25/05/2026,102898,shark,PIXPOKER,0,0,0, R$  -   ,,,,NLH,"2,35"
25/05/2026,103301,gika,PIXPOKER,0,0,0, R$  -   ,,,,NLH,"2,2"
25/05/2026,109059,GBALA,PIXPOKER,0,0,0, R$  -   ,,,,NLH,"17,23"
25/05/2026,109387,Bigode,PIXPOKER,0,0,0, R$  -   ,,,,NLH,0
25/05/2026,113348,Pedro Otávio,PIXPOKER,"5,67",0,"0,91"," R$  6,58 ","86,17%","0,00%","13,83%",NLH,-16
25/05/2026,118633,0PREDADORDEBUMBUM,PIXPOKER,"0,51",0,0," R$  0,51 ","100,00%","0,00%","0,00%",NLH,"4,4"
25/05/2026,118893,eujhon,PIXPOKER,0,"0,1",0," R$  0,10 ","0,00%","100,00%","0,00%",MTT,-1
25/05/2026,120987,Ricardo420,PIXPOKER,0,"0,1",0," R$  0,10 ","0,00%","100,00%","0,00%",MTT,"2,75"
25/05/2026,129292,kinho$?,PIXPOKER,0,"3,9","1,87"," R$  5,77 ","0,00%","67,59%","32,41%",MTT,-15
25/05/2026,140055,jr oião motos,PIXPOKER,0,"0,3",0," R$  0,30 ","0,00%","100,00%","0,00%",MTT,"3,5"
25/05/2026,143543,Amorica do vrau,PIXPOKER,0,"0,2",0," R$  0,20 ","0,00%","100,00%","0,00%",MTT,-2
25/05/2026,148623,RICKSAJSDI,PIXPOKER,0,"4,8",0," R$  4,80 ","0,00%","100,00%","0,00%",MTT,-48
25/05/2026,151216,Matador 2024,PIXPOKER,0,0,0, R$  -   ,,,,NLH,0
25/05/2026,151483,Wollfman69,PIXPOKER,0,0,0, R$  -   ,,,,NLH,0
25/05/2026,153195,ZackEfr0n,PIXPOKER,0,"0,1","0,16"," R$  0,26 ","0,00%","38,46%","61,54%",PLO6,"-1,82"
25/05/2026,159197,zuzu,PIXPOKER,0,"8,2",0," R$  8,20 ","0,00%","100,00%","0,00%",MTT,-82
25/05/2026,162289,Gabrielzm,PIXPOKER,"6,88","2,1","6,39"," R$  15,37 ","44,76%","13,66%","41,57%",NLH,"43,15"
25/05/2026,163863,kayblack,PIXPOKER,0,"0,7","0,62"," R$  1,32 ","0,00%","53,03%","46,97%",MTT,-15
25/05/2026,168321,Breno Mendes,PIXPOKER,0,0,"1,01"," R$  1,01 ","0,00%","0,00%","100,00%",PLO6,-10
25/05/2026,169016,Creck,PIXPOKER,0,"0,5",0," R$  0,50 ","0,00%","100,00%","0,00%",MTT,"-2,09"
25/05/2026,171589,kuskusiiiis,PIXPOKER,"0,87",0,0," R$  0,87 ","100,00%","0,00%","0,00%",NLH,"-4,92"
25/05/2026,173555,pix173555,PIXPOKER,0,"0,4",0," R$  0,40 ","0,00%","100,00%","0,00%",MTT,"-1,18"
25/05/2026,177434,Negreira ?,PIXPOKER,"3,04",0,0," R$  3,04 ","100,00%","0,00%","0,00%",NLH,"151,36"
25/05/2026,178389,TLDBS,PIXPOKER,0,0,0, R$  -   ,,,,NLH,"0,93"
25/05/2026,180777,pix180777,PIXPOKER,"9,52","1,6","3,01"," R$  14,13 ","67,37%","11,32%","21,30%",NLH,"-0,41"
25/05/2026,181845,pix181845,PIXPOKER,0,0,0, R$  -   ,,,,NLH,0
25/05/2026,183471,pix183471,PIXPOKER,0,0,0, R$  -   ,,,,NLH,0
25/05/2026,184668,gusorriso,PIXPOKER,"3,11","4,7",0," R$  7,81 ","39,82%","60,18%","0,00%",MTT,"-41,85"
25/05/2026,188288,Maicon Santos,PIXPOKER,0,"0,2",0," R$  0,20 ","0,00%","100,00%","0,00%",MTT,"2,41"
25/05/2026,189220,boasorte,PIXPOKER,0,"0,4",0," R$  0,40 ","0,00%","100,00%","0,00%",MTT,"-0,5"
25/05/2026,191081,Olbis,PIXPOKER,0,"0,4",0," R$  0,40 ","0,00%","100,00%","0,00%",MTT,"-2,4"
25/05/2026,191416,Thomasl17,PIXPOKER,"0,84","1,46","1,07"," R$  3,37 ","24,93%","43,32%","31,75%",MTT,"-17,89"
25/05/2026,192635,jandao,PIXPOKER,"1,46","0,1",0," R$  1,56 ","93,59%","6,41%","0,00%",NLH,-9
25/05/2026,192657,IgorM,PIXPOKER,"11,92","9,3","0,53"," R$  21,75 ","54,80%","42,76%","2,44%",NLH,"17,84"
25/05/2026,193402,porKoloKo,PIXPOKER,0,"3,7",0," R$  3,70 ","0,00%","100,00%","0,00%",MTT,"-20,33"
25/05/2026,193941,joaofurtado,PIXPOKER,6,"7,9",0," R$  13,90 ","43,17%","56,83%","0,00%",MTT,"-76,94"
25/05/2026,194761,Malcher,PIXPOKER,0,0,0, R$  -   ,,,,NLH,0
25/05/2026,195449,Rutsonfc2K,PIXPOKER,9,"10,6",0," R$  19,60 ","45,92%","54,08%","0,00%",MTT,"-112,04"
25/05/2026,100234,Pacauu,PIXPOKER,0,3,"109,15"," R$  112,15 ","0,00%","2,67%","97,33%",PLO6,"103,14"
25/05/2026,120746,toctoc,PIXPOKER,0,3,"49,51"," R$  52,51 ","0,00%","5,71%","94,29%",PLO6,-196
25/05/2026,144439,jhtissimo30,PIXPOKER,"44,73",0,"63,06"," R$  107,79 ","41,50%","0,00%","58,50%",PLO6,"-180,94"
25/05/2026,157729,Mucurex ?,PIXPOKER,0,0,"79,6"," R$  79,60 ","0,00%","0,00%","100,00%",PLO6,"-660,54"
25/05/2026,190813,lapiada,PIXPOKER,0,0,"70,95"," R$  70,95 ","0,00%","0,00%","100,00%",PLO6,-614
25/05/2026,191631,CAIXA-BAIXA,PIXPOKER,0,"5,5","153,02"," R$  158,52 ","0,00%","3,47%","96,53%",PLO6,-650
25/05/2026,149966,ajex,PIXPOKER,0,0,"71,65"," R$  71,65 ","0,00%","0,00%","100,00%",PLO6,-300
25/05/2026,102657,Edson ?,PIXPOKER,"20,7",0,4," R$  24,70 ","83,81%","0,00%","16,19%",NLH,-167
25/05/2026,106840,rostinho,PIXPOKER,"5,77",0,"23,46"," R$  29,23 ","19,74%","0,00%","80,26%",PLO6,-232
25/05/2026,136435,KIKO_CPB,PIXPOKER,"26,01",0,"6,07"," R$  32,08 ","81,08%","0,00%","18,92%",NLH,41
25/05/2026,136595,Jefin6710,PIXPOKER,"25,47","17,9",0," R$  43,37 ","58,73%","41,27%","0,00%",NLH,"-324,8"
25/05/2026,145865,pix145865,PIXPOKER,"5,44","37,4",0," R$  42,84 ","12,70%","87,30%","0,00%",MTT,-276
25/05/2026,147818,Feker,PIXPOKER,"22,81",0,0," R$  22,81 ","100,00%","0,00%","0,00%",NLH,-98
25/05/2026,150186,el brocador,PIXPOKER,"38,55",0,0," R$  38,55 ","100,00%","0,00%","0,00%",NLH,"23,61"
25/05/2026,164157,nenemotos,PIXPOKER,"3,56",0,"0,03"," R$  3,59 ","99,16%","0,00%","0,84%",NLH,"-12,62"
25/05/2026,165961,picadura,PIXPOKER,"3,46",0,0," R$  3,46 ","100,00%","0,00%","0,00%",NLH,-24
25/05/2026,171921,Arthuralp,PIXPOKER,"161,27",0,0," R$  161,27 ","100,00%","0,00%","0,00%",NLH,"162,52"
25/05/2026,172629,pix172629,PIXPOKER,"23,7",0,0," R$  23,70 ","100,00%","0,00%","0,00%",NLH,-55
25/05/2026,176070,ªLL-YÏññ17º,PIXPOKER,"20,28",0,0," R$  20,28 ","100,00%","0,00%","0,00%",NLH,"-19,69"
25/05/2026,188429,oliveiraa,PIXPOKER,"19,55","0,2","0,3"," R$  20,05 ","97,51%","1,00%","1,50%",NLH,"-90,23"
25/05/2026,191293,jh Júnior,PIXPOKER,"61,4","36,7",0," R$  98,10 ","62,59%","37,41%","0,00%",NLH,"299,18"
25/05/2026,193178,10 ANO,PIXPOKER,"86,32","101,2",0," R$  187,52 ","46,03%","53,97%","0,00%",MTT,"-266,61"
25/05/2026,101448,MRafalovik,PIXPOKER,"1,25",0,0," R$  1,25 ","100,00%","0,00%","0,00%",NLH,"-7,45"
25/05/2026,154247,king81,PIXPOKER,"3,07","13,1",0," R$  16,17 ","18,99%","81,01%","0,00%",MTT,242
25/05/2026,141374,hrios,PIXPOKER,0,0,"671,77"," R$  671,77 ","0,00%","0,00%","100,00%",PLO6,"-3300,05"
25/05/2026,147410,Thiago27,PIXPOKER,0,0,"265,28"," R$  265,28 ","0,00%","0,00%","100,00%",PLO6,"-2124,29"
25/05/2026,169302,pix169302,PIXPOKER,0,0,"376,16"," R$  376,16 ","0,00%","0,00%","100,00%",PLO6,"3791,61"
25/05/2026,140263,Deivão,PIXPOKER,0,"0,4",0," R$  0,40 ","0,00%","100,00%","0,00%",MTT,-4
25/05/2026,177942,pix177942,PIXPOKER,0,"0,2",0," R$  0,20 ","0,00%","100,00%","0,00%",MTT,"0,41"
25/05/2026,129800,Th7AKK’,PIXPOKER,"12,68","48,9","13,95"," R$  75,53 ","16,79%","64,74%","18,47%",MTT,"-483,96"
25/05/2026,154470,Batgirl,PIXPOKER,0,"10,8",0," R$  10,80 ","0,00%","100,00%","0,00%",MTT,-90
25/05/2026,159619,SpaçoNave,PIXPOKER,"18,06","18,56",0," R$  36,62 ","49,32%","50,68%","0,00%",MTT,"-186,57"
25/05/2026,148535,amisraelchai??,PIXPOKER,0,29,0," R$  29,00 ","0,00%","100,00%","0,00%",MTT,"57,75"
25/05/2026,149703,azarado,PIXPOKER,0,"119,1",0," R$  119,10 ","0,00%","100,00%","0,00%",MTT,"-366,45"
25/05/2026,151521,geobalaaa,PIXPOKER,"3,94",1,"63,37"," R$  68,31 ","5,77%","1,46%","92,77%",PLO6,"-496,39"
25/05/2026,153367,Gi.p,PIXPOKER,"0,02",22,0," R$  22,02 ","0,09%","99,91%","0,00%",MTT,"304,59"
25/05/2026,155550,aceitaumcha,PIXPOKER,0,"2,6","139,5"," R$  142,10 ","0,00%","1,83%","98,17%",PLO6,-285
25/05/2026,158810,Psicopoker,PIXPOKER,"0,38","13,34","3,04"," R$  16,76 ","2,27%","79,59%","18,14%",MTT,"-49,59"
25/05/2026,173790,Eraldo,PIXPOKER,"8,53",52,0," R$  60,53 ","14,09%","85,91%","0,00%",MTT,"356,85"
25/05/2026,189235,pix189235,PIXPOKER,0,"54,55",0," R$  54,55 ","0,00%","100,00%","0,00%",MTT,"-320,56"
25/05/2026,193709,KAfetão,PIXPOKER,"0,7","31,2","113,58"," R$  145,48 ","0,48%","21,45%","78,07%",PLO6,"-634,25"
25/05/2026,194244,PH Goiano,PIXPOKER,"11,69",0,0," R$  11,69 ","100,00%","0,00%","0,00%",NLH,-100
25/05/2026,136352,DonaMaria,PIXPOKER,0,15,"83,58"," R$  98,58 ","0,00%","15,22%","84,78%",PLO6,"-407,2"
25/05/2026,129221,CARRETÃO,PIXPOKER,0,"67,5",0," R$  67,50 ","0,00%","100,00%","0,00%",MTT,"-214,54"
25/05/2026,176306,HLDR,PIXPOKER,"10,86",91,"143,01"," R$  244,87 ","4,44%","37,16%","58,40%",PLO6,"100,56"
25/05/2026,100486,Jr Holanda,PIXPOKER,0,"5,9","82,57"," R$  88,47 ","0,00%","6,67%","93,33%",PLO6,-431
25/05/2026,109150,vitinpe,PIXPOKER,0,"7,1","163,37"," R$  170,47 ","0,00%","4,16%","95,84%",PLO6,-580
25/05/2026,141552,PULSOFIRME,PIXPOKER,0,0,"26,54"," R$  26,54 ","0,00%","0,00%","100,00%",PLO6,"-124,4"
25/05/2026,151112,SanMds,PIXPOKER,"3,27",0,"13,93"," R$  17,20 ","19,01%","0,00%","80,99%",PLO6,"-5,28"
25/05/2026,183918,magovk12,PIXPOKER,0,0,"8,82"," R$  8,82 ","0,00%","0,00%","100,00%",PLO6,-44
25/05/2026,193274,henriquecm_,PIXPOKER,0,0,"13,84"," R$  13,84 ","0,00%","0,00%","100,00%",PLO6,-30
25/05/2026,195384,pix195384,PIXPOKER,0,15,"121,11"," R$  136,11 ","0,00%","11,02%","88,98%",PLO6,"-1372,69"
25/05/2026,112885,Polly,PIXPOKER,0,0,"4,57"," R$  4,57 ","0,00%","0,00%","100,00%",PLO6,-50
25/05/2026,172386,pix172386,PIXPOKER,"2,94",0,"3,3"," R$  6,24 ","47,12%","0,00%","52,88%",PLO6,-116
25/05/2026,195112,Betto,PIXPOKER,"11,69","46,3","5,68"," R$  63,67 ","18,36%","72,72%","8,92%",MTT,"-346,4"
25/05/2026,132740,ZeusPixpoker,PIXPOKER,"15,54","2,8","346,56"," R$  364,90 ","4,26%","0,77%","94,97%",PLO6,-234
25/05/2026,115245,zicadoo,PIXPOKER,0,0,"161,14"," R$  161,14 ","0,00%","0,00%","100,00%",PLO6,-2020
25/05/2026,155033,zachs49,PIXPOKER,0,"6,9",0," R$  6,90 ","0,00%","100,00%","0,00%",MTT,-69
25/05/2026,101229,OffThekingdepower,PIXPOKER,0,"0,2",0," R$  0,20 ","0,00%","100,00%","0,00%",MTT,-2
25/05/2026,124416,vaibrasil,PIXPOKER,0,"0,1",0," R$  0,10 ","0,00%","100,00%","0,00%",MTT,"0,84"
25/05/2026,156622,alvaromontoro,PIXPOKER,0,"2,8",0," R$  2,80 ","0,00%","100,00%","0,00%",MTT,-28
25/05/2026,179744,pix179744,PIXPOKER,"7,18","0,5","9,66"," R$  17,34 ","41,41%","2,88%","55,71%",PLO6,100
25/05/2026,188354,#check,PIXPOKER,"19,05","3,9","1,44"," R$  24,39 ","78,11%","15,99%","5,90%",NLH,"-56,62"
25/05/2026,100279,Poker13,PIXPOKER,0,"36,5",0," R$  36,50 ","0,00%","100,00%","0,00%",MTT,"-245,84"
25/05/2026,100233,BlefsonSilva,PIXPOKER,0,"2,4",0," R$  2,40 ","0,00%","100,00%","0,00%",MTT,220
25/05/2026,101128,bateu,PIXPOKER,0,"4,8",0," R$  4,80 ","0,00%","100,00%","0,00%",MTT,-60
25/05/2026,119022,SKROTO,PIXPOKER,0,"7,1","38,08"," R$  45,18 ","0,00%","15,71%","84,29%",PLO6,"51,74"
25/05/2026,116140,Márcio Lins,PIXPOKER,"1,27","27,5",0," R$  28,77 ","4,41%","95,59%","0,00%",MTT,-216
25/05/2026,131761,Limpaibestao,PIXPOKER,0,14,"2,84"," R$  16,84 ","0,00%","83,14%","16,86%",MTT,"371,03"
25/05/2026,145413,vgp011,PIXPOKER,"0,53","6,9",0," R$  7,43 ","7,13%","92,87%","0,00%",MTT,"-75,75"
25/05/2026,180680,pix180680,PIXPOKER,0,"5,15",0," R$  5,15 ","0,00%","100,00%","0,00%",MTT,"-51,5"
25/05/2026,189226,Italokeppe,PIXPOKER,0,"47,6",0," R$  47,60 ","0,00%","100,00%","0,00%",MTT,"595,01"
25/05/2026,155081,Bradesco $@,PIXPOKER,"34,73","13,6","28,86"," R$  77,19 ","44,99%","17,62%","37,39%",NLH,"-270,19"
25/05/2026,172054,kevenbrs,PIXPOKER,"3,1",0,"5,11"," R$  8,21 ","37,76%","0,00%","62,24%",PLO6,"-15,75"
25/05/2026,172125,pix172125,PIXPOKER,"2,74",0,"30,34"," R$  33,08 ","8,28%","0,00%","91,72%",PLO6,-70
25/05/2026,193010,Marcelo Silva,PIXPOKER,"24,74","34,8","12,83"," R$  72,37 ","34,19%","48,09%","17,73%",MTT,"-519,11"
25/05/2026,193731,iangabriel,PIXPOKER,"1,38",0,"21,1"," R$  22,48 ","6,14%","0,00%","93,86%",PLO6,-169
25/05/2026,195091,só o básico_14,PIXPOKER,"9,41",0,"188,6"," R$  198,01 ","4,75%","0,00%","95,25%",PLO6,-180
25/05/2026,100221,El Magron,PIXPOKER,0,0,0, R$  -   ,,,,NLH,0
25/05/2026,100469,TulioAraujo,PIXPOKER,0,"0,2",0," R$  0,20 ","0,00%","100,00%","0,00%",MTT,-2
25/05/2026,106309,AcademiaDePoker,PIXPOKER,0,0,0, R$  -   ,,,,NLH,0
25/05/2026,116811,joka,PIXPOKER,0,0,0, R$  -   ,,,,NLH,0
25/05/2026,125910,Dekixter,PIXPOKER,0,"1,9",0," R$  1,90 ","0,00%","100,00%","0,00%",MTT,"-17,92"
25/05/2026,133756,Marinho 54,PIXPOKER,0,"7,11",0," R$  7,11 ","0,00%","100,00%","0,00%",MTT,"-4,97"
25/05/2026,143585,JHOTA,PIXPOKER,0,"0,4",0," R$  0,40 ","0,00%","100,00%","0,00%",MTT,-29
25/05/2026,162893,Geladeira ?,PIXPOKER,0,0,"28,22"," R$  28,22 ","0,00%","0,00%","100,00%",PLO6,"57,34"
25/05/2026,168156,JhonBad,PIXPOKER,0,"2,5","2,92"," R$  5,42 ","0,00%","46,13%","53,87%",PLO6,-80
25/05/2026,168753,mago?,PIXPOKER,0,0,0, R$  -   ,,,,NLH,"0,77"
25/05/2026,174952,tremdofullhouse33,PIXPOKER,"0,27",1,0," R$  1,27 ","21,26%","78,74%","0,00%",MTT,"-13,51"
25/05/2026,176326,Ragnarok_176326,PIXPOKER,0,0,0, R$  -   ,,,,NLH,"1,52"
25/05/2026,177057,KAKASHI,PIXPOKER,0,"0,1",0," R$  0,10 ","0,00%","100,00%","0,00%",MTT,"-0,1"
25/05/2026,180584,lagarto171,PIXPOKER,0,"0,3",0," R$  0,30 ","0,00%","100,00%","0,00%",MTT,-3
25/05/2026,182576,Bundinha de neném,PIXPOKER,0,"0,1",0," R$  0,10 ","0,00%","100,00%","0,00%",MTT,"2,59"
25/05/2026,186267,marion,PIXPOKER,0,"0,1","8,68"," R$  8,78 ","0,00%","1,14%","98,86%",PLO6,"-15,82"
25/05/2026,187132,ninguém,PIXPOKER,0,0,0, R$  -   ,,,,NLH,0
25/05/2026,188674,Mancuso,PIXPOKER,0,0,0, R$  -   ,,,,NLH,0
25/05/2026,193840,sougg,PIXPOKER,0,0,0, R$  -   ,,,,NLH,0
25/05/2026,193979,pix193979,PIXPOKER,0,"0,3",0," R$  0,30 ","0,00%","100,00%","0,00%",MTT,"-2,49"
25/05/2026,194911,popo-iwnl,PIXPOKER,0,0,0, R$  -   ,,,,NLH,0
25/05/2026,146307,Bartholomew Kuma,PIXPOKER,0,"4,5",0," R$  4,50 ","0,00%","100,00%","0,00%",MTT,-45
25/05/2026,102323,flavio,PIXPOKER,"3,94",0,"612,81"," R$  616,75 ","0,64%","0,00%","99,36%",PLO6,"-7342,62"
25/05/2026,154334,space burguer,PIXPOKER,"0,09",0,0," R$  0,09 ","100,00%","0,00%","0,00%",NLH,"-1,46"
25/05/2026,155383,Xots,PIXPOKER,"2,17",0,0," R$  2,17 ","100,00%","0,00%","0,00%",NLH,"-8,53"
25/05/2026,158820,Horus,PIXPOKER,"9,58",0,0," R$  9,58 ","100,00%","0,00%","0,00%",NLH,"0,79"
25/05/2026,194463,JosepPoker,PIXPOKER,"2,82","3,5",0," R$  6,32 ","44,62%","55,38%","0,00%",MTT,-85
25/05/2026,116601,BGX30,PIXPOKER,0,0,"21,82"," R$  21,82 ","0,00%","0,00%","100,00%",PLO6,"79,63"
25/05/2026,146383,pix146383,PIXPOKER,0,0,0, R$  -   ,,,,NLH,0
25/05/2026,152279,Palmer,PIXPOKER,0,"0,1",0," R$  0,10 ","0,00%","100,00%","0,00%",MTT,"0,71"
25/05/2026,185225,pix185225,PIXPOKER,0,"0,1",0," R$  0,10 ","0,00%","100,00%","0,00%",MTT,"2,61"
25/05/2026,195436,cochichola??,PIXPOKER,0,0,0, R$  -   ,,,,NLH,"0,9"
25/05/2026,112569,LNI23,PIXPOKER,0,1,"8,32"," R$  9,32 ","0,00%","10,73%","89,27%",PLO6,-34
25/05/2026,146392,pix146392,PIXPOKER,0,0,"11,76"," R$  11,76 ","0,00%","0,00%","100,00%",PLO6,-93
25/05/2026,149604,NoBru,PIXPOKER,"0,11",0,"5,78"," R$  5,89 ","1,87%","0,00%","98,13%",PLO6,"-43,48"
25/05/2026,169232,bumbum guloso,PIXPOKER,"1,7",0,"6,6"," R$  8,30 ","20,48%","0,00%","79,52%",PLO6,"-56,11"
25/05/2026,135395,Mandachuva,PIXPOKER,0,0,"48,5"," R$  48,50 ","0,00%","0,00%","100,00%",PLO6,78
25/05/2026,145086,Dani,PIXPOKER,0,139,"21,39"," R$  160,39 ","0,00%","86,66%","13,34%",MTT,"-1329,38"
25/05/2026,169412,PreDestinad0,PIXPOKER,"2,02",7,"260,48"," R$  269,50 ","0,75%","2,60%","96,65%",PLO6,-1032
25/05/2026,124196,mjr.,PIXPOKER,0,0,"82,21"," R$  82,21 ","0,00%","0,00%","100,00%",PLO6,-475
25/05/2026,187315,luanpg10,PIXPOKER,0,"1,5","23,71"," R$  25,21 ","0,00%","5,95%","94,05%",PLO6,-114
25/05/2026,175973,IFFC,PIXPOKER,"13,81","64,1","31,3"," R$  109,21 ","12,65%","58,69%","28,66%",MTT,"-822,6"
25/05/2026,153919,Boiadeiro,PIXPOKER,"15,09",0,0," R$  15,09 ","100,00%","0,00%","0,00%",NLH,-20
25/05/2026,173866,Matheusjopa,PIXPOKER,"1,47",0,0," R$  1,47 ","100,00%","0,00%","0,00%",NLH,-10
25/05/2026,179974,Bezim09,PIXPOKER,"11,6",0,0," R$  11,60 ","100,00%","0,00%","0,00%",NLH,"48,75"
25/05/2026,180184,ROLUDU,PIXPOKER,"0,21",0,"7,66"," R$  7,87 ","2,67%","0,00%","97,33%",PLO6,-108
25/05/2026,188349,cheira madeira,PIXPOKER,"1,11",0,"1,73"," R$  2,84 ","39,08%","0,00%","60,92%",PLO6,-31
25/05/2026,191359,coldpaul,PIXPOKER,"1,33","2,7",0," R$  4,03 ","33,00%","67,00%","0,00%",MTT,"-31,38"
25/05/2026,130437,pedrin att,PIXPOKER,"33,55","3,5",0," R$  37,05 ","90,55%","9,45%","0,00%",NLH,"-56,94"
25/05/2026,145257,hoop shot,PIXPOKER,"18,73",0,0," R$  18,73 ","100,00%","0,00%","0,00%",NLH,"-16,22"
25/05/2026,149559,Tata é  Fota,PIXPOKER,25,0,"504,21"," R$  529,21 ","4,72%","0,00%","95,28%",PLO6,"-655,76"
25/05/2026,174549,pix174549,PIXPOKER,"25,39",0,"10,34"," R$  35,73 ","71,06%","0,00%","28,94%",NLH,-287
25/05/2026,177526,XRafaBoassX,PIXPOKER,"46,73","16,7","82,84"," R$  146,27 ","31,95%","11,42%","56,63%",PLO6,"-704,78"
25/05/2026,185542,Gomess,PIXPOKER,"5,79",0,"68,86"," R$  74,65 ","7,76%","0,00%","92,24%",PLO6,"-161,84"
25/05/2026,187618,RenannLima,PIXPOKER,"69,29",0,"38,63"," R$  107,92 ","64,20%","0,00%","35,80%",NLH,"268,5"
25/05/2026,193100,Custodes,PIXPOKER,"21,3","5,1",38," R$  64,40 ","33,07%","7,92%","59,01%",PLO6,"-39,07"
25/05/2026,195232,pix195232,PIXPOKER,"67,93",0,"148,69"," R$  216,62 ","31,36%","0,00%","68,64%",PLO6,"490,68"
25/05/2026,190078,MauroKK,PIXPOKER,"0,21",0,"377,46"," R$  377,67 ","0,06%","0,00%","99,94%",PLO6,-670
25/05/2026,136600,pix136600,PIXPOKER,0,0,"100,69"," R$  100,69 ","0,00%","0,00%","100,00%",PLO6,-935
25/05/2026,153705,BubutiCheio??,PIXPOKER,0,2,"80,01"," R$  82,01 ","0,00%","2,44%","97,56%",PLO6,-631
25/05/2026,182655,Nelson Ned,PIXPOKER,0,0,"71,73"," R$  71,73 ","0,00%","0,00%","100,00%",PLO6,"-390,19"
25/05/2026,102916,Elthigas,PIXPOKER,0,0,"20,17"," R$  20,17 ","0,00%","0,00%","100,00%",PLO6,"39,86"
25/05/2026,182877,pix182877,PIXPOKER,0,0,"34,47"," R$  34,47 ","0,00%","0,00%","100,00%",PLO6,-206
25/05/2026,135410,jvzim,PIXPOKER,"7,84",0,0," R$  7,84 ","100,00%","0,00%","0,00%",NLH,-100
25/05/2026,153031,RUGAL0800,PIXPOKER,"0,69",5,"5,37"," R$  11,06 ","6,24%","45,21%","48,55%",PLO6,-100
25/05/2026,101611,ADRIANA FURACÃO,PIXPOKER,0,0,"4,55"," R$  4,55 ","0,00%","0,00%","100,00%",PLO6,-80
25/05/2026,123585,tudo nosso,PIXPOKER,0,0,"4,51"," R$  4,51 ","0,00%","0,00%","100,00%",PLO6,-39
25/05/2026,162898,Arturlm11,PIXPOKER,"1,83","0,8","16,34"," R$  18,97 ","9,65%","4,22%","86,14%",PLO6,-79
25/05/2026,191967,plmatadoreeporco,PIXPOKER,"18,83",0,"46,6"," R$  65,43 ","28,78%","0,00%","71,22%",PLO6,-203
25/05/2026,193198,Carol??,PIXPOKER,"0,3",0,"0,76"," R$  1,06 ","28,30%","0,00%","71,70%",PLO6,"-15,29"
25/05/2026,149244,vem bambo não,PIXPOKER,0,0,0, R$  -   ,,,,NLH,-20
25/05/2026,180838,Cuiúdão,PIXPOKER,0,0,"15,78"," R$  15,78 ","0,00%","0,00%","100,00%",PLO6,-75
25/05/2026,101185,dual,PIXPOKER,0,0,0, R$  -   ,,,,NLH,0
25/05/2026,136483,Alírio,PIXPOKER,0,0,0, R$  -   ,,,,NLH,"2,31"
25/05/2026,152604,Chib4ta,PIXPOKER,0,"2,5",0," R$  2,50 ","0,00%","100,00%","0,00%",MTT,-25
25/05/2026,158734,escaledita,PIXPOKER,"3,7",0,0," R$  3,70 ","100,00%","0,00%","0,00%",NLH,20
25/05/2026,162093,pix162093,PIXPOKER,0,0,"5,29"," R$  5,29 ","0,00%","0,00%","100,00%",PLO6,-10
25/05/2026,170943,claytim,PIXPOKER,0,0,0, R$  -   ,,,,NLH,0
25/05/2026,175113,chau,PIXPOKER,0,0,0, R$  -   ,,,,NLH,0
25/05/2026,179387,Sansão.,PIXPOKER,0,0,0, R$  -   ,,,,NLH,0
25/05/2026,195241,stoex77,PIXPOKER,0,"0,1",0," R$  0,10 ","0,00%","100,00%","0,00%",MTT,"0,05"
25/05/2026,100248,gmariz,PIXPOKER,0,0,"2,49"," R$  2,49 ","0,00%","0,00%","100,00%",PLO6,-70
25/05/2026,159775,CarrimPorTras,PIXPOKER,0,0,"16,33"," R$  16,33 ","0,00%","0,00%","100,00%",PLO6,"12,14"
25/05/2026,169703,Chicken Little,PIXPOKER,"6,01",0,"7,77"," R$  13,78 ","43,61%","0,00%","56,39%",PLO6,"67,47"
25/05/2026,187664,Dwbliu,PIXPOKER,0,0,"12,86"," R$  12,86 ","0,00%","0,00%","100,00%",PLO6,-50
25/05/2026,176747,Infame,PIXPOKER,0,"1,8","0,78"," R$  2,58 ","0,00%","69,77%","30,23%",MTT,"-22,02"
25/05/2026,112160,Njr034,PIXPOKER,0,0,5," R$  5,00 ","0,00%","0,00%","100,00%",PLO6,-46
25/05/2026,133682,Disney,PIXPOKER,0,0,"42,52"," R$  42,52 ","0,00%","0,00%","100,00%",PLO6,-40
25/05/2026,193559,Gabriellopes,PIXPOKER,"11,72",0,"14,4"," R$  26,12 ","44,87%","0,00%","55,13%",PLO6,-93
25/05/2026,162905,picanele,PIXPOKER,"1,82",0,"270,6"," R$  272,42 ","0,67%","0,00%","99,33%",PLO6,-619
25/05/2026,147069,cryyy,PIXPOKER,0,"24,4","1,25"," R$  25,65 ","0,00%","95,13%","4,87%",MTT,-250
25/05/2026,188457,tomate,PIXPOKER,0,"24,15",0," R$  24,15 ","0,00%","100,00%","0,00%",MTT,"-237,75"
25/05/2026,138973,Britador 77,PIXPOKER,0,0,"26,01"," R$  26,01 ","0,00%","0,00%","100,00%",PLO6,-180
25/05/2026,156515,Miquelangela,PIXPOKER,"0,14","5,5","135,07"," R$  140,71 ","0,10%","3,91%","95,99%",PLO6,-43
25/05/2026,195351,show10,PIXPOKER,0,0,"22,45"," R$  22,45 ","0,00%","0,00%","100,00%",PLO6,"-3,46"
25/05/2026,146479,segueolider,PIXPOKER,0,"23,6",0," R$  23,60 ","0,00%","100,00%","0,00%",MTT,-236
25/05/2026,146573,CipriAA,PIXPOKER,"88,09",0,"0,79"," R$  88,88 ","99,11%","0,00%","0,89%",NLH,17
25/05/2026,160558,lanelas,PIXPOKER,"6,31",0,0," R$  6,31 ","100,00%","0,00%","0,00%",NLH,"50,51"
25/05/2026,171911,pix171911,PIXPOKER,"20,29",0,0," R$  20,29 ","100,00%","0,00%","0,00%",NLH,"-0,74"
25/05/2026,195016,pix195016,PIXPOKER,0,0,"6,22"," R$  6,22 ","0,00%","0,00%","100,00%",PLO6,"-28,85"
25/05/2026,194188,EliminadordeDonk,PIXPOKER,"2,28","2,2",0," R$  4,48 ","50,89%","49,11%","0,00%",NLH,-43
25/05/2026,154977,pix154977,PIXPOKER,0,20,0," R$  20,00 ","0,00%","100,00%","0,00%",MTT,-200
25/05/2026,155420,tenhovalor,PIXPOKER,0,5,0," R$  5,00 ","0,00%","100,00%","0,00%",MTT,-50
25/05/2026,194400,Joao Bosco,PIXPOKER,0,32,0," R$  32,00 ","0,00%","100,00%","0,00%",MTT,"621,56"
25/05/2026,110682,vai dar certo!!,PIXPOKER,0,0,"118,87"," R$  118,87 ","0,00%","0,00%","100,00%",PLO6,"-398,71"
25/05/2026,173268,nacton silvq,PIXPOKER,"23,02",0,"3,35"," R$  26,37 ","87,30%","0,00%","12,70%",NLH,"-142,92"
25/05/2026,158848,cherameusovos,PIXPOKER,"2,59","0,7",0," R$  3,29 ","78,72%","21,28%","0,00%",NLH,"-24,47"
25/05/2026,176138,otrembb??,PIXPOKER,0,"0,5",0," R$  0,50 ","0,00%","100,00%","0,00%",MTT,-5
25/05/2026,111754,pix111754,PIXPOKER,0,0,"12,72"," R$  12,72 ","0,00%","0,00%","100,00%",PLO6,65
25/05/2026,146768,Tonon,PIXPOKER,"2,09",4,0," R$  6,09 ","34,32%","65,68%","0,00%",MTT,"-45,49"
25/05/2026,148966,pix148966,PIXPOKER,0,0,"0,94"," R$  0,94 ","0,00%","0,00%","100,00%",PLO6,-25
25/05/2026,125304,Denão,PIXPOKER,"0,67",0,0," R$  0,67 ","100,00%","0,00%","0,00%",NLH,-8
25/05/2026,134949,domasfec,PIXPOKER,"1,04",0,0," R$  1,04 ","100,00%","0,00%","0,00%",NLH,-10
25/05/2026,178626,Vava13,PIXPOKER,"13,6",0,0," R$  13,60 ","100,00%","0,00%","0,00%",NLH,-104
25/05/2026,195459,tanouss,PIXPOKER,"2,94",0,0," R$  2,94 ","100,00%","0,00%","0,00%",NLH,"18,68"
25/05/2026,100389,dorminhoco,PIXPOKER,0,0,0, R$  -   ,,,,NLH,0
25/05/2026,100544,Amarildo Junior,PIXPOKER,0,0,0, R$  -   ,,,,NLH,0
25/05/2026,107011,ABS99,PIXPOKER,0,0,0, R$  -   ,,,,NLH,0
25/05/2026,109744,Paulão do flop,PIXPOKER,"0,34","0,1","5,36"," R$  5,80 ","5,86%","1,72%","92,41%",PLO6,-12
25/05/2026,147742,All Marlon,PIXPOKER,0,0,0, R$  -   ,,,,NLH,0
25/05/2026,151377,Coisaruim,PIXPOKER,0,0,0, R$  -   ,,,,NLH,0
25/05/2026,167549,pix167549,PIXPOKER,0,0,0, R$  -   ,,,,NLH,0
25/05/2026,172456,TicoTico,PIXPOKER,0,1,0," R$  1,00 ","0,00%","100,00%","0,00%",MTT,-10
25/05/2026,179691,Bielvn,PIXPOKER,"1,87","0,3",0," R$  2,17 ","86,18%","13,82%","0,00%",NLH,"-1,36"
25/05/2026,180210,pix180210,PIXPOKER,0,0,0, R$  -   ,,,,NLH,0
25/05/2026,183817,magnata71,PIXPOKER,0,0,0, R$  -   ,,,,NLH,0
25/05/2026,191542,pix191542,PIXPOKER,0,0,0, R$  -   ,,,,NLH,0
25/05/2026,193357,Negralha31,PIXPOKER,0,0,0, R$  -   ,,,,NLH,"1,05"
25/05/2026,133158,jrspoker,PIXPOKER,0,0,"89,54"," R$  89,54 ","0,00%","0,00%","100,00%",PLO6,"-479,42"
25/05/2026,102512,Myster poker,PIXPOKER,"5,43","0,8",0," R$  6,23 ","87,16%","12,84%","0,00%",NLH,"-51,63"
25/05/2026,190931,pix190931,PIXPOKER,0,0,"7,11"," R$  7,11 ","0,00%","0,00%","100,00%",PLO6,-36
25/05/2026,142293,KAMMIN,PIXPOKER,0,0,"520,21"," R$  520,21 ","0,00%","0,00%","100,00%",PLO6,"-577,16"
25/05/2026,134522,ZEBEDEL,PIXPOKER,0,0,"0,17"," R$  0,17 ","0,00%","0,00%","100,00%",PLO6,-4
25/05/2026,109291,shampooo,PIXPOKER,0,"3,4","19,77"," R$  23,17 ","0,00%","14,67%","85,33%",PLO6,-215
25/05/2026,102535,Luizão LDS,PIXPOKER,0,0,"2104,23"," R$  2.104,23 ","0,00%","0,00%","100,00%",PLO6,"-2999,16"
25/05/2026,100323,Foresths,PIXPOKER,0,0,0, R$  -   ,,,,NLH,0
25/05/2026,101186,pix101186,PIXPOKER,0,"0,1",0," R$  0,10 ","0,00%","100,00%","0,00%",MTT,"-0,25"
25/05/2026,102331,Nelson,PIXPOKER,0,0,0, R$  -   ,,,,NLH,0
25/05/2026,158902,minhocauhaha,PIXPOKER,0,0,0, R$  -   ,,,,NLH,0
25/05/2026,171772,carlos.souza,PIXPOKER,0,"1,8","5,4"," R$  7,20 ","0,00%","25,00%","75,00%",PLO6,-68
25/05/2026,176073,marcusp159,PIXPOKER,0,2,0," R$  2,00 ","0,00%","100,00%","0,00%",MTT,-20
25/05/2026,107109,pix107109,PIXPOKER,"5,3",0,"594,06"," R$  599,36 ","0,88%","0,00%","99,12%",PLO6,-1202
25/05/2026,139194,naosei,PIXPOKER,0,0,"0,78"," R$  0,78 ","0,00%","0,00%","100,00%",PLO6,-20
25/05/2026,143841,Rbraga,PIXPOKER,"0,57",0,"11,88"," R$  12,45 ","4,58%","0,00%","95,42%",PLO6,-54
25/05/2026,164151,pagou morreu,PIXPOKER,0,0,"3,85"," R$  3,85 ","0,00%","0,00%","100,00%",PLO6,-60
25/05/2026,193682,pix193682,PIXPOKER,0,0,"27,05"," R$  27,05 ","0,00%","0,00%","100,00%",PLO6,-287
25/05/2026,115700,pix115700,PIXPOKER,0,0,"9,57"," R$  9,57 ","0,00%","0,00%","100,00%",PLO6,-104
25/05/2026,118148,Diogolll,PIXPOKER,"2,72",0,0," R$  2,72 ","100,00%","0,00%","0,00%",NLH,-25
25/05/2026,173088,Bia777,PIXPOKER,"43,12",0,0," R$  43,12 ","100,00%","0,00%","0,00%",NLH,-65
25/05/2026,181180,SoaresSjb,PIXPOKER,"0,78","0,8",0," R$  1,58 ","49,37%","50,63%","0,00%",MTT,"7,97"
25/05/2026,194401,ColdCall,PIXPOKER,"61,91",0,0," R$  61,91 ","100,00%","0,00%","0,00%",NLH,-300
25/05/2026,116085,thief,PIXPOKER,0,0,"10,66"," R$  10,66 ","0,00%","0,00%","100,00%",PLO6,-100
25/05/2026,136607,NiKa,PIXPOKER,0,"14,3",0," R$  14,30 ","0,00%","100,00%","0,00%",MTT,"-125,64"
25/05/2026,160141,Piaca2024,PIXPOKER,0,4,0," R$  4,00 ","0,00%","100,00%","0,00%",MTT,-40
25/05/2026,119997,brunobfb,PIXPOKER,0,0,"51,08"," R$  51,08 ","0,00%","0,00%","100,00%",PLO6,"33,95"
25/05/2026,185295,David blefador,PIXPOKER,0,0,"87,68"," R$  87,68 ","0,00%","0,00%","100,00%",PLO6,423
25/05/2026,154405,pix154405,PIXPOKER,0,0,"3,54"," R$  3,54 ","0,00%","0,00%","100,00%",PLO6,-26
25/05/2026,130697,Dandan71,PIXPOKER,0,0,"53,31"," R$  53,31 ","0,00%","0,00%","100,00%",PLO6,"-47,58"
25/05/2026,136776,Tiagonv,PIXPOKER,"58,7",1,"0,57"," R$  60,27 ","97,40%","1,66%","0,95%",NLH,-112
25/05/2026,150253,n3ymar,PIXPOKER,0,0,"3,46"," R$  3,46 ","0,00%","0,00%","100,00%",PLO6,-17
25/05/2026,157853,bossfinal,PIXPOKER,0,0,"3,44"," R$  3,44 ","0,00%","0,00%","100,00%",PLO6,-25
25/05/2026,159222,MC81,PIXPOKER,0,0,"84,25"," R$  84,25 ","0,00%","0,00%","100,00%",PLO6,224
25/05/2026,133545,tudo,PIXPOKER,"3,74",0,"8,63"," R$  12,37 ","30,23%","0,00%","69,77%",PLO6,9
25/05/2026,182504,cfpoker,PIXPOKER,"4,93","0,9",0," R$  5,83 ","84,56%","15,44%","0,00%",NLH,"-57,96"
25/05/2026,189262,ZéNutzz,PIXPOKER,"0,31",0,0," R$  0,31 ","100,00%","0,00%","0,00%",NLH,"-4,35"
25/05/2026,193950,Danilopira,PIXPOKER,"0,83",0,"0,37"," R$  1,20 ","69,17%","0,00%","30,83%",NLH,"3,04"
25/05/2026,195469,golias,PIXPOKER,"1,61",0,0," R$  1,61 ","100,00%","0,00%","0,00%",NLH,"-10,37"
25/05/2026,134651,69énuts,PIXPOKER,0,0,0, R$  -   ,,,,NLH,0
25/05/2026,156686,gugu da catingueira,PIXPOKER,0,0,0, R$  -   ,,,,NLH,0
25/05/2026,158851,Marques,PIXPOKER,0,0,0, R$  -   ,,,,NLH,0
25/05/2026,174476,Dim Saraiva,PIXPOKER,0,0,0, R$  -   ,,,,NLH,"0,6"
25/05/2026,186464,bebeto e romario,PIXPOKER,0,0,0, R$  -   ,,,,NLH,0
25/05/2026,194827,bbq_777,PIXPOKER,0,0,0, R$  -   ,,,,NLH,0
25/05/2026,108030,Pitbull Enraivado,PIXPOKER,0,"5,9","47,57"," R$  53,47 ","0,00%","11,03%","88,97%",PLO6,"-91,01"
25/05/2026,100366,VENDE–SE SÍTIO,PIXPOKER,0,"28,7",0," R$  28,70 ","0,00%","100,00%","0,00%",MTT,165
25/05/2026,150113,predador ?,PIXPOKER,0,0,"5,56"," R$  5,56 ","0,00%","0,00%","100,00%",PLO6,-36
25/05/2026,177693,pix177693,PIXPOKER,0,"0,2",0," R$  0,20 ","0,00%","100,00%","0,00%",MTT,-2
25/05/2026,189004,ABUSADO,PIXPOKER,"0,36",0,"10,66"," R$  11,02 ","3,27%","0,00%","96,73%",PLO6,-85
25/05/2026,134903,Reis...,PIXPOKER,0,140,0," R$  140,00 ","0,00%","100,00%","0,00%",MTT,-1400
25/05/2026,126598,eumesmo001,PIXPOKER,0,"0,5","2,75"," R$  3,25 ","0,00%","15,38%","84,62%",PLO6,-25
25/05/2026,122669,caçapix,PIXPOKER,0,"3,5","171,88"," R$  175,38 ","0,00%","2,00%","98,00%",PLO6,"-67,14"
25/05/2026,141902,Luksolive,PIXPOKER,0,19,0," R$  19,00 ","0,00%","100,00%","0,00%",MTT,-190
25/05/2026,157261,amv3ct,PIXPOKER,0,"30,1",0," R$  30,10 ","0,00%","100,00%","0,00%",MTT,-301
25/05/2026,149187,Kingx7,PIXPOKER,"3,61",0,"5,57"," R$  9,18 ","39,32%","0,00%","60,68%",PLO6,"7,64"
25/05/2026,147819,sousa197,PIXPOKER,0,"0,4",0," R$  0,40 ","0,00%","100,00%","0,00%",MTT,-4
25/05/2026,101888,pix101888,PIXPOKER,0,0,"4,32"," R$  4,32 ","0,00%","0,00%","100,00%",PLO6,"-24,47"
25/05/2026,167974,Cajueiro12,PIXPOKER,0,0,"7,02"," R$  7,02 ","0,00%","0,00%","100,00%",PLO6,"-50,71"
25/05/2026,144289,maakkaco26,PIXPOKER,0,3,0," R$  3,00 ","0,00%","100,00%","0,00%",MTT,"-49,38"
25/05/2026,101162,Messi10?,PIXPOKER,0,0,"283,08"," R$  283,08 ","0,00%","0,00%","100,00%",PLO6,"-551,83"
25/05/2026,150966,bola10,PIXPOKER,0,8,0," R$  8,00 ","0,00%","100,00%","0,00%",MTT,"87,83"
25/05/2026,189502,kid poker AA,PIXPOKER,0,0,"30,66"," R$  30,66 ","0,00%","0,00%","100,00%",PLO6,-100
25/05/2026,192132,pix216794,PIXPOKER,0,0,"85,06"," R$  85,06 ","0,00%","0,00%","100,00%",PLO6,-315
25/05/2026,181613,tyago,PIXPOKER,"3,49",0,"2,66"," R$  6,15 ","56,75%","0,00%","43,25%",NLH,"-23,54"
25/05/2026,194446,Kaoru Hanayama,PIXPOKER,"1,78",0,0," R$  1,78 ","100,00%","0,00%","0,00%",NLH,-25
25/05/2026,139234,Doom,PIXPOKER,0,0,"2,8"," R$  2,80 ","0,00%","0,00%","100,00%",PLO6,-40
25/05/2026,189391,Shell271,PIXPOKER,0,"0,5","50,69"," R$  51,19 ","0,00%","0,98%","99,02%",PLO6,-29
25/05/2026,192356,Escapancioo,PIXPOKER,0,0,"39,3"," R$  39,30 ","0,00%","0,00%","100,00%",PLO6,"160,61"
25/05/2026,149147,Priscilasantos,PIXPOKER,0,0,0, R$  -   ,,,,NLH,0
25/05/2026,152602,toskdecorrente,PIXPOKER,0,0,0, R$  -   ,,,,NLH,"1,79"
25/05/2026,172415,Arthurcrupi,PIXPOKER,0,0,0, R$  -   ,,,,NLH,0
25/05/2026,177692,pix177692,PIXPOKER,0,"0,1",0," R$  0,10 ","0,00%","100,00%","0,00%",MTT,-1
25/05/2026,193238,pix193238,PIXPOKER,0,0,0, R$  -   ,,,,NLH,0
25/05/2026,193240,pix193240,PIXPOKER,0,"0,3","2,13"," R$  2,43 ","0,00%","12,35%","87,65%",PLO6,"-0,36"
25/05/2026,108144,Tudão Ap,PIXPOKER,0,0,"47,61"," R$  47,61 ","0,00%","0,00%","100,00%",PLO6,91
25/05/2026,146625,UngidoPix,PIXPOKER,0,0,"2,44"," R$  2,44 ","0,00%","0,00%","100,00%",PLO6,-29
25/05/2026,152826,pix152826,PIXPOKER,0,0,"38,96"," R$  38,96 ","0,00%","0,00%","100,00%",PLO6,-105
25/05/2026,186438,pega noob,PIXPOKER,"0,12",0,"5,3"," R$  5,42 ","2,21%","0,00%","97,79%",PLO6,-40
25/05/2026,188835,Gincobilola,PIXPOKER,0,0,"22,88"," R$  22,88 ","0,00%","0,00%","100,00%",PLO6,-40
25/05/2026,162312,WeydsonL,PIXPOKER,"140,09",0,0," R$  140,09 ","100,00%","0,00%","0,00%",NLH,"75,55"
25/05/2026,192604,pix192604,PIXPOKER,"1,83",0,"0,68"," R$  2,51 ","72,91%","0,00%","27,09%",NLH,-27
25/05/2026,129538,LucGoncalves,PIXPOKER,0,"3,4",0," R$  3,40 ","0,00%","100,00%","0,00%",MTT,-34
25/05/2026,191216,ALL in AA?,PIXPOKER,0,"8,1",0," R$  8,10 ","0,00%","100,00%","0,00%",MTT,-81
25/05/2026,117948,Billgats,PIXPOKER,"6,93",0,"19,27"," R$  26,20 ","26,45%","0,00%","73,55%",PLO6,-209
25/05/2026,122502,thocu,PIXPOKER,0,0,"584,86"," R$  584,86 ","0,00%","0,00%","100,00%",PLO6,-322
25/05/2026,150043,gamby,PIXPOKER,0,"3,8","29,78"," R$  33,58 ","0,00%","11,32%","88,68%",PLO6,-84
25/05/2026,158519,JKing,PIXPOKER,0,0,"69,18"," R$  69,18 ","0,00%","0,00%","100,00%",PLO6,-150
25/05/2026,174847,Nem fudendo,PIXPOKER,0,0,"11,94"," R$  11,94 ","0,00%","0,00%","100,00%",PLO6,"94,73"
25/05/2026,180023,piru,PIXPOKER,0,0,"1,33"," R$  1,33 ","0,00%","0,00%","100,00%",PLO6,-18
25/05/2026,100605,henrique,PIXPOKER,"8,22",0,"3,56"," R$  11,78 ","69,78%","0,00%","30,22%",NLH,-54
25/05/2026,112552,Andinho1505,PIXPOKER,"5,32",0,0," R$  5,32 ","100,00%","0,00%","0,00%",NLH,"-43,53"
25/05/2026,147641,dieguinho08,PIXPOKER,"7,03",0,0," R$  7,03 ","100,00%","0,00%","0,00%",NLH,-60
25/05/2026,152239,T.H.,PIXPOKER,"6,33",0,0," R$  6,33 ","100,00%","0,00%","0,00%",NLH,"28,65"
25/05/2026,172631,pix172631,PIXPOKER,"7,09",0,0," R$  7,09 ","100,00%","0,00%","0,00%",NLH,"-39,54"
25/05/2026,173559,pix173559,PIXPOKER,"6,54",1,0," R$  7,54 ","86,74%","13,26%","0,00%",NLH,-40
25/05/2026,174208,Negot,PIXPOKER,"12,09",0,"13,14"," R$  25,23 ","47,92%","0,00%","52,08%",PLO6,-27
25/05/2026,179849,Marreta Show,PIXPOKER,"5,65",0,0," R$  5,65 ","100,00%","0,00%","0,00%",NLH,-20
25/05/2026,181902,pix181902,PIXPOKER,0,0,0, R$  -   ,,,,NLH,0
25/05/2026,189622,TIJUBINA ?,PIXPOKER,"58,43",0,0," R$  58,43 ","100,00%","0,00%","0,00%",NLH,67
25/05/2026,189850,Blck,PIXPOKER,"9,29","3,4",0," R$  12,69 ","73,21%","26,79%","0,00%",NLH,"37,57"
25/05/2026,157697,Papaipega,PIXPOKER,0,"8,4",0," R$  8,40 ","0,00%","100,00%","0,00%",MTT,-84
25/05/2026,107274,MibilisKa,PIXPOKER,0,0,"0,99"," R$  0,99 ","0,00%","0,00%","100,00%",PLO6,-10
25/05/2026,156053,Doidera66,PIXPOKER,0,0,"3,69"," R$  3,69 ","0,00%","0,00%","100,00%",PLO6,-51
25/05/2026,189260,pix189260,PIXPOKER,0,0,"0,62"," R$  0,62 ","0,00%","0,00%","100,00%",PLO6,-8
25/05/2026,192692,pix192692,PIXPOKER,0,0,"3,95"," R$  3,95 ","0,00%","0,00%","100,00%",PLO6,"-37,67"
25/05/2026,101525,Vitin do Pokker tian,PIXPOKER,0,0,"194,8"," R$  194,80 ","0,00%","0,00%","100,00%",PLO6,"543,73"
25/05/2026,146086,roberto all in,PIXPOKER,"2,45",0,0," R$  2,45 ","100,00%","0,00%","0,00%",NLH,"64,83"
25/05/2026,158570,pix191416,PIXPOKER,0,"0,7",0," R$  0,70 ","0,00%","100,00%","0,00%",MTT,-7
25/05/2026,155269,ghhz97,PIXPOKER,0,35,0," R$  35,00 ","0,00%","100,00%","0,00%",MTT,-350
25/05/2026,144862,Brunno,PIXPOKER,"9,36",0,0," R$  9,36 ","100,00%","0,00%","0,00%",NLH,45
25/05/2026,149503,OlhoQtudoVê,PIXPOKER,0,0,"0,79"," R$  0,79 ","0,00%","0,00%","100,00%",PLO6,-10
25/05/2026,193871,pix193871,PIXPOKER,"1,89",0,"4,33"," R$  6,22 ","30,39%","0,00%","69,61%",PLO6,-84
25/05/2026,102042,MatheusCarvalho,PIXPOKER,0,0,0, R$  -   ,,,,NLH,-25
25/05/2026,189811,Kushlemon,PIXPOKER,"3,34",0,"6,68"," R$  10,02 ","33,33%","0,00%","66,67%",PLO6,-60
25/05/2026,172008,Ayrtonsenna,PIXPOKER,0,0,0, R$  -   ,,,,NLH,0
25/05/2026,102699,LIONEL Gaúcho,PIXPOKER,0,0,"6,8"," R$  6,80 ","0,00%","0,00%","100,00%",PLO6,13
25/05/2026,120235,Brandão 08,PIXPOKER,0,0,"1,41"," R$  1,41 ","0,00%","0,00%","100,00%",PLO6,-20
25/05/2026,171895,BRR_magnificousSAGAZ,PIXPOKER,"1,01",0,"1,14"," R$  2,15 ","46,98%","0,00%","53,02%",PLO6,-12
25/05/2026,190448,andim,PIXPOKER,0,0,"2,18"," R$  2,18 ","0,00%","0,00%","100,00%",PLO6,"14,73"
25/05/2026,194225,pix194225,PIXPOKER,"4,34","13,4",0," R$  17,74 ","24,46%","75,54%","0,00%",MTT,"322,35"
25/05/2026,112345,VictorM,PIXPOKER,0,0,"1,08"," R$  1,08 ","0,00%","0,00%","100,00%",PLO6,-12
25/05/2026,152253,Men10,PIXPOKER,0,0,"37,51"," R$  37,51 ","0,00%","0,00%","100,00%",PLO6,"172,87"
25/05/2026,190094,pix190094,PIXPOKER,"6,03",0,0," R$  6,03 ","100,00%","0,00%","0,00%",NLH,-60
25/05/2026,192358,pix192358,PIXPOKER,"8,2",0,0," R$  8,20 ","100,00%","0,00%","0,00%",NLH,-8
25/05/2026,195424,Babigol01,PIXPOKER,"16,13",0,0," R$  16,13 ","100,00%","0,00%","0,00%",NLH,-92
25/05/2026,120916,Jaburu9,PIXPOKER,"88,62",1,"54,13"," R$  143,75 ","61,65%","0,70%","37,66%",NLH,-337
25/05/2026,171659,pix171659,PIXPOKER,0,0,"5,76"," R$  5,76 ","0,00%","0,00%","100,00%",PLO6,-54
25/05/2026,178447,pix178447,PIXPOKER,0,0,"12,1"," R$  12,10 ","0,00%","0,00%","100,00%",PLO6,-50
25/05/2026,151611,vai que mole,PIXPOKER,0,0,"159,31"," R$  159,31 ","0,00%","0,00%","100,00%",PLO6,-89
25/05/2026,108544,Zé Cambalhota,PIXPOKER,"5,18","194,4",0," R$  199,58 ","2,60%","97,40%","0,00%",MTT,"-1489,67"
25/05/2026,115174,andrade2,PIXPOKER,"0,71",0,0," R$  0,71 ","100,00%","0,00%","0,00%",NLH,-16
25/05/2026,158269,steve,PIXPOKER,"9,69",0,0," R$  9,69 ","100,00%","0,00%","0,00%",NLH,"6,21"
25/05/2026,160135,marciomelo,PIXPOKER,"1,64",0,0," R$  1,64 ","100,00%","0,00%","0,00%",NLH,-25
25/05/2026,193755,RAFABER??,PIXPOKER,"96,3","9,1","4,46"," R$  109,86 ","87,66%","8,28%","4,06%",NLH,-370
25/05/2026,120485,RodrigOscar,PIXPOKER,"21,33",0,0," R$  21,33 ","100,00%","0,00%","0,00%",NLH,-98
25/05/2026,155290,Alison.pn,PIXPOKER,"12,48",0,0," R$  12,48 ","100,00%","0,00%","0,00%",NLH,"-60,01"
25/05/2026,174804,Chriss77,PIXPOKER,"15,5",0,0," R$  15,50 ","100,00%","0,00%","0,00%",NLH,-120
25/05/2026,175409,Neidebatis30,PIXPOKER,"3,77",0,0," R$  3,77 ","100,00%","0,00%","0,00%",NLH,-48
25/05/2026,127489,BruSsani95,PIXPOKER,"1,54",0,0," R$  1,54 ","100,00%","0,00%","0,00%",NLH,-23
25/05/2026,147305,bambu,PIXPOKER,"5,96",0,0," R$  5,96 ","100,00%","0,00%","0,00%",NLH,"-50,3"
25/05/2026,193265,pix193265,PIXPOKER,"15,86",0,0," R$  15,86 ","100,00%","0,00%","0,00%",NLH,"-29,92"
25/05/2026,188416,juliomoneymaker,PIXPOKER,"1,16","13,5",0," R$  14,66 ","7,91%","92,09%","0,00%",MTT,"-49,89"
25/05/2026,156597,Tuttuba,PIXPOKER,0,12,0," R$  12,00 ","0,00%","100,00%","0,00%",MTT,-120
25/05/2026,100890,_xXx_,PIXPOKER,0,"2,4",0," R$  2,40 ","0,00%","100,00%","0,00%",MTT,-30
25/05/2026,155289,Taldo155289,PIXPOKER,"0,16",0,0," R$  0,16 ","100,00%","0,00%","0,00%",NLH,-4
25/05/2026,138031,Tchipsss,PIXPOKER,0,0,0, R$  -   ,,,,NLH,-25
25/05/2026,147278,Yordan,PIXPOKER,"0,5",0,0," R$  0,50 ","100,00%","0,00%","0,00%",NLH,-4
25/05/2026,147665,dleitao,PIXPOKER,"4,47",0,0," R$  4,47 ","100,00%","0,00%","0,00%",NLH,"-42,47"
25/05/2026,152397,RRMcg,PIXPOKER,"2,07",0,0," R$  2,07 ","100,00%","0,00%","0,00%",NLH,"13,72"
25/05/2026,157960,Glorioso,PIXPOKER,"0,71","0,8",0," R$  1,51 ","47,02%","52,98%","0,00%",MTT,"-16,47"
25/05/2026,150610,tudotudo,PIXPOKER,0,0,0, R$  -   ,,,,NLH,0
25/05/2026,172670,pix172670,PIXPOKER,"12,12","1,5","2,1"," R$  15,72 ","77,10%","9,54%","13,36%",NLH,"-0,16"
25/05/2026,121494,apicemotel01,PIXPOKER,"13,94",70,"507,71"," R$  591,65 ","2,36%","11,83%","85,81%",PLO6,"-196,37"
25/05/2026,102004,RobertoM,PIXPOKER,"19,82",0,"18,03"," R$  37,85 ","52,36%","0,00%","47,64%",NLH,-180
25/05/2026,107838,STAR 52,PIXPOKER,"16,2",6,0," R$  22,20 ","72,97%","27,03%","0,00%",NLH,-335
25/05/2026,146006,VERDADEIROMITO,PIXPOKER,"42,77",0,"86,17"," R$  128,94 ","33,17%","0,00%","66,83%",PLO6,"-127,93"
25/05/2026,147553,ChicoCeza,PIXPOKER,0,0,"175,59"," R$  175,59 ","0,00%","0,00%","100,00%",PLO6,-559
25/05/2026,156870,JPGA,PIXPOKER,"3,42",2,"23,77"," R$  29,19 ","11,72%","6,85%","81,43%",PLO6,"-9,87"
25/05/2026,137098,PMSC,PIXPOKER,0,"3,5","31,89"," R$  35,39 ","0,00%","9,89%","90,11%",PLO6,"326,26"
25/05/2026,144386,pix144386,PIXPOKER,0,0,"289,16"," R$  289,16 ","0,00%","0,00%","100,00%",PLO6,"517,61"
25/05/2026,145359,pix145359JJ,PIXPOKER,0,"10,6","4,56"," R$  15,16 ","0,00%","69,92%","30,08%",MTT,"-151,73"
25/05/2026,147093,zé da moita,PIXPOKER,0,0,"4,97"," R$  4,97 ","0,00%","0,00%","100,00%",PLO6,"-60,41"
25/05/2026,170172,eduucoosta,PIXPOKER,0,0,"20,5"," R$  20,50 ","0,00%","0,00%","100,00%",PLO6,-49
25/05/2026,112533,xLove,PIXPOKER,0,0,"0,88"," R$  0,88 ","0,00%","0,00%","100,00%",PLO6,-12
25/05/2026,154267,bil,PIXPOKER,"13,34",0,"20,65"," R$  33,99 ","39,25%","0,00%","60,75%",PLO6,"-204,86"
25/05/2026,180358,AGRF,PIXPOKER,0,0,"6,55"," R$  6,55 ","0,00%","0,00%","100,00%",PLO6,-70
25/05/2026,170039,Braúna??,PIXPOKER,"0,25",0,0," R$  0,25 ","100,00%","0,00%","0,00%",NLH,-4
25/05/2026,170257,pintao,PIXPOKER,"0,34",0,0," R$  0,34 ","100,00%","0,00%","0,00%",NLH,-5
25/05/2026,173035,JeffCGPB.,PIXPOKER,"0,38",0,0," R$  0,38 ","100,00%","0,00%","0,00%",NLH,"-4,92"
25/05/2026,194922,omenaprime,PIXPOKER,"0,57",0,0," R$  0,57 ","100,00%","0,00%","0,00%",NLH,"-10,32"
25/05/2026,189826,drygoberto,PIXPOKER,0,0,"4,2"," R$  4,20 ","0,00%","0,00%","100,00%",PLO6,-13
25/05/2026,106482,BOLADÃO,PIXPOKER,0,"3,2",0," R$  3,20 ","0,00%","100,00%","0,00%",MTT,"-28,25"
25/05/2026,132782,seankings,PIXPOKER,0,"26,5",0," R$  26,50 ","0,00%","100,00%","0,00%",MTT,-265
25/05/2026,101173,volverinemax,PIXPOKER,0,0,0, R$  -   ,,,,NLH,0
25/05/2026,101374,bea19M,PIXPOKER,0,0,0, R$  -   ,,,,NLH,0
25/05/2026,101391,FernandesPb,PIXPOKER,0,0,0, R$  -   ,,,,NLH,0
25/05/2026,189508,Salmo23??,PIXPOKER,0,0,0, R$  -   ,,,,NLH,"1,05"
25/05/2026,195338,siciliano,PIXPOKER,0,0,0, R$  -   ,,,,NLH,"0,88"
25/05/2026,195427,magnata 78,PIXPOKER,0,0,0, R$  -   ,,,,NLH,0
25/05/2026,172229,dagataa,PIXPOKER,"1,31",0,"0,65"," R$  1,96 ","66,84%","0,00%","33,16%",NLH,-14
25/05/2026,190412,Pererestm,PIXPOKER,"0,45",0,"2,33"," R$  2,78 ","16,19%","0,00%","83,81%",PLO6,"-45,77"
25/05/2026,152752,Rh1802,PIXPOKER,0,0,"11,77"," R$  11,77 ","0,00%","0,00%","100,00%",PLO6,-30
25/05/2026,133713,Thekid,PIXPOKER,0,0,"4,52"," R$  4,52 ","0,00%","0,00%","100,00%",PLO6,"-45,33"
25/05/2026,165522,Nicollas01poker,PIXPOKER,0,0,"3,21"," R$  3,21 ","0,00%","0,00%","100,00%",PLO6,-60
25/05/2026,183808,todevirote,PIXPOKER,0,0,"53,42"," R$  53,42 ","0,00%","0,00%","100,00%",PLO6,"27,73"
25/05/2026,193708,pix193708,PIXPOKER,"18,8",0,0," R$  18,80 ","100,00%","0,00%","0,00%",NLH,"-85,82"
25/05/2026,193904,pix193904,PIXPOKER,0,"2,6",0," R$  2,60 ","0,00%","100,00%","0,00%",MTT,-26
25/05/2026,104631,vivode jogo,PIXPOKER,0,0,"1,53"," R$  1,53 ","0,00%","0,00%","100,00%",PLO6,-20
25/05/2026,108596,Bença Show,PIXPOKER,0,0,"28,17"," R$  28,17 ","0,00%","0,00%","100,00%",PLO6,"-401,89"
25/05/2026,113958,pix113958,PIXPOKER,0,0,"7,46"," R$  7,46 ","0,00%","0,00%","100,00%",PLO6,-99
25/05/2026,195386,vende4,PIXPOKER,0,1,0," R$  1,00 ","0,00%","100,00%","0,00%",MTT,-10
25/05/2026,175771,celoreeis,PIXPOKER,0,"1,5",0," R$  1,50 ","0,00%","100,00%","0,00%",MTT,-15
25/05/2026,178818,??BIRU??,PIXPOKER,0,"1,5",0," R$  1,50 ","0,00%","100,00%","0,00%",MTT,-15
25/05/2026,194733,pimenta 19,PIXPOKER,0,"5,5",0," R$  5,50 ","0,00%","100,00%","0,00%",MTT,-55
25/05/2026,160169,MestreDosMauros,PIXPOKER,"1,72",0,"177,43"," R$  179,15 ","0,96%","0,00%","99,04%",PLO6,"-1099,98"
25/05/2026,193816,omago,PIXPOKER,0,"0,8",0," R$  0,80 ","0,00%","100,00%","0,00%",MTT,-8
25/05/2026,147674,Diego merrim,PIXPOKER,0,4,0," R$  4,00 ","0,00%","100,00%","0,00%",MTT,-40
25/05/2026,172347,luccaspw,PIXPOKER,0,0,"0,83"," R$  0,83 ","0,00%","0,00%","100,00%",PLO6,"-15,6"
25/05/2026,109714,Rjv7997,PIXPOKER,0,0,"5,05"," R$  5,05 ","0,00%","0,00%","100,00%",PLO6,-50
25/05/2026,154738,destruidor,PIXPOKER,0,0,"58,2"," R$  58,20 ","0,00%","0,00%","100,00%",PLO6,"19,45"
25/05/2026,169890,Simone,PIXPOKER,0,0,"3,39"," R$  3,39 ","0,00%","0,00%","100,00%",PLO6,"-51,56"
25/05/2026,103161,Beltranzin,PIXPOKER,"0,79",0,0," R$  0,79 ","100,00%","0,00%","0,00%",NLH,-11
25/05/2026,132619,pix132619,PIXPOKER,0,0,"94,92"," R$  94,92 ","0,00%","0,00%","100,00%",PLO6,"77,19"
25/05/2026,187654,Luiz Henrique,PIXPOKER,0,0,"2,67"," R$  2,67 ","0,00%","0,00%","100,00%",PLO6,"96,47"
25/05/2026,171741,Ana Carranca,PIXPOKER,0,20,0," R$  20,00 ","0,00%","100,00%","0,00%",MTT,-200
25/05/2026,190155,JUNIOR???,PIXPOKER,0,"4,6","1,42"," R$  6,02 ","0,00%","76,41%","23,59%",MTT,"-60,75"
25/05/2026,194294,pix194294,PIXPOKER,"12,32",0,"32,29"," R$  44,61 ","27,62%","0,00%","72,38%",PLO6,"-159,06"
25/05/2026,102618,Alony,PIXPOKER,0,0,"0,22"," R$  0,22 ","0,00%","0,00%","100,00%",PLO6,"-5,03"
25/05/2026,158143,tudo35,PIXPOKER,"2,08",0,"3,96"," R$  6,04 ","34,44%","0,00%","65,56%",PLO6,"-33,92"
25/05/2026,171706,gukm,PIXPOKER,0,0,"2,62"," R$  2,62 ","0,00%","0,00%","100,00%",PLO6,"60,04"
25/05/2026,100628,TheBest.,PIXPOKER,0,0,"5,7"," R$  5,70 ","0,00%","0,00%","100,00%",PLO6,"-51,55"
25/05/2026,185688,Arc4njo,PIXPOKER,"16,02",0,0," R$  16,02 ","100,00%","0,00%","0,00%",NLH,"71,14"
25/05/2026,151756,Mw81,PIXPOKER,0,10,0," R$  10,00 ","0,00%","100,00%","0,00%",MTT,-100
25/05/2026,157948,DonnieDarko17,PIXPOKER,0,0,"16,62"," R$  16,62 ","0,00%","0,00%","100,00%",PLO6,-200
25/05/2026,145103,shazan,PIXPOKER,0,"7,8",0," R$  7,80 ","0,00%","100,00%","0,00%",MTT,-78
25/05/2026,190555,animeshuga,PIXPOKER,0,"12,2",0," R$  12,20 ","0,00%","100,00%","0,00%",MTT,-122
25/05/2026,136598,Claudemir,AF - RAMON PESSOA,0,"91,96",0," R$  91,96 ","0,00%","100,00%","0,00%",MTT,"250,08"
25/05/2026,145676,fabregas ??,AF - RAMON PESSOA,"4,79","42,2",0," R$  46,99 ","10,19%","89,81%","0,00%",MTT,"965,19"
25/05/2026,196043,pix196043,AF - RAMON PESSOA,0,0,"998,45"," R$  998,45 ","0,00%","0,00%","100,00%",PLO6,3902
25/05/2026,184017,kinho,AF - RAMON PESSOA,0,"3,8",0," R$  3,80 ","0,00%","100,00%","0,00%",MTT,"-135,76"
25/05/2026,191553,666_999,AF - RAMON PESSOA,0,0,"33,16"," R$  33,16 ","0,00%","0,00%","100,00%",PLO6,"42,97"
25/05/2026,182636,bgpotes,AF - RAMON PESSOA,"6,45",0,"16,5"," R$  22,95 ","28,10%","0,00%","71,90%",PLO6,"-27,46"
25/05/2026,135582,Mvasc,AF - RAMON PESSOA,0,0,"1180,77"," R$  1.180,77 ","0,00%","0,00%","100,00%",PLO6,"-5752,49"
25/05/2026,108548,NutzOrBlefBR,AF - RAMON PESSOA,0,"10,5","5,47"," R$  15,97 ","0,00%","65,75%","34,25%",MTT,"75,61"
25/05/2026,129831,POKERNAVEIASB,AF - RAMON PESSOA,0,"3,4","67,51"," R$  70,91 ","0,00%","4,79%","95,21%",PLO6,"41,36"
25/05/2026,134840,Henrique Santos,AF - RAMON PESSOA,"1,2","202,55","7,06"," R$  210,81 ","0,57%","96,08%","3,35%",MTT,"-441,46"
25/05/2026,155956,ITM1%bad99%,AF - RAMON PESSOA,0,"8,7",0," R$  8,70 ","0,00%","100,00%","0,00%",MTT,"-48,06"
25/05/2026,103040,Jr1307,AF - RAMON PESSOA,"56,7","183,2",0," R$  239,90 ","23,63%","76,37%","0,00%",MTT,"820,01"
25/05/2026,123411,Jack Bauer,AF - RAMON PESSOA,0,25,"335,22"," R$  360,22 ","0,00%","6,94%","93,06%",PLO6,"-493,06"
25/05/2026,172744,VPoker,AF - RAMON PESSOA,"58,46","45,3",0," R$  103,76 ","56,34%","43,66%","0,00%",NLH,-286
25/05/2026,140814,Santiagorwas,AF - RAMON PESSOA,0,"88,4","952,46"," R$  1.040,86 ","0,00%","8,49%","91,51%",PLO6,"255,45"
25/05/2026,149334,senhor do seu anel,AF - RAMON PESSOA,"10,55","2,6","63,57"," R$  76,72 ","13,75%","3,39%","82,86%",PLO6,"-42,1"
25/05/2026,171988,Chama&Cuida,AF - RAMON PESSOA,"35,34","3,5","1,89"," R$  40,73 ","86,77%","8,59%","4,64%",NLH,"264,86"
25/05/2026,182336,É SO PAGAR PRA VER,AF - RAMON PESSOA,0,0,0, R$  -   ,,,,NLH,0
25/05/2026,109526,Fireboy,AF - RAMON PESSOA,0,0,"39,01"," R$  39,01 ","0,00%","0,00%","100,00%",PLO6,456
25/05/2026,195813,RamonnPessoa,AF - RAMON PESSOA,0,20,"422,53"," R$  442,53 ","0,00%","4,52%","95,48%",PLO6,-2150
25/05/2026,119553,Kaka,AF - RAMON PESSOA,0,"101,5",0," R$  101,50 ","0,00%","100,00%","0,00%",MTT,"962,84"
25/05/2026,153443,Paradise Danger,AF - RAMON PESSOA,0,0,"34,78"," R$  34,78 ","0,00%","0,00%","100,00%",PLO6,"-192,8"
25/05/2026,193653,Salsicha,AF - RAMON PESSOA,0,10,0," R$  10,00 ","0,00%","100,00%","0,00%",MTT,"-88,75"
25/05/2026,193794,SkaterMan420,AF - RAMON PESSOA,0,5,0," R$  5,00 ","0,00%","100,00%","0,00%",MTT,"-38,75"
25/05/2026,107194,Shaw-Moc,AF - RAMON PESSOA,0,"0,1",0," R$  0,10 ","0,00%","100,00%","0,00%",MTT,-1
25/05/2026,102031,matadordereg,AF - RAMON PESSOA,0,"2,2","6,83"," R$  9,03 ","0,00%","24,36%","75,64%",PLO6,-125
25/05/2026,100592,kamen ryder,AF - RAMON PESSOA,0,0,0, R$  -   ,,,,NLH,0
25/05/2026,109480,Checknorriss,AF - RAMON PESSOA,0,"2,4","10,58"," R$  12,98 ","0,00%","18,49%","81,51%",PLO6,-160
25/05/2026,195738,pix195738,AF - RAMON PESSOA,"1,6",0,"13,43"," R$  15,03 ","10,65%","0,00%","89,35%",PLO6,-19
25/05/2026,143560,RITO CADILACO,AF - RAMON PESSOA,0,64,0," R$  64,00 ","0,00%","100,00%","0,00%",MTT,-640
25/05/2026,173629,Tornado917,AF - RAMON PESSOA,"4,93",0,0," R$  4,93 ","100,00%","0,00%","0,00%",NLH,"-34,73"
25/05/2026,129481,Seu Pai,AF - RAMON PESSOA,0,"161,5",0," R$  161,50 ","0,00%","100,00%","0,00%",MTT,"6027,09"
25/05/2026,193480,N.V.T,AF - RAMON PESSOA,0,5,0," R$  5,00 ","0,00%","100,00%","0,00%",MTT,"-33,13"
25/05/2026,194105,ToliveOne$,AF - RAMON PESSOA,0,0,"227,28"," R$  227,28 ","0,00%","0,00%","100,00%",PLO6,"123,56"
25/05/2026,140364,TONINHO AVIP,AF - RAMON PESSOA,"8,87","1,2",0," R$  10,07 ","88,08%","11,92%","0,00%",NLH,"-23,46"
25/05/2026,185809,Fabiano9,AF - RAMON PESSOA,"1,83",0,0," R$  1,83 ","100,00%","0,00%","0,00%",NLH,-25
25/05/2026,119868,UsAAin Fold,AF - RAMON PESSOA,0,0,0, R$  -   ,,,,NLH,0
25/05/2026,182639,AarTaylorJoe063Now,AF - RAMON PESSOA,0,"0,1",0," R$  0,10 ","0,00%","100,00%","0,00%",MTT,-1
25/05/2026,168863,Pietrovsb,AF - RAMON PESSOA,0,"32,4",0," R$  32,40 ","0,00%","100,00%","0,00%",MTT,"-274,85"
25/05/2026,186323,Julianesss,AF - RAMON PESSOA,0,"3,7",0," R$  3,70 ","0,00%","100,00%","0,00%",MTT,-37
25/05/2026,137243,pix137243,AF - RAMON PESSOA,0,0,"178,18"," R$  178,18 ","0,00%","0,00%","100,00%",PLO6,"57,72"
25/05/2026,143851,yuly,AF - RAMON PESSOA,0,"16,9",0," R$  16,90 ","0,00%","100,00%","0,00%",MTT,"-154,45"
25/05/2026,175688,Sanguefriu,AF - RAMON PESSOA,0,0,0, R$  -   ,,,,NLH,0
25/05/2026,137242,henriq111,AF - RAMON PESSOA,0,"3,1","0,31"," R$  3,41 ","0,00%","90,91%","9,09%",MTT,"-4,61"
25/05/2026,144244,pix 2399057,AF - KZAA CLUB,0,"139,8",0," R$  139,80 ","0,00%","100,00%","0,00%",MTT,"-227,04"
25/05/2026,157331,TIO GILNETO,AF - KZAA CLUB,0,"2,5","288,27"," R$  290,77 ","0,00%","0,86%","99,14%",PLO6,"-470,75"
25/05/2026,100208,ojuara*,AF - KZAA CLUB,0,0,"263,99"," R$  263,99 ","0,00%","0,00%","100,00%",PLO6,"-554,49"
25/05/2026,169277,Kakaroto?,AF - KZAA CLUB,0,0,"255,27"," R$  255,27 ","0,00%","0,00%","100,00%",PLO6,-1315
25/05/2026,100796,PixPlay,AF - KZAA CLUB,0,0,0, R$  -   ,,,,NLH,0
25/05/2026,144100,Jogador69,AF - KZAA CLUB,0,0,"520,27"," R$  520,27 ","0,00%","0,00%","100,00%",PLO6,"-4807,97"
25/05/2026,121187,x.poker,AF - KZAA CLUB,"11,23",0,"120,53"," R$  131,76 ","8,52%","0,00%","91,48%",PLO6,-59
25/05/2026,131074,pix270576,AF - KZAA CLUB,0,1,"16,34"," R$  17,34 ","0,00%","5,77%","94,23%",PLO6,-207
25/05/2026,123623,pix123623,AF - KZAA CLUB,0,0,"408,43"," R$  408,43 ","0,00%","0,00%","100,00%",PLO6,"880,71"
25/05/2026,107169,danilo10,AF - KZAA CLUB,0,0,"287,36"," R$  287,36 ","0,00%","0,00%","100,00%",PLO6,"-34,26"
25/05/2026,123154,Greey,AF - KZAA CLUB,0,0,"419,87"," R$  419,87 ","0,00%","0,00%","100,00%",PLO6,-1078
25/05/2026,100266,BerôPB,AF - KZAA CLUB,0,0,"49,03"," R$  49,03 ","0,00%","0,00%","100,00%",PLO6,"97,39"
25/05/2026,100154,pixbad,AF - KZAA CLUB,0,"55,5","39,1"," R$  94,60 ","0,00%","58,67%","41,33%",MTT,"116,62"
25/05/2026,100337,Deus ??,AF - KZAA CLUB,0,0,"77,31"," R$  77,31 ","0,00%","0,00%","100,00%",PLO6,-549
25/05/2026,100140,Diego Manga,AF - KZAA CLUB,0,0,"2827,25"," R$  2.827,25 ","0,00%","0,00%","100,00%",PLO6,"-3014,54"
25/05/2026,130918,pix130918,AF - KZAA CLUB,0,0,"4622,77"," R$  4.622,77 ","0,00%","0,00%","100,00%",PLO6,"3840,52"
25/05/2026,102125,Bolsonaroo22,AF - KZAA CLUB,0,10,"1,66"," R$  11,66 ","0,00%","85,76%","14,24%",MTT,0
25/05/2026,104915,PinoKio,AF - KZAA CLUB,0,50,0," R$  50,00 ","0,00%","100,00%","0,00%",MTT,-500
25/05/2026,100448,Paga,AF - KZAA CLUB,0,0,"30,65"," R$  30,65 ","0,00%","0,00%","100,00%",PLO6,"181,24"
25/05/2026,100132,Dr Junior,AF - KZAA CLUB,0,"2,4",0," R$  2,40 ","0,00%","100,00%","0,00%",MTT,0
25/05/2026,100136,AllInSemDó,AF - KZAA CLUB,0,"15,6","737,04"," R$  752,64 ","0,00%","2,07%","97,93%",PLO6,"4868,53"
25/05/2026,171708,pix171708,AF - KZAA CLUB,"3,06","0,6","125,17"," R$  128,83 ","2,38%","0,47%","97,16%",PLO6,"-211,45"
25/05/2026,110893,EVANDRODODENDE,AF - KZAA CLUB,0,0,"1,43"," R$  1,43 ","0,00%","0,00%","100,00%",PLO6,-20
25/05/2026,100397,Professor,AF - KZAA CLUB,0,22,0," R$  22,00 ","0,00%","100,00%","0,00%",MTT,"-105,63"
25/05/2026,115616,pix559079,AF - KZAA CLUB,0,0,"369,15"," R$  369,15 ","0,00%","0,00%","100,00%",PLO6,"361,88"
25/05/2026,137554,Baiaanoo,AF - KZAA CLUB,0,0,"4,26"," R$  4,26 ","0,00%","0,00%","100,00%",PLO6,-50
25/05/2026,108963,Heltinho,AF - KZAA CLUB,0,0,"68,76"," R$  68,76 ","0,00%","0,00%","100,00%",PLO6,-400
25/05/2026,100217,Bino ??,AF - KZAA CLUB,0,0,"20,48"," R$  20,48 ","0,00%","0,00%","100,00%",PLO6,-257
25/05/2026,150122,MXavier13,AF - KZAA CLUB,"9,38",0,0," R$  9,38 ","100,00%","0,00%","0,00%",NLH,"-78,51"
25/05/2026,138948,Un77,AF - KZAA CLUB,0,0,"74,25"," R$  74,25 ","0,00%","0,00%","100,00%",PLO6,"124,64"
25/05/2026,100259,Josenildo,AF - KZAA CLUB,0,"1,3",0," R$  1,30 ","0,00%","100,00%","0,00%",MTT,-15
25/05/2026,100265,BreckPK,AF - KZAA CLUB,0,"8,1","14,11"," R$  22,21 ","0,00%","36,47%","63,53%",PLO6,"-213,37"
25/05/2026,100418,Stonerax,AF - KZAA CLUB,"0,07",0,"2,37"," R$  2,44 ","2,87%","0,00%","97,13%",PLO6,-40
25/05/2026,196285,Sandro Morais,AF - KZAA CLUB,"10,48",0,"426,06"," R$  436,54 ","2,40%","0,00%","97,60%",PLO6,"-2799,23"
25/05/2026,128423,kelynha,AF - KZAA CLUB,0,6,"6,32"," R$  12,32 ","0,00%","48,70%","51,30%",PLO6,-106
25/05/2026,149182,Alan Jatobá,AF -JR. CALAZANS,0,"21,12",0," R$  21,12 ","0,00%","100,00%","0,00%",MTT,"-211,2"
25/05/2026,137862,runeruner,AF -JR. CALAZANS,"83,11","31,6",0," R$  114,71 ","72,45%","27,55%","0,00%",NLH,"-542,32"
25/05/2026,124340,Agoravai,AF -JR. CALAZANS,0,188,"2124,07"," R$  2.312,07 ","0,00%","8,13%","91,87%",PLO6,2824
25/05/2026,192627,timãoepumba,AF -JR. CALAZANS,0,0,"509,87"," R$  509,87 ","0,00%","0,00%","100,00%",PLO6,"-3625,88"
25/05/2026,135727,D. Luffy,AF -JR. CALAZANS,0,"10,4",0," R$  10,40 ","0,00%","100,00%","0,00%",MTT,"18,56"
25/05/2026,178284,tuffs,AF -JR. CALAZANS,0,0,"511,17"," R$  511,17 ","0,00%","0,00%","100,00%",PLO6,"-565,02"
25/05/2026,131291,Moreirão,AF -JR. CALAZANS,"5,98",30,"1672,14"," R$  1.708,12 ","0,35%","1,76%","97,89%",PLO6,"5857,79"
25/05/2026,188987,Apple,AF -JR. CALAZANS,0,0,"1761,82"," R$  1.761,82 ","0,00%","0,00%","100,00%",PLO6,"-9045,31"
25/05/2026,193386,eltikito,AF -JR. CALAZANS,0,0,"438,11"," R$  438,11 ","0,00%","0,00%","100,00%",PLO6,"-4004,72"
25/05/2026,166183,Durcall,AF -JR. CALAZANS,0,"166,6",0," R$  166,60 ","0,00%","100,00%","0,00%",MTT,"-1135,34"
25/05/2026,183037,Bingo,AF -JR. CALAZANS,0,0,"141,16"," R$  141,16 ","0,00%","0,00%","100,00%",PLO6,"-971,13"
25/05/2026,129018,Alfredão,AF -JR. CALAZANS,0,100,"1659,21"," R$  1.759,21 ","0,00%","5,68%","94,32%",PLO6,"2958,48"
25/05/2026,130350,Sete4,AF -JR. CALAZANS,0,60,"181,42"," R$  241,42 ","0,00%","24,85%","75,15%",PLO6,"-1401,7"
25/05/2026,136575,Blef_Nuts,AF -JR. CALAZANS,0,"8,6","63,39"," R$  71,99 ","0,00%","11,95%","88,05%",PLO6,-324
25/05/2026,123163,pix123163,AF -JR. CALAZANS,0,0,"154,85"," R$  154,85 ","0,00%","0,00%","100,00%",PLO6,"1705,57"
25/05/2026,131603,tiabuh,AF -JR. CALAZANS,0,0,"276,83"," R$  276,83 ","0,00%","0,00%","100,00%",PLO6,"1708,22"
25/05/2026,152944,ths_IAV,AF - +EV,0,"53,66",0," R$  53,66 ","0,00%","100,00%","0,00%",MTT,"-205,46"
25/05/2026,141008,sommelier,AF - +EV,"0,16","1,1","1,31"," R$  2,57 ","6,23%","42,80%","50,97%",PLO6,"0,4"
25/05/2026,153763,pix153763,AF - +EV,0,0,"182,04"," R$  182,04 ","0,00%","0,00%","100,00%",PLO6,"14,99"
25/05/2026,170568,Raul.Gold,AF - +EV,0,0,"35,26"," R$  35,26 ","0,00%","0,00%","100,00%",PLO6,"-399,39"
25/05/2026,135967,MisterJohnny,AF - +EV,0,0,0, R$  -   ,,,,NLH,0
25/05/2026,145466,cleberb,AF - +EV,"5,05","74,5",0," R$  79,55 ","6,35%","93,65%","0,00%",MTT,"2022,44"
25/05/2026,135997,SkywalkerLuke,AF - +EV,0,8,0," R$  8,00 ","0,00%","100,00%","0,00%",MTT,"23,89"
25/05/2026,151739,mariozinho,AF - +EV,"2,99",0,0," R$  2,99 ","100,00%","0,00%","0,00%",NLH,"-4,25"
25/05/2026,157465,Pikitin,AF - MARKETING,"2,67","5,3",0," R$  7,97 ","33,50%","66,50%","0,00%",MTT,"-11,71"
25/05/2026,172775,pix172775,AF - MARKETING,"465,86",0,"719,11"," R$  1.184,97 ","39,31%","0,00%","60,69%",PLO6,"-938,78"
25/05/2026,116027,Marinho07,AF - MARKETING,0,0,0, R$  -   ,,,,NLH,0
25/05/2026,144175,DexterM,AF - MARKETING,0,"0,4",0," R$  0,40 ","0,00%","100,00%","0,00%",MTT,"-1,03"
25/05/2026,155555,Alustau,AF - MARKETING,0,"0,1",0," R$  0,10 ","0,00%","100,00%","0,00%",MTT,"-0,14"
25/05/2026,186297,Joda,AF - MARKETING,0,"8,46",0," R$  8,46 ","0,00%","100,00%","0,00%",MTT,"-83,99"
25/05/2026,156209,calvin88,AF - MARKETING,"25,82",8,"19263,63"," R$  19.297,45 ","0,13%","0,04%","99,82%",PLO6,"-6189,08"
25/05/2026,171907,zeus?,AF - MARKETING,0,4,"321,57"," R$  325,57 ","0,00%","1,23%","98,77%",PLO6,"204,82"
25/05/2026,169786,Aluci,AF - MARKETING,0,"16,44","51,34"," R$  67,78 ","0,00%","24,25%","75,75%",PLO6,"-321,55"
25/05/2026,157560,cachorro,AF - MARKETING,"4,83",0,"107,23"," R$  112,06 ","4,31%","0,00%","95,69%",PLO6,"-540,94"
25/05/2026,174738,the best,AF - MARKETING,0,0,"192,75"," R$  192,75 ","0,00%","0,00%","100,00%",PLO6,-575
25/05/2026,195995,Macarron,AF - MARKETING,0,0,"375,69"," R$  375,69 ","0,00%","0,00%","100,00%",PLO6,"-3329,95"
25/05/2026,102930,pix102930,AF - MARKETING,0,"300,82",0," R$  300,82 ","0,00%","100,00%","0,00%",MTT,"-975,06"
25/05/2026,172040,layon12,AF - MARKETING,0,0,"259,83"," R$  259,83 ","0,00%","0,00%","100,00%",PLO6,-168
25/05/2026,118640,WEASLEY,AF - MARKETING,"20,68","51,8","913,27"," R$  985,75 ","2,10%","5,25%","92,65%",PLO6,"-3809,67"
25/05/2026,157052,winnikes,AF - MARKETING,0,"172,15",0," R$  172,15 ","0,00%","100,00%","0,00%",MTT,"166,03"
25/05/2026,157442,bolacha,AF - MARKETING,0,"66,5",0," R$  66,50 ","0,00%","100,00%","0,00%",MTT,-665
25/05/2026,144330,????,AF - MARKETING,"23,29",1,"61,42"," R$  85,71 ","27,17%","1,17%","71,66%",PLO6,-286
25/05/2026,162122,K.Luna,AF - MARKETING,0,"4,2",0," R$  4,20 ","0,00%","100,00%","0,00%",MTT,"25,68"
25/05/2026,176410,GJCruz,AF - MARKETING,0,0,0, R$  -   ,,,,NLH,0
25/05/2026,100709,DITOX,AF - MARKETING,0,"225,9","9,24"," R$  235,14 ","0,00%","96,07%","3,93%",MTT,"3052,72"
25/05/2026,156346,kxa28,AF - MARKETING,0,"69,92",0," R$  69,92 ","0,00%","100,00%","0,00%",MTT,"142,18"
25/05/2026,156809,AL ?,AF - MARKETING,"0,58",0,"21,27"," R$  21,85 ","2,65%","0,00%","97,35%",PLO6,0
25/05/2026,124704,ALLIN.e,AF - MARKETING,0,"4,4",0," R$  4,40 ","0,00%","100,00%","0,00%",MTT,-50
25/05/2026,144889,NaMalda.,AF - MARKETING,0,"3,5",0," R$  3,50 ","0,00%","100,00%","0,00%",MTT,-35
25/05/2026,100240,Abacatudo,AF - MARKETING,0,"13,9","58,21"," R$  72,11 ","0,00%","19,28%","80,72%",PLO6,-164
25/05/2026,167763,pix167763,AF - MARKETING,0,"4,5",0," R$  4,50 ","0,00%","100,00%","0,00%",MTT,95
25/05/2026,170934,Monstro sagrado,AF - MARKETING,0,"4,5",0," R$  4,50 ","0,00%","100,00%","0,00%",MTT,-45
25/05/2026,179178,akazin27,AF - MARKETING,0,0,0, R$  -   ,,,,NLH,"-710,64"
25/05/2026,167249,bigodi,AF - MARKETING,0,"2,5","149,07"," R$  151,57 ","0,00%","1,65%","98,35%",PLO6,"-1,19"
25/05/2026,114520,moleza,AF - MARKETING,0,"0,8","72,53"," R$  73,33 ","0,00%","1,09%","98,91%",PLO6,231
25/05/2026,174963,Haycar,AF - MARKETING,0,0,"6,16"," R$  6,16 ","0,00%","0,00%","100,00%",PLO6,-100
25/05/2026,158126,BruxoBr,AF - MARKETING,0,"3,5","12,24"," R$  15,74 ","0,00%","22,24%","77,76%",PLO6,"-30,53"
25/05/2026,157957,Diogo posture,AF - MARKETING,"0,27","5,3",0," R$  5,57 ","4,85%","95,15%","0,00%",MTT,"-48,82"
25/05/2026,173241,QKceta,AF - MARKETING,0,0,"70,76"," R$  70,76 ","0,00%","0,00%","100,00%",PLO6,20
25/05/2026,185326,SBRN,AF - MARKETING,0,"0,5",0," R$  0,50 ","0,00%","100,00%","0,00%",MTT,-5
25/05/2026,150348,r9dopoker,AF - MARKETING,0,3,0," R$  3,00 ","0,00%","100,00%","0,00%",MTT,-30
25/05/2026,119471,Rospepi,AF - MARKETING,"8,04",0,0," R$  8,04 ","100,00%","0,00%","0,00%",NLH,"-26,22"
25/05/2026,130270,Picademel,AF - MARKETING,"0,67",0,"0,71"," R$  1,38 ","48,55%","0,00%","51,45%",PLO6,10
25/05/2026,173220,pix173220,AF - MARKETING,0,0,"65,13"," R$  65,13 ","0,00%","0,00%","100,00%",PLO6,"-69,03"
25/05/2026,173885,TCHATCHA,AF - MARKETING,0,3,0," R$  3,00 ","0,00%","100,00%","0,00%",MTT,-30
25/05/2026,171197,luandersonjac,AF - MARKETING,0,0,"1,69"," R$  1,69 ","0,00%","0,00%","100,00%",PLO6,-15
25/05/2026,142266,backclbo,AF - MARKETING,0,"46,6",0," R$  46,60 ","0,00%","100,00%","0,00%",MTT,-457
25/05/2026,157049,frango666,AF - MARKETING,0,23,0," R$  23,00 ","0,00%","100,00%","0,00%",MTT,"347,8"
25/05/2026,145442,bayma,AF - MARKETING,0,0,"14,19"," R$  14,19 ","0,00%","0,00%","100,00%",PLO6,-136
25/05/2026,175198,SOATEREZA,AF - MARKETING,0,72,0," R$  72,00 ","0,00%","100,00%","0,00%",MTT,0
25/05/2026,131753,egoísta,AF - MARKETING,0,"23,45",0," R$  23,45 ","0,00%","100,00%","0,00%",MTT,"-40,75"
25/05/2026,168163,Micael Rafles,AF - MARKETING,0,"9,24",0," R$  9,24 ","0,00%","100,00%","0,00%",MTT,"197,45"
25/05/2026,162931,coroa da lancha,AF - MARKETING,0,"0,8",0," R$  0,80 ","0,00%","100,00%","0,00%",MTT,-8
25/05/2026,171183,véio do pocker,AF - MARKETING,0,0,"1,17"," R$  1,17 ","0,00%","0,00%","100,00%",PLO6,-50
25/05/2026,172454,pix172454,AF - MARKETING,0,"1,3","0,99"," R$  2,29 ","0,00%","56,77%","43,23%",MTT,"-23,75"
25/05/2026,102946,Flash2201,AF - MARKETING,0,"6,2",0," R$  6,20 ","0,00%","100,00%","0,00%",MTT,"-11,71"
25/05/2026,129552,MeuMAAlvado,AF - MARKETING,0,32,0," R$  32,00 ","0,00%","100,00%","0,00%",MTT,0
25/05/2026,195997,pestebranca,AF - MARKETING,"13,54","67,3","25,58"," R$  106,42 ","12,72%","63,24%","24,04%",MTT,"289,38"
25/05/2026,190837,LOKOLOKO,AF - MARKETING,0,73,0," R$  73,00 ","0,00%","100,00%","0,00%",MTT,"-644,04"
25/05/2026,174022,S.P.Clube,AF - MARKETING,0,"7,4",0," R$  7,40 ","0,00%","100,00%","0,00%",MTT,"-72,73"
25/05/2026,100537,Zebrano,AF - MARKETING,0,30,"10,77"," R$  40,77 ","0,00%","73,58%","26,42%",MTT,"81,25"
25/05/2026,179579,Linopraxedes,AF - MARKETING,0,20,0," R$  20,00 ","0,00%","100,00%","0,00%",MTT,"8,48"
25/05/2026,176175,nandopkleste,AF - MARKETING,0,0,"4,84"," R$  4,84 ","0,00%","0,00%","100,00%",PLO6,"-50,65"
25/05/2026,167530,pfson,AF - MARKETING,0,"2,3",0," R$  2,30 ","0,00%","100,00%","0,00%",MTT,-23
25/05/2026,178010,BruxOscar,AF - MARKETING,0,0,"1,09"," R$  1,09 ","0,00%","0,00%","100,00%",PLO6,-60
25/05/2026,153229,bencinha,AF - MARKETING,0,20,0," R$  20,00 ","0,00%","100,00%","0,00%",MTT,-200
25/05/2026,160421,S777,AF - ARTHUR CABRAL,"0,88","180,2",0," R$  181,08 ","0,49%","99,51%","0,00%",MTT,"-928,82"
25/05/2026,167813,Edivaldo ??,AF - ARTHUR CABRAL,"107,45","32,8","1,34"," R$  141,59 ","75,89%","23,17%","0,95%",NLH,"497,38"
25/05/2026,174221,XANDINHO,AF - ARTHUR CABRAL,0,0,"2917,96"," R$  2.917,96 ","0,00%","0,00%","100,00%",PLO6,"-1542,42"
25/05/2026,159155,Fortunato.137,AF - ARTHUR CABRAL,"8,68",0,"4,43"," R$  13,11 ","66,21%","0,00%","33,79%",NLH,"-6,25"
25/05/2026,172412,GRT9,AF - ARTHUR CABRAL,"103,81","0,1",0," R$  103,91 ","99,90%","0,10%","0,00%",NLH,"179,27"
25/05/2026,173038,JaxT???,AF - ARTHUR CABRAL,"98,26","1,7","8,63"," R$  108,59 ","90,49%","1,57%","7,95%",NLH,-285
25/05/2026,195438,pix195438,AF - ARTHUR CABRAL,"53,56","2,5","11,48"," R$  67,54 ","79,30%","3,70%","17,00%",NLH,"-13,16"
25/05/2026,150716,Choi Mu-jin,AF - ARTHUR CABRAL,"1,21","16,8","0,24"," R$  18,25 ","6,63%","92,05%","1,32%",MTT,"-57,56"
25/05/2026,134710,Pretaothug,AF - ARTHUR CABRAL,0,"15,5","2460,81"," R$  2.476,31 ","0,00%","0,63%","99,37%",PLO6,"-1812,77"
25/05/2026,143629,Lascou-se,AF - ARTHUR CABRAL,0,0,"731,59"," R$  731,59 ","0,00%","0,00%","100,00%",PLO6,"-1027,17"
25/05/2026,180496,Supremo359,AF - ARTHUR CABRAL,0,0,"53,54"," R$  53,54 ","0,00%","0,00%","100,00%",PLO6,-230
25/05/2026,145384,Rufles,AF - ARTHUR CABRAL,"0,3","0,1",0," R$  0,40 ","75,00%","25,00%","0,00%",NLH,"-1,56"
25/05/2026,155888,Salamanca,AF - ARTHUR CABRAL,0,0,0, R$  -   ,,,,NLH,"0,6"
25/05/2026,193500,peteco peteco,AF - ARTHUR CABRAL,0,1,"562,87"," R$  563,87 ","0,00%","0,18%","99,82%",PLO6,"-4492,97"
25/05/2026,159522,?BM?,AF - ARTHUR CABRAL,0,"9,7","0,29"," R$  9,99 ","0,00%","97,10%","2,90%",MTT,-101
25/05/2026,178732,o jegue,AF - ARTHUR CABRAL,0,"14,9","27,91"," R$  42,81 ","0,00%","34,80%","65,20%",PLO6,"-358,94"
25/05/2026,113118,OLD MONEY,AF - ARTHUR CABRAL,0,0,"60,13"," R$  60,13 ","0,00%","0,00%","100,00%",PLO6,-411
25/05/2026,194632,SHEIN,AF - ARTHUR CABRAL,0,0,"458,22"," R$  458,22 ","0,00%","0,00%","100,00%",PLO6,"-1029,76"
25/05/2026,187576,Zumbi dos Palmares,AF - ARTHUR CABRAL,"18,28",0,"232,2"," R$  250,48 ","7,30%","0,00%","92,70%",PLO6,"314,99"
25/05/2026,123791,Jota1010,AF - ARTHUR CABRAL,0,0,"383,24"," R$  383,24 ","0,00%","0,00%","100,00%",PLO6,-406
25/05/2026,195717,Diamante,AF - ARTHUR CABRAL,0,0,"282,04"," R$  282,04 ","0,00%","0,00%","100,00%",PLO6,"-621,85"
25/05/2026,125296,FoldNutts,AF - ARTHUR CABRAL,"544,03",0,"2260,28"," R$  2.804,31 ","19,40%","0,00%","80,60%",PLO6,"-47,78"
25/05/2026,177979,Ôh CheFe,AF - ARTHUR CABRAL,0,"1,6","747,2"," R$  748,80 ","0,00%","0,21%","99,79%",PLO6,"-1720,4"
25/05/2026,179903,pix873671,AF - ARTHUR CABRAL,"45,93",0,"787,32"," R$  833,25 ","5,51%","0,00%","94,49%",PLO6,"574,07"
25/05/2026,112389,luis.angelim,AF - ARTHUR CABRAL,"1,94","19,2","21,46"," R$  42,60 ","4,55%","45,07%","50,38%",PLO6,"101,2"
25/05/2026,154992,Laiho.W.F,AF - ARTHUR CABRAL,"1,33",0,"1,44"," R$  2,77 ","48,01%","0,00%","51,99%",PLO6,"4,3"
25/05/2026,159448,sem noção,AF - ARTHUR CABRAL,"52,51",0,0," R$  52,51 ","100,00%","0,00%","0,00%",NLH,"-346,96"
25/05/2026,150078,Shaco ?,AF - ARTHUR CABRAL,"15,75",6,"2,52"," R$  24,27 ","64,89%","24,72%","10,38%",NLH,-53
25/05/2026,158421,BOLSONARO??,AF - ARTHUR CABRAL,0,"3,2",0," R$  3,20 ","0,00%","100,00%","0,00%",MTT,-32
25/05/2026,148618,Rei do bleff,AF - ARTHUR CABRAL,0,0,0, R$  -   ,,,,NLH,"0,64"
25/05/2026,159834,SoLamento,AF - ARTHUR CABRAL,0,0,0, R$  -   ,,,,NLH,0
25/05/2026,171185,herbertPB,AF - ARTHUR CABRAL,0,0,0, R$  -   ,,,,NLH,0
25/05/2026,172476,willasmir poker,AF - ARTHUR CABRAL,"0,24",0,0," R$  0,24 ","100,00%","0,00%","0,00%",NLH,"5,36"
25/05/2026,120690,myegss,AF - ARTHUR CABRAL,0,0,"25,14"," R$  25,14 ","0,00%","0,00%","100,00%",PLO6,"82,19"
25/05/2026,115718,Gladiador+,AF - ARTHUR CABRAL,0,"488,65",0," R$  488,65 ","0,00%","100,00%","0,00%",MTT,"-680,85"
25/05/2026,170941,PagodaO-,AF - ARTHUR CABRAL,0,0,"2242,49"," R$  2.242,49 ","0,00%","0,00%","100,00%",PLO6,"-13491,18"
25/05/2026,178476,FiscaldeFlop,AF - ARTHUR CABRAL,"526,05","6,3","5,23"," R$  537,58 ","97,86%","1,17%","0,97%",NLH,"519,45"
25/05/2026,177717,regularizando,AF - ARTHUR CABRAL,"31,33","1,5","8,56"," R$  41,39 ","75,69%","3,62%","20,68%",NLH,"-84,34"
25/05/2026,145206,José Isaac,AF - ARTHUR CABRAL,"11,9","3,6",0," R$  15,50 ","76,77%","23,23%","0,00%",NLH,"14,51"
25/05/2026,159377,papaléguas?,AF - ARTHUR CABRAL,"33,14",0,0," R$  33,14 ","100,00%","0,00%","0,00%",NLH,"-297,96"
25/05/2026,145323,PhelipeMatheus_,AF - ARTHUR CABRAL,0,4,0," R$  4,00 ","0,00%","100,00%","0,00%",MTT,0
25/05/2026,110272,BELLICARD,AF - ARTHUR CABRAL,0,"1,8",0," R$  1,80 ","0,00%","100,00%","0,00%",MTT,-18
25/05/2026,161607,Smoke,AF - ARTHUR CABRAL,0,"0,1",0," R$  0,10 ","0,00%","100,00%","0,00%",MTT,-1
25/05/2026,177052,BadPix,AF - ARTHUR CABRAL,0,0,0, R$  -   ,,,,NLH,0
25/05/2026,182855,Teo pixpoker,AF - ARTHUR CABRAL,0,"0,1",0," R$  0,10 ","0,00%","100,00%","0,00%",MTT,"2,15"
25/05/2026,187825,rutra,AF - ARTHUR CABRAL,0,"4,1","8,53"," R$  12,63 ","0,00%","32,46%","67,54%",PLO6,"-64,81"
25/05/2026,163452,pix163452,AF - ARTHUR CABRAL,0,"1,3",0," R$  1,30 ","0,00%","100,00%","0,00%",MTT,-13
25/05/2026,172140,AdolfHitler,AF - ARTHUR CABRAL,0,0,0, R$  -   ,,,,NLH,0
25/05/2026,183813,modaskk,AF - ARTHUR CABRAL,0,"9,4","75,02"," R$  84,42 ","0,00%","11,13%","88,87%",PLO6,-305
25/05/2026,160253,Ryanlindo,AF - ARTHUR CABRAL,"1,04",0,0," R$  1,04 ","100,00%","0,00%","0,00%",NLH,"1,4"
25/05/2026,162667,dr. marcones,AF - ARTHUR CABRAL,"22,96","0,5","2,69"," R$  26,15 ","87,80%","1,91%","10,29%",NLH,-72
25/05/2026,104793,pracima123,AF - ARTHUR CABRAL,0,"4,8","166,31"," R$  171,11 ","0,00%","2,81%","97,19%",PLO6,"-1541,16"
25/05/2026,164869,pix164869,AF - ARTHUR CABRAL,0,0,0, R$  -   ,,,,NLH,0
25/05/2026,190995,Jhon Arias,AF - ARTHUR CABRAL,0,0,0, R$  -   ,,,,NLH,0
25/05/2026,172353,GARRUDA27??,AF - ARTHUR CABRAL,0,"12,2","69,75"," R$  81,95 ","0,00%","14,89%","85,11%",PLO6,"-225,74"
25/05/2026,105506,Tetopoker,AF - ARTHUR CABRAL,"8,64",0,"119,13"," R$  127,77 ","6,76%","0,00%","93,24%",PLO6,-201
25/05/2026,151781,doadorAA,AF - ARTHUR CABRAL,"2,32",0,0," R$  2,32 ","100,00%","0,00%","0,00%",NLH,-22
25/05/2026,143900,Caralh0,AF - ARTHUR CABRAL,"5,54",0,0," R$  5,54 ","100,00%","0,00%","0,00%",NLH,49
25/05/2026,145461,ficha no pano,AF - ARTHUR CABRAL,0,0,"85,96"," R$  85,96 ","0,00%","0,00%","100,00%",PLO6,-191
25/05/2026,123425,Lisura,AF - ARTHUR CABRAL,0,0,"302,04"," R$  302,04 ","0,00%","0,00%","100,00%",PLO6,-2651
25/05/2026,148056,?BRG1 ? JJ,AF - ARTHUR CABRAL,0,"0,1",0," R$  0,10 ","0,00%","100,00%","0,00%",MTT,-1
25/05/2026,143848,PrincipeDaMata?,AF - ARTHUR CABRAL,"3,79",0,"26,86"," R$  30,65 ","12,37%","0,00%","87,63%",PLO6,"-75,2"
25/05/2026,159168,pix159168,AF - ARTHUR CABRAL,0,"0,6",0," R$  0,60 ","0,00%","100,00%","0,00%",MTT,-6
25/05/2026,127787,Cupisco,AF - ARTHUR CABRAL,0,0,0, R$  -   ,,,,NLH,"1,24"
25/05/2026,196119,pix196119,AF - ARTHUR CABRAL,0,0,"306,53"," R$  306,53 ","0,00%","0,00%","100,00%",PLO6,"-828,28"
25/05/2026,147170,N?T0744,AF - ARTHUR CABRAL,"0,85",0,0," R$  0,85 ","100,00%","0,00%","0,00%",NLH,-12
25/05/2026,151971,Neto Sinuca Ipuense,AF - ARTHUR CABRAL,"5,5",0,0," R$  5,50 ","100,00%","0,00%","0,00%",NLH,-25
25/05/2026,100230,#NJR#,AF - ARTHUR CABRAL,0,0,"6,72"," R$  6,72 ","0,00%","0,00%","100,00%",PLO6,-46
25/05/2026,100473,FlaPix,AF - ARTHUR CABRAL,0,"1,5","16,06"," R$  17,56 ","0,00%","8,54%","91,46%",PLO6,-54
25/05/2026,168689,Duds00,AF - ARTHUR CABRAL,"2,66",0,0," R$  2,66 ","100,00%","0,00%","0,00%",NLH,-19
25/05/2026,182616,urubu do pixe,AF - ARTHUR CABRAL,0,7,"50,23"," R$  57,23 ","0,00%","12,23%","87,77%",PLO6,-4
25/05/2026,172538,goose,AF - ARTHUR CABRAL,"9,79","2,1",0," R$  11,89 ","82,34%","17,66%","0,00%",NLH,"-104,66"
25/05/2026,112648,maniaco da praça,AF - ARTHUR CABRAL,0,0,"4,79"," R$  4,79 ","0,00%","0,00%","100,00%",PLO6,-50
25/05/2026,106802,??Sued??,AF - ARTHUR CABRAL,"5,73",0,0," R$  5,73 ","100,00%","0,00%","0,00%",NLH,-35
25/05/2026,150117,corujaNI,AF - ARTHUR CABRAL,0,20,0," R$  20,00 ","0,00%","100,00%","0,00%",MTT,-65
25/05/2026,150523,Reinoriver,AF - ARTHUR CABRAL,0,"3,5",0," R$  3,50 ","0,00%","100,00%","0,00%",MTT,-35
25/05/2026,170605,Lasmar,AF - CARLA JP,"1,08","184,27",0," R$  185,35 ","0,58%","99,42%","0,00%",MTT,"-1195,2"
25/05/2026,177784,Sheep,AF - CARLA JP,0,"7,6","3,99"," R$  11,59 ","0,00%","65,57%","34,43%",MTT,"-132,91"
25/05/2026,194202,CashOUT,AF - CARLA JP,0,"32,9",0," R$  32,90 ","0,00%","100,00%","0,00%",MTT,"290,6"
25/05/2026,160784,miltinhosensação,AF - CARLA JP,0,"4,2",0," R$  4,20 ","0,00%","100,00%","0,00%",MTT,-42
25/05/2026,143649,chibata83,AF - CARLA JP,"4,61",50,"8033,49"," R$  8.088,10 ","0,06%","0,62%","99,32%",PLO6,"-40580,74"
25/05/2026,195741,Amo-Groot,AF - CARLA JP,0,"1,12","111,29"," R$  112,41 ","0,00%","1,00%","99,00%",PLO6,"-114,69"
25/05/2026,195735,Joaquim França,AF - CARLA JP,"13,14","6,27","0,36"," R$  19,77 ","66,46%","31,71%","1,82%",NLH,"-58,68"
25/05/2026,188011,jajanteii,AF - CARLA JP,0,0,"125,39"," R$  125,39 ","0,00%","0,00%","100,00%",PLO6,"-138,18"
25/05/2026,166288,General Igris,AF - CARLA JP,0,0,"329,45"," R$  329,45 ","0,00%","0,00%","100,00%",PLO6,"322,53"
25/05/2026,194819,pix194819,AF - CARLA JP,0,0,"8,29"," R$  8,29 ","0,00%","0,00%","100,00%",PLO6,"-209,39"
25/05/2026,151310,arthurpix,AF - CARLA JP,0,"28,6","1198,8"," R$  1.227,40 ","0,00%","2,33%","97,67%",PLO6,"1622,78"
25/05/2026,156724,CARLOS GRANDE,AF - CARLA JP,0,0,"946,52"," R$  946,52 ","0,00%","0,00%","100,00%",PLO6,"-41,36"
25/05/2026,106934,mazetto83,AF - CARLA JP,0,0,"214,13"," R$  214,13 ","0,00%","0,00%","100,00%",PLO6,229
25/05/2026,147505,D??N,AF - CARLA JP,0,"66,1","0,4"," R$  66,50 ","0,00%","99,40%","0,60%",MTT,"-29,95"
25/05/2026,178236,Ruisan1,AF - CARLA JP,0,"52,45",0," R$  52,45 ","0,00%","100,00%","0,00%",MTT,"-85,58"
25/05/2026,152376,Charles L.,AF - CARLA JP,0,"57,7",0," R$  57,70 ","0,00%","100,00%","0,00%",MTT,"-197,12"
25/05/2026,195550,pix195550,AF - CARLA JP,0,"73,6",0," R$  73,60 ","0,00%","100,00%","0,00%",MTT,"-405,28"
25/05/2026,156583,Wilian_Camilo,AF - CARLA JP,0,1,0," R$  1,00 ","0,00%","100,00%","0,00%",MTT,-10
25/05/2026,180128,Hbrt,AF - CARLA JP,0,"0,9",0," R$  0,90 ","0,00%","100,00%","0,00%",MTT,"17,95"
25/05/2026,188529,trempix69,AF - CARLA JP,0,0,0, R$  -   ,,,,NLH,0
25/05/2026,154115,PatrickEstrela,AF - CARLA JP,0,0,"2,88"," R$  2,88 ","0,00%","0,00%","100,00%",PLO6,"-38,63"
25/05/2026,188878,Flopper,AF - CARLA JP,0,"0,3",0," R$  0,30 ","0,00%","100,00%","0,00%",MTT,-3
25/05/2026,115704,viper pb,AF - CARLA JP,0,"17,4","110,36"," R$  127,76 ","0,00%","13,62%","86,38%",PLO6,"88,02"
25/05/2026,176816,victini,AF - CARLA JP,0,"5,3",0," R$  5,30 ","0,00%","100,00%","0,00%",MTT,-59
25/05/2026,115863,Bruninho Olliver,AF - CARLA JP,0,"0,3",0," R$  0,30 ","0,00%","100,00%","0,00%",MTT,-3
25/05/2026,162087,o jovem,AF - CARLA JP,0,"15,45",0," R$  15,45 ","0,00%","100,00%","0,00%",MTT,"-154,5"
25/05/2026,104520,Only1gor,AF - CARLA JP,0,"12,4",0," R$  12,40 ","0,00%","100,00%","0,00%",MTT,"708,24"
25/05/2026,117342,Carla Renna,AF - CARLA JP,0,"18,3","46,51"," R$  64,81 ","0,00%","28,24%","71,76%",PLO6,"-167,35"
25/05/2026,174895,Rudolf,AF - CARLA JP,0,"17,2",0," R$  17,20 ","0,00%","100,00%","0,00%",MTT,-190
25/05/2026,136477,cidoka,AF - CARLA JP,0,"0,1",0," R$  0,10 ","0,00%","100,00%","0,00%",MTT,"0,52"
25/05/2026,187106,nego bidu2,AF - CARLA JP,0,"4,4",0," R$  4,40 ","0,00%","100,00%","0,00%",MTT,-44
25/05/2026,191677,bileut,AF - CARLA JP,0,0,0, R$  -   ,,,,NLH,0
25/05/2026,137052,pix137052,AF - CARLA JP,"3,92","2,5","8,86"," R$  15,28 ","25,65%","16,36%","57,98%",PLO6,"-135,61"
25/05/2026,106447,TREVAS,AF - CARLA JP,"0,36",0,0," R$  0,36 ","100,00%","0,00%","0,00%",NLH,"-4,83"
25/05/2026,120712,Marçal01,AF - CARLA JP,"30,01","9,84","1,03"," R$  40,88 ","73,41%","24,07%","2,52%",NLH,-66
25/05/2026,170178,Zangetsu,AF - CARLA JP,"0,93","0,5","0,5"," R$  1,93 ","48,19%","25,91%","25,91%",NLH,-25
25/05/2026,146758,jrdoido,AF - CARLA JP,0,0,"0,84"," R$  0,84 ","0,00%","0,00%","100,00%",PLO6,-12
25/05/2026,121370,TôlinnRabano,AF - CARLA JP,"0,47","6,14","31,76"," R$  38,37 ","1,22%","16,00%","82,77%",PLO6,120
25/05/2026,191156,_007_,AF - CARLA JP,0,"2,5","20,96"," R$  23,46 ","0,00%","10,66%","89,34%",PLO6,-207
25/05/2026,171552,@AllefAraujjo,AF - CARLA JP,0,0,0, R$  -   ,,,,NLH,0
25/05/2026,193416,Santiago83,AF - CARLA JP,0,"0,4",0," R$  0,40 ","0,00%","100,00%","0,00%",MTT,-4
25/05/2026,108295,Mdoria,AF - CARLA JP,0,0,0, R$  -   ,,,,NLH,0
25/05/2026,117404,Cnhhh,AF - CARLA JP,0,0,"30,45"," R$  30,45 ","0,00%","0,00%","100,00%",PLO6,-155
25/05/2026,194108,nathant,AF - CARLA JP,"3,85","2,2",0," R$  6,05 ","63,64%","36,36%","0,00%",NLH,"67,85"
25/05/2026,174177,-Lokii—,AF - CARLA JP,0,"2,5","38,78"," R$  41,28 ","0,00%","6,06%","93,94%",PLO6,-17
25/05/2026,195670,ADias,AF - CARLA JP,"4,79",0,0," R$  4,79 ","100,00%","0,00%","0,00%",NLH,-20
25/05/2026,195140,Leão_Rafael07,AF - CARLA JP,0,0,0, R$  -   ,,,,NLH,0
25/05/2026,196230,Neymar??,AF - CARLA JP,0,"87,7",0," R$  87,70 ","0,00%","100,00%","0,00%",MTT,"1637,31"
25/05/2026,147790,guzAApoker,AF - CARLA JP,0,"131,5",0," R$  131,50 ","0,00%","100,00%","0,00%",MTT,-1315
25/05/2026,179086,marretadAA,AF - CARLA JP,0,0,"50,8"," R$  50,80 ","0,00%","0,00%","100,00%",PLO6,-186
25/05/2026,127033,pix127033,AF - CARLA JP,"19,81",13,"8,36"," R$  41,17 ","48,12%","31,58%","20,31%",NLH,-340
25/05/2026,195840,LuksReis77,AF - CARLA JP,0,"2,5",0," R$  2,50 ","0,00%","100,00%","0,00%",MTT,-25
25/05/2026,176197,kespadas,AF - CARLA JP,0,"1,5",0," R$  1,50 ","0,00%","100,00%","0,00%",MTT,-15
25/05/2026,118105,Targino,AF - CARLA JP,0,"17,9","14,82"," R$  32,72 ","0,00%","54,71%","45,29%",MTT,"37,08"
25/05/2026,156707,ravyk88,AF - CARLA JP,0,"14,3",0," R$  14,30 ","0,00%","100,00%","0,00%",MTT,"-71,5"
25/05/2026,153074,AzarDaMzrHomi,AF - CARLA JP,"0,2",0,"4,74"," R$  4,94 ","4,05%","0,00%","95,95%",PLO6,"117,31"
25/05/2026,154196,CoxinhaPoker,AF - CARLA JP,0,0,"44,22"," R$  44,22 ","0,00%","0,00%","100,00%",PLO6,"459,03"
25/05/2026,118354,Daniboy/PB,AF - CARLA JP,"10,94",0,0," R$  10,94 ","100,00%","0,00%","0,00%",NLH,"-45,92"
25/05/2026,184144,Light4i20,AF - CARLA JP,0,0,"12,23"," R$  12,23 ","0,00%","0,00%","100,00%",PLO6,-80
25/05/2026,172533,Cravei ?,AF - PHYETRO,0,"154,3","109,25"," R$  263,55 ","0,00%","58,55%","41,45%",MTT,"-354,6"
25/05/2026,100333,OFF.,AF - PHYETRO,0,0,"19,44"," R$  19,44 ","0,00%","0,00%","100,00%",PLO6,"-9,16"
25/05/2026,173287,FlipGrind,AF - PHYETRO,0,"498,7",0," R$  498,70 ","0,00%","100,00%","0,00%",MTT,"-2975,74"
25/05/2026,102446,MD420,AF - PHYETRO,0,58,0," R$  58,00 ","0,00%","100,00%","0,00%",MTT,-580
25/05/2026,102551,Felipe Dylon,AF - PHYETRO,0,"32,5",0," R$  32,50 ","0,00%","100,00%","0,00%",MTT,"-55,5"
25/05/2026,173802,TonyRedgrave,AF - PHYETRO,0,"53,5",0," R$  53,50 ","0,00%","100,00%","0,00%",MTT,"1321,69"
25/05/2026,101966,T.Lasso,AF - PHYETRO,0,"143,5",0," R$  143,50 ","0,00%","100,00%","0,00%",MTT,"64,73"
25/05/2026,101831,Faz o K,AF - PHYETRO,0,26,0," R$  26,00 ","0,00%","100,00%","0,00%",MTT,"570,97"
25/05/2026,173807,Th lost,AF - RYAN CARVALHO,"0,65","182,38","542,28"," R$  725,31 ","0,09%","25,15%","74,77%",PLO6,"788,71"
25/05/2026,180056,TILT????,AF - RYAN CARVALHO,0,"79,3","21,15"," R$  100,45 ","0,00%","78,94%","21,06%",MTT,512
25/05/2026,194337,negodrey,AF - RYAN CARVALHO,"47,78","95,7",0," R$  143,48 ","33,30%","66,70%","0,00%",MTT,"271,22"
25/05/2026,196145,Isaías0197,AF - RYAN CARVALHO,"1,04","24,4",0," R$  25,44 ","4,09%","95,91%","0,00%",MTT,-248
25/05/2026,183010,STANLEY ????,AF - RYAN CARVALHO,"38,11","71,5",0," R$  109,61 ","34,77%","65,23%","0,00%",MTT,"455,8"
25/05/2026,182977,Playboy,AF - RYAN CARVALHO,"31,38","283,2","92,96"," R$  407,54 ","7,70%","69,49%","22,81%",MTT,"-1867,86"
25/05/2026,195935,All yng,AF - RYAN CARVALHO,"59,28",37,"64,58"," R$  160,86 ","36,85%","23,00%","40,15%",PLO6,"-1885,76"
25/05/2026,153425,R daylove,AF - RYAN CARVALHO,"0,96","7,66",0," R$  8,62 ","11,14%","88,86%","0,00%",MTT,-6
25/05/2026,179249,@Bobbyzii_,AF - RYAN CARVALHO,"16,54","219,05","1,09"," R$  236,68 ","6,99%","92,55%","0,46%",MTT,"172,43"
25/05/2026,181523,Gângster,AF - RYAN CARVALHO,0,25,"13,76"," R$  38,76 ","0,00%","64,50%","35,50%",MTT,"-127,41"
25/05/2026,181833,Bob Robson,AF - RYAN CARVALHO,"20,17","57,1","11,92"," R$  89,19 ","22,61%","64,02%","13,36%",MTT,-376
25/05/2026,196200,Brunson,AF - RYAN CARVALHO,0,"79,1","35,79"," R$  114,89 ","0,00%","68,85%","31,15%",MTT,"-36,76"
25/05/2026,180389,VivianSaliba??,AF - RYAN CARVALHO,"208,41","0,84",0," R$  209,25 ","99,60%","0,40%","0,00%",NLH,"-348,04"
25/05/2026,181198,vitferrazpina,AF - RYAN CARVALHO,"132,02","34,6","6,31"," R$  172,93 ","76,34%","20,01%","3,65%",NLH,"-187,26"
25/05/2026,183560,lampiao007,AF - RYAN CARVALHO,"28,71","8,5",0," R$  37,21 ","77,16%","22,84%","0,00%",NLH,"31,59"
25/05/2026,177859,ET01,AF - RYAN CARVALHO,0,40,"0,26"," R$  40,26 ","0,00%","99,35%","0,65%",MTT,"318,28"
25/05/2026,183220,lixodepoker,AF - RYAN CARVALHO,0,0,0, R$  -   ,,,,NLH,0
25/05/2026,195922,#equipevirabixo,AF - RYAN CARVALHO,0,0,0, R$  -   ,,,,NLH,0
25/05/2026,173878,Romário Barreto,AF - RYAN CARVALHO,0,"13,8","0,2"," R$  14,00 ","0,00%","98,57%","1,43%",MTT,"113,43"
25/05/2026,181917,Carlos Andrade,AF - RYAN CARVALHO,"10,97","9,2",0," R$  20,17 ","54,39%","45,61%","0,00%",NLH,"-172,16"
25/05/2026,124057,phmb06,AF - RYAN CARVALHO,3,0,"47,82"," R$  50,82 ","5,90%","0,00%","94,10%",PLO6,-62
25/05/2026,180636,lampiao.•.,AF - RYAN CARVALHO,0,"7,3",0," R$  7,30 ","0,00%","100,00%","0,00%",MTT,-73
25/05/2026,195292,MaJinBOO,AF - RYAN CARVALHO,0,"8,95",0," R$  8,95 ","0,00%","100,00%","0,00%",MTT,"-86,17"
25/05/2026,196085,velhinhorj,AF - RYAN CARVALHO,0,"2,8",0," R$  2,80 ","0,00%","100,00%","0,00%",MTT,-28
25/05/2026,194445,michaelLeonny,AF - RYAN CARVALHO,0,"10,7",0," R$  10,70 ","0,00%","100,00%","0,00%",MTT,"-101,17"
25/05/2026,103225,olisee,AF - RYAN CARVALHO,"6,47","30,55","70,42"," R$  107,44 ","6,02%","28,43%","65,54%",PLO6,-151
25/05/2026,171052,pix171052,AF - RYAN CARVALHO,0,0,0, R$  -   ,,,,NLH,0
25/05/2026,181205,pdrogatheking,AF - RYAN CARVALHO,0,0,0, R$  -   ,,,,NLH,0
25/05/2026,182037,kaikyopressor77,AF - RYAN CARVALHO,"0,79","22,8",0," R$  23,59 ","3,35%","96,65%","0,00%",MTT,"-11,18"
25/05/2026,190899,Ely19 ?,AF - RYAN CARVALHO,0,"0,2",0," R$  0,20 ","0,00%","100,00%","0,00%",MTT,"-0,45"
25/05/2026,194237,manicalmajor,AF - RYAN CARVALHO,"4,95","4,8","33,99"," R$  43,74 ","11,32%","10,97%","77,71%",PLO6,"139,83"
25/05/2026,196254,ramonalves,AF - RYAN CARVALHO,"47,84","22,6","0,01"," R$  70,45 ","67,91%","32,08%","0,01%",NLH,"259,24"
25/05/2026,180237,aylla17,AF - RYAN CARVALHO,"7,56",0,"0,2"," R$  7,76 ","97,42%","0,00%","2,58%",NLH,-21
25/05/2026,196258,mullersouz06,AF - RYAN CARVALHO,0,0,0, R$  -   ,,,,NLH,"1,52"
25/05/2026,168634,Willdde,AF - RYAN CARVALHO,0,"8,1",0," R$  8,10 ","0,00%","100,00%","0,00%",MTT,-81
25/05/2026,177054,Trafalgar Law,AF - BRUNO FOSTER,0,"1,2",0," R$  1,20 ","0,00%","100,00%","0,00%",MTT,-12
25/05/2026,186212,pix186212,AF - BRUNO FOSTER,"1,06","1,4",0," R$  2,46 ","43,09%","56,91%","0,00%",MTT,-18
25/05/2026,153086,Nick_Wallyson,AF - BRUNO FOSTER,"17,28","1,8","22,44"," R$  41,52 ","41,62%","4,34%","54,05%",PLO6,-89
25/05/2026,186550,VT10,AF - BRUNO FOSTER,"192,63",0,0," R$  192,63 ","100,00%","0,00%","0,00%",NLH,"-306,77"
25/05/2026,176675,darkjoao33,AF - BRUNO FOSTER,"18,52","179,5","1680,93"," R$  1.878,95 ","0,99%","9,55%","89,46%",PLO6,"-3375,6"
25/05/2026,177933,exe;,AF - BRUNO FOSTER,0,0,"918,59"," R$  918,59 ","0,00%","0,00%","100,00%",PLO6,-1535
25/05/2026,135561,Modetec,AF - BRUNO FOSTER,0,0,0, R$  -   ,,,,NLH,0
25/05/2026,175804,MANDIBULLA,AF - BRUNO FOSTER,0,"0,1",0," R$  0,10 ","0,00%","100,00%","0,00%",MTT,"0,6"
25/05/2026,175072,sovimsacar,AF - BRUNO FOSTER,0,0,"50,27"," R$  50,27 ","0,00%","0,00%","100,00%",PLO6,"-80,85"
25/05/2026,182891,Joz1ka,AF - BRUNO FOSTER,0,"7,2","178,61"," R$  185,81 ","0,00%","3,87%","96,13%",PLO6,"-1075,62"
25/05/2026,176862,pix176862,AF - BRUNO FOSTER,0,0,"289,29"," R$  289,29 ","0,00%","0,00%","100,00%",PLO6,"-527,71"
25/05/2026,170907,MenteGelada,AF - BRUNO FOSTER,0,0,"132,17"," R$  132,17 ","0,00%","0,00%","100,00%",PLO6,"-230,6"
25/05/2026,183349,Vegeta San,AF - BRUNO FOSTER,0,"38,7",0," R$  38,70 ","0,00%","100,00%","0,00%",MTT,"182,46"
25/05/2026,184830,Filma $$,AF - BRUNO FOSTER,0,19,0," R$  19,00 ","0,00%","100,00%","0,00%",MTT,-190
25/05/2026,176592,ruiperesdezanet,AF - BRUNO FOSTER,"1,94","35,45",0," R$  37,39 ","5,19%","94,81%","0,00%",MTT,"-329,77"
25/05/2026,178109,kawehzin,AF - BRUNO FOSTER,"11,58","1,2","35,42"," R$  48,20 ","24,02%","2,49%","73,49%",PLO6,124
25/05/2026,175098,kUdeais,AF - BRUNO FOSTER,"25,78",0,"72,12"," R$  97,90 ","26,33%","0,00%","73,67%",PLO6,-283
25/05/2026,179947,pix179947,AF - BRUNO FOSTER,"9,64","6,1","1,81"," R$  17,55 ","54,93%","34,76%","10,31%",NLH,"-87,33"
25/05/2026,157566,Maximus ??,AF - BRUNO FOSTER,0,0,"11,89"," R$  11,89 ","0,00%","0,00%","100,00%",PLO6,"-68,48"
25/05/2026,176021,Viníciusdao@,AF - BRUNO FOSTER,0,0,0, R$  -   ,,,,NLH,0
25/05/2026,176214,Cardoso22,AF - BRUNO FOSTER,0,0,0, R$  -   ,,,,NLH,0
25/05/2026,177258,????,AF - BRUNO FOSTER,0,0,0, R$  -   ,,,,NLH,0
25/05/2026,189825,Gladiador$,AF - BRUNO FOSTER,0,0,"8231,14"," R$  8.231,14 ","0,00%","0,00%","100,00%",PLO6,"-7212,31"
25/05/2026,175423,pix175423,AF - BRUNO FOSTER,0,13,"4,47"," R$  17,47 ","0,00%","74,41%","25,59%",MTT,"-114,48"
25/05/2026,177628,papacman,AF - BRUNO FOSTER,0,0,0, R$  -   ,,,,NLH,"0,61"
25/05/2026,178483,Rï§øką,AF - BRUNO FOSTER,"1,25","0,8",0," R$  2,05 ","60,98%","39,02%","0,00%",NLH,"-6,39"
25/05/2026,196100,pix196100,AF - BRUNO FOSTER,0,0,2335," R$  2.335,00 ","0,00%","0,00%","100,00%",PLO6,-17099
25/05/2026,138369,pedropaulo,AF - BRUNO FOSTER,"0,17",0,"5,2"," R$  5,37 ","3,17%","0,00%","96,83%",PLO6,"-27,98"
25/05/2026,145168,Fagundes,AF - BRUNO FOSTER,0,"18,2",0," R$  18,20 ","0,00%","100,00%","0,00%",MTT,-182
25/05/2026,179067,ekdidk,AF - BRUNO FOSTER,"2,41",0,0," R$  2,41 ","100,00%","0,00%","0,00%",NLH,"14,48"
25/05/2026,183660,FaelCompany,AF - BRUNO FOSTER,"44,36",1,0," R$  45,36 ","97,80%","2,20%","0,00%",NLH,"-163,31"
25/05/2026,176764,hanikilador,AF - BRUNO FOSTER,0,"4,4",1," R$  5,40 ","0,00%","81,48%","18,52%",MTT,-52
25/05/2026,185503,mmmaschio,AF - BRUNO FOSTER,0,0,0, R$  -   ,,,,NLH,0
25/05/2026,126526,xitiao,AF - BRUNO FOSTER,"0,42",0,"0,28"," R$  0,70 ","60,00%","0,00%","40,00%",NLH,"-10,93"
25/05/2026,177685,pepebets,AF - BRUNO FOSTER,0,0,0, R$  -   ,,,,NLH,"0,6"
25/05/2026,178066,LKAC,AF - BRUNO FOSTER,"1,22","1,2","4,12"," R$  6,54 ","18,65%","18,35%","63,00%",PLO6,"28,68"
25/05/2026,196194,Bruxo444,None,"4,65","5,7","0,74"," R$  11,09 ","41,93%","51,40%","6,67%",MTT,"-64,47"
25/05/2026,150851,pix150851,None,0,"0,76",0," R$  0,76 ","0,00%","100,00%","0,00%",MTT,"-6,67"
25/05/2026,190837,LOKOLOKO,None,0,"99,8",0," R$  99,80 ","0,00%","100,00%","0,00%",MTT,"-879,83"
25/05/2026,190913,p2p4kings,None,"9,9","1,8",0," R$  11,70 ","84,62%","15,38%","0,00%",NLH,"-77,38"
25/05/2026,195998,pix195998,None,0,"0,5","3,22"," R$  3,72 ","0,00%","13,44%","86,56%",PLO6,"-40,08"
25/05/2026,194364,pix194364,None,"3,45",0,0," R$  3,45 ","100,00%","0,00%","0,00%",NLH,-32
25/05/2026,195645,Paco_Sc,None,"16,19",0,"85,8"," R$  101,99 ","15,87%","0,00%","84,13%",PLO6,"-320,91"
25/05/2026,195961,freco1928,None,"15,26",0,"516,89"," R$  532,15 ","2,87%","0,00%","97,13%",PLO6,"-2253,93"
25/05/2026,171808,pix171808,None,"254,71",0,0," R$  254,71 ","100,00%","0,00%","0,00%",NLH,"-198,75"
25/05/2026,179394,marcospcn,None,"192,35","53,7","0,57"," R$  246,62 ","77,99%","21,77%","0,23%",NLH,"-871,89"
25/05/2026,195531,Sh4rk,None,"26,63",0,0," R$  26,63 ","100,00%","0,00%","0,00%",NLH,"88,73"
25/05/2026,195579,pix195579,None,"106,5",0,0," R$  106,50 ","100,00%","0,00%","0,00%",NLH,"-10,58"
25/05/2026,116727,vinicius,None,"102,61",0,"128,15"," R$  230,76 ","44,47%","0,00%","55,53%",PLO6,"-763,11"
25/05/2026,184129,FurosLanches,None,0,3,"2002,58"," R$  2.005,58 ","0,00%","0,15%","99,85%",PLO6,"-38,78"
25/05/2026,182133,pix182133,None,"3,68",0,"97,38"," R$  101,06 ","3,64%","0,00%","96,36%",PLO6,-285
25/05/2026,190091,joca 0 rey,None,0,0,"129,07"," R$  129,07 ","0,00%","0,00%","100,00%",PLO6,"-738,53"
25/05/2026,195819,pix195819,None,0,0,"0,91"," R$  0,91 ","0,00%","0,00%","100,00%",PLO6,-20
25/05/2026,195952,pix195952,None,0,0,"67,33"," R$  67,33 ","0,00%","0,00%","100,00%",PLO6,"-235,46"
25/05/2026,195955,pix195955,None,0,0,"102,13"," R$  102,13 ","0,00%","0,00%","100,00%",PLO6,"-74,81"
25/05/2026,106842,thiagonapoleao,None,0,0,0, R$  -   ,,,,NLH,0
25/05/2026,114402,pix114402,None,0,"0,1",0," R$  0,10 ","0,00%","100,00%","0,00%",MTT,-1
25/05/2026,123490,largatixa,None,0,0,0, R$  -   ,,,,NLH,0
25/05/2026,128702,pix128702,None,0,0,0, R$  -   ,,,,NLH,0
25/05/2026,133051,Diegueira,None,0,0,0, R$  -   ,,,,NLH,"3,32"
25/05/2026,138917,pix138917,None,0,0,0, R$  -   ,,,,NLH,0
25/05/2026,143861,KAROÁ,None,0,0,0, R$  -   ,,,,NLH,"5,62"
25/05/2026,146266,pix146266,None,0,0,0, R$  -   ,,,,NLH,0
25/05/2026,146426,Piu ?,None,0,"0,1",0," R$  0,10 ","0,00%","100,00%","0,00%",MTT,"0,08"
25/05/2026,149758,pix149758,None,0,0,0, R$  -   ,,,,NLH,0
25/05/2026,153636,Mussolini,None,0,"0,2",0," R$  0,20 ","0,00%","100,00%","0,00%",MTT,"0,96"
25/05/2026,153713,noia.38off,None,0,0,0, R$  -   ,,,,NLH,0
25/05/2026,154310,COMECU,None,0,0,0, R$  -   ,,,,NLH,"8,47"
25/05/2026,160013,pluh,None,0,"0,1",0," R$  0,10 ","0,00%","100,00%","0,00%",MTT,"-0,07"
25/05/2026,160339,eduardo aguiar,None,0,"0,1",0," R$  0,10 ","0,00%","100,00%","0,00%",MTT,-1
25/05/2026,161561,GuZman$,None,0,0,0, R$  -   ,,,,NLH,0
25/05/2026,162710,poker aí,None,0,0,0, R$  -   ,,,,NLH,"14,61"
25/05/2026,162785,BlackRiver,None,0,0,0, R$  -   ,,,,NLH,"3,56"
25/05/2026,164390,John82,None,0,"0,1",0," R$  0,10 ","0,00%","100,00%","0,00%",MTT,"0,29"
25/05/2026,168077,Sarkozy77,None,0,"5,5",0," R$  5,50 ","0,00%","100,00%","0,00%",MTT,"-7,48"
25/05/2026,170202,realmadrid,None,0,0,0, R$  -   ,,,,NLH,0
25/05/2026,171876,pedro123321,None,0,0,0, R$  -   ,,,,NLH,0
25/05/2026,172246,pochoko,None,0,0,0, R$  -   ,,,,NLH,0
25/05/2026,172407,CanindeCearaBrasil,None,0,0,0, R$  -   ,,,,NLH,"1,33"
25/05/2026,172648,Badpix69,None,0,0,0, R$  -   ,,,,NLH,0
25/05/2026,172896,Torres01,None,0,0,0, R$  -   ,,,,NLH,0
25/05/2026,172902,xurume$$,None,0,0,0, R$  -   ,,,,NLH,0
25/05/2026,172984,SeuZé$,None,0,0,0, R$  -   ,,,,NLH,0
25/05/2026,173110,xxxxxx.,None,"6,71",0,"4,61"," R$  11,32 ","59,28%","0,00%","40,72%",NLH,-8
25/05/2026,173515,pix173515,None,0,0,0, R$  -   ,,,,NLH,0
25/05/2026,175460,pix175460,None,0,"0,1",0," R$  0,10 ","0,00%","100,00%","0,00%",MTT,"0,08"
25/05/2026,177117,Cheque Reizé,None,0,"0,3",0," R$  0,30 ","0,00%","100,00%","0,00%",MTT,"-0,69"
25/05/2026,177983,Aelton,None,0,0,0, R$  -   ,,,,NLH,"5,83"
25/05/2026,181043,Foldei mane,None,0,"0,1",0," R$  0,10 ","0,00%","100,00%","0,00%",MTT,-1
25/05/2026,181687,Lampião ?,None,0,0,"0,34"," R$  0,34 ","0,00%","0,00%","100,00%",PLO6,"-1,81"
25/05/2026,182817,CreisoN25,None,0,"0,5",0," R$  0,50 ","0,00%","100,00%","0,00%",MTT,"-2,99"
25/05/2026,182860,Pesadoo,None,"0,41","0,1",0," R$  0,51 ","80,39%","19,61%","0,00%",NLH,"-1,58"
25/05/2026,182861,Nikolau ?,None,"0,19",0,0," R$  0,19 ","100,00%","0,00%","0,00%",NLH,"-3,62"
25/05/2026,183155,AQUI E SO ALL-IN,None,0,0,0, R$  -   ,,,,NLH,0
25/05/2026,183246,detona pato,None,0,"0,2",0," R$  0,20 ","0,00%","100,00%","0,00%",MTT,"-0,97"
25/05/2026,189357,Tiquinho,None,0,0,0, R$  -   ,,,,NLH,0
25/05/2026,190633,pix190633,None,0,0,0, R$  -   ,,,,NLH,0
25/05/2026,191135,carlosvolt,None,0,0,0, R$  -   ,,,,NLH,0
25/05/2026,192772,pix192772,None,0,0,0, R$  -   ,,,,NLH,0
25/05/2026,193022,pix193022,None,0,0,0, R$  -   ,,,,NLH,0
25/05/2026,193123,cabeça01,None,0,0,0, R$  -   ,,,,NLH,0
25/05/2026,193125,Boliviano007,None,0,0,0, R$  -   ,,,,NLH,0
25/05/2026,193126,Carraaco07XD,None,0,0,0, R$  -   ,,,,NLH,0
25/05/2026,193245,pix193245,None,0,0,0, R$  -   ,,,,NLH,0
25/05/2026,193634,pix193634,None,0,0,0, R$  -   ,,,,NLH,0
25/05/2026,194369,Sam9527,None,0,0,0, R$  -   ,,,,NLH,"1,49"
25/05/2026,194679,Nicoletti$,None,0,"0,2",0," R$  0,20 ","0,00%","100,00%","0,00%",MTT,"54,83"
25/05/2026,194772,pix194772,None,0,"0,3",0," R$  0,30 ","0,00%","100,00%","0,00%",MTT,"6,78"
25/05/2026,195414,pix195414,None,0,0,0, R$  -   ,,,,NLH,0
25/05/2026,195528,pix195528,None,"16,41","0,1","0,78"," R$  17,29 ","94,91%","0,58%","4,51%",NLH,-14
25/05/2026,195923,camila P,None,0,0,"0,31"," R$  0,31 ","0,00%","0,00%","100,00%",PLO6,0
25/05/2026,195966,TRUTA.,None,"3,85",0,0," R$  3,85 ","100,00%","0,00%","0,00%",NLH,"22,71"
25/05/2026,196021,pililiu da resenh4,None,"0,81","0,2","0,52"," R$  1,53 ","52,94%","13,07%","33,99%",NLH,"-0,49"
25/05/2026,196022,Picpay.,None,"0,32","0,1","0,44"," R$  0,86 ","37,21%","11,63%","51,16%",PLO6,"-1,12"
25/05/2026,196023,lulinha 9,None,"0,19","0,1",0," R$  0,29 ","65,52%","34,48%","0,00%",NLH,"-2,33"
25/05/2026,196024,Sereka,None,"0,56","0,4","0,08"," R$  1,04 ","53,85%","38,46%","7,69%",NLH,"-3,54"
25/05/2026,196025,ovão,None,"0,41","0,1",0," R$  0,51 ","80,39%","19,61%","0,00%",NLH,"1,57"
25/05/2026,196048,magoo,None,"5,7","2,3","0,04"," R$  8,04 ","70,90%","28,61%","0,50%",NLH,"-48,82"
25/05/2026,196079,pix196079,None,0,0,0, R$  -   ,,,,NLH,0
25/05/2026,196166,pix196166,None,0,"0,1",0," R$  0,10 ","0,00%","100,00%","0,00%",MTT,"0,24"
25/05/2026,196209,OriehniD+Ue,None,0,0,0, R$  -   ,,,,NLH,"0,75"
25/05/2026,158723,antoniocarlos48,None,"0,98",0,0," R$  0,98 ","100,00%","0,00%","0,00%",NLH,"11,34"
25/05/2026,172725,TaxaDoEuSeiRocha,None,"15,5",0,0," R$  15,50 ","100,00%","0,00%","0,00%",NLH,"12,5"
25/05/2026,193782,pix193782,None,"151,78",0,"0,07"," R$  151,85 ","99,95%","0,00%","0,05%",NLH,"-168,38"
25/05/2026,195072,PKzynn,None,"9,64",0,0," R$  9,64 ","100,00%","0,00%","0,00%",NLH,"-45,99"
25/05/2026,195945,Babuino,None,"43,6",0,0," R$  43,60 ","100,00%","0,00%","0,00%",NLH,-162
25/05/2026,196120,pix196120,None,"0,02",0,0," R$  0,02 ","100,00%","0,00%","0,00%",NLH,"-0,42"
25/05/2026,196208,pix196208,None,0,0,"0,53"," R$  0,53 ","0,00%","0,00%","100,00%",PLO6,-4
25/05/2026,191484,Fumacinha,None,"0,63",0,0," R$  0,63 ","100,00%","0,00%","0,00%",NLH,"-11,24"
25/05/2026,196199,codorna al,None,"0,03",0,"21,36"," R$  21,39 ","0,14%","0,00%","99,86%",PLO6,"-33,97"
25/05/2026,154432,pix154432,None,"4,52",0,"39,27"," R$  43,79 ","10,32%","0,00%","89,68%",PLO6,-204
25/05/2026,196192,pix196192,None,"2,03",0,"124,46"," R$  126,49 ","1,60%","0,00%","98,40%",PLO6,-357
25/05/2026,196198,pix196198,None,0,0,"26,66"," R$  26,66 ","0,00%","0,00%","100,00%",PLO6,-30
25/05/2026,196008,MBruno18,None,"2,84",0,"728,97"," R$  731,81 ","0,39%","0,00%","99,61%",PLO6,"-2089,98"
25/05/2026,120868,pauloffmf,None,0,0,"74,38"," R$  74,38 ","0,00%","0,00%","100,00%",PLO6,"-345,82"
25/05/2026,158020,pix158020,None,"0,75",0,"19,54"," R$  20,29 ","3,70%","0,00%","96,30%",PLO6,"-104,88"
25/05/2026,183072,pix183072,None,"2,24",0,"446,5"," R$  448,74 ","0,50%","0,00%","99,50%",PLO6,"-816,66"
25/05/2026,180186,golpe.baixo,None,"4,81",1,"40,15"," R$  45,96 ","10,47%","2,18%","87,36%",PLO6,"270,53"
25/05/2026,195657,vaqueirosm,None,"6,07","3,4","17,65"," R$  27,12 ","22,38%","12,54%","65,08%",PLO6,"-101,71"
25/05/2026,171136,vainotrem,None,0,0,"2,06"," R$  2,06 ","0,00%","0,00%","100,00%",PLO6,"-82,76"
25/05/2026,195905,SEV7N.exe,None,"2,89",0,"33,37"," R$  36,26 ","7,97%","0,00%","92,03%",PLO6,"-120,08"
25/05/2026,100215,Gorete.BallCat,None,0,"12,4","260,07"," R$  272,47 ","0,00%","4,55%","95,45%",PLO6,-2512
25/05/2026,196119,pix196119,None,0,0,"535,93"," R$  535,93 ","0,00%","0,00%","100,00%",PLO6,"263,81"
25/05/2026,115715,malvadao96,None,"1,71",49,0," R$  50,71 ","3,37%","96,63%","0,00%",MTT,-510
25/05/2026,196014,pix196014,None,"32,86",0,"184,67"," R$  217,53 ","15,11%","0,00%","84,89%",PLO6,"-699,11"
25/05/2026,114345,Itaypava,None,0,0,"15,6"," R$  15,60 ","0,00%","0,00%","100,00%",PLO6,"-62,25"
25/05/2026,136110,Kenay,None,"2,66",0,"5,95"," R$  8,61 ","30,89%","0,00%","69,11%",PLO6,-89
25/05/2026,172454,pix172454,None,0,"4,9","0,24"," R$  5,14 ","0,00%","95,33%","4,67%",MTT,"-55,3"
25/05/2026,195836,Soyfish10,None,"44,29",2,"16,43"," R$  62,72 ","70,62%","3,19%","26,20%",NLH,"223,71"
25/05/2026,171655,BayHarbor,None,"42,21",0,0," R$  42,21 ","100,00%","0,00%","0,00%",NLH,"-159,73"
25/05/2026,178288,Manoeltevez,None,"12,61",0,0," R$  12,61 ","100,00%","0,00%","0,00%",NLH,-60
25/05/2026,194145,Caua bt,None,"56,92",0,"0,01"," R$  56,93 ","99,98%","0,00%","0,02%",NLH,"14,01"
25/05/2026,196010,JCBET,None,"5,17","29,6",0," R$  34,77 ","14,87%","85,13%","0,00%",MTT,"-51,03"
25/05/2026,106099,MACAXERA,None,0,0,0, R$  -   ,,,,NLH,0
25/05/2026,113682,pix113682,None,0,0,0, R$  -   ,,,,NLH,0
25/05/2026,113915,cubemarta,None,0,0,0, R$  -   ,,,,NLH,0
25/05/2026,122747,pix122747,None,0,"0,9",0," R$  0,90 ","0,00%","100,00%","0,00%",MTT,"-0,01"
25/05/2026,122830,mau ?,None,0,0,0, R$  -   ,,,,NLH,0
25/05/2026,124840,Figueiredo,None,0,0,0, R$  -   ,,,,NLH,0
25/05/2026,126219,mau ??,None,0,0,0, R$  -   ,,,,NLH,"0,64"
25/05/2026,128173,matheusvsm,None,0,"0,2",0," R$  0,20 ","0,00%","100,00%","0,00%",MTT,-2
25/05/2026,135895,yanpaiva,None,0,0,0, R$  -   ,,,,NLH,"1,63"
25/05/2026,139309,deixacupai,None,0,0,0, R$  -   ,,,,NLH,0
25/05/2026,141583,pix141583,None,0,0,0, R$  -   ,,,,NLH,0
25/05/2026,143654,BingaBinga,None,0,0,0, R$  -   ,,,,NLH,"2,31"
25/05/2026,143782,celia184,None,0,0,0, R$  -   ,,,,NLH,0
25/05/2026,146062,pix146062,None,0,"0,6",0," R$  0,60 ","0,00%","100,00%","0,00%",MTT,-6
25/05/2026,147087,pix147087,None,0,0,0, R$  -   ,,,,NLH,0
25/05/2026,147826,pix147826,None,0,0,0, R$  -   ,,,,NLH,0
25/05/2026,148613,pix148613,None,0,0,0, R$  -   ,,,,NLH,0
25/05/2026,151176,Vala Vala,None,0,0,0, R$  -   ,,,,NLH,"4,28"
25/05/2026,156615,Tutubarão83,None,0,"0,4",0," R$  0,40 ","0,00%","100,00%","0,00%",MTT,"-0,64"
25/05/2026,158295,pix158295,None,0,0,0, R$  -   ,,,,NLH,0
25/05/2026,159736,FunEngine,None,0,0,0, R$  -   ,,,,NLH,0
25/05/2026,160298,HenzoGabriel,None,0,0,0, R$  -   ,,,,NLH,0
25/05/2026,162597,pix162597,None,0,0,0, R$  -   ,,,,NLH,0
25/05/2026,162598,pix162598,None,0,0,0, R$  -   ,,,,NLH,0
25/05/2026,165024,pix165024,None,0,"0,1",0," R$  0,10 ","0,00%","100,00%","0,00%",MTT,"-0,49"
25/05/2026,165380,Ghostface,None,0,"13,5",0," R$  13,50 ","0,00%","100,00%","0,00%",MTT,"-53,88"
25/05/2026,172110,JACAREZINHO,None,"0,52",0,0," R$  0,52 ","100,00%","0,00%","0,00%",NLH,-7
25/05/2026,172448,Milgrau,None,0,0,0, R$  -   ,,,,NLH,0
25/05/2026,172478,sir inga,None,0,0,0, R$  -   ,,,,NLH,"8,14"
25/05/2026,173018,pix173018,None,0,0,0, R$  -   ,,,,NLH,0
25/05/2026,173019,pix173019,None,"0,25","0,9",0," R$  1,15 ","21,74%","78,26%","0,00%",MTT,"0,32"
25/05/2026,173020,pix173020,None,0,0,0, R$  -   ,,,,NLH,0
25/05/2026,173743,pix173743,None,0,0,0, R$  -   ,,,,NLH,"0,64"
25/05/2026,177013,Leiguinho,None,0,0,0, R$  -   ,,,,NLH,0
25/05/2026,177067,FCS9,None,0,0,0, R$  -   ,,,,NLH,0
25/05/2026,177176,pix177176,None,0,0,0, R$  -   ,,,,NLH,0
25/05/2026,177257,solovis,None,0,0,0, R$  -   ,,,,NLH,0
25/05/2026,177450,pix177450,None,0,0,0, R$  -   ,,,,NLH,0
25/05/2026,180277,junin.,None,0,0,0, R$  -   ,,,,NLH,0
25/05/2026,181970,3A5T0S,None,0,"0,1",0," R$  0,10 ","0,00%","100,00%","0,00%",MTT,"0,29"
25/05/2026,183156,Leoncio,None,0,0,0, R$  -   ,,,,NLH,0
25/05/2026,183533,pix183533,None,0,"0,2",0," R$  0,20 ","0,00%","100,00%","0,00%",MTT,"-0,89"
25/05/2026,183758,pix183758,None,0,0,"0,97"," R$  0,97 ","0,00%","0,00%","100,00%",PLO6,"-0,69"
25/05/2026,184776,Kilau,None,0,0,0, R$  -   ,,,,NLH,0
25/05/2026,184778,petrolina-Pe,None,0,0,0, R$  -   ,,,,NLH,0
25/05/2026,185392,pix185392,None,0,"0,4",0," R$  0,40 ","0,00%","100,00%","0,00%",MTT,-4
25/05/2026,185699,petrolina,None,0,0,0, R$  -   ,,,,NLH,0
25/05/2026,185701,gato a jato,None,0,"0,1",0," R$  0,10 ","0,00%","100,00%","0,00%",MTT,-1
25/05/2026,187871,pix187871,None,0,0,0, R$  -   ,,,,NLH,0
25/05/2026,188990,Jacke,None,0,0,0, R$  -   ,,,,NLH,0
25/05/2026,189016,Cicinh0,None,0,0,0, R$  -   ,,,,NLH,0
25/05/2026,190020,pix190020,None,0,"0,2",0," R$  0,20 ","0,00%","100,00%","0,00%",MTT,"-1,12"
25/05/2026,190818,lascado,None,0,"0,1",0," R$  0,10 ","0,00%","100,00%","0,00%",MTT,"0,33"
25/05/2026,190895,hugoehm,None,0,0,0, R$  -   ,,,,NLH,0
25/05/2026,191307,EHMM,None,0,0,0, R$  -   ,,,,NLH,0
25/05/2026,192079,Gleristontnt,None,0,0,0, R$  -   ,,,,NLH,0
25/05/2026,192188,Suzana25,None,0,0,0, R$  -   ,,,,NLH,0
25/05/2026,194695,pix194695,None,0,0,0, R$  -   ,,,,NLH,"4,41"
25/05/2026,194706,jojodemel,None,0,"0,2",0," R$  0,20 ","0,00%","100,00%","0,00%",MTT,"-1,27"
25/05/2026,195080,cassiov7,None,"8,03",0,"0,01"," R$  8,04 ","99,88%","0,00%","0,12%",NLH,"-2,86"
25/05/2026,195543,lavx,None,0,0,0, R$  -   ,,,,NLH,0
25/05/2026,195668,FullHaxx,None,0,0,0, R$  -   ,,,,NLH,0
25/05/2026,195800,NiinjaCe,None,0,"10,8",0," R$  10,80 ","0,00%","100,00%","0,00%",MTT,-108
25/05/2026,195810,pix195810,None,0,0,0, R$  -   ,,,,NLH,0
25/05/2026,195872,pix195872,None,0,0,0, R$  -   ,,,,NLH,0
25/05/2026,196032,Chapadinho,None,0,"0,2",0," R$  0,20 ","0,00%","100,00%","0,00%",MTT,"0,38"
25/05/2026,196033,pix196033,None,"0,47",0,"0,28"," R$  0,75 ","62,67%","0,00%","37,33%",NLH,"-0,04"
25/05/2026,196034,pix196034,None,0,0,"0,43"," R$  0,43 ","0,00%","0,00%","100,00%",PLO6,0
25/05/2026,196078,pix196078,None,0,0,0, R$  -   ,,,,NLH,0
25/05/2026,196103,amado Batista,None,"0,54",0,"0,37"," R$  0,91 ","59,34%","0,00%","40,66%",NLH,0
25/05/2026,196144,pix196144,None,0,0,0, R$  -   ,,,,NLH,0
25/05/2026,196211,pix196211,None,0,0,0, R$  -   ,,,,NLH,0
25/05/2026,185931,pix185931,None,"10,92",0,0," R$  10,92 ","100,00%","0,00%","0,00%",NLH,"-45,6"
25/05/2026,174440,Cold4Bet,None,"0,19","2,14",0," R$  2,33 ","8,15%","91,85%","0,00%",MTT,"-10,41"
25/05/2026,194610,pix194610,None,"3,2",0,0," R$  3,20 ","100,00%","0,00%","0,00%",NLH,"-17,76"
25/05/2026,126206,meduza,None,0,"0,1",0," R$  0,10 ","0,00%","100,00%","0,00%",MTT,-1
25/05/2026,141756,WGodoi,None,0,4,0," R$  4,00 ","0,00%","100,00%","0,00%",MTT,"23,31"
25/05/2026,161570,cristianderson,None,0,"0,1",0," R$  0,10 ","0,00%","100,00%","0,00%",MTT,"0,24"
25/05/2026,172698,pix172698,None,0,"0,2",0," R$  0,20 ","0,00%","100,00%","0,00%",MTT,-2
25/05/2026,184263,WRAK,None,0,"0,1",0," R$  0,10 ","0,00%","100,00%","0,00%",MTT,-1
25/05/2026,189912,Lukeides,None,"1,72","0,1",0," R$  1,82 ","94,51%","5,49%","0,00%",NLH,"12,12"
25/05/2026,196141,Seeith,None,0,"0,1",0," R$  0,10 ","0,00%","100,00%","0,00%",MTT,-1
25/05/2026,146249,PintoLokoO,None,0,"6,7",0," R$  6,70 ","0,00%","100,00%","0,00%",MTT,-67
25/05/2026,196176,Denyson luan,None,0,"5,99",0," R$  5,99 ","0,00%","100,00%","0,00%",MTT,"-59,9"
25/05/2026,123102,pix123102,None,0,0,"78,92"," R$  78,92 ","0,00%","0,00%","100,00%",PLO6,-347
25/05/2026,195978,Ibarra_sb,None,0,120,0," R$  120,00 ","0,00%","100,00%","0,00%",MTT,"-539,97"
25/05/2026,109677,rafaelsanntos,None,0,0,"1456,59"," R$  1.456,59 ","0,00%","0,00%","100,00%",PLO6,"-3889,62"
25/05/2026,196189,Tucaloko,None,"2,86",0,0," R$  2,86 ","100,00%","0,00%","0,00%",NLH,-40
25/05/2026,195636,MatheusBorges061,None,"55,6","73,56","30,38"," R$  159,54 ","34,85%","46,11%","19,04%",MTT,"-1059,86"
25/05/2026,106675,AllissonB,None,0,1,0," R$  1,00 ","0,00%","100,00%","0,00%",MTT,-10
25/05/2026,170216,tia naia,None,0,"0,3",0," R$  0,30 ","0,00%","100,00%","0,00%",MTT,"-2,28"
25/05/2026,175565,ébrio,None,0,"0,1",0," R$  0,10 ","0,00%","100,00%","0,00%",MTT,-1
25/05/2026,176462,markin valde,None,0,"0,2",0," R$  0,20 ","0,00%","100,00%","0,00%",MTT,-2
25/05/2026,195473,MiguelCavalcanti,None,"3,68","0,6","3,37"," R$  7,65 ","48,10%","7,84%","44,05%",NLH,"-35,36"
25/05/2026,196191,pix196191,None,0,"1,4",0," R$  1,40 ","0,00%","100,00%","0,00%",MTT,"-8,75"
25/05/2026,103074,L4UR1,None,0,"153,5","172,51"," R$  326,01 ","0,00%","47,08%","52,92%",PLO6,"1385,36"
25/05/2026,174863,Kouzak,None,0,"7,05",0," R$  7,05 ","0,00%","100,00%","0,00%",MTT,"-70,5"
25/05/2026,175017,niserafim,None,0,"2,65",0," R$  2,65 ","0,00%","100,00%","0,00%",MTT,"-26,5"
25/05/2026,180037,pix180037,None,"3,22","0,8","1,58"," R$  5,60 ","57,50%","14,29%","28,21%",NLH,"-0,36"
25/05/2026,194757,Wellington Ramon,None,0,0,"7,73"," R$  7,73 ","0,00%","0,00%","100,00%",PLO6,"29,57"
25/05/2026,106660,osj261067,None,0,0,0, R$  -   ,,,,NLH,0
25/05/2026,107336,slawer,None,0,0,0, R$  -   ,,,,NLH,0
25/05/2026,114522,GuerraPqd,None,0,0,0, R$  -   ,,,,NLH,0
25/05/2026,115711,IR ???,None,0,0,0, R$  -   ,,,,NLH,"0,61"
25/05/2026,120955,pix120955,None,0,0,0, R$  -   ,,,,NLH,0
25/05/2026,123058,pix123058,None,0,0,0, R$  -   ,,,,NLH,0
25/05/2026,124306,punicaoalimpers,None,0,0,0, R$  -   ,,,,NLH,0
25/05/2026,124391,veraluciafar,None,0,0,0, R$  -   ,,,,NLH,"0,73"
25/05/2026,124401,killthemall,None,0,0,0, R$  -   ,,,,NLH,0
25/05/2026,124409,camisa7,None,0,0,0, R$  -   ,,,,NLH,"0,51"
25/05/2026,124413,catrupe,None,0,0,0, R$  -   ,,,,NLH,"1,62"
25/05/2026,124444,jubileu333,None,0,0,0, R$  -   ,,,,NLH,"1,6"
25/05/2026,124454,20mata,None,0,0,0, R$  -   ,,,,NLH,0
25/05/2026,124461,obaralhao,None,0,0,0, R$  -   ,,,,NLH,0
25/05/2026,124630,fungonaunha,None,0,"0,1",0," R$  0,10 ","0,00%","100,00%","0,00%",MTT,"2,76"
25/05/2026,124634,filmetriste,None,0,0,0, R$  -   ,,,,NLH,"0,64"
25/05/2026,134373,fio bao,None,0,0,0, R$  -   ,,,,NLH,0
25/05/2026,140920,Nunes06,None,0,0,0, R$  -   ,,,,NLH,0
25/05/2026,141774,pix141774,None,0,0,0, R$  -   ,,,,NLH,0
25/05/2026,146295,pix146295,None,0,0,0, R$  -   ,,,,NLH,0
25/05/2026,153455,Scalybu,None,0,0,0, R$  -   ,,,,NLH,0
25/05/2026,153798,Fake.Bob,None,0,"0,7",0," R$  0,70 ","0,00%","100,00%","0,00%",MTT,"31,78"
25/05/2026,158564,AKQJ10,None,0,0,0, R$  -   ,,,,NLH,0
25/05/2026,160410,aquarela,None,0,0,0, R$  -   ,,,,NLH,0
25/05/2026,161629,andrezin02,None,0,0,0, R$  -   ,,,,NLH,0
25/05/2026,161631,Andrezin01,None,0,0,0, R$  -   ,,,,NLH,0
25/05/2026,161651,pix161651,None,0,0,0, R$  -   ,,,,NLH,0
25/05/2026,161653,top1,None,0,0,0, R$  -   ,,,,NLH,0
25/05/2026,162797,gabbifm33,None,0,0,0, R$  -   ,,,,NLH,0
25/05/2026,164085,DrawingDead,None,0,0,0, R$  -   ,,,,NLH,0
25/05/2026,166808,vip 166808,None,0,0,0, R$  -   ,,,,NLH,0
25/05/2026,167219,cykmi,None,0,0,0, R$  -   ,,,,NLH,0
25/05/2026,170783,Galego de Nanai ?,None,0,0,0, R$  -   ,,,,NLH,0
25/05/2026,171995,pix171995,None,"0,15","3,9","6,83"," R$  10,88 ","1,38%","35,85%","62,78%",PLO6,0
25/05/2026,172160,Luizzzeraaa,None,0,0,0, R$  -   ,,,,NLH,0
25/05/2026,172462,melll577,None,0,0,0, R$  -   ,,,,NLH,0
25/05/2026,175419,Exmoke13,None,0,0,0, R$  -   ,,,,NLH,0
25/05/2026,175564,ONLSZN,None,0,0,0, R$  -   ,,,,NLH,0
25/05/2026,177167,MrBabayaga,None,0,0,0, R$  -   ,,,,NLH,0
25/05/2026,178561,Gi Genesini,None,0,0,0, R$  -   ,,,,NLH,"1,33"
25/05/2026,178690,Synergye,None,0,0,0, R$  -   ,,,,NLH,0
25/05/2026,181557,_L4jus_,None,0,0,0, R$  -   ,,,,NLH,0
25/05/2026,182075,joao.m12,None,0,0,0, R$  -   ,,,,NLH,0
25/05/2026,182216,Xinxa Da Cebola,None,0,"0,1",0," R$  0,10 ","0,00%","100,00%","0,00%",MTT,"1,19"
25/05/2026,182710,pix182710,None,"1,25","0,1",0," R$  1,35 ","92,59%","7,41%","0,00%",NLH,"-1,16"
25/05/2026,183339,mugthebest,None,0,0,"0,28"," R$  0,28 ","0,00%","0,00%","100,00%",PLO6,-4
25/05/2026,184953,chiquinho,None,0,"0,1",0," R$  0,10 ","0,00%","100,00%","0,00%",MTT,"0,27"
25/05/2026,186904,pix186904,None,0,0,0, R$  -   ,,,,NLH,0
25/05/2026,186907,pix186907,None,0,0,0, R$  -   ,,,,NLH,0
25/05/2026,190884,bezzera11,None,0,0,0, R$  -   ,,,,NLH,0
25/05/2026,191714,svki,None,0,"0,1",0," R$  0,10 ","0,00%","100,00%","0,00%",MTT,-1
25/05/2026,192368,Dc07,None,"0,84",1,"4,11"," R$  5,95 ","14,12%","16,81%","69,08%",PLO6,"-36,55"
25/05/2026,194315,pix194315,None,0,"0,2",0," R$  0,20 ","0,00%","100,00%","0,00%",MTT,"-0,73"
25/05/2026,194835,Gladiador2026,None,0,0,0, R$  -   ,,,,NLH,0
25/05/2026,194836,Ester2026,None,0,0,0, R$  -   ,,,,NLH,0
25/05/2026,194837,Gatuno,None,0,0,0, R$  -   ,,,,NLH,0
25/05/2026,195168,cabral23,None,0,0,0, R$  -   ,,,,NLH,0
25/05/2026,195608,vick444,None,0,"0,7",0," R$  0,70 ","0,00%","100,00%","0,00%",MTT,-7
25/05/2026,195620,vertmont,None,"1,45",0,0," R$  1,45 ","100,00%","0,00%","0,00%",NLH,"-0,75"
25/05/2026,195899,pix195899,None,0,0,0, R$  -   ,,,,NLH,0
25/05/2026,195900,pix195900,None,0,0,0, R$  -   ,,,,NLH,0
25/05/2026,195901,pix195901,None,0,0,0, R$  -   ,,,,NLH,0
25/05/2026,195902,pix195902,None,0,"0,1",0," R$  0,10 ","0,00%","100,00%","0,00%",MTT,"0,6"
25/05/2026,195904,pix195904,None,0,0,0, R$  -   ,,,,NLH,0
25/05/2026,195983,cearense,None,"0,22",0,0," R$  0,22 ","100,00%","0,00%","0,00%",NLH,"1,19"
25/05/2026,195984,tico tico,None,0,"0,1",0," R$  0,10 ","0,00%","100,00%","0,00%",MTT,"0,46"
25/05/2026,195985,xebiu,None,0,"0,1",0," R$  0,10 ","0,00%","100,00%","0,00%",MTT,"0,22"
25/05/2026,196214,pix196214,None,0,0,0, R$  -   ,,,,NLH,0
25/05/2026,196219,pix196219,None,0,0,0, R$  -   ,,,,NLH,0
25/05/2026,196220,pix196220,None,0,0,0, R$  -   ,,,,NLH,0
25/05/2026,174582,pix174582,None,0,"3,2",0," R$  3,20 ","0,00%","100,00%","0,00%",MTT,"70,69"
25/05/2026,194973,wolf777,None,0,0,"88,63"," R$  88,63 ","0,00%","0,00%","100,00%",PLO6,"-7,79"
25/05/2026,195582,pix195582,None,"0,43",15,0," R$  15,43 ","2,79%","97,21%","0,00%",MTT,"-178,95"
25/05/2026,125132,williannuts,None,0,"1,2",0," R$  1,20 ","0,00%","100,00%","0,00%",MTT,-12
25/05/2026,108574,Nery,None,"10,76",0,"0,3"," R$  11,06 ","97,29%","0,00%","2,71%",NLH,"-91,94"
25/05/2026,172033,pix172033,None,"20,37",0,0," R$  20,37 ","100,00%","0,00%","0,00%",NLH,"-96,77"
25/05/2026,195789,lucas021,None,"1,19",0,0," R$  1,19 ","100,00%","0,00%","0,00%",NLH,-13
25/05/2026,150541,MaldsNeto,None,0,"3,5",0," R$  3,50 ","0,00%","100,00%","0,00%",MTT,"70,12"
25/05/2026,164056,TR34,None,0,"0,3",0," R$  0,30 ","0,00%","100,00%","0,00%",MTT,-3
25/05/2026,106148,migué,None,0,0,0, R$  -   ,,,,NLH,0
25/05/2026,143199,Trobertom33,None,0,0,0, R$  -   ,,,,NLH,0
25/05/2026,143201,TR33,None,0,0,0, R$  -   ,,,,NLH,0
25/05/2026,156257,TAINANPAZ,None,0,"1,7",0," R$  1,70 ","0,00%","100,00%","0,00%",MTT,"-15,92"
25/05/2026,161737,ABSOLUT,None,"0,23","0,9",0," R$  1,13 ","20,35%","79,65%","0,00%",MTT,"1,58"
25/05/2026,161802,Thiagom33,None,0,0,0, R$  -   ,,,,NLH,0
25/05/2026,161804,ThiagoMR,None,0,0,0, R$  -   ,,,,NLH,0
25/05/2026,161805,pix161805,None,0,0,0, R$  -   ,,,,NLH,0
25/05/2026,162035,ELQQ,None,0,0,0, R$  -   ,,,,NLH,0
25/05/2026,163027,pix163027,None,0,"0,1",0," R$  0,10 ","0,00%","100,00%","0,00%",MTT,"0,08"
25/05/2026,166767,calleri?,None,0,4,"2,5"," R$  6,50 ","0,00%","61,54%","38,46%",MTT,"9,27"
25/05/2026,169526,soniamgfm2,None,0,0,0, R$  -   ,,,,NLH,0
25/05/2026,170099,Alexandre fm,None,0,0,0, R$  -   ,,,,NLH,"5,83"
25/05/2026,170218,chicoo,None,0,0,0, R$  -   ,,,,NLH,"0,93"
25/05/2026,172402,JonJones,None,0,0,0, R$  -   ,,,,NLH,"0,75"
25/05/2026,178194,Vini_Baralhao,None,0,0,0, R$  -   ,,,,NLH,0
25/05/2026,179788,th200,None,0,0,"0,24"," R$  0,24 ","0,00%","0,00%","100,00%",PLO6,"-0,06"
25/05/2026,181418,pix181418,None,0,0,0, R$  -   ,,,,NLH,0
25/05/2026,187607,pix187607,None,0,0,0, R$  -   ,,,,NLH,"14,61"
25/05/2026,192223,pix192223,None,0,0,0, R$  -   ,,,,NLH,0
25/05/2026,193740,pix193740,None,0,0,"7,68"," R$  7,68 ","0,00%","0,00%","100,00%",PLO6,"2,19"
25/05/2026,193767,pix193767,None,0,0,0, R$  -   ,,,,NLH,0
25/05/2026,193994,moído,None,0,"16,1",0," R$  16,10 ","0,00%","100,00%","0,00%",MTT,"-159,71"
25/05/2026,195591,djenos,None,0,"0,5",0," R$  0,50 ","0,00%","100,00%","0,00%",MTT,-5
25/05/2026,104290,DEMALLE,None,0,3,"141,03"," R$  144,03 ","0,00%","2,08%","97,92%",PLO6,28
25/05/2026,196196,brinha007,None,0,0,"1,18"," R$  1,18 ","0,00%","0,00%","100,00%",PLO6,-10
25/05/2026,118252,Polarizado,None,"8,15",0,0," R$  8,15 ","100,00%","0,00%","0,00%",NLH,"-9,02"
25/05/2026,123911,IAGODT,None,"7,02",0,0," R$  7,02 ","100,00%","0,00%","0,00%",NLH,"-32,04"
25/05/2026,124742,willianpix,None,"0,92",0,"2,18"," R$  3,10 ","29,68%","0,00%","70,32%",PLO6,"-15,08"
25/05/2026,140783,PadriNN,None,"9,63",0,0," R$  9,63 ","100,00%","0,00%","0,00%",NLH,"31,41"
25/05/2026,195642,Diogo.D.J,None,"8,33","4,8",0," R$  13,13 ","63,44%","36,56%","0,00%",NLH,"-19,08"
25/05/2026,195994,pix195994,None,"3,23",0,0," R$  3,23 ","100,00%","0,00%","0,00%",NLH,-32
25/05/2026,196224,warcob,None,"2,75","0,3",0," R$  3,05 ","90,16%","9,84%","0,00%",NLH,-15
25/05/2026,148825,pix148825,None,"1,23",0,"43,44"," R$  44,67 ","2,75%","0,00%","97,25%",PLO6,"-400,22"
25/05/2026,170935,já show,None,"0,79",0,0," R$  0,79 ","100,00%","0,00%","0,00%",NLH,"29,15"
25/05/2026,176024,Maxpix,None,"101,9",0,"1,93"," R$  103,83 ","98,14%","0,00%","1,86%",NLH,-540
25/05/2026,182555,jogador01,None,"44,39",0,0," R$  44,39 ","100,00%","0,00%","0,00%",NLH,30
25/05/2026,183823,pix183823,None,"21,8",0,"2,23"," R$  24,03 ","90,72%","0,00%","9,28%",NLH,-100
25/05/2026,195344,P3scAAdor,None,"130,96",0,0," R$  130,96 ","100,00%","0,00%","0,00%",NLH,"376,69"
25/05/2026,196003,pix196003,None,"13,57",0,0," R$  13,57 ","100,00%","0,00%","0,00%",NLH,"-11,38"
25/05/2026,196184,pix196184,None,"120,85",0,"5,15"," R$  126,00 ","95,91%","0,00%","4,09%",NLH,"-353,77"
25/05/2026,196228,Wueslis,None,"11,93",0,0," R$  11,93 ","100,00%","0,00%","0,00%",NLH,-98
25/05/2026,141286,pix141286,None,"57,09",0,0," R$  57,09 ","100,00%","0,00%","0,00%",NLH,"-30,64"
25/05/2026,147247,oficial,None,"104,32",0,"0,23"," R$  104,55 ","99,78%","0,00%","0,22%",NLH,"-188,27"
25/05/2026,157010,JorgeSousa,None,"0,13","3,1","1,05"," R$  4,28 ","3,04%","72,43%","24,53%",MTT,"-38,33"
25/05/2026,192148,pix192148,None,0,"1,2","4,3"," R$  5,50 ","0,00%","21,82%","78,18%",PLO6,"-0,82"
25/05/2026,195849,gilmarbala,None,"7,97","1,8","49,93"," R$  59,70 ","13,35%","3,02%","83,63%",PLO6,"-150,42"
25/05/2026,195970,matheusollv,None,0,0,"4,41"," R$  4,41 ","0,00%","0,00%","100,00%",PLO6,-30
25/05/2026,146056,Luizabraba,None,0,"100,5","4,49"," R$  104,99 ","0,00%","95,72%","4,28%",MTT,"4850,9"
25/05/2026,193218,box405,None,0,0,"4,08"," R$  4,08 ","0,00%","0,00%","100,00%",PLO6,-40
25/05/2026,133866,Zé Ian,None,0,"3,5",0," R$  3,50 ","0,00%","100,00%","0,00%",MTT,-35
25/05/2026,155624,txinhaPK,None,"8,22","1,3",0," R$  9,52 ","86,34%","13,66%","0,00%",NLH,"61,96"
25/05/2026,196201,pix196201,None,"25,45",0,"344,24"," R$  369,69 ","6,88%","0,00%","93,12%",PLO6,"-1936,73"
25/05/2026,196058,DavidFloyd,None,0,"6,6",0," R$  6,60 ","0,00%","100,00%","0,00%",MTT,"-64,88"
25/05/2026,103255,pix103255,None,0,0,0, R$  -   ,,,,NLH,0
25/05/2026,110683,Muriele Vieira,None,0,0,0, R$  -   ,,,,NLH,"0,88"
25/05/2026,115802,Nauersiq,None,0,0,0, R$  -   ,,,,NLH,"3,5"
25/05/2026,133054,RamonRTG,None,0,"0,1",0," R$  0,10 ","0,00%","100,00%","0,00%",MTT,"0,6"
25/05/2026,144081,Wender ws,None,0,0,0, R$  -   ,,,,NLH,0
25/05/2026,162591,pix162591,None,0,0,0, R$  -   ,,,,NLH,0
25/05/2026,165121,matador,None,0,0,0, R$  -   ,,,,NLH,0
25/05/2026,165366,biel22k,None,0,"0,1",0," R$  0,10 ","0,00%","100,00%","0,00%",MTT,"0,11"
25/05/2026,171178,JeessiQueiroz,None,0,0,0, R$  -   ,,,,NLH,0
25/05/2026,176746,Mark Ivey,None,0,0,"0,61"," R$  0,61 ","0,00%","0,00%","100,00%",PLO6,"-0,08"
25/05/2026,177922,É o Galo ?,None,0,0,0, R$  -   ,,,,NLH,0
25/05/2026,178556,Sajaum,None,0,0,0, R$  -   ,,,,NLH,0
25/05/2026,178557,Grazi Mourão ?,None,0,0,0, R$  -   ,,,,NLH,0
25/05/2026,178559,Agnes Nunes,None,0,0,0, R$  -   ,,,,NLH,"1,49"
25/05/2026,180375,LCS13BR,None,0,0,0, R$  -   ,,,,NLH,"1,33"
25/05/2026,183499,pix183499,None,0,0,0, R$  -   ,,,,NLH,0
25/05/2026,189281,pix189281,None,0,0,0, R$  -   ,,,,NLH,0
25/05/2026,195492,JalinRABEI,None,0,0,0, R$  -   ,,,,NLH,0
25/05/2026,195986,carlos Johnson,None,0,0,0, R$  -   ,,,,NLH,0
25/05/2026,196036,pix196036,None,0,0,0, R$  -   ,,,,NLH,"1,08"
25/05/2026,196110,pix196110,None,"0,42","0,1",0," R$  0,52 ","80,77%","19,23%","0,00%",NLH,"0,01"
25/05/2026,196111,pix196111,None,0,0,0, R$  -   ,,,,NLH,0
25/05/2026,196225,pix196225,None,0,0,0, R$  -   ,,,,NLH,0
25/05/2026,196226,pix196226,None,0,0,0, R$  -   ,,,,NLH,0
25/05/2026,196227,pix196227,None,0,0,0, R$  -   ,,,,NLH,0
25/05/2026,196234,pix196234,None,0,"1,5","2,99"," R$  4,49 ","0,00%","33,41%","66,59%",PLO6,"-17,91"
25/05/2026,165365,Gabriel22k,None,0,"0,3","5,97"," R$  6,27 ","0,00%","4,78%","95,22%",PLO6,"-2,26"
25/05/2026,173171,WMK,None,"6,77",16,0," R$  22,77 ","29,73%","70,27%","0,00%",MTT,"152,16"
25/05/2026,193624,pix193624,None,0,"0,1",0," R$  0,10 ","0,00%","100,00%","0,00%",MTT,-1
25/05/2026,196150,mago AA,None,0,5,0," R$  5,00 ","0,00%","100,00%","0,00%",MTT,"3,68"
25/05/2026,193289,NaN_,None,0,0,"1,95"," R$  1,95 ","0,00%","0,00%","100,00%",PLO6,-25
25/05/2026,177777,AVIÃOsemASA,None,"25,48",0,0," R$  25,48 ","100,00%","0,00%","0,00%",NLH,-38
25/05/2026,119399,pix119399,None,"0,44","2,1",0," R$  2,54 ","17,32%","82,68%","0,00%",MTT,"-2,59"
25/05/2026,129753,FabioAlpha,None,0,3,0," R$  3,00 ","0,00%","100,00%","0,00%",MTT,-30
25/05/2026,101757,Colares9,None,"0,37",0,0," R$  0,37 ","100,00%","0,00%","0,00%",NLH,-6
25/05/2026,171194,pix171194,None,"3,97",0,0," R$  3,97 ","100,00%","0,00%","0,00%",NLH,"8,85"
25/05/2026,177899,vradar,None,"0,47",0,0," R$  0,47 ","100,00%","0,00%","0,00%",NLH,"-0,12"
25/05/2026,190249,K.F NUTZ,None,"0,78","0,4",0," R$  1,18 ","66,10%","33,90%","0,00%",NLH,-9
25/05/2026,195639,pix195639,None,"4,34",0,0," R$  4,34 ","100,00%","0,00%","0,00%",NLH,-65
25/05/2026,119980,Tavarada,None,"1,07","0,7",0," R$  1,77 ","60,45%","39,55%","0,00%",NLH,"-7,53"
25/05/2026,125040,Mércia,None,0,0,0, R$  -   ,,,,NLH,0
25/05/2026,130313,RoqueSantos,None,0,0,0, R$  -   ,,,,NLH,0
25/05/2026,135400,Mercia09,None,0,0,0, R$  -   ,,,,NLH,0
25/05/2026,144033,pixLV,None,0,0,0, R$  -   ,,,,NLH,0
25/05/2026,145320,pix145320,None,0,0,0, R$  -   ,,,,NLH,0
25/05/2026,149942,Romulets,None,0,0,0, R$  -   ,,,,NLH,0
25/05/2026,160495,gmorett,None,0,0,0, R$  -   ,,,,NLH,0
25/05/2026,165346,pix165346,None,0,0,0, R$  -   ,,,,NLH,0
25/05/2026,171217,xLordRandall,None,0,3,0," R$  3,00 ","0,00%","100,00%","0,00%",MTT,-30
25/05/2026,175847,JoãodeQuinca,None,0,0,0, R$  -   ,,,,NLH,0
25/05/2026,176309,Moabe10,None,0,"0,1",0," R$  0,10 ","0,00%","100,00%","0,00%",MTT,-1
25/05/2026,176798,JanildodoAA,None,0,"0,1",0," R$  0,10 ","0,00%","100,00%","0,00%",MTT,-1
25/05/2026,180211,pix180211,None,0,0,0, R$  -   ,,,,NLH,0
25/05/2026,181574,Caroline 01,None,0,0,0, R$  -   ,,,,NLH,0
25/05/2026,181996,pix181996,None,0,0,0, R$  -   ,,,,NLH,0
25/05/2026,185697,levigbrl,None,0,0,0, R$  -   ,,,,NLH,0
25/05/2026,185700,BISAQUE,None,0,0,0, R$  -   ,,,,NLH,0
25/05/2026,186748,Mulherdomeumarido33,None,"1,11",0,0," R$  1,11 ","100,00%","0,00%","0,00%",NLH,"-10,56"
25/05/2026,187062,chacal$74,None,0,"0,1",0," R$  0,10 ","0,00%","100,00%","0,00%",MTT,-1
25/05/2026,189662,Kabulozo,None,0,0,0, R$  -   ,,,,NLH,0
25/05/2026,191492,charles Thierry,None,0,0,0, R$  -   ,,,,NLH,0
25/05/2026,193239,hopee_poker,None,0,0,0, R$  -   ,,,,NLH,"2,79"
25/05/2026,193437,pix193437,None,0,0,0, R$  -   ,,,,NLH,0
25/05/2026,194366,Buhaiov,None,0,0,0, R$  -   ,,,,NLH,0
25/05/2026,195490,Nelsoncaminhões,None,0,0,0, R$  -   ,,,,NLH,0
25/05/2026,195987,primo do mardoni,None,0,0,0, R$  -   ,,,,NLH,"0,61"
25/05/2026,196035,pix196035,None,0,0,0, R$  -   ,,,,NLH,"1,26"
25/05/2026,196236,AlphaJG007,None,0,0,0, R$  -   ,,,,NLH,0
25/05/2026,196237,pix196237,None,0,0,0, R$  -   ,,,,NLH,"1,27"
25/05/2026,193991,Lagarto,None,0,"4,24","25,1"," R$  29,34 ","0,00%","14,45%","85,55%",PLO6,"-54,93"
25/05/2026,132945,k99999,None,"37,08","121,1","1,53"," R$  159,71 ","23,22%","75,82%","0,96%",MTT,"69,93"
25/05/2026,101709,pix101709,None,0,0,0, R$  -   ,,,,NLH,0
25/05/2026,149578,atrevido2,None,0,"0,1",0," R$  0,10 ","0,00%","100,00%","0,00%",MTT,"0,03"
25/05/2026,159745,pix159745,None,0,0,0, R$  -   ,,,,NLH,0
25/05/2026,160412,pix160412,None,0,0,0, R$  -   ,,,,NLH,0
25/05/2026,165742,dedinhacatia,None,0,0,0, R$  -   ,,,,NLH,0
25/05/2026,184773,pix184773,None,0,0,0, R$  -   ,,,,NLH,0
25/05/2026,189042,juannito,None,0,0,0, R$  -   ,,,,NLH,0
25/05/2026,190974,pix190974,None,0,0,0, R$  -   ,,,,NLH,0
25/05/2026,190975,jully2915,None,0,0,0, R$  -   ,,,,NLH,0
25/05/2026,193021,pix193021,None,0,0,0, R$  -   ,,,,NLH,0
25/05/2026,193281,novocel,None,0,0,0, R$  -   ,,,,NLH,0
25/05/2026,193282,pix193282,None,0,0,0, R$  -   ,,,,NLH,0
25/05/2026,193283,pix193283,None,0,0,0, R$  -   ,,,,NLH,0
25/05/2026,193741,minhapicatotentando,None,0,0,0, R$  -   ,,,,NLH,0
25/05/2026,194198,duplo malte,None,0,0,0, R$  -   ,,,,NLH,0
25/05/2026,106982,jeansley,None,0,"23,7","47,98"," R$  71,68 ","0,00%","33,06%","66,94%",PLO6,"423,25"
25/05/2026,176420,JFassessoria,None,"0,51","9,6",0," R$  10,11 ","5,04%","94,96%","0,00%",MTT,"-102,57"
25/05/2026,171661,joseneto77,None,0,0,"1,34"," R$  1,34 ","0,00%","0,00%","100,00%",PLO6,0
25/05/2026,172233,Neto Sousa,None,"6,56",0,"2,22"," R$  8,78 ","74,72%","0,00%","25,28%",NLH,"-2,89"
25/05/2026,118141,mozo,None,"3,51",0,0," R$  3,51 ","100,00%","0,00%","0,00%",NLH,-30
25/05/2026,141006,pix141006,None,"2,29","13,5","19,33"," R$  35,12 ","6,52%","38,44%","55,04%",PLO6,-157
25/05/2026,180914,Rafael Garcia,None,"5,06","38,5",0," R$  43,56 ","11,62%","88,38%","0,00%",MTT,"-287,78"
25/05/2026,195578,gessica,None,"19,25",0,0," R$  19,25 ","100,00%","0,00%","0,00%",NLH,"59,04"
25/05/2026,196222,matteusf15,None,"2,23",0,"0,01"," R$  2,24 ","99,55%","0,00%","0,45%",NLH,-20
25/05/2026,196178,policiaBOPE,None,"67,42","92,4","31,07"," R$  190,89 ","35,32%","48,40%","16,28%",MTT,"-429,4"
25/05/2026,196240,pix196240,None,0,0,"1,39"," R$  1,39 ","0,00%","0,00%","100,00%",PLO6,-20
25/05/2026,159264,AKaçapa,None,0,0,"22,01"," R$  22,01 ","0,00%","0,00%","100,00%",PLO6,-60
25/05/2026,195768,pix195768,None,"10,79",0,0," R$  10,79 ","100,00%","0,00%","0,00%",NLH,-100
25/05/2026,196244,pix196244,None,0,0,"54,69"," R$  54,69 ","0,00%","0,00%","100,00%",PLO6,200
25/05/2026,146666,Rodrigo chavez,None,"12,41",0,0," R$  12,41 ","100,00%","0,00%","0,00%",NLH,-30
25/05/2026,164086,Edigarjr,None,"41,53",0,"6,67"," R$  48,20 ","86,16%","0,00%","13,84%",NLH,"-208,35"
25/05/2026,195671,terroristadopoker,None,"162,2",0,0," R$  162,20 ","100,00%","0,00%","0,00%",NLH,"-239,4"
25/05/2026,196168,Ruin de quita,None,"178,62",1,"15,97"," R$  195,59 ","91,32%","0,51%","8,17%",NLH,-154
25/05/2026,152009,NsMM,None,"1,51",0,0," R$  1,51 ","100,00%","0,00%","0,00%",NLH,"-3,98"
25/05/2026,163654,zanalice,None,"2,5",0,0," R$  2,50 ","100,00%","0,00%","0,00%",NLH,"14,68"
25/05/2026,117406,Guimarães,None,0,0,0, R$  -   ,,,,NLH,0
25/05/2026,150638,Wanessa CAM,None,0,0,0, R$  -   ,,,,NLH,0
25/05/2026,166613,pix166613,None,0,0,0, R$  -   ,,,,NLH,0
25/05/2026,169778,pix169778,None,0,0,0, R$  -   ,,,,NLH,0
25/05/2026,172016,pix172016,None,0,0,0, R$  -   ,,,,NLH,0
25/05/2026,172026,pix172026,None,0,0,0, R$  -   ,,,,NLH,"0,64"
25/05/2026,173125,SANTOS21,None,0,0,0, R$  -   ,,,,NLH,0
25/05/2026,173780,pix173780,None,0,0,0, R$  -   ,,,,NLH,0
25/05/2026,174471,TINANAN,None,0,0,0, R$  -   ,,,,NLH,0
25/05/2026,174473,Marcos De Neuma,None,0,0,0, R$  -   ,,,,NLH,"0,6"
25/05/2026,174474,Antoin De Nestor,None,0,0,0, R$  -   ,,,,NLH,0
25/05/2026,174477,pix174477,None,0,0,0, R$  -   ,,,,NLH,"0,64"
25/05/2026,180212,reidoflop,None,0,0,0, R$  -   ,,,,NLH,0
25/05/2026,182217,pix182217,None,0,0,0, R$  -   ,,,,NLH,0
25/05/2026,186329,gabrielmnds,None,0,0,0, R$  -   ,,,,NLH,"17,23"
25/05/2026,189082,luketa_,None,0,0,0, R$  -   ,,,,NLH,0
25/05/2026,195248,enzoJJ,None,0,0,0, R$  -   ,,,,NLH,0
25/05/2026,196106,Bob esp0nja,None,0,"0,1",0," R$  0,10 ","0,00%","100,00%","0,00%",MTT,"0,33"
25/05/2026,196107,Chico pezão,None,0,0,0, R$  -   ,,,,NLH,0
25/05/2026,196108,pix196108,None,0,0,0, R$  -   ,,,,NLH,0
25/05/2026,196109,pix196109,None,0,0,0, R$  -   ,,,,NLH,0
25/05/2026,196241,pix196241,None,0,0,0, R$  -   ,,,,NLH,0
25/05/2026,196242,pix196242,None,0,0,0, R$  -   ,,,,NLH,0
25/05/2026,196243,pix196243,None,0,0,0, R$  -   ,,,,NLH,0
25/05/2026,196245,pix196245,None,0,0,0, R$  -   ,,,,NLH,0
25/05/2026,196246,pix196246,None,0,0,0, R$  -   ,,,,NLH,0
25/05/2026,193748,jvlcosta,None,0,0,"12,46"," R$  12,46 ","0,00%","0,00%","100,00%",PLO6,-100
25/05/2026,196142,gracianovéi,None,"1,6","1,1",0," R$  2,70 ","59,26%","40,74%","0,00%",NLH,-27
25/05/2026,156683,OhDantas,None,"3,06",1,0," R$  4,06 ","75,37%","24,63%","0,00%",NLH,"23,39"
25/05/2026,178919,pix178919,None,0,"13,6",0," R$  13,60 ","0,00%","100,00%","0,00%",MTT,-136
25/05/2026,196250,pix196250,None,"3,58","3,3",0," R$  6,88 ","52,03%","47,97%","0,00%",NLH,"-69,58"
25/05/2026,125929,Riih,None,0,"0,1",0," R$  0,10 ","0,00%","100,00%","0,00%",MTT,-1
25/05/2026,165324,Polegar,None,0,"0,1",0," R$  0,10 ","0,00%","100,00%","0,00%",MTT,-1
25/05/2026,192767,Mobubuzu,None,0,"2,5",0," R$  2,50 ","0,00%","100,00%","0,00%",MTT,-25
25/05/2026,152235,namastê!,None,0,0,"15,83"," R$  15,83 ","0,00%","0,00%","100,00%",PLO6,-147
25/05/2026,107029,SrNunes,None,"0,87",2,0," R$  2,87 ","30,31%","69,69%","0,00%",MTT,"-21,55"
25/05/2026,151057,Beto $alada,None,0,"3,6",0," R$  3,60 ","0,00%","100,00%","0,00%",MTT,-36
25/05/2026,148734,leleco,None,"0,54","3,95","0,27"," R$  4,76 ","11,34%","82,98%","5,67%",MTT,"-51,5"
25/05/2026,193337,vdk7,None,"1,77","1,3",0," R$  3,07 ","57,65%","42,35%","0,00%",NLH,"-6,57"
25/05/2026,141672,pix141672,None,0,0,0, R$  -   ,,,,NLH,0
25/05/2026,148477,eleitor do lula,None,0,0,0, R$  -   ,,,,NLH,0
25/05/2026,156935,pix156935,None,0,0,"152,59"," R$  152,59 ","0,00%","0,00%","100,00%",PLO6,"-455,45"
25/05/2026,162065,pix162065,None,0,0,0, R$  -   ,,,,NLH,0
25/05/2026,169796,pix169796,None,0,0,0, R$  -   ,,,,NLH,0
25/05/2026,171387,pix171387,None,0,0,0, R$  -   ,,,,NLH,0
25/05/2026,171388,pix171388,None,0,0,0, R$  -   ,,,,NLH,0
25/05/2026,177691,pix177691,None,0,0,0, R$  -   ,,,,NLH,0
25/05/2026,179417,pix179417,None,0,0,0, R$  -   ,,,,NLH,0
25/05/2026,179757,zorrokkk,None,0,0,0, R$  -   ,,,,NLH,0
25/05/2026,180282,pixmaicon,None,0,0,0, R$  -   ,,,,NLH,0
25/05/2026,180519,renatorusso,None,0,0,"0,71"," R$  0,71 ","0,00%","0,00%","100,00%",PLO6,0
25/05/2026,180523,psao7608,None,0,0,0, R$  -   ,,,,NLH,0
25/05/2026,180674,Lumesmo ?,None,0,0,0, R$  -   ,,,,NLH,0
25/05/2026,185426,pix185426,None,0,"0,2",0," R$  0,20 ","0,00%","100,00%","0,00%",MTT,"-1,14"
25/05/2026,186056,pix186056,None,0,"0,1",0," R$  0,10 ","0,00%","100,00%","0,00%",MTT,-1
25/05/2026,190568,pix190568,None,0,0,0, R$  -   ,,,,NLH,0
25/05/2026,190902,pix190902,None,0,0,0, R$  -   ,,,,NLH,0
25/05/2026,192149,pix192149,None,0,0,0, R$  -   ,,,,NLH,0
25/05/2026,193564,Alison pires,None,0,0,0, R$  -   ,,,,NLH,0
25/05/2026,172688,pix172688,None,"26,82",0,0," R$  26,82 ","100,00%","0,00%","0,00%",NLH,-50
25/05/2026,175608,pix175608,None,0,"2,8",0," R$  2,80 ","0,00%","100,00%","0,00%",MTT,-28
25/05/2026,155126,NeiLeite,None,"2,47",1,0," R$  3,47 ","71,18%","28,82%","0,00%",NLH,"-32,14"
25/05/2026,155798,LampiãoMCZ,None,0,0,"191,74"," R$  191,74 ","0,00%","0,00%","100,00%",PLO6,-551
25/05/2026,173771,Doadordeficha,None,"2,23",0,"4,61"," R$  6,84 ","32,60%","0,00%","67,40%",PLO6,-50
25/05/2026,195920,decaranunca,None,"1,52",0,"22,81"," R$  24,33 ","6,25%","0,00%","93,75%",PLO6,-170
25/05/2026,196266,pix196266,None,"7,07","24,2","26,93"," R$  58,20 ","12,15%","41,58%","46,27%",PLO6,-399
25/05/2026,161620,???,None,"22,54",0,"19,57"," R$  42,11 ","53,53%","0,00%","46,47%",NLH,168
25/05/2026,171898,matheus rocha,None,"4,24","0,5",0," R$  4,74 ","89,45%","10,55%","0,00%",NLH,"-30,13"
25/05/2026,195784,alexxx,None,"1,34",0,0," R$  1,34 ","100,00%","0,00%","0,00%",NLH,"-18,6"
25/05/2026,195988,pix195988,None,"1,38",0,0," R$  1,38 ","100,00%","0,00%","0,00%",NLH,-18
25/05/2026,196067,mattdi,None,"35,15",0,0," R$  35,15 ","100,00%","0,00%","0,00%",NLH,-92
25/05/2026,196265,pix196265,None,"8,06",0,0," R$  8,06 ","100,00%","0,00%","0,00%",NLH,"-23,76"
25/05/2026,196270,MOGUE,None,"35,13",0,0," R$  35,13 ","100,00%","0,00%","0,00%",NLH,"-177,01"
25/05/2026,167386,fefan,None,0,"2,5",0," R$  2,50 ","0,00%","100,00%","0,00%",MTT,-25
25/05/2026,145200,Mr. Geo,None,"0,07",0,0," R$  0,07 ","100,00%","0,00%","0,00%",NLH,-4
25/05/2026,172043,GuiAL,None,"0,49",0,"0,39"," R$  0,88 ","55,68%","0,00%","44,32%",NLH,"8,48"
25/05/2026,195523,Ramonzito,None,"17,93",0,"2,9"," R$  20,83 ","86,08%","0,00%","13,92%",NLH,"-72,88"
25/05/2026,194237,manicalmajor,None,0,"1,6",0," R$  1,60 ","0,00%","100,00%","0,00%",MTT,"42,37"
25/05/2026,156297,ReFF,None,"12,55",0,0," R$  12,55 ","100,00%","0,00%","0,00%",NLH,"-93,08"
25/05/2026,195733,fredxota,None,"0,58","0,5",0," R$  1,08 ","53,70%","46,30%","0,00%",NLH,"-11,87"
25/05/2026,146820,pix146820,None,"1,99","2,4",0," R$  4,39 ","45,33%","54,67%","0,00%",MTT,"-26,26"
25/05/2026,196268,Barok,None,"0,52",0,0," R$  0,52 ","100,00%","0,00%","0,00%",NLH,-4
25/05/2026,196262,s1mple,None,0,0,"10,12"," R$  10,12 ","0,00%","0,00%","100,00%",PLO6,"-48,69"
25/05/2026,106805,ADENOR 2023,None,"0,02","2,6",0," R$  2,62 ","0,76%","99,24%","0,00%",MTT,"-26,39"
25/05/2026,126226,torapreula,None,0,"0,2",0," R$  0,20 ","0,00%","100,00%","0,00%",MTT,"-0,08"
25/05/2026,155592,ZecaPauGoriN,None,0,0,0, R$  -   ,,,,NLH,0
25/05/2026,177177,pix177177,None,0,0,0, R$  -   ,,,,NLH,0
25/05/2026,181103,AndersonSoares,None,0,2,0," R$  2,00 ","0,00%","100,00%","0,00%",MTT,-20
25/05/2026,190573,pix190573,None,0,0,0, R$  -   ,,,,NLH,0
25/05/2026,190903,pix190903,None,0,0,0, R$  -   ,,,,NLH,0
25/05/2026,196037,pix196037,None,0,0,0, R$  -   ,,,,NLH,0
25/05/2026,104649,dmendes,None,"16,37","19,4","67,37"," R$  103,14 ","15,87%","18,81%","65,32%",PLO6,"929,06"
25/05/2026,196186,pix196186,None,0,"14,8",0," R$  14,80 ","0,00%","100,00%","0,00%",MTT,-148
25/05/2026,196263,pix196263,None,0,3,0," R$  3,00 ","0,00%","100,00%","0,00%",MTT,-30
25/05/2026,196276,pix196276,None,"1,72","3,5","30,55"," R$  35,77 ","4,81%","9,78%","85,41%",PLO6,-310
25/05/2026,169601,pix169601,None,0,0,"265,29"," R$  265,29 ","0,00%","0,00%","100,00%",PLO6,-1908
25/05/2026,196223,pix196223,None,"1,11",0,"81,79"," R$  82,90 ","1,34%","0,00%","98,66%",PLO6,-218
25/05/2026,155280,carlos braga,None,"1,79",0,0," R$  1,79 ","100,00%","0,00%","0,00%",NLH,-10
25/05/2026,152582,Leoluine,None,0,"0,1",0," R$  0,10 ","0,00%","100,00%","0,00%",MTT,"-0,14"
25/05/2026,183315,pix183315,None,0,0,0, R$  -   ,,,,NLH,0
25/05/2026,185424,pix185424,None,0,0,0, R$  -   ,,,,NLH,0
25/05/2026,185429,PixpoKKer,None,0,0,0, R$  -   ,,,,NLH,0
25/05/2026,186733,pix186733,None,0,0,0, R$  -   ,,,,NLH,0
25/05/2026,186871,MIKE BAGUNCINHA,None,0,0,0, R$  -   ,,,,NLH,0
25/05/2026,189512,pix189512,None,0,0,0, R$  -   ,,,,NLH,0
25/05/2026,191330,pix191330,None,0,0,0, R$  -   ,,,,NLH,"0,75"
25/05/2026,191331,pix191331,None,0,"0,1",0," R$  0,10 ","0,00%","100,00%","0,00%",MTT,-1
25/05/2026,191332,pix191332,None,0,0,0, R$  -   ,,,,NLH,0
25/05/2026,195832,CFreire,None,0,0,0, R$  -   ,,,,NLH,"1,03"
25/05/2026,196143,pix196143,None,0,0,0, R$  -   ,,,,NLH,0
25/05/2026,195619,pix195619,None,"0,09",0,"1,64"," R$  1,73 ","5,20%","0,00%","94,80%",PLO6,"21,22"
25/05/2026,136391,Bird&co,None,"1,43",0,0," R$  1,43 ","100,00%","0,00%","0,00%",NLH,-20
25/05/2026,159848,DMAK,None,0,0,"9,12"," R$  9,12 ","0,00%","0,00%","100,00%",PLO6,-25
25/05/2026,152890,guilherm souto,None,0,"2,4","15,41"," R$  17,81 ","0,00%","13,48%","86,52%",PLO6,"-185,03"
25/05/2026,193045,BalzaniRu,None,0,"10,5",0," R$  10,50 ","0,00%","100,00%","0,00%",MTT,-105
25/05/2026,110354,jvitor.crvg,None,"1,67",0,0," R$  1,67 ","100,00%","0,00%","0,00%",NLH,"-8,09"
25/05/2026,196296,pix196296,None,"16,04",0,0," R$  16,04 ","100,00%","0,00%","0,00%",NLH,-40
25/05/2026,121844,Golbet,None,0,"3,5",0," R$  3,50 ","0,00%","100,00%","0,00%",MTT,48
25/05/2026,195950,pix195950,None,"1,95",0,"5,08"," R$  7,03 ","27,74%","0,00%","72,26%",PLO6,-100
25/05/2026,168634,Willdde,None,0,3,0," R$  3,00 ","0,00%","100,00%","0,00%",MTT,"228,8"
25/05/2026,192933,Motoqueirinho,None,0,32,0," R$  32,00 ","0,00%","100,00%","0,00%",MTT,54
25/05/2026,116720,fAshinA,None,0,0,0, R$  -   ,,,,NLH,0
25/05/2026,145204,Cebola do sertão,None,0,0,0, R$  -   ,,,,NLH,0
25/05/2026,146440,B0L4D0,None,0,0,0, R$  -   ,,,,NLH,0
25/05/2026,146443,C4LABRES0,None,0,0,0, R$  -   ,,,,NLH,"2,24"
25/05/2026,146696,cachaça51,None,0,0,0, R$  -   ,,,,NLH,0
25/05/2026,146860,Major,None,0,0,0, R$  -   ,,,,NLH,0
25/05/2026,147420,Rafael Cunha,None,0,0,0, R$  -   ,,,,NLH,0
25/05/2026,148239,Oscar Alho,None,0,0,0, R$  -   ,,,,NLH,"3,9"
25/05/2026,154646,Robben,None,0,0,"0,53"," R$  0,53 ","0,00%","0,00%","100,00%",PLO6,"-0,16"
25/05/2026,154739,Zé piqueno,None,0,0,0, R$  -   ,,,,NLH,0
25/05/2026,154780,Rivaldo 10,None,"0,24",0,0," R$  0,24 ","100,00%","0,00%","0,00%",NLH,0
25/05/2026,155859,Jett Mafioso,None,0,0,0, R$  -   ,,,,NLH,0
25/05/2026,172718,bibi,None,0,0,0, R$  -   ,,,,NLH,0
25/05/2026,172719,MENINO ALL-IN,None,0,0,0, R$  -   ,,,,NLH,0
25/05/2026,172722,CORAGEM?,None,0,0,0, R$  -   ,,,,NLH,0
25/05/2026,174311,PETECABAR,None,0,0,0, R$  -   ,,,,NLH,0
25/05/2026,174860,Sheika,None,"0,4",0,0," R$  0,40 ","100,00%","0,00%","0,00%",NLH,0
25/05/2026,177012,Como Tchê,None,0,0,0, R$  -   ,,,,NLH,0
25/05/2026,183154,EsperoQueVcsMorram,None,0,0,0, R$  -   ,,,,NLH,0
25/05/2026,187177,Vovô Tarado,None,0,0,0, R$  -   ,,,,NLH,0
25/05/2026,188577,pix188577,None,0,"0,2",0," R$  0,20 ","0,00%","100,00%","0,00%",MTT,"0,84"
25/05/2026,190675,Don Lino?,None,0,0,0, R$  -   ,,,,NLH,0
25/05/2026,192127,EuSouChato??,None,0,0,0, R$  -   ,,,,NLH,"2,85"
25/05/2026,194525,QuaseNada,None,0,0,0, R$  -   ,,,,NLH,0
25/05/2026,195227,pix195227,None,0,0,0, R$  -   ,,,,NLH,0
25/05/2026,195669,pix195669,None,0,0,0, R$  -   ,,,,NLH,0
25/05/2026,196104,Gaúcho,None,0,0,0, R$  -   ,,,,NLH,0
25/05/2026,196105,Sem futuro,None,"0,32",0,"0,04"," R$  0,36 ","88,89%","0,00%","11,11%",NLH,"0,01"
25/05/2026,196286,Viétinã?,None,0,0,0, R$  -   ,,,,NLH,0
25/05/2026,196287,pix196287,None,0,0,0, R$  -   ,,,,NLH,0
25/05/2026,196288,Suzi?,None,0,0,0, R$  -   ,,,,NLH,0
25/05/2026,196289,pix196289,None,0,0,0, R$  -   ,,,,NLH,0
25/05/2026,196290,pix196290,None,0,0,0, R$  -   ,,,,NLH,0
25/05/2026,196291,? vaqueiro,None,0,0,0, R$  -   ,,,,NLH,0
25/05/2026,196292,calça?top,None,0,0,0, R$  -   ,,,,NLH,0
25/05/2026,196293,Anafolot,None,0,0,0, R$  -   ,,,,NLH,0
25/05/2026,196284,cesa,None,"0,19",0,0," R$  0,19 ","100,00%","0,00%","0,00%",NLH,-5
25/05/2026,196297,pix196297,None,"1,09",0,0," R$  1,09 ","100,00%","0,00%","0,00%",NLH,-10
25/05/2026,106526,Malandro,None,"0,77",0,0," R$  0,77 ","100,00%","0,00%","0,00%",NLH,-10
25/05/2026,126566,AApatrao,None,0,"0,1",0," R$  0,10 ","0,00%","100,00%","0,00%",MTT,"0,24"
25/05/2026,159026,Marcio Bolt,None,0,"0,1",0," R$  0,10 ","0,00%","100,00%","0,00%",MTT,-1
25/05/2026,167984,leidegaga,None,0,0,0, R$  -   ,,,,NLH,0
25/05/2026,172697,pix172697,None,0,0,0, R$  -   ,,,,NLH,0
25/05/2026,180156,pix180156,None,0,0,0, R$  -   ,,,,NLH,0
25/05/2026,181910,pix181910,None,0,0,0, R$  -   ,,,,NLH,0
25/05/2026,182219,pix182219,None,0,0,0, R$  -   ,,,,NLH,"0,72"
25/05/2026,183527,pix183527,None,0,0,0, R$  -   ,,,,NLH,0
25/05/2026,188795,pix188795,None,0,0,0, R$  -   ,,,,NLH,0
25/05/2026,191420,bolao,None,0,"0,4",0," R$  0,40 ","0,00%","100,00%","0,00%",MTT,-4
25/05/2026,193532,pix193532,None,0,0,0, R$  -   ,,,,NLH,0
25/05/2026,193573,PIXBAD157,None,0,0,0, R$  -   ,,,,NLH,"1,24"
25/05/2026,195537,pix195537,None,0,0,0, R$  -   ,,,,NLH,0
25/05/2026,142056,pix142056,None,0,0,"5,11"," R$  5,11 ","0,00%","0,00%","100,00%",PLO6,"-43,6"
25/05/2026,195928,pix195928,None,0,0,1," R$  1,00 ","0,00%","0,00%","100,00%",PLO6,"-5,03"
25/05/2026,196257,SpArtAno,None,0,"30,6","96,88"," R$  127,48 ","0,00%","24,00%","76,00%",PLO6,"705,78"
25/05/2026,129609,AASuted,None,0,0,"1,55"," R$  1,55 ","0,00%","0,00%","100,00%",PLO6,"-10,83"
25/05/2026,147344,diogo070809,None,0,0,"6,48"," R$  6,48 ","0,00%","0,00%","100,00%",PLO6,-31
25/05/2026,173647,pix173647,None,"8,9",0,0," R$  8,90 ","100,00%","0,00%","0,00%",NLH,-50
25/05/2026,196304,pix196304,None,0,"2,5",0," R$  2,50 ","0,00%","100,00%","0,00%",MTT,-25
25/05/2026,106460,caricatura02,None,0,0,0, R$  -   ,,,,NLH,0
25/05/2026,106827,pix106827,None,0,0,0, R$  -   ,,,,NLH,0
25/05/2026,114542,pix114542,None,0,0,0, R$  -   ,,,,NLH,0
25/05/2026,116856,pix116856,None,0,0,0, R$  -   ,,,,NLH,0
25/05/2026,116859,pix116859,None,0,0,0, R$  -   ,,,,NLH,0
25/05/2026,116862,pix116862,None,0,0,0, R$  -   ,,,,NLH,0
25/05/2026,117473,pix117473,None,0,0,0, R$  -   ,,,,NLH,0
25/05/2026,117501,pix117501,None,0,0,0, R$  -   ,,,,NLH,0
25/05/2026,139124,Sann13,None,0,0,0, R$  -   ,,,,NLH,0
25/05/2026,146447,PIRAT4,None,0,"0,4",0," R$  0,40 ","0,00%","100,00%","0,00%",MTT,"-2,73"
25/05/2026,146781,BabyShark54,None,0,0,0, R$  -   ,,,,NLH,"0,88"
25/05/2026,161412,pix161412,None,0,0,0, R$  -   ,,,,NLH,0
25/05/2026,163903,R Silva,None,0,0,0, R$  -   ,,,,NLH,0
25/05/2026,171451,Pigmeupoker,None,0,0,0, R$  -   ,,,,NLH,0
25/05/2026,183517,vinimb69,None,0,0,0, R$  -   ,,,,NLH,0
25/05/2026,185662,pix185662,None,0,0,0, R$  -   ,,,,NLH,0
25/05/2026,186300,pix186300,None,0,0,0, R$  -   ,,,,NLH,0
25/05/2026,187313,pix187313,None,0,0,0, R$  -   ,,,,NLH,0
25/05/2026,188591,jujivell,None,0,0,0, R$  -   ,,,,NLH,0
25/05/2026,191227,pix191227,None,0,0,0, R$  -   ,,,,NLH,0
25/05/2026,196306,pix196306,None,0,0,0, R$  -   ,,,,NLH,"0,51"
25/05/2026,158009,Fuscazul,None,"8,84",3,0," R$  11,84 ","74,66%","25,34%","0,00%",NLH,"-73,07"
25/05/2026,195940,pix195940,None,"10,59",0,0," R$  10,59 ","100,00%","0,00%","0,00%",NLH,-35
25/05/2026,196160,negobiduba3,None,0,5,0," R$  5,00 ","0,00%","100,00%","0,00%",MTT,"255,74"
25/05/2026,144804,Alexandre,None,0,1,0," R$  1,00 ","0,00%","100,00%","0,00%",MTT,-10
25/05/2026,175779,KinkuaK,None,0,"3,8",0," R$  3,80 ","0,00%","100,00%","0,00%",MTT,-38
25/05/2026,195702,BatzNinja,None,0,"11,7",0," R$  11,70 ","0,00%","100,00%","0,00%",MTT,"-60,06"
25/05/2026,145083,Tapago,None,0,0,"24,28"," R$  24,28 ","0,00%","0,00%","100,00%",PLO6,-600
25/05/2026,196315,pix196315,None,0,0,"83,62"," R$  83,62 ","0,00%","0,00%","100,00%",PLO6,"-313,91"
25/05/2026,126233,telasko,None,0,0,0, R$  -   ,,,,NLH,0
25/05/2026,126340,pix126340,None,0,0,0, R$  -   ,,,,NLH,0
25/05/2026,140529,pix140529,None,0,0,0, R$  -   ,,,,NLH,0
25/05/2026,186283,pix186283,None,0,0,0, R$  -   ,,,,NLH,0
25/05/2026,188325,pix188325,None,0,0,0, R$  -   ,,,,NLH,0
25/05/2026,196026,pix196026,None,0,0,0, R$  -   ,,,,NLH,0
25/05/2026,196027,pix196027,None,0,0,0, R$  -   ,,,,NLH,"1,08"
25/05/2026,196028,pix196028,None,0,0,0, R$  -   ,,,,NLH,"0,9"
25/05/2026,196029,pix196029,None,0,0,0, R$  -   ,,,,NLH,0
25/05/2026,196030,pix196030,None,0,0,0, R$  -   ,,,,NLH,0
25/05/2026,195682,lukinhas09,None,2,0,0," R$  2,00 ","100,00%","0,00%","0,00%",NLH,-12
25/05/2026,175362,pix175362,None,0,"3,4",0," R$  3,40 ","0,00%","100,00%","0,00%",MTT,-34
25/05/2026,100154,pixbad,None,0,40,"4,55"," R$  44,55 ","0,00%","89,79%","10,21%",MTT,-50
25/05/2026,148674,hagestedt,None,"2,5",0,"2,4"," R$  4,90 ","51,02%","0,00%","48,98%",NLH,-50
25/05/2026,147221,muvukinha,None,0,1,0," R$  1,00 ","0,00%","100,00%","0,00%",MTT,-10
25/05/2026,122576,Guilhermepb,None,"2,63",0,0," R$  2,63 ","100,00%","0,00%","0,00%",NLH,-30
25/05/2026,142781,joao8893,None,"0,56",0,"0,27"," R$  0,83 ","67,47%","0,00%","32,53%",NLH,"11,95"
25/05/2026,129280,William Junior,None,0,0,0, R$  -   ,,,,NLH,-4
25/05/2026,165589,GBANG,None,0,10,0," R$  10,00 ","0,00%","100,00%","0,00%",MTT,-100
25/05/2026,171949,Franco Arllys,None,"5,86",0,0," R$  5,86 ","100,00%","0,00%","0,00%",NLH,-50
25/05/2026,196302,pix196302,None,"7,56",0,0," R$  7,56 ","100,00%","0,00%","0,00%",NLH,"43,48"
25/05/2026,136151,GilBodybuilder,None,0,"0,7",0," R$  0,70 ","0,00%","100,00%","0,00%",MTT,-7
25/05/2026,155404,vinhodiesel,None,0,"7,5","0,45"," R$  7,95 ","0,00%","94,34%","5,66%",MTT,"0,93"
25/05/2026,157576,DIEGO10K,None,"0,77",0,0," R$  0,77 ","100,00%","0,00%","0,00%",NLH,"1,18"
25/05/2026,138504,Pilantragem,AF - LEANDRO,"8,96","13,2","236,71"," R$  258,87 ","3,46%","5,10%","91,44%",PLO6,"-374,33"
25/05/2026,180159,JOT4ÉRRE,AF - LEANDRO,0,3,0," R$  3,00 ","0,00%","100,00%","0,00%",MTT,-30
25/05/2026,133735,Balodinhosx777,AF - LEANDRO,0,"1,2","26,29"," R$  27,49 ","0,00%","4,37%","95,63%",PLO6,"23,3"
25/05/2026,108942,Galeego,AF - LEANDRO,"134,34","4,15","15,61"," R$  154,10 ","87,18%","2,69%","10,13%",NLH,"-347,15"
25/05/2026,152328,ALEMDALOMBRA??,AF - LEANDRO,"26,94",4,0," R$  30,94 ","87,07%","12,93%","0,00%",NLH,-130
25/05/2026,171573,Gabriel.Lacerda,AF - LEANDRO,"180,39","1,9",0," R$  182,29 ","98,96%","1,04%","0,00%",NLH,"436,54"
25/05/2026,139648,Bob Lee Swagger,AF - LEANDRO,0,0,"5,58"," R$  5,58 ","0,00%","0,00%","100,00%",PLO6,"-50,28"
25/05/2026,140127,so nuts,AF - LEANDRO,0,0,"36,17"," R$  36,17 ","0,00%","0,00%","100,00%",PLO6,"-267,36"
25/05/2026,152368,TôNemAÍ,AF - LEANDRO,0,"10,2","49,85"," R$  60,05 ","0,00%","16,99%","83,01%",PLO6,"-36,34"
25/05/2026,126685,donjuan,AF - LEANDRO,0,0,0, R$  -   ,,,,NLH,0
25/05/2026,146053,MANDALORIAN-146053,AF - LEANDRO,0,"1,86",0," R$  1,86 ","0,00%","100,00%","0,00%",MTT,"1,29"
25/05/2026,152138,jlucas283941,AF - LEANDRO,0,"72,3",0," R$  72,30 ","0,00%","100,00%","0,00%",MTT,"-128,28"
25/05/2026,153757,jaironmachado,AF - LEANDRO,0,0,0, R$  -   ,,,,NLH,0
25/05/2026,159010,MESTRESHEIK,AF - LEANDRO,0,0,0, R$  -   ,,,,NLH,0
25/05/2026,172006,NolanJairo,AF - LEANDRO,0,0,0, R$  -   ,,,,NLH,"3,15"
25/05/2026,172717,bicarbonato,AF - LEANDRO,0,0,0, R$  -   ,,,,NLH,0
25/05/2026,160794,Dudu Oliveira,AF - LEANDRO,0,0,"31,22"," R$  31,22 ","0,00%","0,00%","100,00%",PLO6,"-125,29"
25/05/2026,165787,PRA SEMPRE GANLEY,AF - LEANDRO,"0,6",1,"47,64"," R$  49,24 ","1,22%","2,03%","96,75%",PLO6,"22,29"
25/05/2026,153698,Ojuara??,AF - LEANDRO,0,"9,4",0," R$  9,40 ","0,00%","100,00%","0,00%",MTT,"-38,86"
25/05/2026,151420,devil,AF - LEANDRO,"11,08",0,"254,94"," R$  266,02 ","4,17%","0,00%","95,83%",PLO6,-732
25/05/2026,164460,J h o n z i n h o10k,AF - LEANDRO,0,6,"57,61"," R$  63,61 ","0,00%","9,43%","90,57%",PLO6,-253
25/05/2026,153971,pix153971,AF - LEANDRO,0,0,"755,39"," R$  755,39 ","0,00%","0,00%","100,00%",PLO6,-3634
25/05/2026,166162,Homer LABS,AF - LEANDRO,0,0,"45,66"," R$  45,66 ","0,00%","0,00%","100,00%",PLO6,-412
25/05/2026,156136,jucazao_81,AF - LEANDRO,0,0,"337,81"," R$  337,81 ","0,00%","0,00%","100,00%",PLO6,"-1039,01"
25/05/2026,106706,karai,AF - LEANDRO,0,"1,2","4,62"," R$  5,82 ","0,00%","20,62%","79,38%",PLO6,"-46,53"
25/05/2026,136662,PERICANO,AF - LEANDRO,"25,16","0,1","76,9"," R$  102,16 ","24,63%","0,10%","75,27%",PLO6,"4,91"
25/05/2026,157769,vpzera,AF - LEANDRO,"1,47","17,14","9,17"," R$  27,78 ","5,29%","61,70%","33,01%",MTT,"208,75"
25/05/2026,112206,thebest,AF - LEANDRO,0,0,"37,42"," R$  37,42 ","0,00%","0,00%","100,00%",PLO6,-185
25/05/2026,138513,A chibata neste,AF - LEANDRO,"35,56",0,0," R$  35,56 ","100,00%","0,00%","0,00%",NLH,-49
25/05/2026,150696,Derel?,AF - LEANDRO,"22,53",0,0," R$  22,53 ","100,00%","0,00%","0,00%",NLH,"7,72"
25/05/2026,102939,HirlleSousa,AF - LEANDRO,0,0,0, R$  -   ,,,,NLH,0
25/05/2026,113634,jaguatirica,AF - LEANDRO,0,0,0, R$  -   ,,,,NLH,0
25/05/2026,130833,joakspk,AF - LEANDRO,0,"0,1",0," R$  0,10 ","0,00%","100,00%","0,00%",MTT,"-0,23"
25/05/2026,140016,T. Shelby,AF - LEANDRO,0,"8,35","1,2"," R$  9,55 ","0,00%","87,43%","12,57%",MTT,"-66,5"
25/05/2026,143463,@BATE ESTACA,AF - LEANDRO,0,0,0, R$  -   ,,,,NLH,"0,93"
25/05/2026,156730,atrevido3,AF - LEANDRO,0,0,"1,94"," R$  1,94 ","0,00%","0,00%","100,00%",PLO6,"17,11"
25/05/2026,119181,AstecK,AF - LEANDRO,"44,61",0,"1,57"," R$  46,18 ","96,60%","0,00%","3,40%",NLH,"194,95"
25/05/2026,163807,xaganais,AF - LEANDRO,"1,69",0,0," R$  1,69 ","100,00%","0,00%","0,00%",NLH,"-40,65"
25/05/2026,176575,Vela,AF - LEANDRO,"51,69",0,0," R$  51,69 ","100,00%","0,00%","0,00%",NLH,-140
25/05/2026,179740,energyronald,AF - LEANDRO,"16,63",0,0," R$  16,63 ","100,00%","0,00%","0,00%",NLH,"65,64"
25/05/2026,151379,Garel?,AF - LEANDRO,"28,08",0,0," R$  28,08 ","100,00%","0,00%","0,00%",NLH,"-71,72"
25/05/2026,142316,Tomzera Apelão,AF - LEANDRO,"89,7","10,4","2,6"," R$  102,70 ","87,34%","10,13%","2,53%",NLH,150
25/05/2026,143578,Drxx,AF - LEANDRO,"66,23","20,1","6,04"," R$  92,37 ","71,70%","21,76%","6,54%",NLH,63
25/05/2026,156447,QuebraBanca,AF - LEANDRO,"53,35","4,4","0,68"," R$  58,43 ","91,31%","7,53%","1,16%",NLH,18
25/05/2026,139476,willamys,AF - LEANDRO,0,0,"25,12"," R$  25,12 ","0,00%","0,00%","100,00%",PLO6,-50
25/05/2026,158350,ZE ON,AF - LEANDRO,"4,03","1,8","72,32"," R$  78,15 ","5,16%","2,30%","92,54%",PLO6,-243
25/05/2026,111763,patifari@ poker,AF - LEANDRO,"0,92","16,6",0," R$  17,52 ","5,25%","94,75%","0,00%",MTT,"-172,91"
25/05/2026,152313,JP777,AF - LEANDRO,0,2,0," R$  2,00 ","0,00%","100,00%","0,00%",MTT,"-19,23"
25/05/2026,107566,BruxoAl,AF - LEANDRO,0,"48,28",0," R$  48,28 ","0,00%","100,00%","0,00%",MTT,"-124,83"
25/05/2026,141565,shameless,AF - LEANDRO,"25,73",0,"19,87"," R$  45,60 ","56,43%","0,00%","43,57%",NLH,-257
25/05/2026,159067,Brenooo,AF - LEANDRO,0,0,"86,27"," R$  86,27 ","0,00%","0,00%","100,00%",PLO6,"152,48"
25/05/2026,148508,atrevido,AF - LEANDRO,0,0,0, R$  -   ,,,,NLH,0
25/05/2026,159479,PIX17809619608,AF - LEANDRO,"4,19",0,0," R$  4,19 ","100,00%","0,00%","0,00%",NLH,"89,04"
25/05/2026,161633,visionario00,AF - LEANDRO,0,"0,1",0," R$  0,10 ","0,00%","100,00%","0,00%",MTT,-1
25/05/2026,167302,DrOpenHeimer,AF - LEANDRO,0,0,0, R$  -   ,,,,NLH,0
25/05/2026,127645,Erick Vinny,AF - LEANDRO,0,0,0, R$  -   ,,,,NLH,0
25/05/2026,128825,pix128825,AF - LEANDRO,0,"0,1",0," R$  0,10 ","0,00%","100,00%","0,00%",MTT,"1,72"
25/05/2026,144856,RaffaJoker,AF - LEANDRO,0,"0,1",0," R$  0,10 ","0,00%","100,00%","0,00%",MTT,"0,86"
25/05/2026,121205,nylmar,AF - LEANDRO,"1,45","7,2",0," R$  8,65 ","16,76%","83,24%","0,00%",MTT,-81
25/05/2026,110187,pix110187,AF - LEANDRO,"3,12",0,"1,64"," R$  4,76 ","65,55%","0,00%","34,45%",NLH,-50
25/05/2026,114406,perna longa,AF - LEANDRO,"1,17",0,"19,64"," R$  20,81 ","5,62%","0,00%","94,38%",PLO6,-69
25/05/2026,125576,Sdcam011,AF - LEANDRO,0,0,0, R$  -   ,,,,NLH,0
25/05/2026,146963,kinho011,AF - LEANDRO,0,0,0, R$  -   ,,,,NLH,0
25/05/2026,165311,boruto,AF - LEANDRO,"0,16","3,8","1,16"," R$  5,12 ","3,13%","74,22%","22,66%",MTT,"-38,46"
25/05/2026,173800,Chagass,AF - LEANDRO,0,"0,5",0," R$  0,50 ","0,00%","100,00%","0,00%",MTT,-5
25/05/2026,139710,bactéria,AF - LEANDRO,"4,82",0,"0,68"," R$  5,50 ","87,64%","0,00%","12,36%",NLH,-15
25/05/2026,170947,vofoldar,AF - LEANDRO,0,"5,9","0,66"," R$  6,56 ","0,00%","89,94%","10,06%",MTT,"-67,19"
25/05/2026,117424,Kagê ?,AF - LEANDRO,"3,87",1,"18,14"," R$  23,01 ","16,82%","4,35%","78,84%",PLO6,"143,71"
25/05/2026,156755,motocó?,AF - LEANDRO,"0,28",1,"165,77"," R$  167,05 ","0,17%","0,60%","99,23%",PLO6,-598
25/05/2026,158000,MoRPhEo,AF - LEANDRO,"1,96",0,0," R$  1,96 ","100,00%","0,00%","0,00%",NLH,"17,71"
25/05/2026,155125,NUTS ????,AF - LEANDRO,"1,89","0,5","0,31"," R$  2,70 ","70,00%","18,52%","11,48%",NLH,"-23,91"
25/05/2026,162734,abdujaballl,AF - LEANDRO,0,0,0, R$  -   ,,,,NLH,0
25/05/2026,139541,Boca,AF - LEANDRO,"2,82","4,8","5,14"," R$  12,76 ","22,10%","37,62%","40,28%",PLO6,"-87,47"
25/05/2026,130760,B L O S,AF - LEANDRO,0,0,"39,74"," R$  39,74 ","0,00%","0,00%","100,00%",PLO6,-78
25/05/2026,145256,FabrícioVoctor,AF - LEANDRO,0,0,0, R$  -   ,,,,NLH,0
25/05/2026,168454,G2___,AF - LEANDRO,0,0,0, R$  -   ,,,,NLH,0
25/05/2026,170781,Ester S,AF - LEANDRO,0,0,0, R$  -   ,,,,NLH,0
25/05/2026,150617,urameshi,AF - LEANDRO,0,"1,4",0," R$  1,40 ","0,00%","100,00%","0,00%",MTT,-14
25/05/2026,156079,Alyson01,AF - LEANDRO,0,"2,3",0," R$  2,30 ","0,00%","100,00%","0,00%",MTT,-23
25/05/2026,171775,Popo2519,AF - LEANDRO,0,"10,4",0," R$  10,40 ","0,00%","100,00%","0,00%",MTT,-104
25/05/2026,129998,Gengis Khan,AF - LEANDRO,"2,42",0,0," R$  2,42 ","100,00%","0,00%","0,00%",NLH,"5,22"
25/05/2026,150298,Msanto,AF - LEANDRO,"2,04",0,0," R$  2,04 ","100,00%","0,00%","0,00%",NLH,-30
25/05/2026,135735,Tchamba,AF - LEANDRO,0,0,"14,98"," R$  14,98 ","0,00%","0,00%","100,00%",PLO6,"-31,58"
25/05/2026,151135,tutu151135,AF - LEANDRO,0,"0,5","16,99"," R$  17,49 ","0,00%","2,86%","97,14%",PLO6,-100
25/05/2026,114556,Santista Roxo,AF - LEANDRO,"0,19",0,0," R$  0,19 ","100,00%","0,00%","0,00%",NLH,"-0,26"
25/05/2026,147243,BiaFreitas,AF - LEANDRO,0,0,0, R$  -   ,,,,NLH,0
25/05/2026,147246,Luisa Freitas,AF - LEANDRO,0,0,0, R$  -   ,,,,NLH,0
25/05/2026,147363,FreitasJr,AF - LEANDRO,0,0,0, R$  -   ,,,,NLH,0
25/05/2026,139265,DiegoPicaPau,AF - LEANDRO,"1,66",6,0," R$  7,66 ","21,67%","78,33%","0,00%",MTT,"-54,41"
25/05/2026,138374,pix138374,AF - LEANDRO,0,0,0, R$  -   ,,,,NLH,0
25/05/2026,163958,Netobala,AF - LEANDRO,0,0,0, R$  -   ,,,,NLH,0
25/05/2026,173434,Rexona,AF - LEANDRO,0,0,0, R$  -   ,,,,NLH,0
25/05/2026,173948,ladrãozinho,AF - LEANDRO,0,0,0, R$  -   ,,,,NLH,0
25/05/2026,159464,Mineirinho18,AF - LEANDRO,"4,24",0,0," R$  4,24 ","100,00%","0,00%","0,00%",NLH,-21
25/05/2026,140434,Risotto,AF - LEANDRO,"22,6",0,0," R$  22,60 ","100,00%","0,00%","0,00%",NLH,"326,97"
25/05/2026,152614,T.REIS,AF - LEANDRO,"2,03",0,0," R$  2,03 ","100,00%","0,00%","0,00%",NLH,"-25,63"
25/05/2026,159560,maumaudastramanhas,AF - LEANDRO,"6,17",0,0," R$  6,17 ","100,00%","0,00%","0,00%",NLH,-68
25/05/2026,151610,general,AF - LEANDRO,"7,28","1,2",0," R$  8,48 ","85,85%","14,15%","0,00%",NLH,"-14,08"
25/05/2026,117504,pix117504,AF - LEANDRO,0,0,0, R$  -   ,,,,NLH,0
25/05/2026,149115,carlito157,AF - LEANDRO,0,0,0, R$  -   ,,,,NLH,"0,73"
25/05/2026,144936,pakito,AF - LEANDRO,0,"1,8",0," R$  1,80 ","0,00%","100,00%","0,00%",MTT,-18
25/05/2026,162745,TOMATao,AF - LEANDRO,0,0,"1,5"," R$  1,50 ","0,00%","0,00%","100,00%",PLO6,-5
25/05/2026,158786,sttela,AF - LEANDRO,0,0,"32,47"," R$  32,47 ","0,00%","0,00%","100,00%",PLO6,"-93,23"
25/05/2026,153141,Arthur2mm,AF - LEANDRO,0,0,0, R$  -   ,,,,NLH,0
25/05/2026,156671,pix4356,AF - LEANDRO,"1,53",0,"10,34"," R$  11,87 ","12,89%","0,00%","87,11%",PLO6,"-87,03"
25/05/2026,117702,abunadopacato,AF - HERCULES,0,112,"2776,47"," R$  2.888,47 ","0,00%","3,88%","96,12%",PLO6,"18018,75"
25/05/2026,131678,cassio clbo,AF - HERCULES,0,0,"8,75"," R$  8,75 ","0,00%","0,00%","100,00%",PLO6,-50
25/05/2026,129665,bigo,AF - HERCULES,0,106,0," R$  106,00 ","0,00%","100,00%","0,00%",MTT,"63,17"
25/05/2026,129768,NKSS,AF - HERCULES,0,"55,6",0," R$  55,60 ","0,00%","100,00%","0,00%",MTT,"470,49"
25/05/2026,141776,SisenandoCalixto,AF - HERCULES,0,33,0," R$  33,00 ","0,00%","100,00%","0,00%",MTT,-268
25/05/2026,143465,arthur.zx.086,AF - HERCULES,0,0,0, R$  -   ,,,,NLH,0
25/05/2026,132454,barbaxavier,AF - HERCULES,0,"17,6","65,75"," R$  83,35 ","0,00%","21,12%","78,88%",PLO6,"-412,68"
25/05/2026,129660,luizbonato,AF - HERCULES,0,"23,4",0," R$  23,40 ","0,00%","100,00%","0,00%",MTT,-234
25/05/2026,148157,@AlugaGames,AF - JEFFERSON P.,0,10,"13141,68"," R$  13.151,68 ","0,00%","0,08%","99,92%",PLO6,"-9058,53"
25/05/2026,152301,Chuck,AF - JEFFERSON P.,0,0,"264,3"," R$  264,30 ","0,00%","0,00%","100,00%",PLO6,"-395,65"
25/05/2026,124726,I Love Warung,AF - JEFFERSON P.,"250,66",0,"986,95"," R$  1.237,61 ","20,25%","0,00%","79,75%",PLO6,"1606,73"
25/05/2026,141493,Sidnei?,AF - JEFFERSON P.,0,"7,5","156,34"," R$  163,84 ","0,00%","4,58%","95,42%",PLO6,-56
25/05/2026,144451,Oiregor81,AF - JEFFERSON P.,0,0,"542,37"," R$  542,37 ","0,00%","0,00%","100,00%",PLO6,"187,17"
25/05/2026,173301,JowB99,AF - JEFFERSON P.,0,"3,8","146,11"," R$  149,91 ","0,00%","2,53%","97,47%",PLO6,"-344,24"
25/05/2026,175326,julio40,AF - JEFFERSON P.,0,0,"7730,54"," R$  7.730,54 ","0,00%","0,00%","100,00%",PLO6,"-650,37"
25/05/2026,133575,PHBarros021,AF - JEFFERSON P.,"8,47",0,"147,46"," R$  155,93 ","5,43%","0,00%","94,57%",PLO6,"-786,13"
25/05/2026,177226,CeasaCamp,AF - JEFFERSON P.,0,19,0," R$  19,00 ","0,00%","100,00%","0,00%",MTT,-190
25/05/2026,152791,Karintó,AF - GABRIEL BENEVOL,0,0,"1553,14"," R$  1.553,14 ","0,00%","0,00%","100,00%",PLO6,"5924,5"
25/05/2026,152510,BruceWayne,AF - GABRIEL BENEVOL,"62,12",0,0," R$  62,12 ","100,00%","0,00%","0,00%",NLH,"86,44"
25/05/2026,155748,MaxFarias,AF - GABRIEL BENEVOL,0,"100,3",0," R$  100,30 ","0,00%","100,00%","0,00%",MTT,"387,95"
25/05/2026,140440,Rafiusky,AF - GABRIEL BENEVOL,0,"0,4","3,66"," R$  4,06 ","0,00%","9,85%","90,15%",PLO6,"-25,76"
25/05/2026,107574,galega,AF - GABRIEL BENEVOL,0,0,"118,75"," R$  118,75 ","0,00%","0,00%","100,00%",PLO6,"-30,36"
25/05/2026,137005,ddzao,AF - GABRIEL BENEVOL,"11,56","3,5",0," R$  15,06 ","76,76%","23,24%","0,00%",NLH,-85
25/05/2026,136771,gometa,AF - GABRIEL BENEVOL,0,"2,5",0," R$  2,50 ","0,00%","100,00%","0,00%",MTT,-25
25/05/2026,194024,chama na bota,AF - RAPHAEL A.,0,0,"280,3"," R$  280,30 ","0,00%","0,00%","100,00%",PLO6,"-1990,49"
25/05/2026,186000,webinhodasorte,AF - RAPHAEL A.,"0,72",0,"22,91"," R$  23,63 ","3,05%","0,00%","96,95%",PLO6,-182
25/05/2026,145480,parDeKK,AF - RAPHAEL A.,0,0,"503,71"," R$  503,71 ","0,00%","0,00%","100,00%",PLO6,"-368,71"
25/05/2026,100220,Martin Kabrhel,AF - RAPHAEL A.,0,0,"222,54"," R$  222,54 ","0,00%","0,00%","100,00%",PLO6,"546,52"
25/05/2026,183282,ricardin,AF - RAPHAEL A.,0,"1,7","36,78"," R$  38,48 ","0,00%","4,42%","95,58%",PLO6,"-227,6"
25/05/2026,102379,pix102379,AF - RAPHAEL A.,0,0,0, R$  -   ,,,,NLH,0
25/05/2026,100116,Fazendeiro,AF - PAÇOCA,0,50,"17043,33"," R$  17.093,33 ","0,00%","0,29%","99,71%",PLO6,"30834,1"
25/05/2026,194512,pix194512,AF - PAÇOCA,0,0,"905,23"," R$  905,23 ","0,00%","0,00%","100,00%",PLO6,"1873,74"
25/05/2026,100198,发牌员亲儿子,AF - PAÇOCA,0,270,"3322,61"," R$  3.592,61 ","0,00%","7,52%","92,48%",PLO6,"31123,87"
25/05/2026,124064,Presley,AF - PAÇOCA,0,169,0," R$  169,00 ","0,00%","100,00%","0,00%",MTT,"-343,49"
25/05/2026,100227,pix1648639,AF - PAÇOCA,0,60,0," R$  60,00 ","0,00%","100,00%","0,00%",MTT,"67,54"
25/05/2026,148848,meno K,AF - FERNANDO M.,0,"1,5","2932,49"," R$  2.933,99 ","0,00%","0,05%","99,95%",PLO6,"-1061,16"
25/05/2026,149672,SACO DE BOI,AF - FERNANDO M.,0,"19,3",0," R$  19,30 ","0,00%","100,00%","0,00%",MTT,"-125,37"
25/05/2026,148451,Serimac,AF - FERNANDO M.,0,0,"853,57"," R$  853,57 ","0,00%","0,00%","100,00%",PLO6,"-1066,03"
25/05/2026,143105,Xoxonho,AF - FERNANDO M.,0,"8,5",0," R$  8,50 ","0,00%","100,00%","0,00%",MTT,-85
25/05/2026,161423,BASSOA,AF - FERNANDO M.,"3,4",0,0," R$  3,40 ","100,00%","0,00%","0,00%",NLH,-15
25/05/2026,147900,MHConline,AF - FERNANDO M.,"3,25","3,4",0," R$  6,65 ","48,87%","51,13%","0,00%",MTT,"-0,32"
25/05/2026,170113,Larry Bird 33#,AF - FERNANDO M.,0,"0,1",0," R$  0,10 ","0,00%","100,00%","0,00%",MTT,-1
25/05/2026,149498,pix149498,AF - FERNANDO M.,0,10,0," R$  10,00 ","0,00%","100,00%","0,00%",MTT,-100
25/05/2026,170439,esthercruzv,AF - FERNANDO M.,0,0,0, R$  -   ,,,,NLH,0
25/05/2026,153977,DanielAndre1822,AF - FERNANDO M.,"0,63","19,8",0," R$  20,43 ","3,08%","96,92%","0,00%",MTT,-145
25/05/2026,148271,KIRITO-KUN,AF - FERNANDO M.,0,0,0, R$  -   ,,,,NLH,0
25/05/2026,148348,calvinho,AF - FERNANDO M.,0,0,"2,86"," R$  2,86 ","0,00%","0,00%","100,00%",PLO6,-11
25/05/2026,160226,Welton12,AF - JOÃO PAULO,0,0,"3533,95"," R$  3.533,95 ","0,00%","0,00%","100,00%",PLO6,"10917,3"
25/05/2026,133058,Tuê,AF - JOÃO PAULO,0,20,"145,7"," R$  165,70 ","0,00%","12,07%","87,93%",PLO6,"-987,42"
25/05/2026,146230,Machine7,AF - JOÃO PAULO,0,20,0," R$  20,00 ","0,00%","100,00%","0,00%",MTT,-200
25/05/2026,172370,ShoShoNilDo,AF - JAPA,0,0,"3449,37"," R$  3.449,37 ","0,00%","0,00%","100,00%",PLO6,"-21942,97"
25/05/2026,187490,De Arrascaeta,AF - JAPA,0,58,0," R$  58,00 ","0,00%","100,00%","0,00%",MTT,170
25/05/2026,169126,sai moleza,AF - JAPA,0,20,"584,26"," R$  604,26 ","0,00%","3,31%","96,69%",PLO6,"-3740,88"
25/05/2026,142091,pau e choque,AF - JAPA,0,"15,7","875,05"," R$  890,75 ","0,00%","1,76%","98,24%",PLO6,3436
25/05/2026,180537,Max leite,AF - JAPA,0,10,"25,23"," R$  35,23 ","0,00%","28,38%","71,62%",PLO6,"-290,18"
25/05/2026,147885,freshfrozen,AF - JAPA,0,102,0," R$  102,00 ","0,00%","100,00%","0,00%",MTT,"-12,78"
25/05/2026,100228,NeyHEXA,AF - JAPA,0,"17,4","70,76"," R$  88,16 ","0,00%","19,74%","80,26%",PLO6,"-313,83"
25/05/2026,172369,Di Pace,AF - JAPA,0,"1,9",0," R$  1,90 ","0,00%","100,00%","0,00%",MTT,"-0,65"
25/05/2026,183667,Check.Raise,AF - JAPA,0,"6,4",0," R$  6,40 ","0,00%","100,00%","0,00%",MTT,-70
25/05/2026,100148,Katrupe,AF - JAPA,0,32,"195,18"," R$  227,18 ","0,00%","14,09%","85,91%",PLO6,"-1043,08"
25/05/2026,144139,Underground.Noctis,AF - AX POKER CLUB,0,"1,5","73,42"," R$  74,92 ","0,00%","2,00%","98,00%",PLO6,"-217,5"
25/05/2026,152520,Jeronimooo,AF - AX POKER CLUB,0,0,0, R$  -   ,,,,NLH,0
25/05/2026,155964,rodttneto,AF - AX POKER CLUB,0,0,0, R$  -   ,,,,NLH,"1,29"
25/05/2026,179681,offzz07,AF - AX POKER CLUB,0,0,0, R$  -   ,,,,NLH,0
25/05/2026,171613,CaboFela,AF - AX POKER CLUB,0,0,"59,75"," R$  59,75 ","0,00%","0,00%","100,00%",PLO6,"116,44"
25/05/2026,144720,PSaraiva,AF - AX POKER CLUB,0,0,"4,7"," R$  4,70 ","0,00%","0,00%","100,00%",PLO6,-57
25/05/2026,137496,messi??,AF - AX POKER CLUB,0,50,"89,86"," R$  139,86 ","0,00%","35,75%","64,25%",PLO6,"-101,49"
25/05/2026,146454,Rambo,AF - AX POKER CLUB,0,"10,6","2,95"," R$  13,55 ","0,00%","78,23%","21,77%",MTT,"0,16"
25/05/2026,108106,carlinhosfec,AF - AX POKER CLUB,0,0,0, R$  -   ,,,,NLH,0
25/05/2026,135540,ELISEU,AF - AX POKER CLUB,"3,2",0,0," R$  3,20 ","100,00%","0,00%","0,00%",NLH,-26
25/05/2026,165456,Aruu,AF - AX POKER CLUB,0,0,0, R$  -   ,,,,NLH,0
25/05/2026,189798,jotapenis,AF - AX POKER CLUB,0,0,0, R$  -   ,,,,NLH,"1,6"
25/05/2026,143520,SamBernardelli,AF - AX POKER CLUB,0,"0,2",0," R$  0,20 ","0,00%","100,00%","0,00%",MTT,"3,6"
25/05/2026,135299,s_mpoker,AF - AX POKER CLUB,0,0,0, R$  -   ,,,,NLH,"14,07"
25/05/2026,153810,Thyago - Bode,AF - AX POKER CLUB,0,0,"3,33"," R$  3,33 ","0,00%","0,00%","100,00%",PLO6,"-50,28"
25/05/2026,103284,pix103284,AF - DOLFO,"83,39","16,6","60,45"," R$  160,44 ","51,98%","10,35%","37,68%",NLH,"-238,45"
25/05/2026,104229,RoLiFiGhT,AF - DOLFO,"135,57",1,0," R$  136,57 ","99,27%","0,73%","0,00%",NLH,"678,61"
25/05/2026,104809,carrasco20,AF - DOLFO,"273,14",0,"100,2"," R$  373,34 ","73,16%","0,00%","26,84%",NLH,"3,09"
25/05/2026,103176,Yure Brito,AF - DOLFO,0,"626,9","7056,5"," R$  7.683,40 ","0,00%","8,16%","91,84%",PLO6,"-7296,98"
25/05/2026,160638,kevinlevrone,AF - DOLFO,"7,52",0,"1225,19"," R$  1.232,71 ","0,61%","0,00%","99,39%",PLO6,-5710
25/05/2026,103206,?YB?,AF - DOLFO,0,0,"6,58"," R$  6,58 ","0,00%","0,00%","100,00%",PLO6,-64
25/05/2026,186233,tubaraoDoPix,AF - DOLFO,0,0,0, R$  -   ,,,,NLH,0
25/05/2026,158094,Patriotapedro,AF - DOLFO,"18,02","5,75","303,82"," R$  327,59 ","5,50%","1,76%","92,74%",PLO6,-1251
25/05/2026,144187,Lira#,AF - DOLFO,"6,9","21,1",0," R$  28,00 ","24,64%","75,36%","0,00%",MTT,"151,44"
25/05/2026,158443,Thalyson,AF - DOLFO,"9,53",0,"17,25"," R$  26,78 ","35,59%","0,00%","64,41%",PLO6,"-505,61"
25/05/2026,142385,AAmilton,AF - DOLFO,"1,26",0,0," R$  1,26 ","100,00%","0,00%","0,00%",NLH,"-32,24"
25/05/2026,102767,FuzilNeles,AF - DOLFO,0,0,"0,7"," R$  0,70 ","0,00%","0,00%","100,00%",PLO6,"-8,87"
25/05/2026,140297,TOIC?,AF - ENIO,"47,98",0,"19,28"," R$  67,26 ","71,34%","0,00%","28,66%",NLH,"-68,44"
25/05/2026,102200,Odete Roitman ?,AF - ENIO,0,0,"2,23"," R$  2,23 ","0,00%","0,00%","100,00%",PLO6,"-50,28"
25/05/2026,116070,Bergkamp,AF - ENIO,0,"8,25",0," R$  8,25 ","0,00%","100,00%","0,00%",MTT,"-82,5"
25/05/2026,137597,Rurouni_Kenshin,AF - ENIO,0,0,"13,38"," R$  13,38 ","0,00%","0,00%","100,00%",PLO6,-100
25/05/2026,120989,Corotinho,AF - ENIO,"10,99",0,0," R$  10,99 ","100,00%","0,00%","0,00%",NLH,"-80,14"
25/05/2026,158574,Ond@,AF - ENIO,0,0,"29,99"," R$  29,99 ","0,00%","0,00%","100,00%",PLO6,"46,64"
25/05/2026,111575,TH4N0S,AF - BRENO BIGNARD,"391,15","11,9","49,75"," R$  452,80 ","86,38%","2,63%","10,99%",NLH,"-898,55"
25/05/2026,174130,pix00001,AF - BRENO BIGNARD,"194,89",0,0," R$  194,89 ","100,00%","0,00%","0,00%",NLH,"-132,38"
25/05/2026,192998,pix192998,AF - BRENO BIGNARD,"271,82",0,0," R$  271,82 ","100,00%","0,00%","0,00%",NLH,"-308,2"
25/05/2026,160617,pix160617,AF - BRENO BIGNARD,"11,14",1,0," R$  12,14 ","91,76%","8,24%","0,00%",NLH,"-64,73"
25/05/2026,190294,harrypotter,AF - BRENO BIGNARD,"0,25",0,0," R$  0,25 ","100,00%","0,00%","0,00%",NLH,"-3,68"
25/05/2026,180225,fé em deus,AF - BRENO BIGNARD,"27,19","3,4","5,46"," R$  36,05 ","75,42%","9,43%","15,15%",NLH,"-160,96"
25/05/2026,185268,Henrique poker,AF - BRENO BIGNARD,"2,19",0,0," R$  2,19 ","100,00%","0,00%","0,00%",NLH,-12
25/05/2026,194954,AA?,AF - BRENO BIGNARD,"153,53",0,"199,73"," R$  353,26 ","43,46%","0,00%","56,54%",PLO6,"-935,4"
25/05/2026,188467,TheNerdXama,AF - BRENO BIGNARD,"2,99","58,9",0," R$  61,89 ","4,83%","95,17%","0,00%",MTT,"603,86"
25/05/2026,182244,TiiBilu1010,AF - BRENO BIGNARD,"48,77",40,"147,18"," R$  235,95 ","20,67%","16,95%","62,38%",PLO6,"147,77"
25/05/2026,179068,chicogolinha,AF - BRENO BIGNARD,"30,84",4,0," R$  34,84 ","88,52%","11,48%","0,00%",NLH,"-62,09"
25/05/2026,133213,Rafael2,AF - BRENO BIGNARD,0,"0,1",0," R$  0,10 ","0,00%","100,00%","0,00%",MTT,-1
25/05/2026,149811,bezerro,AF - BRENO BIGNARD,"19,3",0,0," R$  19,30 ","100,00%","0,00%","0,00%",NLH,-96
25/05/2026,164986,Jacaré va pra casa,AF - BRENO BIGNARD,"1,26",0,"92,62"," R$  93,88 ","1,34%","0,00%","98,66%",PLO6,"81,01"
25/05/2026,170702,Depay,AF - BRENO BIGNARD,"1,7","2,6",0," R$  4,30 ","39,53%","60,47%","0,00%",MTT,-35
25/05/2026,178930,Beto Barbosa,AF - BRENO BIGNARD,0,0,"0,87"," R$  0,87 ","0,00%","0,00%","100,00%",PLO6,-10
25/05/2026,170609,Abrantesuzl,AF - BRENO BIGNARD,"1,04",0,0," R$  1,04 ","100,00%","0,00%","0,00%",NLH,-8
25/05/2026,182598,allanzinho91,AF - BRENO BIGNARD,"8,31","10,56","2,91"," R$  21,78 ","38,15%","48,48%","13,36%",MTT,-120
25/05/2026,172367,flaviobolsonaroooooo,AF - BRENO BIGNARD,0,"21,1",0," R$  21,10 ","0,00%","100,00%","0,00%",MTT,"-298,55"
25/05/2026,171469,PX 1986RN,AF - BRENO BIGNARD,0,0,"48,18"," R$  48,18 ","0,00%","0,00%","100,00%",PLO6,"-330,88"
25/05/2026,179880,raymene,AF - BRENO BIGNARD,"19,72","11,35","94,53"," R$  125,60 ","15,70%","9,04%","75,26%",PLO6,-179
25/05/2026,171202,jhony@AK,AF - BRENO BIGNARD,0,0,"472,69"," R$  472,69 ","0,00%","0,00%","100,00%",PLO6,"-169,93"
25/05/2026,165289,WilkerUzl,AF - BRENO BIGNARD,0,0,"22,18"," R$  22,18 ","0,00%","0,00%","100,00%",PLO6,"-315,8"
25/05/2026,178308,nicolauuu,AF - BRENO BIGNARD,"1,35",0,0," R$  1,35 ","100,00%","0,00%","0,00%",NLH,-17
25/05/2026,172654,BOM&NOVO,AF - BRENO BIGNARD,"1,46",0,0," R$  1,46 ","100,00%","0,00%","0,00%",NLH,-20
25/05/2026,153990,OSCAR PIASTRI,AF - BRENO BIGNARD,"3,11",0,0," R$  3,11 ","100,00%","0,00%","0,00%",NLH,-40
25/05/2026,136656,pedrotaigro,AF - BRENO BIGNARD,0,0,0, R$  -   ,,,,NLH,0
25/05/2026,171011,NETOGRAVACOES,AF - BRENO BIGNARD,"11,05",0,0," R$  11,05 ","100,00%","0,00%","0,00%",NLH,-94
25/05/2026,151380,Zinedine,AF - BRENO BIGNARD,"24,57",0,0," R$  24,57 ","100,00%","0,00%","0,00%",NLH,-181
25/05/2026,171258,Washigton Salles,AF - BRENO BIGNARD,"4,71",10,0," R$  14,71 ","32,02%","67,98%","0,00%",MTT,-200
25/05/2026,173765,tartaruga ?,AF - BRENO BIGNARD,"0,05",0,0," R$  0,05 ","100,00%","0,00%","0,00%",NLH,"0,02"
25/05/2026,164324,NerdSilva,AF - BRENO BIGNARD,"24,69",0,0," R$  24,69 ","100,00%","0,00%","0,00%",NLH,"109,86"
25/05/2026,172234,Ieda,AF - BRENO BIGNARD,"20,06",0,0," R$  20,06 ","100,00%","0,00%","0,00%",NLH,"1,97"
25/05/2026,176004,Opallar DP,AF - BRENO BIGNARD,"17,09",0,0," R$  17,09 ","100,00%","0,00%","0,00%",NLH,"122,86"
25/05/2026,189721,bananudo,AF - FRED AGUIAR,"34,15",2,0," R$  36,15 ","94,47%","5,53%","0,00%",NLH,"-103,78"
25/05/2026,137719,Noslimeda,AF - FRED AGUIAR,0,0,0, R$  -   ,,,,NLH,0
25/05/2026,162906,luizphelipemg,AF - FRED AGUIAR,"95,49","34,3",0," R$  129,79 ","73,57%","26,43%","0,00%",NLH,311
25/05/2026,163050,Andrersann,AF - FRED AGUIAR,"1,48","2,5",0," R$  3,98 ","37,19%","62,81%","0,00%",MTT,-27
25/05/2026,170966,Sr.Guimaraes,AF - FRED AGUIAR,"3,14",0,0," R$  3,14 ","100,00%","0,00%","0,00%",NLH,"-20,51"
25/05/2026,164099,TAMPINHA,AF - FRED AGUIAR,"15,61",0,0," R$  15,61 ","100,00%","0,00%","0,00%",NLH,"-152,68"
25/05/2026,139470,pix139470,AF - JOÃO MARCOS,0,0,"4601,24"," R$  4.601,24 ","0,00%","0,00%","100,00%",PLO6,"-4379,81"
25/05/2026,140430,já ganhou,AF - JOÃO MARCOS,0,0,"178,1"," R$  178,10 ","0,00%","0,00%","100,00%",PLO6,"-1043,57"
25/05/2026,145626,1997,AF - JOÃO MARCOS,0,0,"59,7"," R$  59,70 ","0,00%","0,00%","100,00%",PLO6,"-468,92"
25/05/2026,147416,aqui acabou apokao,AF - FABIO MURAKAMI,0,90,"59,77"," R$  149,77 ","0,00%","60,09%","39,91%",MTT,"3962,93"
25/05/2026,163679,Leo 73,AF - FABIO MURAKAMI,0,"0,3",0," R$  0,30 ","0,00%","100,00%","0,00%",MTT,"3,06"
25/05/2026,172138,Russia,AF - FABIO MURAKAMI,"184,88",0,0," R$  184,88 ","100,00%","0,00%","0,00%",NLH,"128,53"
25/05/2026,182047,joventralha1,AF - FABIO MURAKAMI,"9,59","41,7","291,41"," R$  342,70 ","2,80%","12,17%","85,03%",PLO6,"639,9"
25/05/2026,144307,AANTONIOE,AF - FABIO MURAKAMI,0,0,0, R$  -   ,,,,NLH,0
25/05/2026,163788,Mussum252,AF - FABIO MURAKAMI,0,0,0, R$  -   ,,,,NLH,0
25/05/2026,158904,balistic_blefe,AF - FABIO MURAKAMI,0,"110,9","16,81"," R$  127,71 ","0,00%","86,84%","13,16%",MTT,-649
25/05/2026,127292,ErroPotte,AF - FABIO MURAKAMI,0,"65,7",0," R$  65,70 ","0,00%","100,00%","0,00%",MTT,"892,49"
25/05/2026,146545,Patativover,AF - FABIO MURAKAMI,0,"95,3",0," R$  95,30 ","0,00%","100,00%","0,00%",MTT,"-514,56"
25/05/2026,160733,TheKing92,AF - FABIO MURAKAMI,"11,37","58,3",0," R$  69,67 ","16,32%","83,68%","0,00%",MTT,"111,95"
25/05/2026,153916,Xandovysk,AF - FABIO MURAKAMI,0,"0,1",0," R$  0,10 ","0,00%","100,00%","0,00%",MTT,-1
25/05/2026,130042,FabioK9,AF - FABIO MURAKAMI,"66,72","87,9",0," R$  154,62 ","43,15%","56,85%","0,00%",MTT,"-555,12"
25/05/2026,158714,JohnWickk,AF - FABIO MURAKAMI,0,"4,2",0," R$  4,20 ","0,00%","100,00%","0,00%",MTT,-42
25/05/2026,144953,Oliveir 46,AF - FABIO MURAKAMI,0,"2,4",0," R$  2,40 ","0,00%","100,00%","0,00%",MTT,-24
25/05/2026,169254,coracaovalente1111,AF - FABIO MURAKAMI,0,"1,8","10,93"," R$  12,73 ","0,00%","14,14%","85,86%",PLO6,30
25/05/2026,148598,aabb,AF - FABIO MURAKAMI,0,12,"13,57"," R$  25,57 ","0,00%","46,93%","53,07%",PLO6,-70
25/05/2026,154403,dealer082,AF - NATTAN CARINHA,0,"7,45","58,65"," R$  66,10 ","0,00%","11,27%","88,73%",PLO6,"357,67"
25/05/2026,100249,CARINHA,AF - NATTAN CARINHA,0,"27,2","37,95"," R$  65,15 ","0,00%","41,75%","58,25%",PLO6,"-66,73"
25/05/2026,196261,Jefftes13,AF - NATTAN CARINHA,0,"1,8",0," R$  1,80 ","0,00%","100,00%","0,00%",MTT,-20
25/05/2026,167387,pix167387,AF - LEONARDO DUARTE,0,0,"63,52"," R$  63,52 ","0,00%","0,00%","100,00%",PLO6,"5,07"
25/05/2026,161958,pix161958,AF - LEONARDO DUARTE,0,0,"1960,7"," R$  1.960,70 ","0,00%","0,00%","100,00%",PLO6,"-6883,24"
25/05/2026,186673,GamblerAlencar,AF - LEONARDO DUARTE,0,70,"26,69"," R$  96,69 ","0,00%","72,40%","27,60%",MTT,"66,67"
25/05/2026,187369,FelipeJoia24,AF - LEONARDO DUARTE,0,"18,5","1,37"," R$  19,87 ","0,00%","93,11%","6,89%",MTT,"-165,56"
25/05/2026,141799,Malboro,AF - LEONARDO DUARTE,0,3,"25,53"," R$  28,53 ","0,00%","10,52%","89,48%",PLO6,"-229,82"
25/05/2026,161604,pix161604,AF - LEONARDO DUARTE,0,0,"384,12"," R$  384,12 ","0,00%","0,00%","100,00%",PLO6,"-2023,83"
25/05/2026,173626,pix173626,CAMPANHA 1,0,0,"874,65"," R$  874,65 ","0,00%","0,00%","100,00%",PLO6,-326
25/05/2026,162008,pix162008,CAMPANHA 1,"14,51",0,"655,8"," R$  670,31 ","2,16%","0,00%","97,84%",PLO6,"-865,03"
25/05/2026,185612,pix185612,CAMPANHA 1,0,0,"115,21"," R$  115,21 ","0,00%","0,00%","100,00%",PLO6,"-430,62"
25/05/2026,186891,Andre f 16,CAMPANHA 1,0,"10,1","6,42"," R$  16,52 ","0,00%","61,14%","38,86%",MTT,"-124,91"
25/05/2026,151879,badbeat,CAMPANHA 1,"9,35","3,8","31,55"," R$  44,70 ","20,92%","8,50%","70,58%",PLO6,-217
25/05/2026,163069,Fserra,CAMPANHA 1,"1,72",0,0," R$  1,72 ","100,00%","0,00%","0,00%",NLH,"-9,76"
25/05/2026,177513,kaballah,CAMPANHA 1,"28,34","1,2",0," R$  29,54 ","95,94%","4,06%","0,00%",NLH,-131
25/05/2026,161754,Akhenatom,CAMPANHA 1,0,0,0, R$  -   ,,,,NLH,0
25/05/2026,166567,KevinDe9,CAMPANHA 1,"56,98","1,7",0," R$  58,68 ","97,10%","2,90%","0,00%",NLH,-330
25/05/2026,173723,JJon,CAMPANHA 1,0,0,0, R$  -   ,,,,NLH,0
25/05/2026,175644,Tilas-Key,CAMPANHA 1,0,"0,1",0," R$  0,10 ","0,00%","100,00%","0,00%",MTT,-1
25/05/2026,192227,Lord05,CAMPANHA 1,"1,28",0,0," R$  1,28 ","100,00%","0,00%","0,00%",NLH,-12
25/05/2026,163140,JOKER CRAZY,CAMPANHA 1,"0,02",0,"0,6"," R$  0,62 ","3,23%","0,00%","96,77%",PLO6,-16
25/05/2026,162174,AAMAA,CAMPANHA 1,0,"0,4",0," R$  0,40 ","0,00%","100,00%","0,00%",MTT,-4
25/05/2026,145394,erlygameAA,CAMPANHA 1,0,0,0, R$  -   ,,,,NLH,"0,51"
25/05/2026,165029,pix165029,CAMPANHA 1,0,0,0, R$  -   ,,,,NLH,"0,51"
25/05/2026,130461,8ito,CAMPANHA 1,"13,74","5,5",0," R$  19,24 ","71,41%","28,59%","0,00%",NLH,"65,89"
25/05/2026,180921,vitoorx,CAMPANHA 1,0,"6,26",0," R$  6,26 ","0,00%","100,00%","0,00%",MTT,"-62,6"
25/05/2026,176871,ViniBaralhão,CAMPANHA 1,0,0,0, R$  -   ,,,,NLH,0
25/05/2026,164351,pix164351,CAMPANHA 1,0,0,0, R$  -   ,,,,NLH,0
25/05/2026,165834,PLINIO RAFAEL,CAMPANHA 1,"0,31",0,"1,95"," R$  2,26 ","13,72%","0,00%","86,28%",PLO6,"-12,48"
25/05/2026,166221,SR.MAATHEUS,CAMPANHA 1,"4,56",0,"5,69"," R$  10,25 ","44,49%","0,00%","55,51%",PLO6,"-34,86"
25/05/2026,167918,Miltinho,CAMPANHA 1,0,0,"24,8"," R$  24,80 ","0,00%","0,00%","100,00%",PLO6,"-100,91"
25/05/2026,179799,JUJUBA25,CAMPANHA 1,0,0,0, R$  -   ,,,,NLH,0
25/05/2026,192256,pix192256,CAMPANHA 1,0,0,0, R$  -   ,,,,NLH,0
25/05/2026,104971,0 maS be$tA,CAMPANHA 1,0,0,0, R$  -   ,,,,NLH,0
25/05/2026,122839,willismael,CAMPANHA 1,0,0,0, R$  -   ,,,,NLH,0
25/05/2026,183079,pix183079,CAMPANHA 1,0,0,0, R$  -   ,,,,NLH,0
25/05/2026,184372,GatoPreto,CAMPANHA 1,0,0,0, R$  -   ,,,,NLH,"4,34"
25/05/2026,167342,Dantas.96,CAMPANHA 1,0,0,"0,34"," R$  0,34 ","0,00%","0,00%","100,00%",PLO6,-4
25/05/2026,175743,jr09,CAMPANHA 1,0,0,0, R$  -   ,,,,NLH,0
25/05/2026,184940,Allex066,CAMPANHA 1,0,0,0, R$  -   ,,,,NLH,0
25/05/2026,152970,ASOUTERROR,CAMPANHA 1,0,0,0, R$  -   ,,,,NLH,0
25/05/2026,173419,pix173419,CAMPANHA 1,0,0,0, R$  -   ,,,,NLH,0
25/05/2026,192961,pix192961,AF - TRAF. BRUNO F.,0,0,"89,93"," R$  89,93 ","0,00%","0,00%","100,00%",PLO6,-191
25/05/2026,191465,MynssenAA,AF - TRAF. BRUNO F.,0,0,0, R$  -   ,,,,NLH,0
25/05/2026,192354,CHORA.bb,AF - TRAF. BRUNO F.,"16,77",1,"4,68"," R$  22,45 ","74,70%","4,45%","20,85%",NLH,"-49,54"
25/05/2026,193004,AleeKK,AF - TRAF. BRUNO F.,0,0,0, R$  -   ,,,,NLH,0
25/05/2026,193479,pix193479,AF - TRAF. BRUNO F.,0,"33,8",0," R$  33,80 ","0,00%","100,00%","0,00%",MTT,-338
25/05/2026,189242,LekoTR,AF - TRAF. BRUNO F.,"9,1","5,9","80,13"," R$  95,13 ","9,57%","6,20%","84,23%",PLO6,-204
25/05/2026,193596,passamai,AF - TRAF. BRUNO F.,0,"0,1",0," R$  0,10 ","0,00%","100,00%","0,00%",MTT,-1
25/05/2026,172458,radar55,AF - TRAF. BRUNO F.,"4,63","2,5","85,02"," R$  92,15 ","5,02%","2,71%","92,26%",PLO6,-23
25/05/2026,193435,manny,AF - TRAF. BRUNO F.,0,0,0, R$  -   ,,,,NLH,0
25/05/2026,187728,Fragas,AF - TRAF. BRUNO F.,"0,31","5,8",0," R$  6,11 ","5,07%","94,93%","0,00%",MTT,-62
25/05/2026,193763,smdkbz,AF - TRAF. BRUNO F.,0,"2,7",0," R$  2,70 ","0,00%","100,00%","0,00%",MTT,-27
25/05/2026,187633,GustavOrsi,AF - TRAF. BRUNO F.,"8,46","6,45",0," R$  14,91 ","56,74%","43,26%","0,00%",NLH,-115
25/05/2026,192441,Guuuh1000,AF - TRAF. BRUNO F.,0,"3,4",0," R$  3,40 ","0,00%","100,00%","0,00%",MTT,-34
25/05/2026,191653,Dasilva1303,AF - TRAF. BRUNO F.,"7,73",0,0," R$  7,73 ","100,00%","0,00%","0,00%",NLH,-12
25/05/2026,193347,pix193347,AF - TRAF. BRUNO F.,0,0,0, R$  -   ,,,,NLH,0
25/05/2026,192178,As7,AF - TRAF. BRUNO F.,"4,18",0,0," R$  4,18 ","100,00%","0,00%","0,00%",NLH,"-11,81"
25/05/2026,188742,JALVESPOKER,AF - TRAF. BRUNO F.,0,"7,5",0," R$  7,50 ","0,00%","100,00%","0,00%",MTT,-75
25/05/2026,100508,luizinhodoido,AF - DAYVISSOM,0,0,"159,62"," R$  159,62 ","0,00%","0,00%","100,00%",PLO6,-59
25/05/2026,170065,MacielBet,AF - DAYVISSOM,0,"20,6","186,38"," R$  206,98 ","0,00%","9,95%","90,05%",PLO6,"201,08"
25/05/2026,183209,manjuba 09,AF - DAYVISSOM,0,0,"148,91"," R$  148,91 ","0,00%","0,00%","100,00%",PLO6,-134
25/05/2026,100435,pix100435,AF - DAYVISSOM,"2,44","3,2","831,06"," R$  836,70 ","0,29%","0,38%","99,33%",PLO6,"-46,23"
25/05/2026,151434,J H P,AF - DAYVISSOM,"9,39","29,4","41,33"," R$  80,12 ","11,72%","36,69%","51,59%",PLO6,"-352,24"
25/05/2026,102150,pix102150,AF - DAYVISSOM,"4,41",0,0," R$  4,41 ","100,00%","0,00%","0,00%",NLH,-50
25/05/2026,104604,cleyton,AF - DAYVISSOM,"5,7",0,"18,13"," R$  23,83 ","23,92%","0,00%","76,08%",PLO6,46
25/05/2026,100624,Reybingo,AF - DAYVISSOM,0,"8,2","1,77"," R$  9,97 ","0,00%","82,25%","17,75%",MTT,"-100,04"
25/05/2026,104400,Brenin10,AF - BRENO MARINHO,0,0,"520,46"," R$  520,46 ","0,00%","0,00%","100,00%",PLO6,"-880,02"
25/05/2026,196155,pix196155,AF - BRENO MARINHO,"0,08",0,"4,07"," R$  4,15 ","1,93%","0,00%","98,07%",PLO6,"-30,23"
25/05/2026,120038,pix120038,AF - AMOR DE PESSOA,0,0,"978,1"," R$  978,10 ","0,00%","0,00%","100,00%",PLO6,"2832,33"
25/05/2026,127823,pix127823,AF - AMOR DE PESSOA,0,0,0, R$  -   ,,,,NLH,"0,75"
25/05/2026,140316,pocoyogay,AF - AMOR DE PESSOA,"0,46",0,"29,78"," R$  30,24 ","1,52%","0,00%","98,48%",PLO6,-263
25/05/2026,145008,CAPS,AF - AMOR DE PESSOA,"517,44",122,"52,79"," R$  692,23 ","74,75%","17,62%","7,63%",NLH,"-936,55"
25/05/2026,194792,Coringa,AF - AMOR DE PESSOA,"138,49","0,5",0," R$  138,99 ","99,64%","0,36%","0,00%",NLH,-200
25/05/2026,149092,NF_#1,AF - FULL HOUSE A.,0,20,"2055,7"," R$  2.075,70 ","0,00%","0,96%","99,04%",PLO6,"4083,97"
25/05/2026,173237,neto carneiro,AF - FULL HOUSE A.,"3,41","0,1",0," R$  3,51 ","97,15%","2,85%","0,00%",NLH,"7,16"
25/05/2026,157816,pix157816,AF - FULL HOUSE A.,0,270,0," R$  270,00 ","0,00%","100,00%","0,00%",MTT,"-2553,75"
25/05/2026,140124,Thiago Amós,AF - FULL HOUSE A.,0,38,0," R$  38,00 ","0,00%","100,00%","0,00%",MTT,"2608,19"
25/05/2026,185617,pix185617,AF - NILDINHO,"0,19","0,1","18,91"," R$  19,20 ","0,99%","0,52%","98,49%",PLO6,"-49,12"
25/05/2026,167393,Tudo_Na_Telaaa,AF - NILDINHO,0,0,"1387,56"," R$  1.387,56 ","0,00%","0,00%","100,00%",PLO6,"314,96"
25/05/2026,134889,Júnior Picolé,AF - NILDINHO,0,"73,9",0," R$  73,90 ","0,00%","100,00%","0,00%",MTT,"-642,36"
25/05/2026,157681,Boiruna,AF - NILDINHO,0,0,0, R$  -   ,,,,NLH,0
25/05/2026,102070,Batatinha,AF - NILDINHO,"0,84","3,8","23,95"," R$  28,59 ","2,94%","13,29%","83,77%",PLO6,-200
25/05/2026,100533,@H.L.Poker ?,AF - BERNARDO,0,"0,5","1,83"," R$  2,33 ","0,00%","21,46%","78,54%",PLO6,"9,29"
25/05/2026,146754,ricardo ribeiro,AF - BERNARDO,0,"13,5","32,44"," R$  45,94 ","0,00%","29,39%","70,61%",PLO6,-332
25/05/2026,148812,seu barriga,AF - BERNARDO,0,1,"2,99"," R$  3,99 ","0,00%","25,06%","74,94%",PLO6,"0,2"
25/05/2026,120745,Doutorzin,AF - BERNARDO,0,0,"260,19"," R$  260,19 ","0,00%","0,00%","100,00%",PLO6,"-1140,15"
25/05/2026,159243,JL0211,AF - BERNARDO,0,0,"26,1"," R$  26,10 ","0,00%","0,00%","100,00%",PLO6,"304,29"
25/05/2026,135257,littlegirl,AF - POKER BSB,0,0,0, R$  -   ,,,,NLH,"1,29"
25/05/2026,130508,Roblove,AF - POKER BSB,0,"6,9","17,28"," R$  24,18 ","0,00%","28,54%","71,46%",PLO6,"-161,75"
25/05/2026,147903,PanteradeSá,AF - CLUB DO POKER,0,"0,1",0," R$  0,10 ","0,00%","100,00%","0,00%",MTT,-1
25/05/2026,182738,giandanves,AF - CLUB DO POKER,0,0,0, R$  -   ,,,,NLH,0
25/05/2026,139674,22énutsPB,AF - CLUB DO POKER,0,20,"857,4"," R$  877,40 ","0,00%","2,28%","97,72%",PLO6,-1351
25/05/2026,148000,pix148000,AF - CLUB DO POKER,0,"2,4",0," R$  2,40 ","0,00%","100,00%","0,00%",MTT,"46,27"
25/05/2026,160621,Débora Araújo,AF - MATHEUS HENRIQU,0,"0,1",0," R$  0,10 ","0,00%","100,00%","0,00%",MTT,"-0,12"
25/05/2026,171678,ArmandoBestafera,AF - MATHEUS HENRIQU,0,0,0, R$  -   ,,,,NLH,0
25/05/2026,155779,RomeuJr,AF - MATHEUS HENRIQU,"8,59","53,5","21,56"," R$  83,65 ","10,27%","63,96%","25,77%",MTT,-605
25/05/2026,193650,Dog$,AF - MATHEUS HENRIQU,"36,97","51,2","440,68"," R$  528,85 ","6,99%","9,68%","83,33%",PLO6,"575,77"
25/05/2026,164275,éobeloo,AF - MATHEUS HENRIQU,0,"7,8","2,75"," R$  10,55 ","0,00%","73,93%","26,07%",MTT,376
25/05/2026,172551,TORICOMAE,AF - MATHEUS HENRIQU,"5,46","2,6","0,62"," R$  8,68 ","62,90%","29,95%","7,14%",NLH,-50
25/05/2026,111265,henry.22,AF - MATHEUS HENRIQU,0,0,"22,43"," R$  22,43 ","0,00%","0,00%","100,00%",PLO6,-200
25/05/2026,194363,meydson,AF - MATHEUS HENRIQU,"1,34",0,0," R$  1,34 ","100,00%","0,00%","0,00%",NLH,-18
25/05/2026,175284,TETEUZADA,AF - MATHEUS HENRIQU,"1,24",0,0," R$  1,24 ","100,00%","0,00%","0,00%",NLH,"11,1"
25/05/2026,184560,Vitão,AF - MILENA MAGRINI,0,0,0, R$  -   ,,,,NLH,0
25/05/2026,156478,Will88,AF - MILENA MAGRINI,0,0,0, R$  -   ,,,,NLH,"1,11"
25/05/2026,181009,juanbrsp,AF - MILENA MAGRINI,0,0,0, R$  -   ,,,,NLH,0
25/05/2026,182367,TRAPIÁ,AF - MILENA MAGRINI,0,0,0, R$  -   ,,,,NLH,0
25/05/2026,186523,sou profissional,AF - MILENA MAGRINI,0,0,0, R$  -   ,,,,NLH,-25
25/05/2026,188335,Urubu Perneta1,AF - TRAF. MILENA M.,0,0,0, R$  -   ,,,,NLH,0
25/05/2026,190285,BalaDelas01,AF - TRAF. MILENA M.,0,"0,3",0," R$  0,30 ","0,00%","100,00%","0,00%",MTT,"-1,48"
25/05/2026,178754,Kakashi5,AF - TRAF. MILENA M.,0,0,"90,7"," R$  90,70 ","0,00%","0,00%","100,00%",PLO6,"689,99"
25/05/2026,195448,thiagotng,AF - RICARDO SEHNEM,"20,37",0,0," R$  20,37 ","100,00%","0,00%","0,00%",NLH,"-139,76"
25/05/2026,137593,Radar,AF - CATHOLÃO,0,4,"312,64"," R$  316,64 ","0,00%","1,26%","98,74%",PLO6,"-1402,21"
25/05/2026,149338,Goianal,AF - CATHOLÃO,0,0,"63,35"," R$  63,35 ","0,00%","0,00%","100,00%",PLO6,"-56,61"
25/05/2026,150374,?????,AF - CATHOLÃO,0,"261,6","7,72"," R$  269,32 ","0,00%","97,13%","2,87%",MTT,"351,72"
25/05/2026,150819,HugoDaniel,AF - CATHOLÃO,0,0,"19,54"," R$  19,54 ","0,00%","0,00%","100,00%",PLO6,-270
25/05/2026,115288,vicluz10,AF - CATHOLÃO,"112,95","93,5","3,04"," R$  209,49 ","53,92%","44,63%","1,45%",NLH,"-21,81"
25/05/2026,144391,Easy peasy,AF - CATHOLÃO,"50,61",6,0," R$  56,61 ","89,40%","10,60%","0,00%",NLH,-110
25/05/2026,107390,complicado,AF - CATHOLÃO,0,0,"3,25"," R$  3,25 ","0,00%","0,00%","100,00%",PLO6,"-26,38"
25/05/2026,165527,LIÃO,AF - CATHOLÃO,"0,46","1,3","45,92"," R$  47,68 ","0,96%","2,73%","96,31%",PLO6,-16
25/05/2026,164651,SerraoVictor,AF - CATHOLÃO,0,20,0," R$  20,00 ","0,00%","100,00%","0,00%",MTT,-200
25/05/2026,147619,Luffygear4,AF - NHONHO,0,0,"388,17"," R$  388,17 ","0,00%","0,00%","100,00%",PLO6,"307,64"
25/05/2026,120841,NHONHOj6,AF - NHONHO,0,20,"4226,68"," R$  4.246,68 ","0,00%","0,47%","99,53%",PLO6,"-1724,79"
25/05/2026,189005,Grigolon,AF - NHONHO,0,10,"113,29"," R$  123,29 ","0,00%","8,11%","91,89%",PLO6,"-603,65"
25/05/2026,124365,??cuidado??,AF - NHONHO,0,0,"148,6"," R$  148,60 ","0,00%","0,00%","100,00%",PLO6,"-194,63"
25/05/2026,147208,pix147208,AF - NHONHO,0,0,0, R$  -   ,,,,NLH,"14,61"
25/05/2026,122587,pix122587,AF - NHONHO,0,0,"229,98"," R$  229,98 ","0,00%","0,00%","100,00%",PLO6,"-966,71"
25/05/2026,128731,SPIGA,AF - NHONHO,0,0,"197,87"," R$  197,87 ","0,00%","0,00%","100,00%",PLO6,-640
25/05/2026,139505,pix139505,AF - RAILSON,0,"7,6","765,3"," R$  772,90 ","0,00%","0,98%","99,02%",PLO6,"1391,12"
25/05/2026,193827,KilllerThePote,AF - AZEDINHO,0,0,"267,57"," R$  267,57 ","0,00%","0,00%","100,00%",PLO6,"-1114,86"
25/05/2026,100193,azedinho,AF - AZEDINHO,0,"52,3","591,06"," R$  643,36 ","0,00%","8,13%","91,87%",PLO6,"2507,88"
25/05/2026,145619,Fofura,AF - ELOY,0,"44,8","422,44"," R$  467,24 ","0,00%","9,59%","90,41%",PLO6,"441,93"
25/05/2026,106837,ALANN,AF - ELOY,0,0,0, R$  -   ,,,,NLH,0
25/05/2026,139145,bbbb,AF - ELOY,"11,13",5,0," R$  16,13 ","69,00%","31,00%","0,00%",NLH,-88
25/05/2026,139399,lavineG,AF - ELOY,0,10,"33,18"," R$  43,18 ","0,00%","23,16%","76,84%",PLO6,-20
25/05/2026,139402,Nogueirinha,AF - ELOY,0,"85,6","20,43"," R$  106,03 ","0,00%","80,73%","19,27%",MTT,"788,45"
25/05/2026,145637,Srº Mentira 81,AF - ELOY,0,"0,3",0," R$  0,30 ","0,00%","100,00%","0,00%",MTT,-3
25/05/2026,142062,CACH0LÃ0,AF - ELOY,0,38,0," R$  38,00 ","0,00%","100,00%","0,00%",MTT,-380
25/05/2026,128081,pix128081,AF - ELOY,0,0,"58,64"," R$  58,64 ","0,00%","0,00%","100,00%",PLO6,"60,96"
25/05/2026,134826,ValaSeteJ7,AF - ELOY,0,"12,4",0," R$  12,40 ","0,00%","100,00%","0,00%",MTT,"-37,95"
25/05/2026,135877,PedroBatera,AF - ELOY,0,"3,6","4,01"," R$  7,61 ","0,00%","47,31%","52,69%",PLO6,"-137,84"
25/05/2026,158228,kkapone42,AF - ELOY,0,0,"35,57"," R$  35,57 ","0,00%","0,00%","100,00%",PLO6,"-224,66"
25/05/2026,139529,Abcfamilia2015,AF - ELOY,0,"19,6",0," R$  19,60 ","0,00%","100,00%","0,00%",MTT,-196
25/05/2026,102954,usujaDR,AF - ELOY,"182,26",0,0," R$  182,26 ","100,00%","0,00%","0,00%",NLH,-294
25/05/2026,108877,anix,AF - ELOY,0,"5,5",0," R$  5,50 ","0,00%","100,00%","0,00%",MTT,"20,72"
25/05/2026,150259,pix 192988,AF - OZÉIAS,0,0,"8,89"," R$  8,89 ","0,00%","0,00%","100,00%",PLO6,"-121,74"
25/05/2026,155365,noiadooooo,AF - BOIN,0,"6,2","149,48"," R$  155,68 ","0,00%","3,98%","96,02%",PLO6,-546
25/05/2026,194171,...NANAI...,AF - FAMTH,0,"32,2",0," R$  32,20 ","0,00%","100,00%","0,00%",MTT,-322
25/05/2026,131348,AADVOGADO-AM,AF - FAMTH,0,0,"1,85"," R$  1,85 ","0,00%","0,00%","100,00%",PLO6,-24
25/05/2026,194170,xwillx,AF - FAMTH,0,"55,6",0," R$  55,60 ","0,00%","100,00%","0,00%",MTT,"85,61"
25/05/2026,193106,AmazonPro,AF - FAMTH,0,0,"582,41"," R$  582,41 ","0,00%","0,00%","100,00%",PLO6,"1945,09"
25/05/2026,103179,RicardinhoMotAA,AF - FAMTH,0,20,0," R$  20,00 ","0,00%","100,00%","0,00%",MTT,"2,5"
25/05/2026,174211,Anirrakell,AF - HERMINIO C,0,1,"293,38"," R$  294,38 ","0,00%","0,34%","99,66%",PLO6,"-1354,29"
25/05/2026,147381,JHerminio ?,AF - HERMINIO C,0,50,"17,31"," R$  67,31 ","0,00%","74,28%","25,72%",MTT,-640
25/05/2026,120498,macabuco,AF - JEFERSONMARTINS,0,70,"570,7"," R$  640,70 ","0,00%","10,93%","89,07%",PLO6,"2666,11"
25/05/2026,100204,Desconhecido,AF - DINHO,0,0,"778,22"," R$  778,22 ","0,00%","0,00%","100,00%",PLO6,"-1071,2"
25/05/2026,165171,Dr.House,AF - DINHO,"3,07","38,1","102,5"," R$  143,67 ","2,14%","26,52%","71,34%",PLO6,276
25/05/2026,102063,BETVIP,AF - MESSI,0,0,"692,47"," R$  692,47 ","0,00%","0,00%","100,00%",PLO6,"6970,55"
25/05/2026,156527,Boqueirão PB,AF - BRAULIO,0,0,"27,36"," R$  27,36 ","0,00%","0,00%","100,00%",PLO6,"-294,06"
25/05/2026,152675,Semacordo,AF - RPSOP,0,3,"14,68"," R$  17,68 ","0,00%","16,97%","83,03%",PLO6,"-30,59"
25/05/2026,144512,Zé Costa,AF - RPSOP,0,"3,8","25,36"," R$  29,16 ","0,00%","13,03%","86,97%",PLO6,"76,9"
25/05/2026,149078,Purga,AF - RPSOP,0,0,0, R$  -   ,,,,NLH,0
25/05/2026,150635,Pixsolidario,AF - RPSOP,"95,8",0,0," R$  95,80 ","100,00%","0,00%","0,00%",NLH,"-293,99"
25/05/2026,180233,Therok,AF - RPSOP,0,"73,4",0," R$  73,40 ","0,00%","100,00%","0,00%",MTT,-689
25/05/2026,100451,zumbi da noite,AF - RR,0,0,"213,31"," R$  213,31 ","0,00%","0,00%","100,00%",PLO6,"-484,41"
25/05/2026,111865,pix111865,AF - RR,0,0,"859,7"," R$  859,70 ","0,00%","0,00%","100,00%",PLO6,"1765,71"
25/05/2026,126204,djoker,AF - RR,0,"1,3",0," R$  1,30 ","0,00%","100,00%","0,00%",MTT,-3
25/05/2026,167413,Akarie,AF - RR,0,"19,5","60,24"," R$  79,74 ","0,00%","24,45%","75,55%",PLO6,"-1304,69"
25/05/2026,166945,Noia?,AF - RR,0,0,0, R$  -   ,,,,NLH,0
25/05/2026,106956,IgorStone,AF - RR,0,"0,8","3,05"," R$  3,85 ","0,00%","20,78%","79,22%",PLO6,-50
25/05/2026,145018,HUGUINHO,AF - RR,0,0,"185,29"," R$  185,29 ","0,00%","0,00%","100,00%",PLO6,"1052,02"
25/05/2026,144230,ChefeAlex,AF - RR,"10,11",0,"13,27"," R$  23,38 ","43,24%","0,00%","56,76%",PLO6,"-104,78"
25/05/2026,141352,RuiBR,AF - EDUARDO FRANÇA,0,"26,2","84,29"," R$  110,49 ","0,00%","23,71%","76,29%",PLO6,-93
25/05/2026,143740,Hidalgo,AF - EDUARDO FRANÇA,"289,52","2,2","2,28"," R$  294,00 ","98,48%","0,75%","0,78%",NLH,-1028
25/05/2026,135146,BRshelby,AF - EDUARDO FRANÇA,0,"48,95",0," R$  48,95 ","0,00%","100,00%","0,00%",MTT,"992,31"
25/05/2026,134624,Vladpoker,AF - EDUARDO FRANÇA,0,"11,4",0," R$  11,40 ","0,00%","100,00%","0,00%",MTT,-114
25/05/2026,180290,Espankacu,AF - EDUARDO FRANÇA,"18,73","22,4","1,91"," R$  43,04 ","43,52%","52,04%","4,44%",MTT,"-153,88"
25/05/2026,136217,koala013,AF - EDUARDO FRANÇA,0,"0,1",0," R$  0,10 ","0,00%","100,00%","0,00%",MTT,-1
25/05/2026,143671,zaha337,AF - EDUARDO FRANÇA,0,"2,5",0," R$  2,50 ","0,00%","100,00%","0,00%",MTT,-25
25/05/2026,136659,Galação,AF - JOANDERSON L.,0,11,"4,7"," R$  15,70 ","0,00%","70,06%","29,94%",MTT,"-134,13"
25/05/2026,139668,jasontatum#0,AF - RENAN COELHO,0,"0,6",0," R$  0,60 ","0,00%","100,00%","0,00%",MTT,"-0,16"
25/05/2026,139670,bocapreta,AF - RENAN COELHO,0,0,0, R$  -   ,,,,NLH,0
25/05/2026,154436,bombazero,AF - CCTH,0,"0,4",0," R$  0,40 ","0,00%","100,00%","0,00%",MTT,-4
25/05/2026,160697,???,AF - RACHA PIX,"0,27","0,6",0," R$  0,87 ","31,03%","68,97%","0,00%",MTT,"-1,64"
25/05/2026,160711,Dejota_,AF - RACHA PIX,"0,42","5,6","1,61"," R$  7,63 ","5,50%","73,39%","21,10%",MTT,"79,91"
25/05/2026,190489,Zé Baray 4:20,AF - TRAF. AMOR P.,0,0,0, R$  -   ,,,,NLH,0
25/05/2026,190498,CHORA MAIS LEK,AF - TRAF. AMOR P.,"0,25","2,4","0,17"," R$  2,82 ","8,87%","85,11%","6,03%",MTT,"-19,6"
25/05/2026,102792,CGAP-.,AF - BOLINHA,0,100,"11,11"," R$  111,11 ","0,00%","90,00%","10,00%",MTT,-1083
25/05/2026,100283,Penso&Pago,AF - BOLINHA,0,1,"18,58"," R$  19,58 ","0,00%","5,11%","94,89%",PLO6,-118
25/05/2026,110584,black,AF - BOLEIROS BRAS,0,0,"1740,44"," R$  1.740,44 ","0,00%","0,00%","100,00%",PLO6,"-7500,52"
25/05/2026,137589,MH22,AF - BOLEIROS BRAS,"24,15","14,9",0," R$  39,05 ","61,84%","38,16%","0,00%",NLH,-274
25/05/2026,113122,natashow16,AF - BOLEIROS BRAS,0,"1,2","258,15"," R$  259,35 ","0,00%","0,46%","99,54%",PLO6,"1360,45"
25/05/2026,137953,Furta,AF - BOLEIROS BRAS,0,0,"26,89"," R$  26,89 ","0,00%","0,00%","100,00%",PLO6,"-173,92"
25/05/2026,127889,gibak60,AF-ARTHUR QUEIMADAS,0,"13,1","5,89"," R$  18,99 ","0,00%","68,98%","31,02%",MTT,"-105,61"
25/05/2026,170889,betsporte87,AF-ARTHUR QUEIMADAS,0,0,"19,47"," R$  19,47 ","0,00%","0,00%","100,00%",PLO6,"-21,56"
25/05/2026,136566,Papitolegal,AF - RAFAEL HASS,0,"44,1",0," R$  44,10 ","0,00%","100,00%","0,00%",MTT,"-42,39"
25/05/2026,119992,LULA 91,AF - MARCIO MIRANDA,"1,72","0,2","0,29"," R$  2,21 ","77,83%","9,05%","13,12%",NLH,"-0,94"
25/05/2026,161131,PokerStar,AF - YAMADA,0,20,"1389,09"," R$  1.409,09 ","0,00%","1,42%","98,58%",PLO6,"2318,91"
25/05/2026,195160,5ªserie,AF - YAMADA,0,0,"17,87"," R$  17,87 ","0,00%","0,00%","100,00%",PLO6,"-71,2"
25/05/2026,100478,balashinekov,AF - SILVINHO,0,0,"7,2"," R$  7,20 ","0,00%","0,00%","100,00%",PLO6,"-18,66"
25/05/2026,189476,SAMUKA YOSHI,AF - TRAF. RAMON P.,"3,47",0,0," R$  3,47 ","100,00%","0,00%","0,00%",NLH,"-5,81"
25/05/2026,128838,joguinhodele,AF - PALISSON M,0,0,"34,2"," R$  34,20 ","0,00%","0,00%","100,00%",PLO6,"244,34"
25/05/2026,144565,XPoker,AF - XILIQUE,0,0,"215,32"," R$  215,32 ","0,00%","0,00%","100,00%",PLO6,-1057
25/05/2026,181388,Bely_Bely,AF - PAULINHO,0,"2,2","9,41"," R$  11,61 ","0,00%","18,95%","81,05%",PLO6,-180
25/05/2026,152541,carlinhos17,AF - ENRICO,0,5,0," R$  5,00 ","0,00%","100,00%","0,00%",MTT,"-38,75"
25/05/2026,149252,kjmc-AL,AF - ENRICO,0,"3,4",0," R$  3,40 ","0,00%","100,00%","0,00%",MTT,-34
25/05/2026,123328,caollho,AF - KLEYDSON,"2,56",0,0," R$  2,56 ","100,00%","0,00%","0,00%",NLH,"-6,04"
25/05/2026,160252,SeuGrelo,AF - TELES,"5,41",0,0," R$  5,41 ","100,00%","0,00%","0,00%",NLH,"-79,48"
25/05/2026,194595,LICO,AF - BRENER VICENTE,0,30,0," R$  30,00 ","0,00%","100,00%","0,00%",MTT,"226,15"